ts_code,trade_date,close,open,high,low,pre_close,change,pct_chg,vol,amount
000300.SH,2012-01-04,2298.753,2361.499,2365.988,2298.298,2345.742,-46.989,-2.0032,34344567.0,32572551.267
000300.SH,2012-01-05,2276.385,2290.78,2316.657,2272.153,2298.753,-22.368,-0.973,43016480.0,37635272.074
000300.SH,2012-01-06,2290.601,2274.352,2291.885,2254.567,2276.385,14.216,0.6245,35198992.0,31079362.325
000300.SH,2012-01-09,2368.57,2291.182,2368.889,2271.717,2290.601,77.969,3.4039,54727341.0,51478126.954
000300.SH,2012-01-10,2447.349,2365.768,2449.955,2361.281,2368.57,78.779,3.326,81154989.0,75249157.103
000300.SH,2012-01-11,2435.608,2444.757,2453.146,2423.322,2447.349,-11.741,-0.4797,58705674.0,57587219.272
000300.SH,2012-01-12,2435.219,2426.82,2464.378,2423.321,2435.608,-0.389,-0.016,47121275.0,47877407.259
000300.SH,2012-01-13,2394.334,2438.405,2445.787,2374.545,2435.219,-40.885,-1.6789,45513997.0,47228338.588
000300.SH,2012-01-16,2345.649,2376.953,2394.498,2345.633,2394.334,-48.685,-2.0333,30527145.0,34410385.319
000300.SH,2012-01-17,2460.601,2347.568,2462.429,2329.248,2345.649,114.952,4.9006,64205648.0,64324131.068
000300.SH,2012-01-18,2422.189,2464.92,2485.498,2414.527,2460.601,-38.412,-1.5611,63892358.0,67058838.88
000300.SH,2012-01-19,2468.35,2423.857,2480.206,2414.985,2422.189,46.161,1.9058,55615726.0,56377653.304
000300.SH,2012-01-20,2504.086,2476.73,2510.34,2462.594,2468.35,35.736,1.4478,54529783.0,57474475.709
000300.SH,2012-01-30,2460.72,2508.877,2508.877,2460.396,2504.086,-43.366,-1.7318,43517148.0,44770885.276
000300.SH,2012-01-31,2464.26,2462.338,2472.839,2447.768,2460.72,3.54,0.1439,30701501.0,32694132.107
000300.SH,2012-02-01,2428.994,2458.233,2481.664,2423.45,2464.26,-35.266,-1.4311,35015374.0,37752320.797
000300.SH,2012-02-02,2486.238,2437.47,2486.238,2429.709,2428.994,57.244,2.3567,42066985.0,44126383.715
000300.SH,2012-02-03,2506.09,2478.336,2514.645,2470.28,2486.238,19.852,0.7985,49949240.0,51507545.973
000300.SH,2012-02-06,2504.322,2511.172,2520.758,2488.709,2506.09,-1.768,-0.0705,45079905.0,47541523.547
000300.SH,2012-02-07,2457.954,2489.032,2489.032,2441.698,2504.322,-46.368,-1.8515,39679164.0,40034277.145
000300.SH,2012-02-08,2528.236,2456.422,2534.162,2450.999,2457.954,70.282,2.8594,56186456.0,61721305.024
000300.SH,2012-02-09,2529.231,2525.589,2546.025,2513.131,2528.236,0.995,0.0394,59299751.0,63456204.565
000300.SH,2012-02-10,2533.624,2521.676,2560.027,2521.155,2529.231,4.393,0.1737,61575877.0,60029482.361
000300.SH,2012-02-13,2531.981,2504.41,2553.446,2496.305,2533.624,-1.643,-0.0648,51913973.0,54282622.44
000300.SH,2012-02-14,2522.107,2528.967,2533.264,2506.537,2531.981,-9.874,-0.39,40430101.0,43723682.304
000300.SH,2012-02-15,2549.607,2515.829,2562.071,2511.289,2522.107,27.5,1.0904,58090370.0,60422394.145
000300.SH,2012-02-16,2536.074,2544.641,2559.345,2519.043,2549.607,-13.533,-0.5308,54395431.0,55165633.314
000300.SH,2012-02-17,2537.086,2551.815,2558.345,2522.856,2536.074,1.012,0.0399,38994716.0,40458003.413
000300.SH,2012-02-20,2540.706,2571.907,2574.746,2539.904,2537.086,3.62,0.1427,56153329.0,56748912.893
000300.SH,2012-02-21,2562.453,2544.835,2562.909,2520.786,2540.706,21.747,0.8559,47894808.0,47758225.547
000300.SH,2012-02-22,2597.476,2564.315,2598.863,2560.343,2562.453,35.023,1.3668,76376656.0,76421806.874
000300.SH,2012-02-23,2606.256,2595.779,2614.537,2590.518,2597.476,8.78,0.338,70377126.0,72612089.253
000300.SH,2012-02-24,2648.017,2607.339,2648.017,2602.776,2606.256,41.761,1.6023,85999708.0,88058616.716
000300.SH,2012-02-27,2656.573,2658.121,2693.843,2656.573,2648.017,8.556,0.3231,101514034.0,106670207.615
000300.SH,2012-02-28,2662.463,2652.342,2671.833,2641.459,2656.573,5.89,0.2217,77592536.0,77213053.038
000300.SH,2012-02-29,2634.143,2655.858,2666.647,2631.784,2662.463,-28.32,-1.0637,59120206.0,64875221.164
000300.SH,2012-03-01,2633.345,2622.737,2647.785,2621.858,2634.143,-0.798,-0.0303,42148441.0,46524079.738
000300.SH,2012-03-02,2679.934,2637.961,2679.934,2637.961,2633.345,46.589,1.7692,64122034.0,66981591.368
000300.SH,2012-03-05,2662.698,2687.74,2694.612,2660.955,2679.934,-17.236,-0.6432,71395458.0,74973261.138
000300.SH,2012-03-06,2621.052,2654.799,2657.963,2615.6,2662.698,-41.646,-1.5641,62447148.0,68852557.821
000300.SH,2012-03-07,2603.005,2596.479,2628.585,2594.128,2621.052,-18.047,-0.6885,56948733.0,63243293.004
000300.SH,2012-03-08,2635.791,2612.403,2645.953,2612.403,2603.005,32.786,1.2595,57549413.0,64458851.045
000300.SH,2012-03-09,2664.302,2644.1,2664.414,2631.406,2635.791,28.511,1.0817,55258921.0,65963441.747
000300.SH,2012-03-12,2654.402,2663.243,2666.432,2636.423,2664.302,-9.9,-0.3716,62327216.0,74367701.978
000300.SH,2012-03-13,2681.073,2653.681,2681.334,2649.169,2654.402,26.671,1.0048,58404469.0,66429764.308
000300.SH,2012-03-14,2605.106,2694.475,2705.754,2595.342,2681.073,-75.967,-2.8335,108426540.0,117080408.732
000300.SH,2012-03-15,2585.546,2602.661,2618.252,2575.437,2605.106,-19.56,-0.7508,72565960.0,77042766.482
000300.SH,2012-03-16,2623.52,2591.8,2624.316,2577.245,2585.546,37.974,1.4687,58091259.0,67451822.278
000300.SH,2012-03-19,2630.013,2617.662,2631.045,2598.63,2623.52,6.493,0.2475,57646625.0,68803937.996
000300.SH,2012-03-20,2584.445,2622.66,2622.66,2584.024,2630.013,-45.568,-1.7326,58114065.0,64263817.216
000300.SH,2012-03-21,2587.793,2597.375,2613.269,2569.075,2584.445,3.348,0.1295,58002544.0,66674920.148
000300.SH,2012-03-22,2583.747,2586.938,2599.244,2570.446,2587.793,-4.046,-0.1563,44926777.0,50115505.934
000300.SH,2012-03-23,2552.94,2575.327,2578.825,2544.525,2583.747,-30.807,-1.1923,43329256.0,47812442.986
000300.SH,2012-03-26,2555.442,2551.425,2562.929,2540.696,2552.94,2.502,0.098,31816211.0,36356133.943
000300.SH,2012-03-27,2547.143,2565.551,2571.899,2544.373,2555.442,-8.299,-0.3248,35944604.0,47394454.857
000300.SH,2012-03-28,2474.9,2538.458,2540.417,2471.034,2547.143,-72.243,-2.8362,50005790.0,54993640.999
000300.SH,2012-03-29,2443.122,2463.688,2476.478,2429.732,2474.9,-31.778,-1.284,46131304.0,48651595.893
000300.SH,2012-03-30,2454.899,2447.939,2461.977,2438.488,2443.122,11.777,0.482,37027086.0,39139734.882
000300.SH,2012-04-05,2512.832,2449.208,2517.386,2441.269,2454.899,57.933,2.3599,54331687.0,58049690.964
000300.SH,2012-04-06,2519.83,2509.445,2525.534,2502.703,2512.832,6.998,0.2785,42368576.0,47207795.088
000300.SH,2012-04-09,2495.146,2510.533,2518.378,2491.592,2519.83,-24.684,-0.9796,35370986.0,38180751.755
000300.SH,2012-04-10,2519.788,2490.283,2519.812,2459.348,2495.146,24.642,0.9876,41335905.0,44064833.898
000300.SH,2012-04-11,2520.036,2494.517,2541.126,2489.325,2519.788,0.248,0.0098,42510310.0,43627983.913
000300.SH,2012-04-12,2570.436,2522.828,2570.842,2516.568,2520.036,50.4,2.0,56488409.0,59536950.778
000300.SH,2012-04-13,2580.454,2575.052,2593.788,2570.035,2570.436,10.018,0.3897,53092643.0,61892977.442
000300.SH,2012-04-16,2574.044,2564.231,2586.198,2559.781,2580.454,-6.41,-0.2484,40839700.0,42650756.402
000300.SH,2012-04-17,2541.883,2572.364,2578.76,2541.535,2574.044,-32.161,-1.2494,37815467.0,38328417.08
000300.SH,2012-04-18,2599.908,2550.905,2602.106,2545.996,2541.883,58.025,2.2828,58688408.0,59361005.883
000300.SH,2012-04-19,2596.056,2598.329,2606.86,2585.301,2599.908,-3.852,-0.1482,46448109.0,55512931.549
000300.SH,2012-04-20,2626.839,2591.51,2627.375,2589.351,2596.056,30.783,1.1858,61446379.0,63829908.072
000300.SH,2012-04-23,2606.038,2624.751,2632.092,2599.112,2626.839,-20.801,-0.7919,58664938.0,62073949.557
000300.SH,2012-04-24,2604.866,2594.801,2640.295,2559.464,2606.038,-1.172,-0.045,71139558.0,73150514.001
000300.SH,2012-04-25,2625.99,2598.228,2631.438,2593.327,2604.866,21.124,0.8109,62468053.0,63529458.933
000300.SH,2012-04-26,2631.487,2632.718,2643.768,2617.089,2625.99,5.497,0.2093,58965667.0,64377486.667
000300.SH,2012-04-27,2626.157,2630.549,2637.918,2623.598,2631.487,-5.33,-0.2025,48233586.0,53345515.969
000300.SH,2012-05-02,2683.487,2660.673,2697.949,2643.527,2626.157,57.33,2.183,80148654.0,92366091.966
000300.SH,2012-05-03,2691.518,2679.517,2693.88,2675.811,2683.487,8.031,0.2993,59361090.0,72337336.415
000300.SH,2012-05-04,2715.879,2689.624,2716.033,2677.14,2691.518,24.361,0.9051,63218086.0,73699551.125
000300.SH,2012-05-07,2717.778,2699.447,2717.778,2694.321,2715.879,1.899,0.0699,68547314.0,82715668.565
000300.SH,2012-05-08,2709.116,2717.408,2717.825,2683.562,2717.778,-8.662,-0.3187,63110840.0,73744497.984
000300.SH,2012-05-09,2657.514,2685.187,2685.187,2655.322,2709.116,-51.602,-1.9048,58400283.0,69482578.578
000300.SH,2012-05-10,2657.214,2657.87,2667.675,2649.38,2657.514,-0.3,-0.0113,46962576.0,54056953.614
000300.SH,2012-05-11,2636.917,2652.313,2666.566,2636.523,2657.214,-20.297,-0.7638,41006143.0,49392898.299
000300.SH,2012-05-14,2615.534,2653.806,2656.284,2613.349,2636.917,-21.383,-0.8109,52082484.0,60331294.491
000300.SH,2012-05-15,2617.374,2597.644,2618.175,2591.598,2615.534,1.84,0.0703,45767271.0,51374761.939
000300.SH,2012-05-16,2574.647,2610.161,2612.625,2574.082,2617.374,-42.727,-1.6324,43280274.0,47863536.278
000300.SH,2012-05-17,2613.942,2577.961,2619.589,2571.201,2574.647,39.295,1.5262,43728389.0,49203910.04
000300.SH,2012-05-18,2573.976,2595.547,2603.191,2567.302,2613.942,-39.966,-1.529,43422124.0,46907511.775
000300.SH,2012-05-21,2587.231,2572.369,2604.219,2563.973,2573.976,13.255,0.515,38602090.0,44300405.781
000300.SH,2012-05-22,2627.525,2598.167,2627.602,2597.603,2587.231,40.294,1.5574,42773529.0,49392413.014
000300.SH,2012-05-23,2616.869,2621.786,2635.78,2598.29,2627.525,-10.656,-0.4056,43719531.0,52563403.31
000300.SH,2012-05-24,2595.26,2613.095,2630.414,2588.209,2616.869,-21.609,-0.8258,42844066.0,50064439.874
000300.SH,2012-05-25,2573.103,2595.261,2602.17,2565.647,2595.26,-22.157,-0.8537,39273004.0,41420081.778
000300.SH,2012-05-28,2614.689,2562.596,2614.849,2545.336,2573.103,41.586,1.6162,56339275.0,58412343.035
000300.SH,2012-05-29,2650.854,2615.145,2658.255,2612.564,2614.689,36.165,1.3831,72135637.0,78681504.585
000300.SH,2012-05-30,2642.258,2646.37,2655.163,2636.518,2650.854,-8.596,-0.3243,51855436.0,56976275.428
000300.SH,2012-05-31,2632.042,2623.158,2645.591,2617.228,2642.258,-10.216,-0.3866,44107469.0,49875041.384
000300.SH,2012-06-01,2632.998,2633.601,2653.857,2623.289,2632.042,0.956,0.0363,44191056.0,53843404.285
000300.SH,2012-06-04,2559.026,2598.733,2608.316,2558.92,2632.998,-73.972,-2.8094,52478502.0,60615569.451
000300.SH,2012-06-05,2558.842,2565.186,2573.887,2548.76,2559.026,-0.184,-0.0072,37779910.0,43553303.591
000300.SH,2012-06-06,2557.401,2564.226,2573.739,2547.334,2558.842,-1.441,-0.0563,33857694.0,41316908.581
000300.SH,2012-06-07,2542.184,2579.425,2584.039,2536.258,2557.401,-15.217,-0.595,34841186.0,42053000.073
000300.SH,2012-06-08,2524.329,2558.843,2559.128,2520.409,2542.184,-17.855,-0.7023,43856426.0,47638005.888
000300.SH,2012-06-11,2558.265,2529.599,2565.429,2523.774,2524.329,33.936,1.3444,40098260.0,43449657.466
000300.SH,2012-06-12,2540.178,2543.765,2553.915,2529.951,2558.265,-18.087,-0.707,37936676.0,40259911.52
000300.SH,2012-06-13,2580.636,2546.791,2581.115,2539.632,2540.178,40.458,1.5927,45014568.0,51291269.477
000300.SH,2012-06-14,2560.421,2573.329,2584.709,2558.565,2580.636,-20.215,-0.7833,40247934.0,46331822.555
000300.SH,2012-06-15,2568.054,2565.189,2580.17,2538.572,2560.421,7.633,0.2981,42786078.0,48868302.897
000300.SH,2012-06-18,2581.212,2576.629,2593.218,2572.987,2568.054,13.158,0.5124,35693628.0,40852450.181
000300.SH,2012-06-19,2558.621,2577.362,2577.362,2556.103,2581.212,-22.591,-0.8752,32700553.0,37020041.266
000300.SH,2012-06-20,2552.611,2563.643,2570.663,2549.438,2558.621,-6.01,-0.2349,29850639.0,33573669.769
000300.SH,2012-06-21,2512.185,2547.048,2547.048,2502.419,2552.611,-40.426,-1.5837,35396732.0,38607959.039
000300.SH,2012-06-25,2456.518,2501.163,2501.163,2455.008,2512.185,-55.667,-2.2159,40106735.0,42503507.171
000300.SH,2012-06-26,2454.915,2442.562,2465.12,2434.64,2456.518,-1.603,-0.0653,31734008.0,33896511.717
000300.SH,2012-06-27,2447.195,2452.666,2470.762,2444.343,2454.915,-7.72,-0.3145,30007553.0,31437597.414
000300.SH,2012-06-28,2425.729,2451.664,2459.189,2425.24,2447.195,-21.466,-0.8772,30543113.0,34418793.21
000300.SH,2012-06-29,2461.612,2418.862,2462.815,2417.486,2425.729,35.883,1.4793,37994941.0,40976538.386
000300.SH,2012-07-02,2465.238,2473.545,2473.966,2452.986,2461.612,3.626,0.1473,40510078.0,45651476.527
000300.SH,2012-07-03,2468.721,2464.85,2490.547,2457.449,2465.238,3.483,0.1413,38693354.0,45004653.879
000300.SH,2012-07-04,2464.919,2474.527,2481.336,2455.995,2468.721,-3.802,-0.154,34452142.0,37837659.888
000300.SH,2012-07-05,2430.37,2450.3,2450.3,2420.001,2464.919,-34.549,-1.4016,34726145.0,35946204.421
000300.SH,2012-07-06,2472.614,2435.059,2477.231,2420.356,2430.37,42.244,1.7382,49610605.0,56601778.899
000300.SH,2012-07-09,2416.036,2455.892,2470.205,2414.953,2472.614,-56.578,-2.2882,49223302.0,54601732.513
000300.SH,2012-07-10,2406.706,2411.003,2426.529,2402.371,2416.036,-9.33,-0.3862,35549984.0,38539025.245
000300.SH,2012-07-11,2425.572,2402.184,2427.795,2402.154,2406.706,18.866,0.7839,37624312.0,39851892.244
000300.SH,2012-07-12,2449.181,2420.036,2460.559,2404.584,2425.572,23.609,0.9733,56717691.0,65137536.868
000300.SH,2012-07-13,2450.633,2441.013,2467.99,2438.979,2449.181,1.452,0.0593,36725256.0,42013581.196
000300.SH,2012-07-16,2399.731,2452.595,2452.595,2399.61,2450.633,-50.902,-2.0771,42771870.0,45844882.072
000300.SH,2012-07-17,2414.201,2391.897,2421.929,2391.281,2399.731,14.47,0.603,33424329.0,38285441.648
000300.SH,2012-07-18,2414.335,2412.062,2420.778,2373.647,2414.201,0.134,0.0056,41751788.0,44325492.55
000300.SH,2012-07-19,2424.322,2407.443,2444.057,2401.291,2414.335,9.987,0.4137,46949052.0,47704038.961
000300.SH,2012-07-20,2398.455,2415.71,2423.804,2392.181,2424.322,-25.867,-1.067,37619754.0,36683623.955
000300.SH,2012-07-23,2365.431,2379.885,2379.885,2357.507,2398.455,-33.024,-1.3769,32390369.0,33178928.582
000300.SH,2012-07-24,2375.992,2353.22,2392.353,2352.803,2365.431,10.561,0.4465,30310079.0,31149105.846
000300.SH,2012-07-25,2360.083,2368.384,2381.043,2357.468,2375.992,-15.909,-0.6696,24896501.0,25730598.144
000300.SH,2012-07-26,2347.488,2360.134,2374.874,2344.695,2360.083,-12.595,-0.5337,31314094.0,31326395.007
000300.SH,2012-07-27,2349.108,2353.942,2364.984,2341.293,2347.488,1.62,0.069,31090525.0,33048182.067
000300.SH,2012-07-30,2335.793,2350.782,2367.029,2333.999,2349.108,-13.315,-0.5668,30484851.0,29907972.257
000300.SH,2012-07-31,2332.922,2336.882,2350.071,2329.505,2335.793,-2.871,-0.1229,32099723.0,31196332.451
000300.SH,2012-08-01,2358.651,2332.129,2371.122,2331.949,2332.922,25.729,1.1029,31420848.0,31277764.382
000300.SH,2012-08-02,2334.882,2354.073,2358.559,2325.608,2358.651,-23.769,-1.0077,31516159.0,29751166.648
000300.SH,2012-08-03,2353.737,2340.25,2354.156,2329.934,2334.882,18.855,0.8075,29769785.0,31106947.335
000300.SH,2012-08-06,2385.611,2350.117,2388.363,2348.119,2353.737,31.874,1.3542,41820665.0,43686686.303
000300.SH,2012-08-07,2388.873,2383.257,2390.782,2379.452,2385.611,3.262,0.1367,38285489.0,40403711.505
000300.SH,2012-08-08,2389.795,2390.959,2405.183,2382.825,2388.873,0.922,0.0386,37810451.0,41340862.162
000300.SH,2012-08-09,2411.7,2388.43,2412.142,2378.854,2389.795,21.905,0.9166,35658951.0,43256096.919
000300.SH,2012-08-10,2399.751,2409.937,2413.423,2395.912,2411.7,-11.949,-0.4955,34702995.0,40699222.527
000300.SH,2012-08-13,2351.931,2394.504,2394.504,2350.808,2399.751,-47.82,-1.9927,44783546.0,46249676.189
000300.SH,2012-08-14,2357.016,2352.659,2357.847,2324.906,2351.931,5.085,0.2162,39850066.0,42404687.531
000300.SH,2012-08-15,2331.615,2350.022,2350.022,2330.15,2357.016,-25.401,-1.0777,30580176.0,30332554.84
000300.SH,2012-08-16,2319.67,2327.91,2335.397,2317.061,2331.615,-11.945,-0.5123,25902905.0,27076003.542
000300.SH,2012-08-17,2313.476,2318.432,2322.885,2295.158,2319.67,-6.194,-0.267,26065717.0,28629966.797
000300.SH,2012-08-20,2301.788,2294.901,2307.406,2279.946,2313.476,-11.688,-0.5052,27402033.0,27174816.852
000300.SH,2012-08-21,2313.703,2301.932,2327.375,2296.551,2301.788,11.915,0.5176,34895100.0,34757869.338
000300.SH,2012-08-22,2295.586,2315.14,2317.373,2285.755,2313.703,-18.117,-0.783,31708412.0,31547519.179
000300.SH,2012-08-23,2302.199,2298.18,2311.653,2285.367,2295.586,6.613,0.2881,31335342.0,33789603.948
000300.SH,2012-08-24,2275.677,2295.684,2299.298,2274.566,2302.199,-26.522,-1.152,31869591.0,32986336.544
000300.SH,2012-08-27,2228.204,2268.485,2268.485,2228.151,2275.677,-47.473,-2.0861,37386191.0,35384156.112
000300.SH,2012-08-28,2238.411,2226.898,2250.6,2222.001,2228.204,10.207,0.4581,33773615.0,30331076.332
000300.SH,2012-08-29,2214.814,2230.199,2240.112,2214.429,2238.411,-23.597,-1.0542,29010648.0,27396186.648
000300.SH,2012-08-30,2211.37,2204.515,2223.195,2188.724,2214.814,-3.444,-0.1555,35491310.0,33867206.099
000300.SH,2012-08-31,2204.868,2205.573,2218.866,2203.123,2211.37,-6.502,-0.294,25964986.0,23340891.008
000300.SH,2012-09-03,2228.369,2201.123,2236.563,2197.708,2204.868,23.501,1.0659,38548592.0,35299176.728
000300.SH,2012-09-04,2204.407,2231.716,2234.875,2199.509,2228.369,-23.962,-1.0753,34852688.0,33220203.922
000300.SH,2012-09-05,2199.875,2199.743,2209.536,2186.962,2204.407,-4.532,-0.2056,34751824.0,30445168.179
000300.SH,2012-09-06,2217.823,2204.436,2218.68,2199.857,2199.875,17.948,0.8159,31695884.0,26873315.868
000300.SH,2012-09-07,2317.179,2233.912,2341.522,2233.912,2217.823,99.356,4.4799,94529764.0,84302249.171
000300.SH,2012-09-10,2326.666,2320.557,2334.496,2313.572,2317.179,9.487,0.4094,65330554.0,63252038.538
000300.SH,2012-09-11,2311.89,2316.532,2316.532,2294.82,2326.666,-14.776,-0.6351,46260719.0,43389766.043
000300.SH,2012-09-12,2320.071,2325.925,2337.196,2298.297,2311.89,8.181,0.3539,49622518.0,46485174.475
000300.SH,2012-09-13,2298.461,2316.679,2325.534,2298.367,2320.071,-21.61,-0.9314,42049849.0,38023998.305
000300.SH,2012-09-14,2315.542,2324.012,2332.417,2298.83,2298.461,17.081,0.7431,61571814.0,55438612.876
000300.SH,2012-09-17,2258.705,2312.055,2314.989,2258.182,2315.542,-56.837,-2.4546,48984734.0,43753169.666
000300.SH,2012-09-18,2235.239,2249.425,2253.144,2228.042,2258.705,-23.466,-1.0389,33228696.0,30171497.189
000300.SH,2012-09-19,2246.236,2237.218,2249.243,2229.489,2235.239,10.997,0.492,34349706.0,32607010.935
000300.SH,2012-09-20,2195.951,2236.191,2236.191,2194.221,2246.236,-50.285,-2.2386,42545779.0,38385856.464
000300.SH,2012-09-21,2199.063,2190.327,2217.473,2186.53,2195.951,3.112,0.1417,38120593.0,34043368.088
000300.SH,2012-09-24,2215.516,2183.969,2225.805,2172.879,2199.063,16.453,0.7482,37501686.0,33608761.246
000300.SH,2012-09-25,2210.154,2209.975,2225.334,2202.376,2215.516,-5.362,-0.242,27877019.0,26677064.455
000300.SH,2012-09-26,2184.891,2208.906,2216.824,2181.083,2210.154,-25.263,-1.143,27454626.0,24918916.453
000300.SH,2012-09-27,2251.717,2186.004,2266.297,2185.766,2184.891,66.826,3.0586,53016900.0,48210577.766
000300.SH,2012-09-28,2293.106,2235.057,2297.033,2234.323,2251.717,41.389,1.8381,57875825.0,54431465.854
000300.SH,2012-10-08,2270.054,2291.961,2305.18,2258.11,2293.106,-23.052,-1.0053,35534424.0,33915840.25
000300.SH,2012-10-09,2320.157,2281.753,2327.727,2281.753,2270.054,50.103,2.2071,52548887.0,48330196.363
000300.SH,2012-10-10,2324.117,2314.593,2325.749,2304.608,2320.157,3.96,0.1707,42686238.0,37873996.221
000300.SH,2012-10-11,2302.533,2315.897,2321.352,2300.934,2324.117,-21.584,-0.9287,41300655.0,36172963.459
000300.SH,2012-10-12,2304.531,2311.284,2332.149,2287.009,2302.533,1.998,0.0868,36874145.0,33205903.773
000300.SH,2012-10-15,2294.857,2306.006,2307.882,2278.457,2304.531,-9.674,-0.4198,28651746.0,28569021.615
000300.SH,2012-10-16,2298.162,2293.244,2315.453,2287.59,2294.857,3.305,0.144,32059679.0,32705140.504
000300.SH,2012-10-17,2300.803,2307.358,2312.173,2280.818,2298.162,2.641,0.1149,33349409.0,31270899.032
000300.SH,2012-10-18,2336.077,2307.487,2341.12,2305.883,2300.803,35.274,1.5331,50615100.0,45050292.53
000300.SH,2012-10-19,2332.47,2335.105,2342.527,2328.733,2336.077,-3.607,-0.1544,35927732.0,33173031.578
000300.SH,2012-10-22,2341.592,2320.468,2347.895,2315.895,2332.47,9.122,0.3911,34368286.0,32815273.277
000300.SH,2012-10-23,2312.077,2340.89,2344.044,2309.252,2341.592,-29.515,-1.2605,37221272.0,33716876.575
000300.SH,2012-10-24,2307.779,2303.401,2321.43,2302.169,2312.077,-4.298,-0.1859,37542445.0,30392377.974
000300.SH,2012-10-25,2291.239,2306.733,2322.917,2288.601,2307.779,-16.54,-0.7167,44351531.0,33183528.714
000300.SH,2012-10-26,2247.907,2291.31,2293.176,2237.059,2291.239,-43.332,-1.8912,40900519.0,34530067.051
000300.SH,2012-10-29,2235.854,2241.802,2248.139,2227.646,2247.907,-12.053,-0.5362,27581325.0,25328650.697
000300.SH,2012-10-30,2239.882,2236.316,2257.951,2231.776,2235.854,4.028,0.1802,34083125.0,29516628.523
000300.SH,2012-10-31,2254.82,2241.432,2256.095,2233.684,2239.882,14.938,0.6669,37169795.0,30634360.248
000300.SH,2012-11-01,2297.884,2256.609,2305.629,2256.412,2254.82,43.064,1.9099,50761729.0,45602138.249
000300.SH,2012-11-02,2306.774,2297.898,2309.666,2284.719,2297.884,8.89,0.3869,39833288.0,34893875.754
000300.SH,2012-11-05,2301.88,2302.742,2318.231,2290.135,2306.774,-4.894,-0.2122,39510372.0,33663152.794
000300.SH,2012-11-06,2292.206,2301.98,2304.048,2260.507,2301.88,-9.674,-0.4203,39280627.0,34473381.993
000300.SH,2012-11-07,2287.505,2288.763,2300.893,2277.02,2292.206,-4.701,-0.2051,33067403.0,30278449.435
000300.SH,2012-11-08,2245.405,2269.582,2275.401,2245.4,2287.505,-42.1,-1.8404,35426475.0,30411864.845
000300.SH,2012-11-09,2240.924,2241.756,2252.196,2235.231,2245.405,-4.481,-0.1996,30506968.0,24374277.793
000300.SH,2012-11-12,2251.848,2242.96,2254.703,2232.742,2240.924,10.924,0.4875,34721685.0,29040821.378
000300.SH,2012-11-13,2212.44,2250.842,2250.842,2208.723,2251.848,-39.408,-1.75,34083704.0,28818451.577
000300.SH,2012-11-14,2223.11,2213.086,2225.124,2205.996,2212.44,10.67,0.4823,26758790.0,23592323.468
000300.SH,2012-11-15,2193.623,2210.751,2220.987,2193.516,2223.11,-29.487,-1.3264,28319151.0,23778694.92
000300.SH,2012-11-16,2177.24,2189.511,2191.611,2162.976,2193.623,-16.383,-0.7468,30247786.0,26118247.405
000300.SH,2012-11-19,2174.985,2175.184,2176.492,2149.538,2177.24,-2.255,-0.1036,26978666.0,26737221.714
000300.SH,2012-11-20,2164.881,2180.205,2184.334,2163.527,2174.985,-10.104,-0.4646,23948916.0,22999196.16
000300.SH,2012-11-21,2194.896,2165.408,2195.461,2151.38,2164.881,30.015,1.3865,30508482.0,27121949.931
000300.SH,2012-11-22,2177.546,2181.179,2185.577,2169.657,2194.896,-17.35,-0.7905,22912351.0,21536153.037
000300.SH,2012-11-23,2192.676,2184.409,2202.47,2179.727,2177.546,15.13,0.6948,28667493.0,26307630.05
000300.SH,2012-11-26,2175.599,2187.24,2191.359,2172.1,2192.676,-17.077,-0.7788,24742696.0,22231498.412
000300.SH,2012-11-27,2150.638,2168.589,2173.464,2150.222,2175.599,-24.961,-1.1473,31946746.0,26149735.216
000300.SH,2012-11-28,2129.161,2142.5,2144.802,2126.03,2150.638,-21.477,-0.9986,30009339.0,24423321.714
000300.SH,2012-11-29,2115.676,2128.803,2140.877,2114.477,2129.161,-13.485,-0.6333,29670625.0,24016256.021
000300.SH,2012-11-30,2139.661,2114.244,2142.856,2109.963,2115.676,23.985,1.1337,36406911.0,28552066.162
000300.SH,2012-12-03,2108.85,2136.696,2152.608,2108.149,2139.661,-30.811,-1.44,40186762.0,34173653.616
000300.SH,2012-12-04,2131.473,2104.928,2135.662,2102.135,2108.85,22.623,1.0728,36225915.0,31732336.903
000300.SH,2012-12-05,2207.878,2128.387,2219.094,2126.793,2131.473,76.405,3.5846,82487103.0,69109050.48
000300.SH,2012-12-06,2203.602,2205.605,2216.976,2191.227,2207.878,-4.276,-0.1937,48574689.0,42758570.153
000300.SH,2012-12-07,2246.757,2203.887,2250.529,2198.107,2203.602,43.155,1.9584,76169748.0,64996499.283
000300.SH,2012-12-10,2271.046,2254.915,2276.28,2250.437,2246.757,24.289,1.0811,73375475.0,61399772.028
000300.SH,2012-12-11,2258.5,2263.209,2274.994,2254.299,2271.046,-12.546,-0.5524,51468703.0,45087981.874
000300.SH,2012-12-12,2267.767,2257.73,2273.211,2247.953,2258.5,9.267,0.4103,45006454.0,39182538.242
000300.SH,2012-12-13,2242.635,2260.601,2266.721,2242.557,2267.767,-25.132,-1.1082,41942100.0,36665684.856
000300.SH,2012-12-14,2355.865,2245.636,2357.106,2245.636,2242.635,113.23,5.049,110892562.0,93934741.143
000300.SH,2012-12-17,2366.7,2359.201,2380.001,2358.664,2355.865,10.835,0.4599,94088195.0,85000820.332
000300.SH,2012-12-18,2368.12,2361.095,2398.63,2347.077,2366.7,1.42,0.06,85784849.0,78802837.302
000300.SH,2012-12-19,2371.109,2362.802,2387.142,2358.033,2368.12,2.989,0.1262,63292530.0,61140748.228
000300.SH,2012-12-20,2384.816,2361.322,2391.924,2346.55,2371.109,13.707,0.5781,65655462.0,63028692.015
000300.SH,2012-12-21,2372.002,2386.376,2414.223,2365.032,2384.816,-12.814,-0.5373,68714158.0,66887708.129
000300.SH,2012-12-24,2381.217,2368.007,2396.725,2367.038,2372.002,9.215,0.3885,53087004.0,54121541.302
000300.SH,2012-12-25,2448.395,2373.88,2459.302,2365.41,2381.217,67.178,2.8212,95502350.0,89877770.35
000300.SH,2012-12-26,2457.619,2445.987,2458.007,2441.642,2448.395,9.224,0.3767,71591828.0,68406242.066
000300.SH,2012-12-27,2444.594,2464.779,2479.792,2443.681,2457.619,-13.025,-0.53,73255067.0,69327603.833
000300.SH,2012-12-28,2480.049,2448.076,2481.592,2444.381,2444.594,35.455,1.4503,67166321.0,66053288.179
000300.SH,2012-12-31,2522.952,2485.559,2522.952,2485.559,2480.049,42.903,1.7299,82002293.0,81149079.56
000300.SH,2013-01-04,2524.409,2551.814,2558.529,2498.892,2522.952,1.457,0.0577,97988182.0,95579245.007
000300.SH,2013-01-07,2535.985,2518.047,2545.969,2511.603,2524.409,11.576,0.4586,75167993.0,73167512.509
000300.SH,2013-01-08,2525.33,2534.647,2540.513,2502.49,2535.985,-10.655,-0.4202,71837100.0,76498061.772
000300.SH,2013-01-09,2526.126,2518.104,2534.239,2504.299,2525.33,0.796,0.0315,70231170.0,74233596.955
000300.SH,2013-01-10,2530.569,2525.59,2553.352,2513.729,2526.126,4.443,0.1759,71085862.0,71159045.499
000300.SH,2013-01-11,2483.23,2533.495,2539.794,2473.696,2530.569,-47.339,-1.8707,74239176.0,72775921.987
000300.SH,2013-01-14,2577.725,2474.176,2583.625,2473.998,2483.23,94.495,3.8053,93554091.0,96853471.373
000300.SH,2013-01-15,2595.856,2579.132,2605.41,2576.919,2577.725,18.131,0.7034,98620805.0,101356961.358
000300.SH,2013-01-16,2577.092,2591.365,2600.093,2540.521,2595.856,-18.764,-0.7228,93536084.0,95564995.007
000300.SH,2013-01-17,2552.758,2570.711,2575.058,2539.674,2577.092,-24.334,-0.9442,69915239.0,71716118.533
000300.SH,2013-01-18,2595.439,2568.692,2607.446,2553.451,2552.758,42.681,1.672,77940303.0,77435163.47
000300.SH,2013-01-21,2610.898,2605.649,2611.201,2582.652,2595.439,15.459,0.5956,84133742.0,85357442.058
000300.SH,2013-01-22,2596.898,2610.392,2620.025,2578.181,2610.898,-14.0,-0.5362,105766275.0,102261160.399
000300.SH,2013-01-23,2607.456,2588.198,2611.409,2576.362,2596.898,10.558,0.4066,75739444.0,72758926.411
000300.SH,2013-01-24,2582.755,2606.427,2663.404,2564.206,2607.456,-24.701,-0.9473,111277172.0,109537680.297
000300.SH,2013-01-25,2571.674,2580.881,2591.513,2567.107,2582.755,-11.081,-0.429,58487359.0,60689373.994
000300.SH,2013-01-28,2651.863,2577.267,2651.967,2577.267,2571.674,80.189,3.1182,91274790.0,98173275.704
000300.SH,2013-01-29,2675.866,2655.377,2685.531,2646.154,2651.863,24.003,0.9051,101040229.0,108827009.893
000300.SH,2013-01-30,2688.711,2678.433,2689.683,2662.062,2675.866,12.845,0.48,99874990.0,100856652.553
000300.SH,2013-01-31,2686.882,2690.951,2696.881,2671.33,2688.711,-1.829,-0.068,96740101.0,94476820.552
000300.SH,2013-02-01,2743.324,2677.187,2744.322,2671.274,2686.882,56.442,2.1007,103879515.0,110560933.901
000300.SH,2013-02-04,2748.028,2753.688,2768.504,2731.08,2743.324,4.704,0.1715,127939179.0,136119589.827
000300.SH,2013-02-05,2771.675,2727.93,2779.953,2725.362,2748.028,23.647,0.8605,116130819.0,112701171.61
000300.SH,2013-02-06,2775.844,2771.908,2787.456,2765.743,2771.675,4.169,0.1504,82779271.0,88989578.113
000300.SH,2013-02-07,2759.87,2771.53,2775.974,2722.874,2775.844,-15.974,-0.5755,89978142.0,95978595.584
000300.SH,2013-02-08,2771.725,2755.649,2791.303,2747.946,2759.87,11.855,0.4295,77429644.0,82903631.783
000300.SH,2013-02-18,2737.471,2784.065,2787.74,2731.506,2771.725,-34.254,-1.2358,76438227.0,81001366.822
000300.SH,2013-02-19,2685.606,2735.045,2740.739,2674.339,2737.471,-51.865,-1.8946,80626431.0,82460808.23
000300.SH,2013-02-20,2702.635,2686.093,2703.098,2665.231,2685.606,17.029,0.6341,70019377.0,73636360.656
000300.SH,2013-02-21,2610.549,2675.741,2675.741,2584.758,2702.635,-92.086,-3.4073,100657984.0,103619498.796
000300.SH,2013-02-22,2596.604,2607.65,2618.483,2591.146,2610.549,-13.945,-0.5342,60204852.0,65899100.176
000300.SH,2013-02-25,2604.96,2607.149,2628.696,2590.787,2596.604,8.356,0.3218,53161942.0,55614493.314
000300.SH,2013-02-26,2567.595,2587.375,2631.094,2564.672,2604.96,-37.365,-1.4344,80003065.0,83373960.556
000300.SH,2013-02-27,2594.677,2576.046,2615.249,2569.38,2567.595,27.082,1.0548,63226743.0,64612274.221
000300.SH,2013-02-28,2673.327,2611.94,2673.711,2593.997,2594.677,78.65,3.0312,86922595.0,92235377.254
000300.SH,2013-03-01,2668.836,2671.842,2680.854,2626.995,2673.327,-4.491,-0.168,73343753.0,80342747.703
000300.SH,2013-03-04,2545.715,2619.42,2619.574,2528.694,2668.836,-123.121,-4.6133,110619103.0,112585043.728
000300.SH,2013-03-05,2622.807,2547.893,2623.171,2541.766,2545.715,77.092,3.0283,89661152.0,92357133.815
000300.SH,2013-03-06,2650.202,2634.87,2658.139,2620.431,2622.807,27.395,1.0445,95829652.0,95048891.279
000300.SH,2013-03-07,2619.479,2639.783,2658.969,2592.867,2650.202,-30.723,-1.1593,94082666.0,96498095.994
000300.SH,2013-03-08,2606.927,2622.684,2632.624,2601.961,2619.479,-12.552,-0.4792,59429557.0,63054592.405
000300.SH,2013-03-11,2592.372,2600.278,2611.652,2574.172,2606.927,-14.555,-0.5583,50946436.0,52460900.851
000300.SH,2013-03-12,2555.615,2590.391,2619.512,2530.251,2592.372,-36.757,-1.4179,71935141.0,71675127.58
000300.SH,2013-03-13,2527.486,2551.726,2556.773,2515.058,2555.615,-28.129,-1.1007,56430460.0,56003723.639
000300.SH,2013-03-14,2534.273,2517.745,2546.699,2514.463,2527.486,6.787,0.2685,47605756.0,49929775.447
000300.SH,2013-03-15,2539.873,2533.722,2600.091,2504.458,2534.273,5.6,0.221,81372185.0,82749877.355
000300.SH,2013-03-18,2502.493,2526.077,2544.619,2499.828,2539.873,-37.38,-1.4717,59812778.0,63093556.699
000300.SH,2013-03-19,2525.097,2507.396,2532.07,2491.854,2502.493,22.604,0.9033,54536476.0,55601011.985
000300.SH,2013-03-20,2610.174,2526.968,2610.174,2526.83,2525.097,85.077,3.3693,90700622.0,91271022.2
000300.SH,2013-03-21,2614.988,2611.58,2626.538,2598.509,2610.174,4.814,0.1844,69552756.0,71642665.537
000300.SH,2013-03-22,2618.308,2612.256,2625.531,2603.344,2614.988,3.32,0.127,55647141.0,55882142.445
000300.SH,2013-03-25,2613.097,2628.407,2641.609,2607.613,2618.308,-5.211,-0.199,56261402.0,58004930.851
000300.SH,2013-03-26,2575.05,2601.964,2607.357,2554.974,2613.097,-38.047,-1.456,63962961.0,65306571.624
000300.SH,2013-03-27,2583.53,2575.726,2611.939,2566.345,2575.05,8.48,0.3293,56906517.0,58652246.31
000300.SH,2013-03-28,2499.302,2535.988,2535.988,2495.083,2583.53,-84.228,-3.2602,87578405.0,84725899.121
000300.SH,2013-03-29,2495.083,2502.782,2509.109,2482.488,2499.302,-4.219,-0.1688,52402137.0,52055540.48
000300.SH,2013-04-01,2493.187,2486.428,2507.825,2483.732,2495.083,-1.896,-0.076,47346022.0,47159820.558
000300.SH,2013-04-02,2486.391,2495.843,2524.463,2475.0,2493.187,-6.796,-0.2726,55684152.0,55637391.748
000300.SH,2013-04-03,2483.547,2493.877,2507.143,2474.927,2486.391,-2.844,-0.1144,45564221.0,45156719.409
000300.SH,2013-04-08,2472.299,2443.24,2473.309,2429.5,2483.547,-11.248,-0.4529,53296772.0,55249297.714
000300.SH,2013-04-09,2489.43,2477.29,2505.294,2477.29,2472.299,17.131,0.6929,52389824.0,54947035.592
000300.SH,2013-04-10,2485.309,2487.984,2495.572,2466.19,2489.43,-4.121,-0.1655,47504913.0,51963820.632
000300.SH,2013-04-11,2477.876,2502.5,2508.593,2476.396,2485.309,-7.433,-0.2991,42989958.0,43039949.368
000300.SH,2013-04-12,2462.112,2476.322,2489.118,2460.182,2477.876,-15.764,-0.6362,39917278.0,40428047.827
000300.SH,2013-04-15,2436.818,2453.967,2461.668,2430.149,2462.112,-25.294,-1.0273,46539734.0,44084843.341
000300.SH,2013-04-16,2459.592,2419.508,2461.046,2416.617,2436.818,22.774,0.9346,55280613.0,53783255.198
000300.SH,2013-04-17,2458.473,2457.881,2465.202,2437.345,2459.592,-1.119,-0.0455,44692164.0,46800831.85
000300.SH,2013-04-18,2464.851,2440.707,2478.413,2434.73,2458.473,6.378,0.2594,42860707.0,46270137.159
000300.SH,2013-04-19,2533.827,2469.951,2542.453,2469.323,2464.851,68.976,2.7984,75520876.0,76723675.264
000300.SH,2013-04-22,2530.67,2525.113,2539.046,2518.257,2533.827,-3.157,-0.1246,62511883.0,63027024.091
000300.SH,2013-04-23,2449.471,2532.201,2532.201,2448.2,2530.67,-81.199,-3.2086,60653982.0,61576157.889
000300.SH,2013-04-24,2495.579,2452.781,2511.202,2446.587,2449.471,46.108,1.8824,63050916.0,62189421.706
000300.SH,2013-04-25,2467.875,2486.857,2505.482,2456.566,2495.579,-27.704,-1.1101,60557927.0,59891284.466
000300.SH,2013-04-26,2447.306,2477.724,2488.585,2439.796,2467.875,-20.569,-0.8335,47123378.0,46351986.661
000300.SH,2013-05-02,2449.639,2434.603,2453.749,2423.077,2447.306,2.333,0.0953,47016088.0,47200448.204
000300.SH,2013-05-03,2492.912,2457.543,2521.119,2457.543,2449.639,43.273,1.7665,62330091.0,63267042.656
000300.SH,2013-05-06,2525.983,2502.978,2533.855,2500.455,2492.912,33.071,1.3266,60418780.0,61767951.099
000300.SH,2013-05-07,2529.938,2519.364,2539.298,2507.756,2525.983,3.955,0.1566,54490643.0,59244949.469
000300.SH,2013-05-08,2542.798,2542.266,2562.007,2531.251,2529.938,12.86,0.5083,59554294.0,60309148.841
000300.SH,2013-05-09,2527.794,2542.374,2543.305,2507.792,2542.798,-15.004,-0.5901,60240145.0,64438292.561
000300.SH,2013-05-10,2540.836,2519.517,2546.975,2515.158,2527.794,13.042,0.5159,48816728.0,50896689.221
000300.SH,2013-05-13,2530.768,2542.412,2547.602,2516.728,2540.836,-10.068,-0.3962,54092147.0,55155093.224
000300.SH,2013-05-14,2493.338,2525.998,2526.145,2479.872,2530.768,-37.43,-1.479,54880064.0,56144573.527
000300.SH,2013-05-15,2506.925,2493.968,2507.43,2491.927,2493.338,13.587,0.5449,44189660.0,47578585.624
000300.SH,2013-05-16,2552.709,2501.117,2553.058,2487.763,2506.925,45.784,1.8263,70796182.0,76830436.307
000300.SH,2013-05-17,2592.048,2550.452,2598.706,2547.776,2552.709,39.339,1.5411,81850801.0,83599367.908
000300.SH,2013-05-20,2609.607,2597.151,2627.616,2590.053,2592.048,17.559,0.6774,86337803.0,94059415.836
000300.SH,2013-05-21,2614.853,2607.393,2617.4,2594.249,2609.607,5.246,0.201,71505994.0,75837813.846
000300.SH,2013-05-22,2618.034,2613.411,2630.068,2603.75,2614.853,3.181,0.1217,74191817.0,78224126.421
000300.SH,2013-05-23,2582.849,2604.93,2624.076,2579.347,2618.034,-35.185,-1.3439,84825370.0,81359908.175
000300.SH,2013-05-24,2597.228,2591.419,2608.35,2572.884,2582.849,14.379,0.5567,60739669.0,62831235.051
000300.SH,2013-05-27,2599.587,2593.522,2611.972,2589.739,2597.228,2.359,0.0908,64195080.0,66701652.802
000300.SH,2013-05-28,2644.359,2600.632,2644.359,2585.901,2599.587,44.772,1.7223,84196112.0,86756736.777
000300.SH,2013-05-29,2642.561,2648.927,2661.229,2640.881,2644.359,-1.798,-0.068,79277709.0,81953853.231
000300.SH,2013-05-30,2634.323,2633.955,2647.443,2623.581,2642.561,-8.238,-0.3117,70146368.0,71045065.872
000300.SH,2013-05-31,2606.426,2638.71,2645.565,2604.746,2634.323,-27.897,-1.059,62528533.0,65904433.688
000300.SH,2013-06-03,2602.623,2605.969,2625.936,2596.051,2606.426,-3.803,-0.1459,59774468.0,63008705.172
000300.SH,2013-06-04,2565.666,2600.499,2600.499,2556.056,2602.623,-36.957,-1.42,66315750.0,63139420.045
000300.SH,2013-06-05,2560.539,2565.329,2570.027,2545.19,2565.666,-5.127,-0.1998,45637193.0,47367057.838
000300.SH,2013-06-06,2527.845,2552.817,2557.678,2525.306,2560.539,-32.694,-1.2768,52496529.0,54448113.429
000300.SH,2013-06-07,2484.16,2526.913,2538.891,2475.687,2527.845,-43.685,-1.7282,61030894.0,61366173.745
000300.SH,2013-06-13,2399.937,2448.717,2448.717,2375.204,2484.16,-84.223,-3.3904,69730066.0,64081598.112
000300.SH,2013-06-14,2416.771,2404.423,2420.356,2396.487,2399.937,16.834,0.7014,55964534.0,53686779.328
000300.SH,2013-06-17,2403.839,2422.762,2427.532,2394.385,2416.771,-12.932,-0.5351,50395711.0,51983757.469
000300.SH,2013-06-18,2418.745,2413.088,2424.202,2393.321,2403.839,14.906,0.6201,48630379.0,48792090.467
000300.SH,2013-06-19,2400.765,2408.28,2408.28,2366.346,2418.745,-17.98,-0.7434,54346260.0,52979991.053
000300.SH,2013-06-20,2321.466,2386.104,2386.104,2320.226,2400.765,-79.299,-3.3031,55201020.0,52171735.063
000300.SH,2013-06-21,2317.394,2283.151,2332.842,2269.565,2321.466,-4.072,-0.1754,58705798.0,53486132.98
000300.SH,2013-06-24,2171.21,2308.069,2308.069,2164.325,2317.394,-146.184,-6.3081,86597259.0,73731930.536
000300.SH,2013-06-25,2165.421,2146.053,2169.211,2023.171,2171.21,-5.789,-0.2666,107554882.0,87090393.952
000300.SH,2013-06-26,2168.297,2170.326,2181.021,2131.86,2165.421,2.876,0.1328,79256426.0,67298430.249
000300.SH,2013-06-27,2160.735,2172.848,2200.213,2153.175,2168.297,-7.562,-0.3488,75406753.0,62927082.416
000300.SH,2013-06-28,2200.639,2149.03,2227.461,2139.372,2160.735,39.904,1.8468,79451327.0,64106048.718
000300.SH,2013-07-01,2213.317,2187.092,2213.965,2166.353,2200.639,12.678,0.5761,57726227.0,51874735.216
000300.SH,2013-07-02,2221.984,2211.803,2226.113,2191.801,2213.317,8.667,0.3916,61838850.0,59632902.046
000300.SH,2013-07-03,2203.828,2211.044,2211.044,2169.137,2221.984,-18.156,-0.8171,65836022.0,59536760.19
000300.SH,2013-07-04,2221.979,2187.181,2245.908,2176.08,2203.828,18.151,0.8236,72581145.0,67189379.203
000300.SH,2013-07-05,2226.849,2227.35,2252.033,2225.047,2221.979,4.87,0.2192,61821775.0,58424400.611
000300.SH,2013-07-08,2163.619,2194.423,2205.214,2162.189,2226.849,-63.23,-2.8394,54782493.0,49288252.039
000300.SH,2013-07-09,2162.669,2160.699,2174.786,2149.787,2163.619,-0.95,-0.0439,41494433.0,37246189.87
000300.SH,2013-07-10,2224.065,2163.098,2224.135,2157.468,2162.669,61.396,2.8389,61149781.0,54373757.823
000300.SH,2013-07-11,2326.688,2232.157,2351.223,2232.157,2224.065,102.623,4.6142,125793192.0,111329812.773
000300.SH,2013-07-12,2275.373,2319.023,2331.986,2274.073,2326.688,-51.315,-2.2055,89733082.0,82064555.657
000300.SH,2013-07-15,2307.297,2289.762,2336.04,2274.673,2275.373,31.924,1.403,74757884.0,71796189.674
000300.SH,2013-07-16,2317.848,2300.83,2317.848,2281.942,2307.297,10.551,0.4573,65624157.0,62085631.916
000300.SH,2013-07-17,2282.836,2311.443,2326.925,2281.609,2317.848,-35.012,-1.5105,67655248.0,63229061.677
000300.SH,2013-07-18,2245.328,2272.947,2282.435,2241.93,2282.836,-37.508,-1.643,57144292.0,51937235.147
000300.SH,2013-07-19,2190.478,2248.133,2257.916,2188.752,2245.328,-54.85,-2.4429,70535282.0,66179072.656
000300.SH,2013-07-22,2202.189,2170.089,2203.058,2159.813,2190.478,11.711,0.5346,53283495.0,48872947.253
000300.SH,2013-07-23,2265.845,2211.587,2276.742,2206.756,2202.189,63.656,2.8906,74809731.0,69255423.111
000300.SH,2013-07-24,2249.151,2253.376,2265.578,2217.192,2265.845,-16.694,-0.7368,69592307.0,69279825.849
000300.SH,2013-07-25,2237.683,2255.223,2268.839,2227.853,2249.151,-11.468,-0.5099,65774316.0,60558362.762
000300.SH,2013-07-26,2224.008,2226.429,2238.42,2209.806,2237.683,-13.675,-0.6111,48941098.0,45636069.902
000300.SH,2013-07-29,2175.97,2205.083,2205.083,2169.017,2224.008,-48.038,-2.16,54600925.0,49624613.44
000300.SH,2013-07-30,2189.388,2184.007,2221.589,2162.979,2175.97,13.418,0.6166,55193623.0,50907227.289
000300.SH,2013-07-31,2193.021,2211.75,2235.384,2187.21,2189.388,3.633,0.1659,48327055.0,46723493.389
000300.SH,2013-08-01,2245.364,2206.004,2245.56,2200.626,2193.021,52.343,2.3868,62603997.0,58944765.673
000300.SH,2013-08-02,2247.263,2263.495,2274.71,2244.252,2245.364,1.899,0.0846,60890893.0,58459999.45
000300.SH,2013-08-05,2278.329,2249.976,2278.329,2243.22,2247.263,31.066,1.3824,55342151.0,53623068.581
000300.SH,2013-08-06,2293.641,2270.672,2302.484,2256.715,2278.329,15.312,0.6721,73746895.0,68993574.807
000300.SH,2013-08-07,2280.623,2292.379,2313.879,2276.862,2293.641,-13.018,-0.5676,73048695.0,69560482.114
000300.SH,2013-08-08,2276.782,2277.253,2297.628,2267.073,2280.623,-3.841,-0.1684,53098430.0,52710276.666
000300.SH,2013-08-09,2286.01,2288.51,2301.59,2258.334,2276.782,9.228,0.4053,64600017.0,62663979.06
000300.SH,2013-08-12,2352.794,2296.22,2352.89,2293.176,2286.01,66.784,2.9214,97863216.0,94038910.336
000300.SH,2013-08-13,2359.068,2352.883,2360.827,2340.733,2352.794,6.274,0.2667,78393636.0,71178520.24
000300.SH,2013-08-14,2349.08,2362.619,2386.599,2340.833,2359.068,-9.988,-0.4234,75942128.0,71338219.589
000300.SH,2013-08-15,2321.576,2348.839,2362.089,2319.784,2349.08,-27.504,-1.1708,61951853.0,59411203.587
000300.SH,2013-08-16,2304.144,2314.261,2423.081,2295.023,2321.576,-17.432,-0.7509,120369563.0,104026773.37
000300.SH,2013-08-19,2331.43,2286.203,2340.194,2284.077,2304.144,27.286,1.1842,72483224.0,67064925.39
000300.SH,2013-08-20,2312.465,2325.862,2353.409,2303.666,2331.43,-18.965,-0.8134,73086345.0,67589707.172
000300.SH,2013-08-21,2308.589,2320.584,2321.642,2291.053,2312.465,-3.876,-0.1676,55007384.0,50886495.497
000300.SH,2013-08-22,2303.932,2302.668,2329.143,2297.016,2308.589,-4.657,-0.2017,55338104.0,51686310.59
000300.SH,2013-08-23,2286.929,2314.866,2321.037,2251.92,2303.932,-17.003,-0.738,68967133.0,65459845.296
000300.SH,2013-08-26,2335.616,2294.759,2336.381,2288.496,2286.929,48.687,2.1289,70371043.0,66541009.856
000300.SH,2013-08-27,2340.881,2332.8,2345.105,2322.461,2335.616,5.265,0.2254,65990333.0,62575377.643
000300.SH,2013-08-28,2328.056,2326.096,2345.358,2307.043,2340.881,-12.825,-0.5479,89256174.0,80965562.365
000300.SH,2013-08-29,2318.311,2338.564,2342.32,2308.145,2328.056,-9.745,-0.4186,66085415.0,59719882.399
000300.SH,2013-08-30,2313.91,2315.913,2334.413,2303.609,2318.311,-4.401,-0.1898,87654515.0,76695994.654
000300.SH,2013-09-02,2320.344,2319.957,2329.867,2297.449,2313.91,6.434,0.2781,79510249.0,73575869.316
000300.SH,2013-09-03,2354.502,2326.231,2354.856,2321.304,2320.344,34.158,1.4721,80554005.0,72663978.65
000300.SH,2013-09-04,2350.699,2352.537,2360.663,2345.437,2354.502,-3.803,-0.1615,78725763.0,68509013.842
000300.SH,2013-09-05,2341.735,2350.927,2351.218,2336.754,2350.699,-8.964,-0.3813,62951383.0,59606065.186
000300.SH,2013-09-06,2357.782,2336.767,2361.178,2335.932,2341.735,16.047,0.6853,73340116.0,63916893.626
000300.SH,2013-09-09,2440.609,2374.26,2449.249,2372.686,2357.782,82.827,3.5129,149889640.0,127299546.171
000300.SH,2013-09-10,2474.894,2446.454,2475.195,2435.826,2440.609,34.285,1.4048,154855992.0,130648129.418
000300.SH,2013-09-11,2482.889,2483.791,2504.469,2471.624,2474.894,7.995,0.323,166914974.0,142830288.492
000300.SH,2013-09-12,2507.455,2480.468,2527.383,2469.718,2482.889,24.566,0.9894,145173175.0,126115528.291
000300.SH,2013-09-13,2488.902,2502.54,2515.781,2481.454,2507.455,-18.553,-0.7399,110775049.0,98275004.927
000300.SH,2013-09-16,2478.39,2501.077,2503.694,2467.129,2488.902,-10.512,-0.4224,105383282.0,97043842.349
000300.SH,2013-09-17,2427.322,2480.81,2481.71,2426.462,2478.39,-51.068,-2.0605,99459982.0,93115107.921
000300.SH,2013-09-18,2432.51,2426.04,2439.626,2407.243,2427.322,5.188,0.2137,71040759.0,69341324.599
000300.SH,2013-09-23,2472.288,2441.516,2473.163,2439.993,2432.51,39.778,1.6353,80128352.0,80920687.856
000300.SH,2013-09-24,2443.885,2470.715,2470.746,2420.085,2472.288,-28.403,-1.1489,97853013.0,96769831.421
000300.SH,2013-09-25,2429.03,2440.835,2455.037,2423.276,2443.885,-14.855,-0.6078,90518418.0,89119216.662
000300.SH,2013-09-26,2384.443,2422.631,2422.631,2382.535,2429.03,-44.587,-1.8356,86236770.0,84183923.178
000300.SH,2013-09-27,2394.971,2382.218,2402.196,2379.856,2384.443,10.528,0.4415,65971508.0,66383990.191
000300.SH,2013-09-30,2409.037,2406.205,2415.075,2397.22,2394.971,14.066,0.5873,59513992.0,60990141.884
000300.SH,2013-10-08,2441.811,2406.415,2446.703,2392.572,2409.037,32.774,1.3605,84785506.0,84229908.92
000300.SH,2013-10-09,2453.583,2432.94,2453.746,2424.769,2441.811,11.772,0.4821,76277645.0,76128340.887
000300.SH,2013-10-10,2429.317,2455.64,2455.979,2422.017,2453.583,-24.266,-0.989,90329706.0,89468020.274
000300.SH,2013-10-11,2468.508,2442.364,2471.165,2439.634,2429.317,39.191,1.6133,93388261.0,91811541.654
000300.SH,2013-10-14,2472.542,2472.267,2483.131,2462.551,2468.508,4.034,0.1634,100081301.0,99109155.92
000300.SH,2013-10-15,2467.517,2475.324,2479.134,2449.416,2472.542,-5.025,-0.2032,89173496.0,86100822.006
000300.SH,2013-10-16,2421.371,2459.077,2459.077,2409.718,2467.517,-46.146,-1.8701,88979834.0,83150844.984
000300.SH,2013-10-17,2413.33,2432.645,2440.919,2407.777,2421.371,-8.041,-0.3321,71222474.0,67722892.391
000300.SH,2013-10-18,2426.054,2415.118,2435.712,2410.599,2413.33,12.724,0.5272,60291630.0,59138754.367
000300.SH,2013-10-21,2471.322,2431.915,2472.785,2423.562,2426.054,45.268,1.8659,84909795.0,82223144.817
000300.SH,2013-10-22,2445.891,2470.255,2470.255,2439.859,2471.322,-25.431,-1.029,90703029.0,83412053.857
000300.SH,2013-10-23,2418.491,2451.556,2474.372,2412.483,2445.891,-27.4,-1.1202,91545355.0,83286778.556
000300.SH,2013-10-24,2400.511,2412.235,2422.943,2395.474,2418.491,-17.98,-0.7434,64560821.0,60427235.951
000300.SH,2013-10-25,2368.559,2400.517,2413.332,2353.993,2400.511,-31.952,-1.331,77070182.0,70778094.834
000300.SH,2013-10-28,2365.954,2372.571,2377.249,2351.862,2368.559,-2.605,-0.11,62876152.0,56602098.405
000300.SH,2013-10-29,2372.053,2369.216,2408.616,2327.904,2365.954,6.099,0.2578,106737833.0,91741559.592
000300.SH,2013-10-30,2407.471,2371.853,2407.851,2365.506,2372.053,35.418,1.4931,92178126.0,75735067.216
000300.SH,2013-10-31,2373.718,2398.395,2398.395,2370.226,2407.471,-33.753,-1.402,82736964.0,70393879.838
000300.SH,2013-11-01,2384.96,2373.962,2395.005,2365.146,2373.718,11.242,0.4736,63055762.0,57820026.665
000300.SH,2013-11-04,2380.454,2397.21,2404.896,2376.355,2384.96,-4.506,-0.1889,51798461.0,48959462.043
000300.SH,2013-11-05,2383.769,2366.884,2385.688,2343.801,2380.454,3.315,0.1393,62084488.0,56935549.943
000300.SH,2013-11-06,2353.568,2371.324,2383.54,2352.787,2383.769,-30.201,-1.2669,63776663.0,59536872.794
000300.SH,2013-11-07,2340.552,2351.871,2356.672,2328.253,2353.568,-13.016,-0.553,54821747.0,50942569.626
000300.SH,2013-11-08,2307.945,2329.084,2342.672,2306.041,2340.552,-32.607,-1.3931,53788508.0,48564999.878
000300.SH,2013-11-11,2315.889,2305.94,2325.228,2295.003,2307.945,7.944,0.3442,45739457.0,42566548.184
000300.SH,2013-11-12,2340.0,2319.362,2342.529,2316.603,2315.889,24.111,1.0411,52687545.0,49854763.423
000300.SH,2013-11-13,2288.116,2325.36,2325.563,2287.547,2340.0,-51.884,-2.2173,59848831.0,53183050.105
000300.SH,2013-11-14,2304.501,2291.269,2305.696,2279.006,2288.116,16.385,0.7161,57310356.0,51945077.793
000300.SH,2013-11-15,2350.734,2306.549,2377.211,2306.549,2304.501,46.233,2.0062,86391771.0,83147858.433
000300.SH,2013-11-18,2428.903,2367.883,2429.566,2361.038,2350.734,78.169,3.3253,110034633.0,108549512.988
000300.SH,2013-11-19,2412.163,2427.928,2427.928,2405.076,2428.903,-16.74,-0.6892,78648296.0,79884936.328
000300.SH,2013-11-20,2424.85,2428.767,2435.427,2406.417,2412.163,12.687,0.526,72291801.0,67741428.196
000300.SH,2013-11-21,2409.989,2412.451,2415.383,2382.878,2424.85,-14.861,-0.6129,87706677.0,82220527.035
000300.SH,2013-11-22,2397.962,2415.29,2418.999,2393.581,2409.989,-12.027,-0.499,75000675.0,70052206.585
000300.SH,2013-11-25,2388.629,2385.784,2418.853,2380.689,2397.962,-9.333,-0.3892,66144734.0,63811265.014
000300.SH,2013-11-26,2387.416,2387.826,2399.022,2380.412,2388.629,-1.213,-0.0508,59185864.0,53334204.356
000300.SH,2013-11-27,2414.481,2386.362,2422.806,2383.78,2387.416,27.065,1.1337,75294088.0,70744775.407
000300.SH,2013-11-28,2439.53,2419.15,2460.556,2417.235,2414.481,25.049,1.0374,90660406.0,86852445.384
000300.SH,2013-11-29,2438.944,2442.676,2446.395,2432.387,2439.53,-0.586,-0.024,61803746.0,61907374.173
000300.SH,2013-12-02,2418.788,2423.969,2464.863,2397.007,2438.944,-20.156,-0.8264,119655123.0,112921841.12
000300.SH,2013-12-03,2442.784,2410.693,2448.333,2406.663,2418.788,23.996,0.9921,74455752.0,72045234.174
000300.SH,2013-12-04,2475.135,2439.824,2486.64,2434.694,2442.784,32.351,1.3243,102650235.0,94783931.336
000300.SH,2013-12-05,2468.197,2476.453,2481.747,2460.576,2475.135,-6.938,-0.2803,77708932.0,72999931.131
000300.SH,2013-12-06,2452.287,2463.043,2470.813,2445.623,2468.197,-15.91,-0.6446,66114089.0,64843207.895
000300.SH,2013-12-09,2450.872,2460.028,2468.948,2445.94,2452.287,-1.415,-0.0577,57164884.0,57634539.131
000300.SH,2013-12-10,2453.322,2456.23,2466.66,2444.526,2450.872,2.45,0.1,66941424.0,61236728.79
000300.SH,2013-12-11,2412.763,2440.503,2440.503,2400.742,2453.322,-40.559,-1.6532,68075144.0,62808851.026
000300.SH,2013-12-12,2410.015,2406.766,2423.309,2402.769,2412.763,-2.748,-0.1139,50147719.0,47481447.335
000300.SH,2013-12-13,2406.639,2388.659,2416.26,2386.246,2410.015,-3.376,-0.1401,51501196.0,47583527.668
000300.SH,2013-12-16,2367.923,2408.678,2412.734,2367.43,2406.639,-38.716,-1.6087,64581674.0,62107893.611
000300.SH,2013-12-17,2356.376,2369.255,2373.286,2351.183,2367.923,-11.547,-0.4876,48483891.0,46306075.57
000300.SH,2013-12-18,2357.226,2356.703,2368.583,2350.451,2356.376,0.85,0.0361,40015207.0,39675269.794
000300.SH,2013-12-19,2332.41,2366.205,2370.991,2331.194,2357.226,-24.816,-1.0528,48095680.0,45148866.928
000300.SH,2013-12-20,2278.136,2335.052,2338.875,2278.096,2332.41,-54.274,-2.3269,65204207.0,60862129.503
000300.SH,2013-12-23,2284.602,2283.8,2295.765,2259.575,2278.136,6.466,0.2838,45580285.0,44415342.954
000300.SH,2013-12-24,2288.248,2291.125,2312.832,2270.245,2284.602,3.646,0.1596,45599168.0,45173191.422
000300.SH,2013-12-25,2305.11,2291.748,2305.609,2281.6,2288.248,16.862,0.7369,44005326.0,41202984.186
000300.SH,2013-12-26,2265.334,2299.972,2301.493,2263.922,2305.11,-39.776,-1.7256,51497563.0,48603013.7
000300.SH,2013-12-27,2303.478,2268.535,2315.182,2264.386,2265.334,38.144,1.6838,53389157.0,51197946.376
000300.SH,2013-12-30,2299.458,2313.38,2316.621,2295.641,2303.478,-4.02,-0.1745,48414308.0,46156442.661
000300.SH,2013-12-31,2330.026,2289.01,2333.074,2287.117,2299.458,30.568,1.3294,56631070.0,57026486.218
000300.SH,2014-01-02,2321.978,2323.433,2325.991,2310.653,2330.026,-8.048,-0.3454,45194291.0,49012211.124
000300.SH,2014-01-03,2290.779,2311.968,2314.836,2280.887,2321.978,-31.199,-1.3436,59782645.0,57739709.924
000300.SH,2014-01-06,2238.637,2286.371,2286.371,2229.334,2290.779,-52.142,-2.2762,66300403.0,59979360.128
000300.SH,2014-01-07,2238.001,2222.306,2246.791,2218.647,2238.637,-0.636,-0.0284,43753103.0,42565648.108
000300.SH,2014-01-08,2241.911,2240.635,2262.584,2228.418,2238.001,3.91,0.1747,51348854.0,50691488.898
000300.SH,2014-01-09,2222.221,2236.967,2258.894,2220.802,2241.911,-19.69,-0.8783,55987041.0,54399491.333
000300.SH,2014-01-10,2204.851,2216.521,2224.494,2200.215,2222.221,-17.37,-0.7817,54169293.0,47572309.533
000300.SH,2014-01-13,2193.679,2206.996,2222.072,2183.597,2204.851,-11.172,-0.5067,50122772.0,46123003.754
000300.SH,2014-01-14,2212.846,2192.844,2214.124,2179.908,2193.679,19.167,0.8737,54049947.0,46785099.888
000300.SH,2014-01-15,2208.941,2210.024,2215.903,2193.802,2212.846,-3.905,-0.1765,48962395.0,45755914.348
000300.SH,2014-01-16,2211.844,2209.448,2227.262,2201.56,2208.941,2.903,0.1314,52298902.0,49842784.005
000300.SH,2014-01-17,2178.488,2203.821,2205.972,2175.876,2211.844,-33.356,-1.5081,50273155.0,46268159.163
000300.SH,2014-01-20,2165.993,2173.651,2182.463,2156.458,2178.488,-12.495,-0.5736,40560154.0,39157227.541
000300.SH,2014-01-21,2187.41,2168.42,2197.923,2168.42,2165.993,21.417,0.9888,40306247.0,38590992.772
000300.SH,2014-01-22,2243.796,2190.432,2244.133,2187.534,2187.41,56.386,2.5778,70641375.0,64803357.078
000300.SH,2014-01-23,2231.889,2242.245,2248.924,2228.057,2243.796,-11.907,-0.5307,56345951.0,55726417.393
000300.SH,2014-01-24,2245.678,2225.758,2257.355,2222.893,2231.889,13.789,0.6178,61167670.0,59563444.873
000300.SH,2014-01-27,2215.919,2233.015,2233.231,2211.799,2245.678,-29.759,-1.3252,70344246.0,63503992.484
000300.SH,2014-01-28,2219.855,2220.785,2233.257,2205.972,2215.919,3.936,0.1776,53269130.0,49408754.555
000300.SH,2014-01-29,2227.781,2225.711,2233.057,2219.928,2219.855,7.926,0.3571,50222717.0,48788682.77
000300.SH,2014-01-30,2202.45,2223.163,2223.163,2200.224,2227.781,-25.331,-1.1371,43632304.0,43475960.839
000300.SH,2014-02-07,2212.483,2187.343,2212.498,2177.117,2202.45,10.033,0.4555,50459315.0,49597106.433
000300.SH,2014-02-10,2267.534,2221.54,2270.194,2221.54,2212.483,55.051,2.4882,83065716.0,81103244.127
000300.SH,2014-02-11,2285.562,2267.735,2296.516,2262.599,2267.534,18.028,0.795,99229829.0,92688969.126
000300.SH,2014-02-12,2291.246,2286.187,2294.317,2276.444,2285.562,5.684,0.2487,76592161.0,73487379.679
000300.SH,2014-02-13,2279.554,2288.451,2307.474,2278.261,2291.246,-11.692,-0.5103,96217789.0,87352124.305
000300.SH,2014-02-14,2295.575,2278.4,2295.852,2274.429,2279.554,16.021,0.7028,67082997.0,64613327.719
000300.SH,2014-02-17,2311.647,2308.791,2315.579,2293.552,2295.575,16.072,0.7001,87831666.0,86871352.624
000300.SH,2014-02-18,2282.442,2310.309,2310.309,2276.108,2311.647,-29.205,-1.2634,87049743.0,88107267.954
000300.SH,2014-02-19,2308.656,2280.927,2317.42,2274.152,2282.442,26.214,1.1485,99352561.0,88341900.374
000300.SH,2014-02-20,2287.436,2314.088,2331.698,2286.203,2308.656,-21.22,-0.9191,106439533.0,91771595.713
000300.SH,2014-02-21,2264.294,2284.03,2287.869,2250.652,2287.436,-23.142,-1.0117,76368993.0,69908188.663
000300.SH,2014-02-24,2214.509,2246.715,2246.715,2194.164,2264.294,-49.785,-2.1987,89215939.0,79599146.389
000300.SH,2014-02-25,2157.909,2216.515,2225.209,2150.095,2214.509,-56.6,-2.5559,93237551.0,88306571.728
000300.SH,2014-02-26,2163.405,2147.737,2164.698,2137.079,2157.909,5.496,0.2547,77993297.0,68640581.126
000300.SH,2014-02-27,2154.108,2170.81,2180.063,2150.135,2163.405,-9.297,-0.4297,90104296.0,81587999.653
000300.SH,2014-02-28,2178.971,2149.446,2180.474,2133.548,2154.108,24.863,1.1542,76668057.0,70216798.972
000300.SH,2014-03-03,2190.37,2173.907,2194.224,2167.91,2178.971,11.399,0.5231,82072314.0,69408739.897
000300.SH,2014-03-04,2184.273,2183.858,2188.601,2161.589,2190.37,-6.097,-0.2784,73069250.0,64691438.035
000300.SH,2014-03-05,2163.976,2187.352,2189.093,2159.595,2184.273,-20.297,-0.9292,61332015.0,55669679.402
000300.SH,2014-03-06,2173.634,2159.397,2181.427,2136.454,2163.976,9.658,0.4463,69093767.0,61495023.657
000300.SH,2014-03-07,2168.358,2170.043,2189.39,2161.436,2173.634,-5.276,-0.2427,64265177.0,58693177.974
000300.SH,2014-03-10,2097.787,2149.676,2149.676,2095.067,2168.358,-70.571,-3.2546,71416407.0,63086412.572
000300.SH,2014-03-11,2108.661,2092.608,2118.79,2088.729,2097.787,10.874,0.5184,57621243.0,53075782.462
000300.SH,2014-03-12,2114.134,2102.801,2130.586,2090.757,2108.661,5.473,0.2595,70069747.0,60115239.174
000300.SH,2014-03-13,2140.333,2119.547,2149.436,2115.986,2114.134,26.199,1.2392,69226028.0,59163094.375
000300.SH,2014-03-14,2122.836,2129.87,2140.384,2109.575,2140.333,-17.497,-0.8175,58617737.0,49805247.51
000300.SH,2014-03-17,2143.038,2132.793,2143.196,2118.953,2122.836,20.202,0.9517,52409445.0,47571288.733
000300.SH,2014-03-18,2138.133,2146.124,2152.462,2134.923,2143.038,-4.905,-0.2289,55354132.0,54188441.365
000300.SH,2014-03-19,2120.87,2131.283,2131.283,2101.285,2138.133,-17.263,-0.8074,59303905.0,55283943.974
000300.SH,2014-03-20,2086.967,2116.185,2134.792,2086.497,2120.87,-33.903,-1.5985,67631285.0,58951601.97
000300.SH,2014-03-21,2158.798,2079.871,2163.225,2077.759,2086.967,71.831,3.4419,104024807.0,83560511.769
000300.SH,2014-03-24,2176.554,2161.898,2186.731,2150.871,2158.798,17.756,0.8225,104491984.0,81203913.733
000300.SH,2014-03-25,2174.44,2170.78,2191.491,2164.669,2176.554,-2.114,-0.0971,86877510.0,67548473.561
000300.SH,2014-03-26,2171.047,2181.231,2186.078,2165.217,2174.44,-3.393,-0.156,58276176.0,50116023.097
000300.SH,2014-03-27,2155.707,2168.344,2186.893,2146.916,2171.047,-15.34,-0.7066,71275132.0,62175860.35
000300.SH,2014-03-28,2151.965,2154.515,2172.668,2144.584,2155.707,-3.742,-0.1736,70086073.0,60123341.093
000300.SH,2014-03-31,2146.305,2156.054,2165.254,2134.422,2151.965,-5.66,-0.263,55457488.0,48105020.054
000300.SH,2014-04-01,2163.115,2143.717,2170.095,2141.151,2146.305,16.81,0.7832,48866403.0,43659064.291
000300.SH,2014-04-02,2180.727,2166.067,2182.683,2164.008,2163.115,17.612,0.8142,65039257.0,56777151.867
000300.SH,2014-04-03,2165.008,2188.642,2196.138,2160.747,2180.727,-15.719,-0.7208,71536032.0,57708859.685
000300.SH,2014-04-04,2185.472,2157.982,2186.154,2155.277,2165.008,20.464,0.9452,47945888.0,43912624.261
000300.SH,2014-04-08,2237.316,2179.92,2243.97,2178.905,2185.472,51.844,2.3722,97219117.0,85692893.37
000300.SH,2014-04-09,2238.62,2239.791,2246.793,2228.994,2237.316,1.304,0.0583,66357268.0,61178630.422
000300.SH,2014-04-10,2273.761,2241.452,2290.742,2229.515,2238.62,35.141,1.5698,114545405.0,101616815.025
000300.SH,2014-04-11,2270.666,2269.565,2281.105,2261.133,2273.761,-3.095,-0.1361,90615897.0,86154853.765
000300.SH,2014-04-14,2268.613,2267.943,2275.83,2255.456,2270.666,-2.053,-0.0904,62264998.0,60254151.5
000300.SH,2014-04-15,2229.463,2261.411,2261.474,2225.685,2268.613,-39.15,-1.7257,68218130.0,62599115.638
000300.SH,2014-04-16,2232.526,2223.468,2245.315,2221.153,2229.463,3.063,0.1374,51678010.0,47770218.198
000300.SH,2014-04-17,2224.803,2238.779,2241.622,2221.954,2232.526,-7.723,-0.3459,48333628.0,45096433.749
000300.SH,2014-04-18,2224.479,2215.879,2228.77,2203.047,2224.803,-0.324,-0.0146,50757995.0,45709617.096
000300.SH,2014-04-21,2187.248,2209.942,2231.707,2186.755,2224.479,-37.231,-1.6737,56278280.0,51856112.765
000300.SH,2014-04-22,2196.795,2184.017,2196.849,2165.075,2187.248,9.547,0.4365,57094694.0,52351993.061
000300.SH,2014-04-23,2194.668,2191.231,2205.594,2187.388,2196.795,-2.127,-0.0968,47763531.0,45191150.83
000300.SH,2014-04-24,2190.474,2192.769,2209.454,2186.763,2194.668,-4.194,-0.1911,45058911.0,41927012.945
000300.SH,2014-04-25,2167.826,2195.815,2201.712,2167.64,2190.474,-22.648,-1.0339,60245383.0,52092022.381
000300.SH,2014-04-28,2134.969,2165.773,2171.385,2132.695,2167.826,-32.857,-1.5157,60485187.0,49998809.829
000300.SH,2014-04-29,2158.47,2134.413,2159.379,2131.783,2134.969,23.501,1.1008,48204931.0,41550353.157
000300.SH,2014-04-30,2158.659,2158.762,2164.175,2153.124,2158.47,0.189,0.0088,45334624.0,39493022.295
000300.SH,2014-05-05,2156.47,2152.59,2161.703,2131.232,2158.659,-2.189,-0.1014,49344073.0,41470449.799
000300.SH,2014-05-06,2157.328,2151.388,2173.618,2150.112,2156.47,0.858,0.0398,48086519.0,41486451.628
000300.SH,2014-05-07,2137.316,2151.472,2153.723,2136.99,2157.328,-20.012,-0.9276,44607470.0,37751019.661
000300.SH,2014-05-08,2135.496,2132.036,2168.206,2128.318,2137.316,-1.82,-0.0852,48332452.0,40729772.017
000300.SH,2014-05-09,2133.911,2138.84,2141.559,2120.595,2135.496,-1.585,-0.0742,49181135.0,40242745.273
000300.SH,2014-05-12,2180.054,2150.313,2184.332,2139.483,2133.911,46.143,2.1624,83472560.0,66275508.636
000300.SH,2014-05-13,2174.852,2180.059,2185.046,2167.767,2180.054,-5.202,-0.2386,64912518.0,50241276.089
000300.SH,2014-05-14,2172.372,2175.094,2184.221,2168.997,2174.852,-2.48,-0.114,48514206.0,39214123.931
000300.SH,2014-05-15,2144.084,2169.278,2171.453,2142.338,2172.372,-28.288,-1.3022,46734032.0,38938529.216
000300.SH,2014-05-16,2145.952,2143.926,2150.5,2132.186,2144.084,1.868,0.0871,42253197.0,34987586.802
000300.SH,2014-05-19,2115.143,2139.362,2139.362,2105.713,2145.952,-30.809,-1.4357,42893607.0,37135950.607
000300.SH,2014-05-20,2115.771,2124.708,2131.567,2110.72,2115.143,0.628,0.0297,37299683.0,31576339.037
000300.SH,2014-05-21,2135.905,2106.762,2136.1,2096.514,2115.771,20.134,0.9516,38946042.0,32246807.97
000300.SH,2014-05-22,2130.868,2134.087,2160.909,2128.858,2135.905,-5.037,-0.2358,46252736.0,39227549.718
000300.SH,2014-05-23,2148.414,2130.775,2148.583,2128.663,2130.868,17.546,0.8234,37623105.0,32420020.159
000300.SH,2014-05-26,2155.976,2161.892,2165.421,2147.445,2148.414,7.562,0.352,39550656.0,37788482.728
000300.SH,2014-05-27,2147.28,2154.395,2160.027,2145.752,2155.976,-8.696,-0.4033,35897171.0,32374256.462
000300.SH,2014-05-28,2169.352,2147.467,2171.172,2142.007,2147.28,22.072,1.0279,50056260.0,45627619.375
000300.SH,2014-05-29,2155.164,2171.26,2178.092,2154.925,2169.352,-14.188,-0.654,44891556.0,41076912.68
000300.SH,2014-05-30,2156.464,2156.381,2166.907,2146.218,2155.164,1.3,0.0603,43923863.0,39769199.791
000300.SH,2014-06-03,2149.918,2157.64,2168.995,2149.291,2156.464,-6.546,-0.3036,41982954.0,37906226.058
000300.SH,2014-06-04,2128.274,2149.407,2149.452,2117.313,2149.918,-21.644,-1.0067,41817249.0,35607022.812
000300.SH,2014-06-05,2150.602,2126.607,2150.93,2123.524,2128.274,22.328,1.0491,36477424.0,33050774.675
000300.SH,2014-06-06,2134.716,2149.214,2149.783,2123.98,2150.602,-15.886,-0.7387,35738058.0,32415599.488
000300.SH,2014-06-09,2134.281,2128.225,2153.903,2126.665,2134.716,-0.435,-0.0204,39311060.0,35326732.064
000300.SH,2014-06-10,2161.268,2138.671,2161.526,2132.447,2134.281,26.987,1.2645,50507902.0,44416141.206
000300.SH,2014-06-11,2160.766,2156.151,2163.61,2152.08,2161.268,-0.502,-0.0232,42563718.0,37311080.748
000300.SH,2014-06-12,2153.41,2156.761,2160.988,2148.413,2160.766,-7.356,-0.3404,43025843.0,37252041.741
000300.SH,2014-06-13,2176.242,2150.987,2183.645,2150.569,2153.41,22.832,1.0603,59252876.0,51765511.45
000300.SH,2014-06-16,2191.855,2176.438,2196.343,2174.277,2176.242,15.613,0.7174,63296875.0,56904298.384
000300.SH,2014-06-17,2169.674,2185.681,2185.681,2168.445,2191.855,-22.181,-1.012,49933665.0,46244977.817
000300.SH,2014-06-18,2160.239,2169.252,2172.549,2158.497,2169.674,-9.435,-0.4349,49463897.0,42538095.511
000300.SH,2014-06-19,2126.907,2161.426,2166.407,2119.498,2160.239,-33.332,-1.543,53162645.0,46029744.918
000300.SH,2014-06-20,2136.729,2124.963,2137.034,2120.807,2126.907,9.822,0.4618,42393719.0,35425712.925
000300.SH,2014-06-23,2134.11,2137.926,2147.227,2132.454,2136.729,-2.619,-0.1226,41179258.0,37112428.752
000300.SH,2014-06-24,2144.821,2131.686,2145.213,2130.292,2134.11,10.711,0.5019,40164356.0,38778505.304
000300.SH,2014-06-25,2133.371,2141.726,2141.726,2126.035,2144.821,-11.45,-0.5338,37666100.0,33809315.524
000300.SH,2014-06-26,2149.076,2135.156,2151.114,2134.891,2133.371,15.705,0.7362,44351166.0,40601836.632
000300.SH,2014-06-27,2150.258,2146.374,2159.526,2138.927,2149.076,1.182,0.055,52722896.0,45525673.947
000300.SH,2014-06-30,2165.118,2152.306,2168.221,2152.306,2150.258,14.86,0.6911,54304188.0,50277570.814
000300.SH,2014-07-01,2164.559,2169.199,2171.15,2157.133,2165.118,-0.559,-0.0258,53323100.0,49936284.309
000300.SH,2014-07-02,2170.867,2163.998,2171.51,2155.609,2164.559,6.308,0.2914,59685501.0,53273658.927
000300.SH,2014-07-03,2180.192,2169.003,2184.964,2164.843,2170.867,9.325,0.4296,63690690.0,56024939.299
000300.SH,2014-07-04,2178.695,2180.445,2183.798,2174.073,2180.192,-1.497,-0.0687,52851106.0,47990033.413
000300.SH,2014-07-07,2176.289,2178.546,2186.202,2171.083,2178.695,-2.406,-0.1104,50242334.0,47663876.919
000300.SH,2014-07-08,2180.473,2174.828,2180.778,2163.359,2176.289,4.184,0.1923,50743599.0,46017266.874
000300.SH,2014-07-09,2148.71,2178.135,2178.51,2148.26,2180.473,-31.763,-1.4567,62022046.0,58980248.398
000300.SH,2014-07-10,2142.847,2146.601,2151.774,2139.522,2148.71,-5.863,-0.2729,55732497.0,50931668.887
000300.SH,2014-07-11,2148.009,2136.317,2154.735,2134.795,2142.847,5.162,0.2409,61374274.0,51551825.645
000300.SH,2014-07-14,2171.758,2149.542,2171.902,2145.278,2148.009,23.749,1.1056,66158863.0,60467088.864
000300.SH,2014-07-15,2174.976,2170.089,2176.272,2165.206,2171.758,3.218,0.1482,71815694.0,64304875.149
000300.SH,2014-07-16,2170.868,2172.824,2183.248,2166.774,2174.976,-4.108,-0.1889,81560230.0,61126054.498
000300.SH,2014-07-17,2157.068,2166.831,2166.932,2147.084,2170.868,-13.8,-0.6357,59453568.0,46354646.289
000300.SH,2014-07-18,2164.144,2147.663,2176.325,2145.446,2157.068,7.076,0.328,65473295.0,53758919.136
000300.SH,2014-07-21,2166.295,2164.223,2171.94,2158.955,2164.144,2.151,0.0994,54172260.0,47731629.577
000300.SH,2014-07-22,2192.698,2162.436,2197.592,2162.236,2166.295,26.403,1.2188,78542583.0,66806114.43
000300.SH,2014-07-23,2197.833,2191.394,2210.282,2190.555,2192.698,5.135,0.2342,84213872.0,69177998.063
000300.SH,2014-07-24,2237.015,2199.833,2239.815,2199.833,2197.833,39.182,1.7828,119435534.0,99964367.602
000300.SH,2014-07-25,2260.454,2243.067,2260.89,2239.066,2237.015,23.439,1.0478,98972838.0,81994560.081
000300.SH,2014-07-28,2323.897,2272.383,2331.472,2272.383,2260.454,63.443,2.8066,179869333.0,145277424.291
000300.SH,2014-07-29,2331.369,2326.038,2342.77,2316.217,2323.897,7.472,0.3215,134269641.0,112176546.316
000300.SH,2014-07-30,2322.011,2324.69,2339.038,2316.058,2331.369,-9.358,-0.4014,123022832.0,103362308.865
000300.SH,2014-07-31,2350.251,2321.967,2350.551,2316.585,2322.011,28.24,1.2162,110987769.0,93135566.963
000300.SH,2014-08-01,2329.402,2341.227,2371.5,2328.966,2350.251,-20.849,-0.8871,126317390.0,106125190.266
000300.SH,2014-08-04,2375.62,2336.63,2375.62,2332.138,2329.402,46.218,1.9841,116713754.0,101301888.277
000300.SH,2014-08-05,2369.353,2376.797,2380.774,2353.795,2375.62,-6.267,-0.2638,111861789.0,97906971.246
000300.SH,2014-08-06,2363.221,2358.206,2371.667,2334.334,2369.353,-6.132,-0.2588,116341829.0,96681298.733
000300.SH,2014-08-07,2327.457,2363.608,2369.204,2326.268,2363.221,-35.764,-1.5134,116729210.0,94254453.994
000300.SH,2014-08-08,2331.134,2329.184,2339.27,2319.288,2327.457,3.677,0.158,86739694.0,72605666.133
000300.SH,2014-08-11,2365.349,2338.008,2367.004,2337.014,2331.134,34.215,1.4677,91601171.0,82973900.36
000300.SH,2014-08-12,2357.052,2361.17,2361.17,2344.716,2365.349,-8.297,-0.3508,91822608.0,82973769.642
000300.SH,2014-08-13,2358.901,2358.459,2370.513,2335.694,2357.052,1.849,0.0784,110447789.0,94185266.458
000300.SH,2014-08-14,2335.945,2357.198,2363.18,2334.08,2358.901,-22.956,-0.9732,97969493.0,84251435.869
000300.SH,2014-08-15,2360.635,2337.985,2366.902,2333.123,2335.945,24.69,1.057,93592546.0,81888217.001
000300.SH,2014-08-18,2374.562,2366.272,2379.804,2361.197,2360.635,13.927,0.59,104509554.0,90148909.855
000300.SH,2014-08-19,2374.768,2378.886,2379.474,2358.965,2374.562,0.206,0.0087,115850020.0,102742759.96
000300.SH,2014-08-20,2366.14,2371.649,2375.475,2360.837,2374.768,-8.628,-0.3633,101288088.0,91374802.73
000300.SH,2014-08-21,2354.244,2365.731,2367.46,2333.299,2366.14,-11.896,-0.5028,100690211.0,92192063.269
000300.SH,2014-08-22,2365.364,2352.316,2368.457,2350.986,2354.244,11.12,0.4723,89823938.0,85642463.757
000300.SH,2014-08-25,2342.863,2367.019,2367.606,2338.455,2365.364,-22.501,-0.9513,97373717.0,85182493.96
000300.SH,2014-08-26,2324.092,2339.6,2350.391,2317.184,2342.863,-18.771,-0.8012,93844222.0,83135033.15
000300.SH,2014-08-27,2327.595,2323.79,2336.737,2322.885,2324.092,3.503,0.1507,67676221.0,62448675.179
000300.SH,2014-08-28,2311.278,2328.059,2336.363,2309.639,2327.595,-16.317,-0.701,70490655.0,66195966.855
000300.SH,2014-08-29,2338.287,2317.304,2338.774,2313.262,2311.278,27.009,1.1686,63211423.0,58359967.752
000300.SH,2014-09-01,2355.317,2340.925,2355.552,2338.53,2338.287,17.03,0.7283,77320870.0,73362240.553
000300.SH,2014-09-02,2386.46,2359.862,2387.655,2349.949,2355.317,31.143,1.3222,114436733.0,106925790.139
000300.SH,2014-09-03,2408.838,2389.694,2414.26,2389.679,2386.46,22.378,0.9377,129734204.0,123629189.433
000300.SH,2014-09-04,2426.224,2411.934,2427.297,2404.082,2408.838,17.386,0.7218,111272298.0,108294703.239
000300.SH,2014-09-05,2449.259,2433.174,2450.634,2427.987,2426.224,23.035,0.9494,133551764.0,123349320.057
000300.SH,2014-09-09,2445.224,2452.227,2454.893,2437.078,2449.259,-4.035,-0.1647,118194344.0,107795213.548
000300.SH,2014-09-10,2432.433,2435.593,2437.081,2422.646,2445.224,-12.791,-0.5231,109175517.0,97472682.969
000300.SH,2014-09-11,2423.454,2430.678,2461.473,2417.269,2432.433,-8.979,-0.3691,132982583.0,127203381.658
000300.SH,2014-09-12,2438.358,2418.752,2438.358,2412.622,2423.454,14.904,0.615,109160170.0,96625765.409
000300.SH,2014-09-15,2437.189,2433.001,2439.254,2418.959,2438.358,-1.169,-0.0479,122247159.0,112507690.398
000300.SH,2014-09-16,2388.765,2440.339,2442.924,2386.98,2437.189,-48.424,-1.9869,186742791.0,147250169.859
000300.SH,2014-09-17,2401.326,2395.361,2405.371,2379.091,2388.765,12.561,0.5258,125269028.0,98039470.145
000300.SH,2014-09-18,2408.664,2396.379,2414.946,2389.622,2401.326,7.338,0.3056,115926376.0,92105332.013
000300.SH,2014-09-19,2425.211,2409.313,2430.149,2402.313,2408.664,16.547,0.687,101813577.0,88221038.707
000300.SH,2014-09-22,2378.92,2419.326,2419.326,2374.108,2425.211,-46.291,-1.9087,102240870.0,88958056.522
000300.SH,2014-09-23,2399.462,2379.521,2402.482,2379.521,2378.92,20.542,0.8635,84033341.0,75463683.722
000300.SH,2014-09-24,2441.864,2391.419,2443.978,2387.07,2399.462,42.402,1.7671,142713530.0,120389934.642
000300.SH,2014-09-25,2436.965,2453.423,2462.668,2429.587,2441.864,-4.899,-0.2006,138661891.0,119612625.726
000300.SH,2014-09-26,2437.201,2430.808,2439.649,2420.499,2436.965,0.236,0.0097,100299494.0,87757377.938
000300.SH,2014-09-29,2447.799,2443.91,2453.665,2435.611,2437.201,10.598,0.4348,123401727.0,111463779.824
000300.SH,2014-09-30,2450.988,2452.166,2454.885,2444.204,2447.799,3.189,0.1303,115804229.0,101906558.841
000300.SH,2014-10-08,2478.383,2460.87,2478.383,2445.268,2450.988,27.395,1.1177,121953604.0,116500107.81
000300.SH,2014-10-09,2481.955,2480.197,2488.113,2461.112,2478.383,3.572,0.1441,137923920.0,120752628.433
000300.SH,2014-10-10,2466.789,2472.096,2482.136,2457.684,2481.955,-15.166,-0.6111,147634307.0,121924973.049
000300.SH,2014-10-13,2454.946,2457.412,2460.389,2430.546,2466.789,-11.843,-0.4801,131593362.0,112784478.808
000300.SH,2014-10-14,2446.562,2451.094,2467.904,2436.336,2454.946,-8.384,-0.3415,127393705.0,106356643.094
000300.SH,2014-10-15,2463.874,2444.538,2465.498,2431.188,2446.562,17.312,0.7076,135801882.0,114837290.107
000300.SH,2014-10-16,2444.395,2448.968,2480.3,2441.822,2463.874,-19.479,-0.7906,158166603.0,128340525.473
000300.SH,2014-10-17,2441.732,2443.222,2456.105,2410.401,2444.395,-2.663,-0.1089,132759988.0,112685625.525
000300.SH,2014-10-20,2454.711,2448.453,2456.621,2441.896,2441.732,12.979,0.5315,91435401.0,84843604.9
000300.SH,2014-10-21,2433.391,2453.406,2459.255,2432.552,2454.711,-21.32,-0.8685,96241912.0,86622201.933
000300.SH,2014-10-22,2418.641,2434.886,2447.467,2417.562,2433.391,-14.75,-0.6062,88656193.0,82251744.245
000300.SH,2014-10-23,2395.936,2415.44,2424.662,2392.532,2418.641,-22.705,-0.9388,103491839.0,86045452.83
000300.SH,2014-10-24,2390.706,2397.848,2404.993,2385.725,2395.936,-5.23,-0.2183,74974869.0,65601225.156
000300.SH,2014-10-27,2368.832,2377.542,2377.542,2361.68,2390.706,-21.874,-0.915,73862447.0,65956480.803
000300.SH,2014-10-28,2416.653,2373.155,2416.766,2373.155,2368.832,47.821,2.0188,101523055.0,90529903.107
000300.SH,2014-10-29,2451.384,2423.813,2461.268,2415.703,2416.653,34.731,1.4372,158584062.0,134541723.619
000300.SH,2014-10-30,2468.925,2450.361,2474.376,2443.759,2451.384,17.541,0.7156,189626353.0,139157358.014
000300.SH,2014-10-31,2508.325,2473.501,2512.189,2466.504,2468.925,39.4,1.5958,239172412.0,181604617.039
000300.SH,2014-11-03,2512.548,2515.824,2524.172,2502.06,2508.325,4.223,0.1684,205801228.0,151406835.108
000300.SH,2014-11-04,2513.172,2511.036,2517.46,2498.605,2512.548,0.624,0.0248,218247005.0,155291882.55
000300.SH,2014-11-05,2503.448,2516.87,2519.399,2499.228,2513.172,-9.724,-0.3869,190491862.0,146130895.12
000300.SH,2014-11-06,2506.067,2505.167,2510.985,2482.983,2503.448,2.619,0.1046,149651117.0,118839203.631
000300.SH,2014-11-07,2502.153,2508.765,2541.549,2489.419,2506.067,-3.914,-0.1562,208760911.0,176868665.325
000300.SH,2014-11-10,2565.73,2529.83,2565.73,2514.71,2502.153,63.577,2.5409,226599735.0,187612569.248
000300.SH,2014-11-11,2558.612,2578.438,2602.373,2532.572,2565.73,-7.118,-0.2774,323711656.0,265840509.803
000300.SH,2014-11-12,2594.318,2545.403,2594.318,2539.601,2558.612,35.706,1.3955,184686261.0,157847382.809
000300.SH,2014-11-13,2579.75,2597.389,2607.519,2567.463,2594.318,-14.568,-0.5615,219815615.0,192985452.9
000300.SH,2014-11-14,2581.093,2569.211,2581.932,2557.666,2579.75,1.343,0.0521,165049965.0,145409933.865
000300.SH,2014-11-17,2567.101,2613.513,2614.086,2565.943,2581.093,-13.992,-0.5421,158478095.0,147724645.089
000300.SH,2014-11-18,2541.416,2565.273,2570.211,2534.927,2567.101,-25.685,-1.0005,142941356.0,124246649.435
000300.SH,2014-11-19,2537.223,2538.233,2550.5,2531.318,2541.416,-4.193,-0.165,122146974.0,113031721.938
000300.SH,2014-11-20,2537.099,2528.78,2545.473,2522.836,2537.223,-0.124,-0.0049,106149864.0,98145538.65
000300.SH,2014-11-21,2583.455,2537.538,2585.362,2530.032,2537.099,46.356,1.8271,151028139.0,143750813.26
000300.SH,2014-11-24,2649.258,2614.16,2667.671,2602.944,2583.455,65.803,2.5471,279839720.0,264974912.281
000300.SH,2014-11-25,2685.561,2650.085,2686.063,2643.843,2649.258,36.303,1.3703,222611699.0,206879208.489
000300.SH,2014-11-26,2723.018,2695.263,2723.36,2690.31,2685.561,37.457,1.3948,243962485.0,239333899.163
000300.SH,2014-11-27,2754.49,2737.03,2754.49,2718.704,2723.018,31.472,1.1558,265464730.0,261164877.169
000300.SH,2014-11-28,2808.819,2753.925,2809.543,2740.374,2754.49,54.329,1.9724,375323662.0,330256023.242
000300.SH,2014-12-01,2819.812,2825.611,2855.332,2808.653,2808.819,10.993,0.3914,365487417.0,338833084.229
000300.SH,2014-12-02,2923.94,2807.338,2944.506,2804.293,2819.812,104.128,3.6927,361465322.0,341185189.116
000300.SH,2014-12-03,2967.549,2936.124,3028.225,2912.246,2923.94,43.609,1.4914,466156685.0,464857500.377
000300.SH,2014-12-04,3104.351,2975.403,3104.89,2968.876,2967.549,136.802,4.6099,426812928.0,433875560.243
000300.SH,2014-12-05,3124.885,3143.968,3195.798,3011.936,3104.351,20.534,0.6615,524881260.0,554362904.944
000300.SH,2014-12-08,3252.881,3108.272,3270.881,3075.7,3124.885,127.996,4.096,484462344.0,515773683.037
000300.SH,2014-12-09,3106.913,3233.097,3387.827,3074.516,3252.881,-145.968,-4.4873,632874567.0,702150099.247
000300.SH,2014-12-10,3221.546,3120.212,3229.047,3058.191,3106.913,114.633,3.6896,425018708.0,477300103.105
000300.SH,2014-12-11,3183.012,3185.161,3254.424,3158.443,3221.546,-38.534,-1.1961,367091691.0,392944833.604
000300.SH,2014-12-12,3193.227,3182.923,3239.447,3167.928,3183.012,10.215,0.3209,301065325.0,337817436.996
000300.SH,2014-12-15,3217.228,3176.829,3226.221,3143.297,3193.227,24.001,0.7516,290193834.0,326668040.798
000300.SH,2014-12-16,3303.402,3221.358,3303.402,3207.688,3217.228,86.174,2.6785,358123847.0,425665729.151
000300.SH,2014-12-17,3360.598,3325.82,3368.194,3275.736,3303.402,57.196,1.7314,448140770.0,527748937.956
000300.SH,2014-12-18,3345.927,3359.09,3393.711,3322.229,3360.598,-14.671,-0.4366,355970207.0,416260448.852
000300.SH,2014-12-19,3383.167,3345.629,3397.183,3280.916,3345.927,37.24,1.113,411211590.0,435516864.94
000300.SH,2014-12-22,3394.481,3396.251,3455.207,3357.661,3383.167,11.314,0.3344,549801671.0,537021101.759
000300.SH,2014-12-23,3324.924,3358.798,3431.779,3316.913,3394.481,-69.557,-2.0491,369736093.0,377227774.057
000300.SH,2014-12-24,3230.385,3332.146,3340.357,3188.495,3324.924,-94.539,-2.8433,317449587.0,339475799.573
000300.SH,2014-12-25,3335.419,3254.48,3335.779,3226.322,3230.385,105.034,3.2514,309799547.0,330128939.928
000300.SH,2014-12-26,3445.839,3343.64,3453.338,3335.012,3335.419,110.42,3.3105,384614124.0,438838427.11
000300.SH,2014-12-29,3455.455,3502.183,3524.28,3405.836,3445.839,9.616,0.2791,425015037.0,505004508.391
000300.SH,2014-12-30,3457.554,3450.814,3491.826,3422.174,3455.455,2.099,0.0607,328233873.0,394607772.399
000300.SH,2014-12-31,3533.705,3462.389,3542.34,3452.498,3457.554,76.151,2.2025,345934760.0,403710888.146
000300.SH,2015-01-05,3641.541,3566.089,3669.042,3551.51,3533.705,107.836,3.0516,451198098.0,519849817.448
000300.SH,2015-01-06,3641.059,3608.428,3683.226,3587.231,3641.541,-0.482,-0.0132,420962185.0,498529588.258
000300.SH,2015-01-07,3643.79,3620.924,3671.19,3601.698,3641.059,2.731,0.075,320191232.0,398731720.502
000300.SH,2015-01-08,3559.259,3650.073,3659.945,3552.1,3643.79,-84.531,-2.3199,295003045.0,355831967.325
000300.SH,2015-01-09,3546.723,3547.574,3689.753,3536.395,3559.259,-12.536,-0.3522,349982672.0,430210592.272
000300.SH,2015-01-12,3513.576,3531.515,3560.527,3461.322,3546.723,-33.147,-0.9346,266567175.0,334257133.083
000300.SH,2015-01-13,3514.04,3506.451,3550.158,3494.768,3513.576,0.464,0.0132,187153965.0,250796676.069
000300.SH,2015-01-14,3502.423,3522.907,3547.242,3471.56,3514.04,-11.617,-0.3306,196012510.0,241285837.533
000300.SH,2015-01-15,3604.121,3501.719,3604.121,3482.27,3502.423,101.698,2.9036,237812338.0,303445351.108
000300.SH,2015-01-16,3635.146,3616.248,3662.158,3601.258,3604.121,31.025,0.8608,282681614.0,355568710.742
000300.SH,2015-01-19,3355.155,3414.013,3497.252,3330.981,3635.146,-279.991,-7.7023,329505275.0,366017532.103
000300.SH,2015-01-20,3396.222,3336.793,3419.204,3325.681,3355.155,41.067,1.224,297843232.0,381917903.845
000300.SH,2015-01-21,3548.885,3420.491,3557.794,3409.43,3396.222,152.663,4.4951,337928210.0,425433704.264
000300.SH,2015-01-22,3567.613,3551.052,3576.756,3520.053,3548.885,18.728,0.5277,268853599.0,345026040.998
000300.SH,2015-01-23,3571.732,3582.088,3627.806,3548.626,3567.613,4.119,0.1155,280172172.0,361835546.416
000300.SH,2015-01-26,3607.985,3580.118,3611.617,3559.376,3571.732,36.253,1.015,239766203.0,309585710.088
000300.SH,2015-01-27,3574.931,3614.038,3616.258,3510.017,3607.985,-33.054,-0.9161,287669179.0,357548249.621
000300.SH,2015-01-28,3525.323,3547.239,3583.312,3512.393,3574.931,-49.608,-1.3877,216220214.0,278749164.896
000300.SH,2015-01-29,3481.798,3474.915,3505.582,3453.901,3525.323,-43.525,-1.2346,211618860.0,251897926.442
000300.SH,2015-01-30,3434.39,3496.885,3514.217,3431.936,3481.798,-47.408,-1.3616,196479157.0,237420793.858
000300.SH,2015-02-02,3353.96,3360.193,3407.256,3347.085,3434.39,-80.43,-2.3419,195183699.0,224837769.887
000300.SH,2015-02-03,3437.445,3388.602,3441.709,3360.717,3353.96,83.485,2.4891,192846096.0,241100023.193
000300.SH,2015-02-04,3401.768,3446.144,3476.817,3399.565,3437.445,-35.677,-1.0379,191304349.0,244034297.155
000300.SH,2015-02-05,3366.946,3487.951,3487.951,3366.862,3401.768,-34.822,-1.0236,250430609.0,311523669.172
000300.SH,2015-02-06,3312.42,3352.33,3374.051,3285.935,3366.946,-54.526,-1.6194,192664186.0,221433183.351
000300.SH,2015-02-09,3345.921,3305.734,3376.526,3298.597,3312.42,33.501,1.0114,172353820.0,220766525.021
000300.SH,2015-02-10,3406.943,3345.077,3407.18,3339.548,3345.921,61.022,1.8238,159309088.0,199120680.699
000300.SH,2015-02-11,3434.124,3415.977,3445.655,3412.136,3406.943,27.181,0.7978,144613772.0,185979219.656
000300.SH,2015-02-12,3442.874,3435.361,3453.582,3405.627,3434.124,8.75,0.2548,156081691.0,191285873.488
000300.SH,2015-02-13,3469.828,3458.827,3509.505,3452.079,3442.874,26.954,0.7829,201089971.0,247076153.339
000300.SH,2015-02-16,3499.483,3473.289,3504.475,3466.607,3469.828,29.655,0.8547,165641343.0,222799721.247
000300.SH,2015-02-17,3522.322,3511.544,3536.82,3511.093,3499.483,22.839,0.6526,165328313.0,214457267.905
000300.SH,2015-02-25,3478.729,3529.55,3529.55,3463.955,3522.322,-43.593,-1.2376,165539351.0,211739059.322
000300.SH,2015-02-26,3566.295,3473.713,3569.33,3456.871,3478.729,87.566,2.5172,229328438.0,279809075.234
000300.SH,2015-02-27,3572.843,3565.233,3594.813,3560.455,3566.295,6.548,0.1836,222786438.0,271861944.608
000300.SH,2015-03-02,3601.265,3603.452,3608.691,3566.527,3572.843,28.422,0.7955,248176125.0,325164897.145
000300.SH,2015-03-03,3507.9,3579.315,3579.315,3504.201,3601.265,-93.365,-2.5926,261866489.0,335700118.167
000300.SH,2015-03-04,3530.822,3514.667,3540.912,3497.172,3507.9,22.922,0.6534,199663981.0,257468790.961
000300.SH,2015-03-05,3496.344,3513.249,3517.083,3467.676,3530.822,-34.478,-0.9765,217508805.0,279030592.35
000300.SH,2015-03-06,3478.52,3501.184,3516.243,3472.392,3496.344,-17.824,-0.5098,181518054.0,233468244.766
000300.SH,2015-03-09,3537.75,3449.696,3546.705,3417.486,3478.52,59.23,1.7027,233940411.0,277860471.571
000300.SH,2015-03-10,3520.611,3523.64,3551.205,3511.985,3537.75,-17.139,-0.4845,194267657.0,245366625.918
000300.SH,2015-03-11,3524.653,3524.575,3568.916,3512.218,3520.611,4.042,0.1148,188947825.0,235772755.479
000300.SH,2015-03-12,3592.844,3557.686,3603.341,3536.534,3524.653,68.191,1.9347,265664625.0,322141249.344
000300.SH,2015-03-13,3617.657,3604.671,3641.392,3594.742,3592.844,24.813,0.6906,246864768.0,297298516.465
000300.SH,2015-03-16,3705.671,3641.773,3705.739,3621.119,3617.657,88.014,2.4329,275438307.0,358497570.207
000300.SH,2015-03-17,3757.122,3733.961,3762.575,3716.809,3705.671,51.451,1.3884,371625666.0,455003825.887
000300.SH,2015-03-18,3846.055,3769.086,3846.055,3763.848,3757.122,88.933,2.3671,415190011.0,484465529.242
000300.SH,2015-03-19,3839.739,3851.249,3859.126,3809.706,3846.055,-6.316,-0.1642,391547630.0,463212821.639
000300.SH,2015-03-20,3892.574,3852.492,3916.863,3832.416,3839.739,52.835,1.376,401817552.0,544468374.302
000300.SH,2015-03-23,3972.061,3923.083,3972.296,3922.21,3892.574,79.487,2.042,391119922.0,519760220.709
000300.SH,2015-03-24,3973.046,3980.066,3989.858,3883.782,3972.061,0.985,0.0248,468581312.0,591066800.604
000300.SH,2015-03-25,3940.412,3961.578,3980.716,3913.988,3973.046,-32.634,-0.8214,379968851.0,501733891.68
000300.SH,2015-03-26,3949.999,3921.745,3991.997,3892.878,3940.412,9.587,0.2433,346756315.0,468538490.771
000300.SH,2015-03-27,3971.697,3957.542,3993.032,3932.87,3949.999,21.698,0.5493,298756064.0,393132347.578
000300.SH,2015-03-30,4088.178,3999.024,4101.651,3999.024,3971.697,116.481,2.9328,428297020.0,546211078.887
000300.SH,2015-03-31,4051.204,4138.885,4166.018,4037.771,4088.178,-36.974,-0.9044,436065635.0,598121732.643
000300.SH,2015-04-01,4123.895,4057.501,4139.499,4046.939,4051.204,72.691,1.7943,329512853.0,466596904.663
000300.SH,2015-04-02,4124.776,4149.946,4156.842,4068.649,4123.895,0.881,0.0214,339070487.0,476617837.707
000300.SH,2015-04-03,4170.538,4104.672,4170.558,4092.383,4124.776,45.762,1.1094,321303766.0,466965600.575
000300.SH,2015-04-07,4260.044,4213.894,4260.471,4197.019,4170.538,89.506,2.1461,415362654.0,564646323.685
000300.SH,2015-04-08,4295.803,4277.45,4304.78,4204.826,4260.044,35.759,0.8394,458676715.0,658308062.76
000300.SH,2015-04-09,4262.138,4316.958,4332.166,4212.611,4295.803,-33.665,-0.7837,439699902.0,650419151.486
000300.SH,2015-04-10,4344.416,4249.383,4351.687,4231.196,4262.138,82.278,1.9304,348190170.0,509354291.196
000300.SH,2015-04-13,4421.073,4394.047,4432.024,4361.589,4344.416,76.657,1.7645,434153036.0,598518139.93
000300.SH,2015-04-14,4438.184,4432.126,4474.353,4385.908,4421.073,17.111,0.387,434432126.0,602127441.917
000300.SH,2015-04-15,4380.513,4439.314,4475.997,4379.609,4438.184,-57.671,-1.2994,472154131.0,596822875.636
000300.SH,2015-04-16,4513.546,4355.491,4513.765,4335.63,4380.513,133.033,3.0369,422603748.0,564722844.124
000300.SH,2015-04-17,4596.136,4578.679,4630.27,4553.904,4513.546,82.59,1.8298,552802663.0,733953610.122
000300.SH,2015-04-20,4521.919,4615.034,4671.168,4492.6,4596.136,-74.217,-1.6148,686439075.0,939264904.128
000300.SH,2015-04-21,4619.164,4520.461,4620.058,4504.558,4521.919,97.245,2.1505,490314991.0,685365027.867
000300.SH,2015-04-22,4739.814,4637.055,4740.933,4632.589,4619.164,120.65,2.6119,516213792.0,769924803.864
000300.SH,2015-04-23,4740.892,4764.481,4782.044,4693.967,4739.814,1.078,0.0227,497430954.0,752258236.225
000300.SH,2015-04-24,4702.641,4682.626,4730.43,4618.318,4740.892,-38.251,-0.8068,480152936.0,721273097.49
000300.SH,2015-04-27,4807.592,4753.871,4810.485,4735.31,4702.641,104.951,2.2317,513076548.0,765910402.328
000300.SH,2015-04-28,4741.861,4811.319,4839.078,4703.567,4807.592,-65.731,-1.3672,608638545.0,860349875.255
000300.SH,2015-04-29,4774.326,4722.903,4797.927,4695.793,4741.861,32.465,0.6846,395056980.0,601676350.605
000300.SH,2015-04-30,4749.886,4788.412,4818.725,4749.485,4774.326,-24.44,-0.5119,399727444.0,612511415.165
000300.SH,2015-05-04,4787.741,4757.637,4795.915,4699.398,4749.886,37.855,0.797,377843853.0,565453373.624
000300.SH,2015-05-05,4596.837,4785.192,4785.192,4572.983,4787.741,-190.904,-3.9874,460419626.0,660020218.474
000300.SH,2015-05-06,4553.327,4626.231,4700.909,4511.761,4596.837,-43.51,-0.9465,376073702.0,586033987.365
000300.SH,2015-05-07,4470.089,4520.818,4546.338,4467.459,4553.327,-83.238,-1.8281,297759203.0,427189953.161
000300.SH,2015-05-08,4558.404,4515.554,4559.058,4445.592,4470.089,88.315,1.9757,302407967.0,452090694.881
000300.SH,2015-05-11,4690.532,4582.091,4690.954,4535.149,4558.404,132.128,2.8986,373838420.0,583260408.778
000300.SH,2015-05-12,4747.421,4692.122,4748.004,4660.016,4690.532,56.889,1.2128,377053891.0,607123299.939
000300.SH,2015-05-13,4718.436,4746.713,4758.002,4678.845,4747.421,-28.985,-0.6105,370730424.0,590479847.838
000300.SH,2015-05-14,4700.778,4717.955,4735.284,4670.168,4718.436,-17.658,-0.3742,337725152.0,513219655.55
000300.SH,2015-05-15,4617.47,4690.755,4690.755,4592.05,4700.778,-83.308,-1.7722,328431166.0,506695010.176
000300.SH,2015-05-18,4575.14,4582.058,4623.383,4565.061,4617.47,-42.33,-0.9167,269180489.0,434083129.375
000300.SH,2015-05-19,4731.222,4577.637,4740.005,4577.637,4575.14,156.082,3.4115,314785952.0,524232160.128
000300.SH,2015-05-20,4754.919,4751.572,4843.1,4745.21,4731.222,23.697,0.5009,363180748.0,589956272.979
000300.SH,2015-05-21,4840.976,4768.689,4841.615,4746.029,4754.919,86.057,1.8099,305054537.0,505346105.539
000300.SH,2015-05-22,4951.335,4895.925,4951.991,4870.598,4840.976,110.359,2.2797,455846718.0,719129953.2
000300.SH,2015-05-25,5099.495,4949.11,5099.839,4949.11,4951.335,148.16,2.9923,465736590.0,757085825.931
000300.SH,2015-05-26,5198.918,5140.798,5199.295,5063.146,5099.495,99.423,1.9497,487949359.0,802295843.467
000300.SH,2015-05-27,5181.434,5216.17,5226.844,5126.861,5198.918,-17.484,-0.3363,470798730.0,777826309.129
000300.SH,2015-05-28,4834.007,5174.101,5213.183,4831.329,5181.434,-347.427,-6.7052,571829047.0,873207363.731
000300.SH,2015-05-29,4840.829,4839.53,4924.303,4665.521,4834.007,6.822,0.1411,427878859.0,636008152.61
000300.SH,2015-06-01,5076.179,4862.756,5079.319,4835.774,4840.829,235.35,4.8618,417503741.0,637843681.462
000300.SH,2015-06-02,5161.87,5091.272,5162.556,5047.081,5076.179,85.691,1.6881,412973196.0,658452859.697
000300.SH,2015-06-03,5143.59,5176.597,5186.967,5059.495,5161.87,-18.28,-0.3541,414258270.0,672056532.157
000300.SH,2015-06-04,5181.416,5156.012,5194.233,4863.465,5143.59,37.826,0.7354,482767268.0,735170669.363
000300.SH,2015-06-05,5230.552,5254.905,5288.34,5104.178,5181.416,49.136,0.9483,545961196.0,855224403.052
000300.SH,2015-06-08,5353.7514,5259.4079,5370.6089,5202.5948,5230.552,123.1994,2.3554,637313237.0,949498013.951
000300.SH,2015-06-09,5317.461,5379.4703,5380.4264,5251.2077,5353.7514,-36.2904,-0.6778,570427263.0,871431819.564
000300.SH,2015-06-10,5309.112,5254.3042,5374.8296,5209.6795,5317.461,-8.349,-0.157,442165676.0,711509256.785
000300.SH,2015-06-11,5306.59,5305.1407,5329.2951,5248.1626,5309.112,-2.522,-0.0475,392338755.0,660584867.997
000300.SH,2015-06-12,5335.1151,5329.2781,5351.6481,5283.0859,5306.59,28.5251,0.5375,430131386.0,694213173.337
000300.SH,2015-06-15,5221.1665,5354.0138,5362.4515,5207.3081,5335.1151,-113.9486,-2.1358,475745703.0,766237730.233
000300.SH,2015-06-16,5064.8212,5165.0245,5204.303,5015.2646,5221.1665,-156.3453,-2.9945,411675638.0,651522532.247
000300.SH,2015-06-17,5138.8307,5072.3064,5158.3671,4949.2934,5064.8212,74.0095,1.4612,397124187.0,589868366.44
000300.SH,2015-06-18,4930.5491,5107.6946,5121.2184,4926.4292,5138.8307,-208.2816,-4.0531,364395814.0,555646755.662
000300.SH,2015-06-19,4637.0517,4847.0568,4910.4499,4634.6909,4930.5491,-293.4974,-5.9526,358104744.0,519609575.034
000300.SH,2015-06-23,4786.0906,4641.4248,4786.955,4455.3304,4637.0517,149.0389,3.2141,365087944.0,536984113.004
000300.SH,2015-06-24,4880.1261,4811.5949,4883.7317,4744.3058,4786.0906,94.0355,1.9648,434638723.0,615374085.939
000300.SH,2015-06-25,4706.5159,4906.2416,4919.2631,4667.2235,4880.1261,-173.6102,-3.5575,446135982.0,640246401.379
000300.SH,2015-06-26,4336.1947,4573.8723,4650.1861,4278.6752,4706.5159,-370.3212,-7.8683,446639790.0,612959478.689
000300.SH,2015-06-29,4191.5486,4446.8419,4451.1659,4000.9261,4336.1947,-144.6461,-3.3358,525662482.0,704014548.847
000300.SH,2015-06-30,4472.9976,4161.0672,4475.7674,4016.0126,4191.5486,281.449,6.7147,527045280.0,716045824.698
000300.SH,2015-07-01,4253.021,4408.9843,4526.1271,4235.6964,4472.9976,-219.9766,-4.9179,431721411.0,623330596.858
000300.SH,2015-07-02,4107.9961,4287.7344,4312.1904,4000.0612,4253.021,-145.0249,-3.4099,457062194.0,593506685.518
000300.SH,2015-07-03,3885.9169,4017.2019,4164.6289,3785.9015,4107.9961,-222.0792,-5.406,429300850.0,538216869.728
000300.SH,2015-07-06,3998.537,4218.266,4218.266,3832.4678,3885.9169,112.6201,2.8982,648094530.0,779558044.352
000300.SH,2015-07-07,3928.0025,3877.8539,3960.6359,3743.6237,3998.537,-70.5345,-1.764,679385007.0,795962644.454
000300.SH,2015-07-08,3663.0375,3651.0604,3762.6222,3612.2536,3928.0025,-264.965,-6.7455,581467097.0,640122398.881
000300.SH,2015-07-09,3897.6263,3621.6804,3930.2641,3537.826,3663.0375,234.5888,6.4042,503870610.0,564744043.358
000300.SH,2015-07-10,4106.5561,3916.2717,4179.1114,3887.5509,3897.6263,208.9298,5.3604,500701802.0,629079512.954
000300.SH,2015-07-13,4211.8116,4132.2308,4278.1612,4072.4297,4106.5561,105.2555,2.5631,502092186.0,659251724.205
000300.SH,2015-07-14,4112.1488,4178.6295,4258.5132,4062.5004,4211.8116,-99.6628,-2.3663,454422009.0,597521262.486
000300.SH,2015-07-15,3966.7585,4068.8803,4114.2425,3899.5079,4112.1488,-145.3903,-3.5356,421956367.0,514064532.339
000300.SH,2015-07-16,3997.3555,3949.639,4067.0223,3856.3213,3966.7585,30.597,0.7713,330531345.0,410050894.56
000300.SH,2015-07-17,4151.4956,4023.7567,4190.1857,4000.2307,3997.3555,154.1401,3.8561,331107131.0,435597103.716
000300.SH,2015-07-20,4160.612,4157.0598,4221.693,4106.389,4151.4956,9.1164,0.2196,352673472.0,483493894.661
000300.SH,2015-07-21,4166.0057,4109.7606,4201.4824,4081.7039,4160.612,5.3937,0.1296,318374945.0,431695843.789
000300.SH,2015-07-22,4157.1604,4148.5601,4187.4305,4094.7116,4166.0057,-8.8453,-0.2123,318945997.0,441832505.196
000300.SH,2015-07-23,4250.805,4158.932,4262.0619,4148.8235,4157.1604,93.6446,2.2526,354471759.0,483972220.006
000300.SH,2015-07-24,4176.2787,4255.1977,4299.6497,4154.617,4250.805,-74.5263,-1.7532,392045373.0,535901647.23
000300.SH,2015-07-27,3818.7314,4097.7963,4156.3128,3817.1693,4176.2787,-357.5473,-8.5614,365054511.0,477952010.794
000300.SH,2015-07-28,3811.0926,3690.9741,3883.4461,3627.4214,3818.7314,-7.6388,-0.2,383527216.0,482654543.336
000300.SH,2015-07-29,3930.3791,3839.9585,3934.0033,3769.1894,3811.0926,119.2865,3.13,276972845.0,372287868.068
000300.SH,2015-07-30,3815.4118,3915.7795,3968.5338,3802.8821,3930.3791,-114.9673,-2.9251,271548665.0,376351170.573
000300.SH,2015-07-31,3816.6993,3777.1546,3863.6237,3757.9889,3815.4118,1.2875,0.0337,222376767.0,299312543.754
000300.SH,2015-08-03,3829.2354,3766.0719,3829.2354,3742.5781,3816.6993,12.5361,0.3285,245805030.0,309631297.7
000300.SH,2015-08-04,3948.1554,3827.3726,3948.4489,3801.0281,3829.2354,118.92,3.1056,220236556.0,288756503.266
000300.SH,2015-08-05,3866.8998,3937.6232,3962.2774,3858.6598,3948.1554,-81.2556,-2.0581,200484269.0,272693513.971
000300.SH,2015-08-06,3831.8516,3802.928,3888.6926,3793.237,3866.8998,-35.0482,-0.9064,147278694.0,195532363.765
000300.SH,2015-08-07,3906.9448,3866.4298,3926.6488,3857.9076,3831.8516,75.0932,1.9597,183349153.0,246546119.056
000300.SH,2015-08-10,4084.3646,3947.4724,4101.7313,3932.8417,3906.9448,177.4198,4.5411,306780540.0,401702020.648
000300.SH,2015-08-11,4066.6692,4083.5887,4110.1328,4042.0037,4084.3646,-17.6954,-0.4332,322034191.0,416996541.2429
000300.SH,2015-08-12,4016.1262,4025.6735,4078.0297,4015.3547,4066.6692,-50.543,-1.2429,255146196.0,339799364.9345
000300.SH,2015-08-13,4075.463,4010.0129,4075.7003,3967.8205,4016.1262,59.3368,1.4775,242836979.0,319887602.9636
000300.SH,2015-08-14,4073.54,4097.9177,4113.1585,4056.7265,4075.463,-1.923,-0.0472,253392996.0,340076813.2585
000300.SH,2015-08-17,4077.8721,4058.1129,4081.7718,4009.9896,4073.54,4.3321,0.1063,256939638.0,336830563.0435
000300.SH,2015-08-18,3825.4122,4084.3108,4103.0535,3816.5535,4077.8721,-252.4599,-6.191,319881070.0,424924184.4111
000300.SH,2015-08-19,3886.1357,3748.2663,3898.74,3668.1924,3825.4122,60.7235,1.5874,269049839.0,340923470.8562
000300.SH,2015-08-20,3761.4541,3848.4034,3880.824,3761.4541,3886.1357,-124.6816,-3.2084,212167965.0,270576698.8341
000300.SH,2015-08-21,3589.5358,3714.2891,3757.7794,3578.1749,3761.4541,-171.9183,-4.5705,217986403.0,267498426.4349
000300.SH,2015-08-24,3275.5342,3454.5977,3468.1493,3266.5499,3589.5358,-314.0016,-8.7477,255436652.0,273124228.2076
000300.SH,2015-08-25,3042.9266,3070.0069,3200.1081,3019.5561,3275.5342,-232.6076,-7.1014,276081306.0,281160333.7417
000300.SH,2015-08-26,3025.692,3062.566,3192.9316,2952.0082,3042.9266,-17.2346,-0.5664,308270623.0,312188248.685
000300.SH,2015-08-27,3205.6375,3092.8123,3206.7238,3028.3984,3025.692,179.9455,5.9473,267294930.0,278769983.4047
000300.SH,2015-08-28,3342.2863,3246.236,3353.2435,3223.6221,3205.6375,136.6488,4.2628,299498426.0,318763482.6938
000300.SH,2015-08-31,3366.5359,3307.3962,3368.2789,3205.5365,3342.2863,24.2496,0.7255,280250403.0,306610891.1358
000300.SH,2015-09-01,3362.0827,3296.5289,3370.5039,3190.5783,3366.5359,-4.4532,-0.1323,352458528.0,351387828.3243
000300.SH,2015-09-02,3365.8318,3220.8505,3387.0204,3213.6371,3362.0827,3.7491,0.1115,347789412.0,348986389.3054
000300.SH,2015-09-07,3250.485,3347.2934,3422.2246,3240.2427,3365.8318,-115.3468,-3.427,204224431.0,221756790.2689
000300.SH,2015-09-08,3334.0233,3221.789,3340.2192,3170.807,3250.485,83.5383,2.57,154599631.0,168294750.0299
000300.SH,2015-09-09,3399.3054,3344.8238,3426.6509,3330.2896,3334.0233,65.2821,1.9581,220467421.0,258815794.996
000300.SH,2015-09-10,3357.561,3349.2806,3398.3164,3337.3105,3399.3054,-41.7444,-1.228,144882971.0,168108269.6951
000300.SH,2015-09-11,3347.1878,3349.8772,3383.1338,3315.4782,3357.561,-10.3732,-0.309,108547508.0,130262410.873
000300.SH,2015-09-14,3281.1317,3367.642,3373.9212,3187.5659,3347.1878,-66.0561,-1.9735,205457251.0,226168550.0654
000300.SH,2015-09-15,3152.2319,3208.744,3240.0789,3131.9795,3281.1317,-128.8998,-3.9285,143555641.0,145989213.7529
000300.SH,2015-09-16,3309.2484,3149.1577,3345.9177,3131.3703,3152.2319,157.0165,4.9811,159709994.0,168269840.3443
000300.SH,2015-09-17,3236.9986,3287.6567,3354.9052,3236.9986,3309.2484,-72.2498,-2.1833,169401881.0,190270181.3926
000300.SH,2015-09-18,3251.2732,3254.4432,3280.877,3227.8338,3236.9986,14.2746,0.441,106903481.0,121752531.7469
000300.SH,2015-09-21,3308.2467,3222.6029,3312.5497,3211.9336,3251.2732,56.9735,1.7523,122788668.0,145323018.2368
000300.SH,2015-09-22,3339.03,3312.3655,3371.4139,3303.1842,3308.2467,30.7833,0.9305,146221985.0,172492862.5611
000300.SH,2015-09-23,3263.0275,3290.0712,3315.9351,3253.3326,3339.03,-76.0025,-2.2762,123171439.0,136885975.7372
000300.SH,2015-09-24,3284.9991,3278.8962,3300.8572,3255.9021,3263.0275,21.9716,0.6734,102011238.0,120820642.4957
000300.SH,2015-09-25,3231.9514,3272.665,3290.858,3201.9137,3284.9991,-53.0477,-1.6148,121419278.0,137602168.7903
000300.SH,2015-09-28,3242.7524,3226.6072,3246.5541,3186.5066,3231.9514,10.801,0.3342,74219468.0,88007466.9705
000300.SH,2015-09-29,3178.8544,3197.2209,3208.4165,3159.0419,3242.7524,-63.898,-1.9705,87150633.0,96691510.0348
000300.SH,2015-09-30,3202.9475,3195.901,3223.9076,3186.767,3178.8544,24.0931,0.7579,78559349.0,95881598.7294
000300.SH,2015-10-08,3296.482,3324.981,3337.3306,3294.6049,3202.9475,93.5345,2.9203,132081768.0,164120601.3542
000300.SH,2015-10-09,3340.1159,3302.3596,3352.3794,3293.965,3296.482,43.6339,1.3237,124352500.0,144731343.1857
000300.SH,2015-10-12,3447.6934,3351.1391,3486.6306,3347.2512,3340.1159,107.5775,3.2208,221400468.0,263706468.4949
000300.SH,2015-10-13,3445.0431,3422.4772,3452.0453,3413.9674,3447.6934,-2.6503,-0.0769,145433786.0,174978937.9565
000300.SH,2015-10-14,3406.1116,3431.1352,3458.7015,3403.2305,3445.0431,-38.9315,-1.1301,152173938.0,174599255.6795
000300.SH,2015-10-15,3486.815,3403.3891,3486.815,3402.3162,3406.1116,80.7034,2.3694,171158299.0,201881880.361
000300.SH,2015-10-16,3534.0653,3508.5177,3537.5387,3487.1044,3486.815,47.2503,1.3551,208964709.0,252211491.3858
000300.SH,2015-10-19,3534.1821,3548.9525,3572.9945,3502.5045,3534.0653,0.1168,0.0033,207606744.0,254890985.1465
000300.SH,2015-10-20,3577.7027,3527.875,3577.7981,3510.4368,3534.1821,43.5206,1.2314,179025108.0,226525577.1935
000300.SH,2015-10-21,3473.2544,3580.8378,3601.2434,3417.4123,3577.7027,-104.4483,-2.9194,282076050.0,326886985.8047
000300.SH,2015-10-22,3524.5339,3453.2013,3530.7657,3442.3065,3473.2544,51.2795,1.4764,184305580.0,223583606.5404
000300.SH,2015-10-23,3571.2411,3536.8425,3581.8362,3515.8216,3524.5339,46.7072,1.3252,198294478.0,247059685.2031
000300.SH,2015-10-26,3589.2611,3614.7023,3620.7564,3561.1922,3571.2411,18.02,0.5046,204248863.0,270489759.1342
000300.SH,2015-10-27,3592.8794,3569.4486,3601.0529,3486.102,3589.2611,3.6183,0.1008,192056140.0,239042538.5364
000300.SH,2015-10-28,3524.9199,3575.8048,3598.1717,3517.2104,3592.8794,-67.9595,-1.8915,170977098.0,213303023.8332
000300.SH,2015-10-29,3533.3065,3539.9777,3561.814,3507.9657,3524.9199,8.3866,0.2379,127010446.0,161051885.8079
000300.SH,2015-10-30,3534.0788,3530.2233,3574.4733,3497.5677,3533.3065,0.7723,0.0219,139141914.0,183317149.5287
000300.SH,2015-11-02,3475.9623,3489.2252,3543.4501,3474.7116,3534.0788,-58.1165,-1.6445,130002568.0,167455101.9341
000300.SH,2015-11-03,3465.4927,3484.7218,3501.704,3452.6203,3475.9623,-10.4696,-0.3012,101401876.0,132231502.584
000300.SH,2015-11-04,3628.5377,3477.1592,3628.5377,3477.1592,3465.4927,163.045,4.7048,205423865.0,266955889.9528
000300.SH,2015-11-05,3705.9697,3630.7817,3781.4085,3627.3009,3628.5377,77.432,2.134,398046568.0,495138171.5175
000300.SH,2015-11-06,3793.3739,3698.342,3801.705,3694.6567,3705.9697,87.4042,2.3585,298753076.0,389779446.6985
000300.SH,2015-11-09,3840.3547,3796.3792,3891.773,3796.3792,3793.3739,46.9808,1.2385,356804823.0,463161707.6011
000300.SH,2015-11-10,3833.2379,3806.6685,3876.4901,3798.8214,3840.3547,-7.1168,-0.1853,286519603.0,380910629.4239
000300.SH,2015-11-11,3833.6457,3828.4476,3843.1121,3781.4102,3833.2379,0.4078,0.0106,232234296.0,307008336.0722
000300.SH,2015-11-12,3795.3241,3841.7376,3843.8997,3771.2743,3833.6457,-38.3216,-0.9996,217537647.0,302446791.881
000300.SH,2015-11-13,3746.2422,3756.2044,3793.7134,3727.5847,3795.3241,-49.0819,-1.2932,203489891.0,281961129.4534
000300.SH,2015-11-16,3764.1262,3682.7349,3764.4087,3680.0734,3746.2422,17.884,0.4774,161690901.0,227483711.6161
000300.SH,2015-11-17,3758.3869,3790.4261,3852.7743,3750.1565,3764.1262,-5.7393,-0.1525,248533071.0,365138598.3813
000300.SH,2015-11-18,3715.5796,3760.4555,3771.8467,3706.3103,3758.3869,-42.8073,-1.139,185689495.0,254137953.3127
000300.SH,2015-11-19,3774.9692,3725.6218,3775.2319,3714.6745,3715.5796,59.3896,1.5984,154631989.0,204557606.9927
000300.SH,2015-11-20,3774.3833,3778.8843,3793.5447,3757.0264,3774.9692,-0.5859,-0.0155,186951689.0,242295089.7813
000300.SH,2015-11-23,3753.3351,3774.4356,3802.8513,3743.405,3774.3833,-21.0482,-0.5577,175626812.0,234640979.61
000300.SH,2015-11-24,3753.8887,3745.7607,3754.1688,3702.7369,3753.3351,0.5536,0.0147,143383283.0,192495095.0831
000300.SH,2015-11-25,3781.6069,3747.7594,3781.857,3735.7162,3753.8887,27.7182,0.7384,151944941.0,215125047.9538
000300.SH,2015-11-26,3759.4286,3795.2454,3805.8435,3756.8234,3781.6069,-22.1783,-0.5865,173525468.0,239797205.559
000300.SH,2015-11-27,3556.9924,3739.0958,3742.7417,3534.3904,3759.4286,-202.4362,-5.3848,208939358.0,269758168.4751
000300.SH,2015-11-30,3566.4122,3554.89,3587.9703,3455.0679,3556.9924,9.4198,0.2648,173201163.0,220098287.8006
000300.SH,2015-12-01,3591.696,3562.3186,3617.3054,3536.1156,3566.4122,25.2838,0.7089,136536554.0,176598805.6077
000300.SH,2015-12-02,3721.9545,3587.7576,3725.8542,3573.4025,3591.696,130.2585,3.6267,213538865.0,260938692.6155
000300.SH,2015-12-03,3749.2985,3709.5469,3758.4457,3693.137,3721.9545,27.344,0.7347,197762126.0,236698987.4398
000300.SH,2015-12-04,3677.5922,3719.7338,3726.1236,3667.2911,3749.2985,-71.7063,-1.9125,151199522.0,196455597.7573
000300.SH,2015-12-07,3687.6073,3681.5817,3699.337,3658.5778,3677.5922,10.0151,0.2723,113883150.0,161220059.8355
000300.SH,2015-12-08,3623.0202,3668.8385,3668.8385,3619.4449,3687.6073,-64.5871,-1.7515,125781083.0,163317229.1857
000300.SH,2015-12-09,3635.9382,3613.4203,3655.1585,3611.4904,3623.0202,12.918,0.3566,113325422.0,154319992.0999
000300.SH,2015-12-10,3623.0842,3634.366,3678.3183,3615.9911,3635.9382,-12.854,-0.3535,120215625.0,168622188.2828
000300.SH,2015-12-11,3608.0587,3605.3723,3630.7435,3578.1463,3623.0842,-15.0255,-0.4147,110322481.0,145248640.2442
000300.SH,2015-12-14,3711.322,3573.8838,3712.5026,3570.9978,3608.0587,103.2633,2.862,151769119.0,203291513.2911
000300.SH,2015-12-15,3694.3885,3707.7304,3717.3573,3679.2297,3711.322,-16.9335,-0.4563,126481710.0,186795461.6631
000300.SH,2015-12-16,3685.4398,3703.9503,3713.0897,3677.4495,3694.3885,-8.9487,-0.2422,111342723.0,160118243.2419
000300.SH,2015-12-17,3755.8881,3712.7833,3768.8435,3709.8511,3685.4398,70.4483,1.9115,177924075.0,242543823.4336
000300.SH,2015-12-18,3767.9128,3754.9603,3810.218,3750.925,3755.8881,12.0247,0.3202,173465980.0,232281458.1705
000300.SH,2015-12-21,3865.9646,3762.0965,3877.8202,3759.989,3767.9128,98.0518,2.6023,217435275.0,289905289.214
000300.SH,2015-12-22,3876.7325,3872.0975,3880.4675,3841.5929,3865.9646,10.7679,0.2785,180303661.0,243797366.6982
000300.SH,2015-12-23,3866.3814,3877.8722,3926.6857,3862.9646,3876.7325,-10.3511,-0.267,207017147.0,294710770.2456
000300.SH,2015-12-24,3829.4022,3858.1348,3867.6786,3787.0836,3866.3814,-36.9792,-0.9564,147181397.0,203683543.5793
000300.SH,2015-12-25,3838.201,3832.0849,3848.0247,3813.204,3829.4022,8.7988,0.2298,119624013.0,163314511.4313
000300.SH,2015-12-28,3727.6316,3847.5323,3853.3891,3727.6316,3838.201,-110.5694,-2.8808,153988440.0,210026020.4586
000300.SH,2015-12-29,3761.8745,3723.0498,3762.0518,3710.4803,3727.6316,34.2429,0.9186,101885555.0,140405054.6988
000300.SH,2015-12-30,3765.1752,3762.9141,3765.657,3726.278,3761.8745,3.3007,0.0877,105629955.0,155744099.3194
000300.SH,2015-12-31,3731.0047,3760.9039,3772.6166,3727.3247,3765.1752,-34.1705,-0.9075,101873556.0,145043696.2346
000300.SH,2016-01-04,3469.0662,3725.8561,3726.2446,3468.9485,3731.0047,-261.9385,-7.0206,115370674.0,145968206.0947
000300.SH,2016-01-05,3478.7797,3382.1769,3518.217,3377.2799,3469.0662,9.7135,0.28,162116984.0,196017085.8792
000300.SH,2016-01-06,3539.8082,3482.4064,3543.7394,3468.4666,3478.7797,61.0285,1.7543,145966144.0,160947198.402
000300.SH,2016-01-07,3294.3839,3481.1499,3481.1499,3284.7374,3539.8082,-245.4243,-6.9333,44102641.0,47130795.6277
000300.SH,2016-01-08,3361.5632,3371.871,3418.8508,3237.9307,3294.3839,67.1793,2.0392,185959451.0,203498868.2886
000300.SH,2016-01-11,3192.4499,3303.1246,3342.4807,3192.4499,3361.5632,-169.1133,-5.0308,174638387.0,184464050.1804
000300.SH,2016-01-12,3215.7099,3214.8234,3242.2532,3174.5497,3192.4499,23.26,0.7286,128225796.0,142048909.7096
000300.SH,2016-01-13,3155.8787,3240.4838,3257.2953,3155.8787,3215.7099,-59.8312,-1.8606,120666494.0,130886082.444
000300.SH,2016-01-14,3221.5714,3076.6445,3226.6576,3072.0389,3155.8787,65.6927,2.0816,134537671.0,144771580.5956
000300.SH,2016-01-15,3118.7301,3200.888,3216.7977,3101.0522,3221.5714,-102.8413,-3.1923,124601779.0,131882737.2515
000300.SH,2016-01-18,3130.7289,3068.2348,3165.6164,3066.727,3118.7301,11.9988,0.3847,101128386.0,109458287.7636
000300.SH,2016-01-19,3223.1251,3132.7047,3227.908,3119.2163,3130.7289,92.3962,2.9513,127653893.0,142907686.2962
000300.SH,2016-01-20,3174.3781,3204.2183,3225.9496,3154.4259,3223.1251,-48.747,-1.5124,130650504.0,143313337.1919
000300.SH,2016-01-21,3081.3454,3136.3841,3202.5381,3081.3454,3174.3781,-93.0327,-2.9307,111189733.0,121856195.4328
000300.SH,2016-01-22,3113.4626,3114.895,3132.1708,3053.9581,3081.3454,32.1172,1.0423,89951087.0,96885673.8416
000300.SH,2016-01-25,3128.886,3129.0279,3149.3322,3105.1004,3113.4626,15.4234,0.4954,81540061.0,85777891.3639
000300.SH,2016-01-26,2940.5085,3099.5957,3106.5302,2934.6469,3128.886,-188.3775,-6.0206,126933921.0,127250652.5184
000300.SH,2016-01-27,2930.3519,2953.1826,2963.5438,2839.2899,2940.5085,-10.1566,-0.3454,132229366.0,126997670.7775
000300.SH,2016-01-28,2853.7562,2909.3341,2941.8866,2841.8442,2930.3519,-76.5957,-2.6139,99222756.0,95663874.9273
000300.SH,2016-01-29,2946.0902,2855.5983,2965.3093,2854.3712,2853.7562,92.334,3.2355,113304259.0,109462356.6804
000300.SH,2016-02-01,2901.0477,2939.0401,2944.5172,2869.5614,2946.0902,-45.0425,-1.5289,86795342.0,82931453.4977
000300.SH,2016-02-02,2961.3337,2901.5284,2972.4258,2901.5119,2901.0477,60.286,2.0781,88601963.0,88740230.428
000300.SH,2016-02-03,2948.6386,2931.2883,2954.71,2909.8982,2961.3337,-12.6951,-0.4287,77389000.0,74817092.259
000300.SH,2016-02-04,2984.7598,2960.3335,2999.2061,2960.2065,2948.6386,36.1212,1.225,91779724.0,91550346.8718
000300.SH,2016-02-05,2963.7894,2982.0563,2988.3597,2962.8471,2984.7598,-20.9704,-0.7026,76850808.0,77443222.3341
000300.SH,2016-02-15,2946.7066,2888.4277,2961.4926,2886.0183,2963.7894,-17.0828,-0.5764,72919434.0,71285049.1405
000300.SH,2016-02-16,3037.0353,2962.1871,3042.0886,2962.1871,2946.7066,90.3287,3.0654,112579643.0,112300492.3168
000300.SH,2016-02-17,3063.3199,3034.0902,3065.7845,3027.0458,3037.0353,26.2846,0.8655,128291607.0,122279340.2338
000300.SH,2016-02-18,3053.6985,3079.5272,3093.5129,3049.8407,3063.3199,-9.6214,-0.3141,124401464.0,122618612.1614
000300.SH,2016-02-19,3051.585,3047.9417,3065.9677,3032.6336,3053.6985,-2.1135,-0.0692,87338012.0,90849341.8036
000300.SH,2016-02-22,3118.8675,3083.9325,3128.2069,3071.3289,3051.585,67.2825,2.2048,140946968.0,141684080.6269
000300.SH,2016-02-23,3089.3632,3117.2027,3119.2209,3061.4294,3118.8675,-29.5043,-0.946,112567391.0,117476469.0625
000300.SH,2016-02-24,3109.5454,3077.6062,3109.5454,3055.2511,3089.3632,20.1822,0.6533,111782650.0,112918607.5487
000300.SH,2016-02-25,2918.7501,3104.4097,3104.4357,2905.4565,3109.5454,-190.7953,-6.1358,157829752.0,153493008.1938
000300.SH,2016-02-26,2948.0306,2942.0954,2964.3851,2902.948,2918.7501,29.2805,1.0032,106949729.0,102531571.9461
000300.SH,2016-02-29,2877.4666,2939.5802,2939.8745,2821.2149,2948.0306,-70.564,-2.3936,129341020.0,118440829.5984
000300.SH,2016-03-01,2930.6937,2881.3353,2950.4361,2863.3228,2877.4666,53.2271,1.8498,116045918.0,110491037.808
000300.SH,2016-03-02,3051.3327,2933.9209,3054.7237,2933.1162,2930.6937,120.639,4.1164,175972347.0,164025161.4705
000300.SH,2016-03-03,3058.4219,3050.3886,3078.4437,3040.2463,3051.3327,7.0892,0.2323,173105744.0,165509087.7416
000300.SH,2016-03-04,3093.8895,3047.5371,3101.6556,3032.4235,3058.4219,35.4676,1.1597,219172534.0,205520475.5425
000300.SH,2016-03-07,3104.8397,3108.9994,3130.9032,3083.5843,3093.8895,10.9502,0.3539,132462037.0,127790344.4881
000300.SH,2016-03-08,3107.6727,3100.1492,3109.2499,3001.8285,3104.8397,2.833,0.0912,136235742.0,128758488.1436
000300.SH,2016-03-09,3071.907,3045.9238,3072.9156,3020.1335,3107.6727,-35.7657,-1.1509,111466245.0,106298652.7845
000300.SH,2016-03-10,3013.1457,3056.2104,3074.1602,3012.6908,3071.907,-58.7613,-1.9129,76072197.0,78180468.559
000300.SH,2016-03-11,3018.2844,2990.2135,3026.4368,2982.1722,3013.1457,5.1387,0.1705,73333564.0,74367296.5475
000300.SH,2016-03-14,3065.6904,3039.5689,3106.8002,3033.9997,3018.2844,47.406,1.5706,117108655.0,123539094.703
000300.SH,2016-03-15,3074.7796,3061.3427,3077.0846,3028.5781,3065.6904,9.0892,0.2965,98311941.0,101302845.6983
000300.SH,2016-03-16,3090.0328,3068.8664,3100.3518,3064.5209,3074.7796,15.2532,0.4961,124736448.0,126128854.0008
000300.SH,2016-03-17,3124.2039,3096.8076,3147.8413,3077.5717,3090.0328,34.1711,1.1058,121661777.0,136603715.7753
000300.SH,2016-03-18,3171.963,3136.2234,3197.6683,3130.1021,3124.2039,47.7591,1.5287,197302564.0,210017810.3461
000300.SH,2016-03-21,3249.4372,3203.2929,3267.7751,3198.3608,3171.963,77.4742,2.4425,233269464.0,256836636.2731
000300.SH,2016-03-22,3225.7903,3231.6146,3249.6772,3218.7276,3249.4372,-23.6469,-0.7277,161020897.0,194211982.9886
000300.SH,2016-03-23,3236.0924,3217.7288,3242.2466,3202.9759,3225.7903,10.3021,0.3194,125679286.0,155567074.583
000300.SH,2016-03-24,3181.8507,3211.496,3221.9061,3181.8128,3236.0924,-54.2417,-1.6761,133131122.0,162436036.4153
000300.SH,2016-03-25,3197.8169,3176.8101,3204.4423,3174.3179,3181.8507,15.9662,0.5018,97395330.0,115195604.4309
000300.SH,2016-03-28,3169.7283,3206.9532,3229.6237,3161.8782,3197.8169,-28.0886,-0.8784,103441933.0,123844044.1282
000300.SH,2016-03-29,3135.4098,3171.3138,3178.0748,3122.7605,3169.7283,-34.3185,-1.0827,97294747.0,113844280.5534
000300.SH,2016-03-30,3216.2753,3161.2886,3216.6755,3161.2886,3135.4098,80.8655,2.5791,117802512.0,140721774.451
000300.SH,2016-03-31,3218.0879,3229.1995,3241.9268,3208.6649,3216.2753,1.8126,0.0564,121552074.0,147267617.416
000300.SH,2016-04-01,3221.8948,3213.674,3222.6124,3165.8555,3218.0879,3.8069,0.1183,118122139.0,127050098.4556
000300.SH,2016-04-05,3264.4858,3211.3046,3271.9301,3205.2065,3221.8948,42.591,1.3219,146047772.0,159296543.667
000300.SH,2016-04-06,3257.5276,3250.5215,3267.64,3236.1961,3264.4858,-6.9582,-0.2131,120196305.0,137206268.5871
000300.SH,2016-04-07,3209.2902,3266.2883,3270.8202,3208.6443,3257.5276,-48.2374,-1.4808,112409467.0,128273067.7199
000300.SH,2016-04-08,3185.7258,3189.8456,3197.7736,3163.305,3209.2902,-23.5644,-0.7343,101005625.0,113920716.5185
000300.SH,2016-04-11,3230.0957,3213.507,3251.5717,3213.507,3185.7258,44.3699,1.3928,125212709.0,142759491.3397
000300.SH,2016-04-12,3218.4497,3227.3673,3232.2642,3198.9027,3230.0957,-11.646,-0.3605,92869437.0,99086557.9514
000300.SH,2016-04-13,3261.3831,3237.8575,3296.5228,3237.8575,3218.4497,42.9334,1.334,195613866.0,200159601.29
000300.SH,2016-04-14,3275.8321,3277.0982,3286.0716,3252.0499,3261.3831,14.449,0.443,113157327.0,117989443.4499
000300.SH,2016-04-15,3272.2053,3279.8566,3282.9846,3261.7299,3275.8321,-3.6268,-0.1107,99807529.0,107963982.3336
000300.SH,2016-04-18,3228.4531,3252.6706,3252.6706,3221.6623,3272.2053,-43.7522,-1.3371,97090069.0,103956150.0952
000300.SH,2016-04-19,3238.3029,3243.9712,3250.7253,3221.5773,3228.4531,9.8498,0.3051,80871440.0,90976236.2611
000300.SH,2016-04-20,3181.0264,3244.1419,3248.4218,3107.3693,3238.3029,-57.2765,-1.7687,162207858.0,172324694.4687
000300.SH,2016-04-21,3160.6033,3160.7958,3198.557,3150.9395,3181.0264,-20.4231,-0.642,104752651.0,110324379.0384
000300.SH,2016-04-22,3174.9012,3142.5611,3175.3799,3137.9927,3160.6033,14.2979,0.4524,77078492.0,82442921.9027
000300.SH,2016-04-25,3162.0331,3164.7384,3172.2694,3137.113,3174.9012,-12.8681,-0.4053,67519351.0,74734848.0361
000300.SH,2016-04-26,3179.1605,3159.7706,3181.0954,3150.4041,3162.0331,17.1274,0.5417,59020734.0,68871554.1727
000300.SH,2016-04-27,3165.9156,3181.9305,3188.8264,3162.6914,3179.1605,-13.2449,-0.4166,60004147.0,70620405.9946
000300.SH,2016-04-28,3160.5809,3169.3333,3174.7662,3135.6425,3165.9156,-5.3347,-0.1685,69870660.0,78876767.2222
000300.SH,2016-04-29,3156.7451,3153.5371,3171.2887,3149.3966,3160.5809,-3.8358,-0.1214,58029776.0,70807704.2215
000300.SH,2016-05-03,3213.5397,3159.823,3218.485,3151.4045,3156.7451,56.7946,1.7992,98164835.0,115733867.5909
000300.SH,2016-05-04,3209.4614,3203.4653,3222.8816,3198.2919,3213.5397,-4.0783,-0.1269,90862408.0,97797134.8125
000300.SH,2016-05-05,3213.9199,3204.1686,3217.282,3196.5661,3209.4614,4.4585,0.1389,74733681.0,83946496.9076
000300.SH,2016-05-06,3130.3544,3213.1358,3216.893,3130.1469,3213.9199,-83.5655,-2.6001,108680240.0,119265216.104
000300.SH,2016-05-09,3065.6154,3115.4301,3115.4301,3055.0057,3130.3544,-64.739,-2.0681,99230477.0,100409213.4876
000300.SH,2016-05-10,3069.1124,3055.2119,3084.7245,3055.1831,3065.6154,3.497,0.1141,68849935.0,70650764.1472
000300.SH,2016-05-11,3082.8086,3080.6361,3102.8768,3063.0883,3069.1124,13.6962,0.4463,81794258.0,87323408.3417
000300.SH,2016-05-12,3090.1372,3059.3831,3095.3489,3035.0228,3082.8086,7.3286,0.2377,78765726.0,81418792.6062
000300.SH,2016-05-13,3074.9351,3081.6797,3103.0955,3064.691,3090.1372,-15.2021,-0.492,62629755.0,65850995.6487
000300.SH,2016-05-16,3095.3085,3064.5261,3095.5554,3053.6619,3074.9351,20.3734,0.6626,59461856.0,64405200.0201
000300.SH,2016-05-17,3086.0249,3095.5229,3105.2013,3073.459,3095.3085,-9.2836,-0.2999,65278125.0,75389385.458
000300.SH,2016-05-18,3068.0358,3071.5292,3072.6122,3039.4618,3086.0249,-17.9891,-0.5829,82715369.0,88458847.1148
000300.SH,2016-05-19,3062.5002,3060.3426,3086.977,3058.145,3068.0358,-5.5356,-0.1804,60444166.0,68679060.3921
000300.SH,2016-05-20,3078.2183,3047.7778,3078.5316,3041.5169,3062.5002,15.7181,0.5132,56080842.0,65124251.0921
000300.SH,2016-05-23,3087.2225,3078.515,3098.4782,3076.5039,3078.2183,9.0042,0.2925,59697216.0,70337514.4835
000300.SH,2016-05-24,3063.5556,3083.2441,3083.2571,3052.5905,3087.2225,-23.6669,-0.7666,58734385.0,61106015.4464
000300.SH,2016-05-25,3059.2259,3079.7486,3089.1022,3054.8697,3063.5556,-4.3297,-0.1413,56652803.0,63316562.5295
000300.SH,2016-05-26,3064.2111,3056.6004,3072.524,3027.444,3059.2259,4.9852,0.163,60392981.0,65985183.9189
000300.SH,2016-05-27,3062.4993,3059.732,3073.7562,3052.1793,3064.2111,-1.7118,-0.0559,60468750.0,59371777.0794
000300.SH,2016-05-30,3066.7095,3056.3138,3075.2613,3037.6647,3062.4993,4.2102,0.1375,63098579.0,63496565.009
000300.SH,2016-05-31,3169.5598,3068.5964,3170.926,3068.5964,3066.7095,102.8503,3.3538,138863111.0,151398175.9566
000300.SH,2016-06-01,3160.547,3172.9619,3181.7926,3159.8175,3169.5598,-9.0128,-0.2844,113148482.0,131700821.1521
000300.SH,2016-06-02,3167.0997,3158.0259,3168.824,3151.0654,3160.547,6.5527,0.2073,86003427.0,97093625.3449
000300.SH,2016-06-03,3189.3255,3172.946,3201.7492,3162.088,3167.0997,22.2258,0.7018,101491783.0,136332027.0872
000300.SH,2016-06-06,3178.7883,3192.7793,3197.2204,3168.554,3189.3255,-10.5372,-0.3304,76693751.0,101176231.3664
000300.SH,2016-06-07,3177.0536,3182.4374,3186.6167,3168.1792,3178.7883,-1.7347,-0.0546,68928314.0,88711618.4254
000300.SH,2016-06-08,3163.9864,3171.8134,3174.9719,3148.3517,3177.0536,-13.0672,-0.4113,76291775.0,97682790.8611
000300.SH,2016-06-13,3066.3413,3134.0453,3145.6057,3065.7674,3163.9864,-97.6451,-3.0861,92975947.0,114091320.0037
000300.SH,2016-06-14,3075.9834,3058.4433,3078.7494,3055.6553,3066.3413,9.6421,0.3144,66279457.0,78622305.3495
000300.SH,2016-06-15,3116.3682,3043.9577,3128.6733,3042.2328,3075.9834,40.3848,1.3129,87393257.0,106170177.8724
000300.SH,2016-06-16,3094.6748,3104.3619,3112.4755,3089.4777,3116.3682,-21.6934,-0.6961,82974703.0,93496238.8705
000300.SH,2016-06-17,3110.3572,3096.0901,3131.0485,3096.0901,3094.6748,15.6824,0.5068,85402985.0,97953389.32
000300.SH,2016-06-20,3112.6744,3114.9064,3118.7254,3089.7127,3110.3572,2.3172,0.0745,63587141.0,74647802.4617
000300.SH,2016-06-21,3106.3175,3124.8984,3155.4927,3097.9402,3112.6744,-6.3569,-0.2042,87965345.0,107233643.6316
000300.SH,2016-06-22,3133.9611,3100.4496,3134.0608,3096.9919,3106.3175,27.6436,0.8899,66487113.0,81348715.8476
000300.SH,2016-06-23,3117.3168,3129.7207,3129.7207,3102.4811,3133.9611,-16.6443,-0.5311,67751738.0,81732552.1588
000300.SH,2016-06-24,3077.1554,3110.6465,3130.5391,3033.9651,3117.3168,-40.1614,-1.2883,104792208.0,118967441.7019
000300.SH,2016-06-27,3120.5443,3065.128,3120.6405,3064.9664,3077.1554,43.3889,1.41,83267259.0,104066083.7905
000300.SH,2016-06-28,3136.4013,3107.3979,3139.4301,3099.7012,3120.5443,15.857,0.5081,92024637.0,117197791.5039
000300.SH,2016-06-29,3151.3898,3142.4842,3158.0762,3139.1325,3136.4013,14.9885,0.4779,103723668.0,117958861.1889
000300.SH,2016-06-30,3153.921,3152.8331,3163.7205,3148.1987,3151.3898,2.5312,0.0803,79692617.0,100627912.9248
000300.SH,2016-07-01,3154.2003,3156.932,3170.2583,3148.2948,3153.921,0.2793,0.0089,71746283.0,91215027.6883
000300.SH,2016-07-04,3204.6962,3136.3852,3210.6016,3134.0233,3154.2003,50.4959,1.6009,133310529.0,149894780.0373
000300.SH,2016-07-05,3207.3827,3199.1572,3216.7029,3197.9956,3204.6962,2.6865,0.0838,130226895.0,143899100.4277
000300.SH,2016-07-06,3216.8035,3197.6249,3217.5158,3183.4511,3207.3827,9.4208,0.2937,124897458.0,147232471.496
000300.SH,2016-07-07,3209.9542,3206.5507,3220.5404,3190.1235,3216.8035,-6.8493,-0.2129,118595202.0,140488833.675
000300.SH,2016-07-08,3192.2804,3199.7542,3204.9283,3183.9594,3209.9542,-17.6738,-0.5506,89734855.0,111063465.4167
000300.SH,2016-07-11,3203.3298,3199.0383,3235.9623,3197.6255,3192.2804,11.0494,0.3461,138529511.0,155288151.673
000300.SH,2016-07-12,3273.1823,3201.9062,3273.4738,3200.3034,3203.3298,69.8525,2.1806,172534217.0,190853738.897
000300.SH,2016-07-13,3282.8681,3274.0202,3300.9912,3271.7752,3273.1823,9.6858,0.2959,175196090.0,196592300.3224
000300.SH,2016-07-14,3276.7637,3277.4816,3281.9503,3259.0653,3282.8681,-6.1044,-0.1859,107525798.0,128090420.9166
000300.SH,2016-07-15,3276.2775,3278.8357,3285.026,3265.2906,3276.7637,-0.4862,-0.0148,102665026.0,125179812.9291
000300.SH,2016-07-18,3262.0222,3269.7077,3281.6375,3251.7659,3276.2775,-14.2553,-0.4351,110312518.0,129785706.1988
000300.SH,2016-07-19,3248.2341,3260.4349,3264.7303,3226.1987,3262.0222,-13.7881,-0.4227,88886861.0,107108911.1718
000300.SH,2016-07-20,3237.6051,3246.8626,3254.5076,3232.2568,3248.2341,-10.629,-0.3272,72701255.0,91367448.9938
000300.SH,2016-07-21,3252.5227,3238.3367,3271.3739,3238.3034,3237.6051,14.9176,0.4608,86004825.0,107464072.5131
000300.SH,2016-07-22,3225.1621,3251.242,3253.7694,3220.8937,3252.5227,-27.3606,-0.8412,86029128.0,107416887.3201
000300.SH,2016-07-25,3230.885,3220.1658,3243.7902,3218.1419,3225.1621,5.7229,0.1774,70203185.0,92015844.0353
000300.SH,2016-07-26,3269.5882,3228.234,3269.7457,3228.0075,3230.885,38.7032,1.1979,81051089.0,103745762.7578
000300.SH,2016-07-27,3218.243,3270.0837,3276.5112,3157.4093,3269.5882,-51.3452,-1.5704,160188665.0,186928366.4982
000300.SH,2016-07-28,3221.1365,3204.4645,3235.7816,3195.2696,3218.243,2.8935,0.0899,112779964.0,137295892.7533
000300.SH,2016-07-29,3203.9304,3217.1923,3225.4184,3198.6839,3221.1365,-17.2061,-0.5342,88044837.0,103787029.7481
000300.SH,2016-08-01,3176.8091,3196.425,3199.9751,3156.7488,3203.9304,-27.1213,-0.8465,87003497.0,98818634.3609
000300.SH,2016-08-02,3189.0529,3173.7576,3189.0529,3165.5422,3176.8091,12.2438,0.3854,62167639.0,70640763.8419
000300.SH,2016-08-03,3193.5073,3179.6842,3197.1573,3173.5356,3189.0529,4.4544,0.1397,72864102.0,79754323.3013
000300.SH,2016-08-04,3201.2888,3190.546,3201.5539,3170.4189,3193.5073,7.7815,0.2437,73504373.0,86919591.121
000300.SH,2016-08-05,3205.1101,3201.3543,3224.873,3192.8614,3201.2888,3.8213,0.1194,77196366.0,94429542.3906
000300.SH,2016-08-08,3234.1833,3199.5723,3234.4795,3187.2521,3205.1101,29.0732,0.9071,86676051.0,102638114.5974
000300.SH,2016-08-09,3256.9813,3232.603,3257.3336,3229.1741,3234.1833,22.798,0.7049,91065259.0,105924052.4356
000300.SH,2016-08-10,3243.3409,3255.1822,3261.8609,3242.7509,3256.9813,-13.6404,-0.4188,90430372.0,106157448.0282
000300.SH,2016-08-11,3233.3604,3239.5583,3274.0261,3232.6127,3243.3409,-9.9805,-0.3077,101041213.0,116996159.0463
000300.SH,2016-08-12,3294.2337,3231.8065,3294.2337,3231.1366,3233.3604,60.8733,1.8827,116254044.0,129354686.3871
000300.SH,2016-08-15,3393.4239,3303.4688,3417.9147,3302.3776,3294.2337,99.1902,3.011,220543421.0,258897463.9096
000300.SH,2016-08-16,3378.2451,3403.3839,3418.6884,3372.0206,3393.4239,-15.1788,-0.4473,196389740.0,226785231.0847
000300.SH,2016-08-17,3373.0476,3377.7713,3394.3887,3356.9244,3378.2451,-5.1975,-0.1539,138847688.0,167917530.8558
000300.SH,2016-08-18,3364.4851,3369.9472,3394.7912,3349.6879,3373.0476,-8.5625,-0.2539,142380169.0,172256533.0003
000300.SH,2016-08-19,3365.0197,3358.555,3374.045,3341.1922,3364.4851,0.5346,0.0159,119961508.0,135382706.2928
000300.SH,2016-08-22,3336.7949,3364.681,3372.8331,3335.4695,3365.0197,-28.2248,-0.8388,107951008.0,128201783.8121
000300.SH,2016-08-23,3341.8298,3332.621,3359.6477,3324.9603,3336.7949,5.0349,0.1509,92924516.0,108503692.3773
000300.SH,2016-08-24,3329.8631,3341.9304,3348.1291,3323.7251,3341.8298,-11.9667,-0.3581,81191429.0,94012832.1998
000300.SH,2016-08-25,3308.9721,3314.0846,3315.0812,3279.8064,3329.8631,-20.891,-0.6274,100589153.0,112578140.0103
000300.SH,2016-08-26,3307.0902,3312.4991,3328.9453,3301.7359,3308.9721,-1.8819,-0.0569,81530691.0,93213205.5596
000300.SH,2016-08-29,3307.7812,3306.5749,3315.0789,3297.0697,3307.0902,0.691,0.0209,77036333.0,88011642.022
000300.SH,2016-08-30,3311.9872,3310.3188,3325.1218,3304.5966,3307.7812,4.206,0.1272,75725987.0,89513016.6674
000300.SH,2016-08-31,3327.7938,3310.5654,3333.9729,3304.6552,3311.9872,15.8066,0.4773,79570805.0,99215044.4452
000300.SH,2016-09-01,3301.5767,3326.7389,3329.3455,3301.2129,3327.7938,-26.2171,-0.7878,84947219.0,100911462.8227
000300.SH,2016-09-02,3314.1142,3298.7217,3320.4252,3295.7554,3301.5767,12.5375,0.3797,82791803.0,99396378.5835
000300.SH,2016-09-05,3319.6803,3321.0053,3338.4197,3314.6293,3314.1142,5.5661,0.168,78292477.0,87531089.6452
000300.SH,2016-09-06,3342.6259,3322.018,3347.9511,3300.1257,3319.6803,22.9456,0.6912,98283998.0,118366533.4264
000300.SH,2016-09-07,3340.8172,3344.0657,3357.3567,3337.7508,3342.6259,-1.8087,-0.0541,102940106.0,115119908.6169
000300.SH,2016-09-08,3339.564,3338.0082,3343.395,3328.2264,3340.8172,-1.2532,-0.0375,71916158.0,83742346.8497
000300.SH,2016-09-09,3318.044,3339.3733,3344.951,3318.044,3339.564,-21.52,-0.6444,82657036.0,95471188.732
000300.SH,2016-09-12,3262.6043,3271.8702,3276.7163,3234.573,3318.044,-55.4397,-1.6709,122917682.0,134456630.9269
000300.SH,2016-09-13,3260.333,3265.3373,3269.2224,3246.3857,3262.6043,-2.2713,-0.0696,67180288.0,76862644.2312
000300.SH,2016-09-14,3238.7299,3245.7371,3254.995,3231.3355,3260.333,-21.6031,-0.6626,70432697.0,79780746.4362
000300.SH,2016-09-19,3263.1242,3242.7429,3264.8995,3242.7429,3238.7299,24.3943,0.7532,58831082.0,67678031.6418
000300.SH,2016-09-20,3257.4034,3264.6649,3265.0353,3252.3885,3263.1242,-5.7208,-0.1753,52784206.0,61626150.8176
000300.SH,2016-09-21,3266.6363,3257.7097,3270.9022,3254.3214,3257.4034,9.2329,0.2834,59142979.0,68957744.0436
000300.SH,2016-09-22,3291.1211,3281.4718,3303.1993,3277.9791,3266.6363,24.4848,0.7495,75753542.0,89991761.6548
000300.SH,2016-09-23,3275.6665,3292.2788,3293.9162,3275.025,3291.1211,-15.4546,-0.4696,57993986.0,68046257.25
000300.SH,2016-09-26,3220.2838,3267.6905,3267.6905,3220.2838,3275.6665,-55.3827,-1.6907,70452186.0,78700835.1319
000300.SH,2016-09-27,3240.7546,3214.8704,3240.7756,3214.4414,3220.2838,20.4708,0.6357,58460550.0,66651130.3613
000300.SH,2016-09-28,3230.8904,3243.647,3243.647,3227.996,3240.7546,-9.8642,-0.3044,44727498.0,51996404.7521
000300.SH,2016-09-29,3244.3874,3234.857,3257.7668,3234.8032,3230.8904,13.497,0.4177,55452556.0,62220302.3122
000300.SH,2016-09-30,3253.2848,3240.1775,3260.9405,3239.0364,3244.3874,8.8974,0.2742,44978022.0,52655734.5529
000300.SH,2016-10-10,3293.8689,3265.3644,3294.6409,3258.9584,3253.2848,40.5841,1.2475,80519260.0,89607989.8962
000300.SH,2016-10-11,3306.5573,3296.8672,3308.0042,3292.8775,3293.8689,12.6884,0.3852,87713163.0,88213421.1829
000300.SH,2016-10-12,3300.0099,3299.1388,3302.561,3289.7532,3306.5573,-6.5474,-0.198,68669781.0,72386912.6159
000300.SH,2016-10-13,3302.6455,3299.1557,3307.4091,3292.3974,3300.0099,2.6356,0.0799,81224198.0,79923748.5962
000300.SH,2016-10-14,3305.8481,3298.734,3306.6859,3285.729,3302.6455,3.2026,0.097,82316271.0,81485597.8063
000300.SH,2016-10-17,3277.8787,3305.9635,3309.0097,3271.5413,3305.8481,-27.9694,-0.8461,86113509.0,88199418.9363
000300.SH,2016-10-18,3321.3324,3272.6815,3321.3324,3272.6815,3277.8787,43.4537,1.3257,102860714.0,104625044.1417
000300.SH,2016-10-19,3316.2407,3323.3038,3332.5201,3309.8313,3321.3324,-5.0917,-0.1533,101167725.0,96354442.1985
000300.SH,2016-10-20,3318.6044,3317.1792,3324.9031,3312.1741,3316.2407,2.3637,0.0713,79238871.0,82481095.2767
000300.SH,2016-10-21,3327.74,3315.7156,3341.5603,3309.1787,3318.6044,9.1356,0.2753,109785176.0,107114926.1256
000300.SH,2016-10-24,3367.5778,3332.5125,3382.8259,3330.9674,3327.74,39.8378,1.1971,153014345.0,150063007.8989
000300.SH,2016-10-25,3367.4547,3367.4753,3373.9139,3356.5853,3367.5778,-0.1231,-0.0037,111191693.0,110576512.9159
000300.SH,2016-10-26,3354.8003,3365.1975,3367.831,3349.5744,3367.4547,-12.6544,-0.3758,98024786.0,104719318.2203
000300.SH,2016-10-27,3345.695,3351.4603,3352.3545,3335.1332,3354.8003,-9.1053,-0.2714,77629851.0,85241012.4139
000300.SH,2016-10-28,3340.1262,3347.1438,3370.7485,3337.2888,3345.695,-5.5688,-0.1664,93133309.0,104797971.448
000300.SH,2016-10-31,3336.2778,3332.406,3340.4695,3317.3279,3340.1262,-3.8484,-0.1152,71352863.0,80701820.9682
000300.SH,2016-11-01,3359.0515,3338.7099,3359.3941,3334.4568,3336.2778,22.7737,0.6826,74938199.0,84717683.7498
000300.SH,2016-11-02,3333.3524,3350.71,3356.3974,3331.3841,3359.0515,-25.6991,-0.7651,91197104.0,100348995.7326
000300.SH,2016-11-03,3365.085,3326.9045,3379.9889,3324.8378,3333.3524,31.7326,0.952,126223504.0,137386468.3613
000300.SH,2016-11-04,3354.1749,3362.2055,3377.6394,3348.4263,3365.085,-10.9101,-0.3242,104069655.0,110813764.5772
000300.SH,2016-11-07,3356.5916,3353.4441,3362.7416,3342.3122,3354.1749,2.4167,0.0721,99877988.0,94370876.771
000300.SH,2016-11-08,3371.1177,3367.6974,3383.9174,3361.1292,3356.5916,14.5261,0.4328,103148282.0,105138256.0605
000300.SH,2016-11-09,3353.0547,3370.5999,3373.096,3322.0798,3371.1177,-18.063,-0.5358,139110059.0,145186921.6904
000300.SH,2016-11-10,3390.6119,3374.906,3403.0158,3374.906,3353.0547,37.5572,1.1201,134705535.0,133277399.5529
000300.SH,2016-11-11,3417.2211,3387.9481,3422.6715,3382.8925,3390.6119,26.6092,0.7848,198781496.0,190647270.0399
000300.SH,2016-11-14,3430.2482,3409.2241,3452.6159,3408.1392,3417.2211,13.0271,0.3812,213247105.0,208353308.6287
000300.SH,2016-11-15,3429.8697,3428.8663,3434.9216,3415.9948,3430.2482,-0.3785,-0.011,134566320.0,135206770.523
000300.SH,2016-11-16,3429.5921,3432.4336,3435.6366,3419.2435,3429.8697,-0.2776,-0.0081,129808511.0,128944599.1726
000300.SH,2016-11-17,3436.535,3423.4654,3437.669,3412.8771,3429.5921,6.9429,0.2024,121561731.0,121576882.9484
000300.SH,2016-11-18,3417.4554,3437.4898,3443.1185,3413.2698,3436.535,-19.0796,-0.5552,115951205.0,117345607.6116
000300.SH,2016-11-21,3441.1106,3412.6523,3463.1423,3412.0801,3417.4554,23.6552,0.6922,146434529.0,147542589.3492
000300.SH,2016-11-22,3468.3637,3443.2201,3469.2189,3443.2201,3441.1106,27.2531,0.792,168523446.0,167250665.8274
000300.SH,2016-11-23,3474.7289,3473.8949,3492.9564,3465.7639,3468.3637,6.3652,0.1835,162388504.0,171247116.1958
000300.SH,2016-11-24,3488.7402,3468.8071,3508.1648,3467.0108,3474.7289,14.0113,0.4032,145746301.0,165071453.531
000300.SH,2016-11-25,3521.2984,3490.0399,3521.3029,3463.9477,3488.7402,32.5582,0.9332,153621506.0,166832181.1083
000300.SH,2016-11-28,3535.0807,3538.6754,3553.3603,3528.3196,3521.2984,13.7823,0.3914,207375483.0,219859766.8282
000300.SH,2016-11-29,3564.0404,3525.9011,3583.7185,3521.3787,3535.0807,28.9597,0.8192,236918356.0,248322816.3386
000300.SH,2016-11-30,3538.001,3557.6357,3567.0689,3527.0231,3564.0404,-26.0394,-0.7306,178560178.0,190681227.6309
000300.SH,2016-12-01,3565.036,3543.9555,3575.97,3543.245,3538.001,27.035,0.7641,180170761.0,199637742.998
000300.SH,2016-12-02,3528.9547,3559.7711,3562.5497,3516.7881,3565.036,-36.0813,-1.0121,196355480.0,203742147.4759
000300.SH,2016-12-05,3469.4073,3473.6876,3496.8838,3457.3433,3528.9547,-59.5474,-1.6874,180852355.0,190175061.7332
000300.SH,2016-12-06,3459.1533,3466.2417,3477.5901,3456.8067,3469.4073,-10.254,-0.2956,115529090.0,125727753.1929
000300.SH,2016-12-07,3475.7473,3458.3687,3475.7473,3445.7561,3459.1533,16.594,0.4797,114345103.0,115282194.2233
000300.SH,2016-12-08,3470.1426,3481.8067,3484.3402,3466.512,3475.7473,-5.6047,-0.1613,117383922.0,119188508.6759
000300.SH,2016-12-09,3493.7004,3464.8733,3507.9276,3461.7612,3470.1426,23.5578,0.6789,150303308.0,152674867.7073
000300.SH,2016-12-12,3409.1794,3489.2683,3495.8022,3400.793,3493.7004,-84.521,-2.4192,187467751.0,199163540.8312
000300.SH,2016-12-13,3405.0355,3394.2072,3416.2147,3370.5956,3409.1794,-4.1439,-0.1216,121105097.0,124454188.7492
000300.SH,2016-12-14,3378.9453,3399.4113,3412.2795,3378.2656,3405.0355,-26.0902,-0.7662,124007744.0,126182669.4144
000300.SH,2016-12-15,3340.4338,3363.8597,3378.0367,3327.1429,3378.9453,-38.5115,-1.1397,114960660.0,121507811.54
000300.SH,2016-12-16,3346.0305,3335.3625,3356.2916,3330.4928,3340.4338,5.5967,0.1675,90775422.0,98112206.8454
000300.SH,2016-12-19,3328.9827,3342.3449,3344.8584,3324.9986,3346.0305,-17.0478,-0.5095,81640678.0,86095693.8383
000300.SH,2016-12-20,3309.0641,3328.2985,3329.1022,3289.2682,3328.9827,-19.9186,-0.5983,87569592.0,88527345.8888
000300.SH,2016-12-21,3338.536,3313.7451,3342.4761,3313.7451,3309.0641,29.4719,0.8906,108254995.0,106205485.2127
000300.SH,2016-12-22,3335.672,3335.1218,3340.3628,3322.7196,3338.536,-2.864,-0.0858,92277249.0,92564877.5696
000300.SH,2016-12-23,3307.5991,3333.4009,3334.8937,3300.8843,3335.672,-28.0729,-0.8416,97444713.0,99575473.2313
000300.SH,2016-12-26,3322.4006,3293.2236,3322.4212,3267.0481,3307.5991,14.8015,0.4475,89793982.0,95493219.9355
000300.SH,2016-12-27,3316.3852,3319.2061,3330.2324,3315.8318,3322.4006,-6.0154,-0.1811,75486359.0,79617133.0304
000300.SH,2016-12-28,3301.8887,3315.7526,3320.5467,3293.1737,3316.3852,-14.4965,-0.4371,69000437.0,71759839.5655
000300.SH,2016-12-29,3297.7648,3297.036,3312.113,3288.0959,3301.8887,-4.1239,-0.1249,70087923.0,75972960.4307
000300.SH,2016-12-30,3310.0808,3302.5993,3313.5497,3295.7513,3297.7648,12.316,0.3735,71744116.0,76921368.8377
000300.SH,2017-01-03,3342.2272,3313.9534,3345.2629,3313.9534,3310.0808,32.1464,0.9712,86567896.0,87612765.7675
000300.SH,2017-01-04,3368.3117,3340.5576,3369.5658,3338.1527,3342.2272,26.0845,0.7805,90050827.0,98014355.4683
000300.SH,2017-01-05,3367.7892,3368.3402,3373.4119,3361.462,3368.3117,-0.5225,-0.0155,88336357.0,91189339.5817
000300.SH,2017-01-06,3347.6665,3366.8522,3368.8705,3346.8914,3367.7892,-20.1227,-0.5975,87459114.0,91072256.7482
000300.SH,2017-01-09,3363.9014,3345.7483,3366.2219,3344.3472,3347.6665,16.2349,0.485,83707942.0,87916115.2426
000300.SH,2017-01-10,3358.2716,3361.6394,3370.5051,3354.0878,3363.9014,-5.6298,-0.1674,83819160.0,82533965.0802
000300.SH,2017-01-11,3334.4954,3355.8008,3366.6315,3334.2978,3358.2716,-23.7762,-0.708,91071438.0,86750457.1221
000300.SH,2017-01-12,3317.6241,3332.6857,3343.1279,3315.9629,3334.4954,-16.8713,-0.506,81239135.0,75031886.8742
000300.SH,2017-01-13,3319.9122,3317.9625,3338.174,3309.3741,3317.6241,2.2881,0.069,84180589.0,84556101.4028
000300.SH,2017-01-16,3319.4455,3314.1507,3322.7819,3264.2071,3319.9122,-0.4667,-0.0141,157779135.0,153262520.1207
000300.SH,2017-01-17,3326.3563,3305.6001,3327.3767,3292.2044,3319.4455,6.9108,0.2082,69453328.0,74754505.6957
000300.SH,2017-01-18,3339.3653,3323.3389,3350.9619,3320.4062,3326.3563,13.009,0.3911,70623227.0,75680677.2639
000300.SH,2017-01-19,3329.2891,3330.9522,3346.4959,3324.6835,3339.3653,-10.0762,-0.3017,66159808.0,63869709.1629
000300.SH,2017-01-20,3354.8891,3326.9773,3358.4121,3326.374,3329.2891,25.6,0.7689,65300462.0,70831324.3102
000300.SH,2017-01-23,3364.0808,3359.0543,3378.7388,3355.8475,3354.8891,9.1917,0.274,75557498.0,76492660.1539
000300.SH,2017-01-24,3364.4509,3363.1374,3371.32,3355.899,3364.0808,0.3701,0.011,66194226.0,66049651.2886
000300.SH,2017-01-25,3375.9042,3361.6561,3376.4415,3357.2183,3364.4509,11.4533,0.3404,58376931.0,62483395.8019
000300.SH,2017-01-26,3387.9606,3378.2609,3395.8848,3378.2609,3375.9042,12.0564,0.3571,65316647.0,66488818.3054
000300.SH,2017-02-03,3364.4923,3390.9315,3392.4773,3362.5653,3387.9606,-23.4683,-0.6927,55188861.0,57113853.2549
000300.SH,2017-02-06,3373.2051,3368.1081,3381.3348,3358.7516,3364.4923,8.7128,0.259,68521360.0,73408134.7679
000300.SH,2017-02-07,3365.6849,3371.7695,3376.7099,3354.6251,3373.2051,-7.5202,-0.2229,63754462.0,69758178.9991
000300.SH,2017-02-08,3383.2878,3361.7811,3383.6859,3347.4302,3365.6849,17.6029,0.523,75402879.0,82869735.7733
000300.SH,2017-02-09,3396.2924,3381.8992,3406.5888,3379.7872,3383.2878,13.0046,0.3844,97558515.0,102134228.6992
000300.SH,2017-02-10,3413.4868,3398.3173,3422.3256,3398.0295,3396.2924,17.1944,0.5063,123768720.0,121908580.2837
000300.SH,2017-02-13,3436.275,3416.9168,3439.5432,3416.8746,3413.4868,22.7882,0.6676,120144538.0,125332998.8436
000300.SH,2017-02-14,3435.8042,3438.511,3440.6748,3424.4028,3436.275,-0.4708,-0.0137,94809465.0,98537165.438
000300.SH,2017-02-15,3421.7131,3435.3882,3448.0322,3417.0811,3435.8042,-14.0911,-0.4101,127643338.0,124653179.4881
000300.SH,2017-02-16,3440.9331,3421.8299,3440.9331,3418.3514,3421.7131,19.22,0.5617,108276962.0,101809767.5043
000300.SH,2017-02-17,3421.4419,3443.6166,3457.5562,3419.6143,3440.9331,-19.4912,-0.5665,114600036.0,118033129.67
000300.SH,2017-02-20,3471.3926,3421.6434,3472.6035,3421.6434,3421.4419,49.9507,1.4599,132628862.0,134681505.1593
000300.SH,2017-02-21,3482.823,3475.0584,3490.0855,3472.017,3471.3926,11.4304,0.3293,114842009.0,120675429.543
000300.SH,2017-02-22,3489.7567,3483.2008,3489.946,3473.524,3482.823,6.9337,0.1991,102815994.0,109232425.8413
000300.SH,2017-02-23,3473.3236,3487.5745,3492.9616,3460.118,3489.7567,-16.4331,-0.4709,99536330.0,106555922.4663
000300.SH,2017-02-24,3473.8517,3468.9588,3473.8517,3455.2514,3473.3236,0.5281,0.0152,95535133.0,99875164.7586
000300.SH,2017-02-27,3446.2228,3471.1319,3472.8356,3441.3938,3473.8517,-27.6289,-0.7953,98672160.0,106830874.5287
000300.SH,2017-02-28,3452.8103,3445.0274,3460.9089,3441.3589,3446.2228,6.5875,0.1912,75215260.0,81979307.3608
000300.SH,2017-03-01,3458.4376,3452.2058,3472.6962,3449.109,3452.8103,5.6273,0.163,103260354.0,109317781.3481
000300.SH,2017-03-02,3435.0963,3463.4829,3468.471,3434.001,3458.4376,-23.3413,-0.6749,89898077.0,97876187.9252
000300.SH,2017-03-03,3427.8628,3424.6627,3428.8824,3412.8312,3435.0963,-7.2335,-0.2106,80994652.0,90009618.8352
000300.SH,2017-03-06,3446.484,3427.2533,3449.0342,3425.9041,3427.8628,18.6212,0.5432,83070882.0,95178548.4955
000300.SH,2017-03-07,3453.9565,3446.1628,3454.0386,3440.0574,3446.484,7.4725,0.2168,80334720.0,94483824.2451
000300.SH,2017-03-08,3448.7313,3452.2006,3457.0351,3441.2575,3453.9565,-5.2252,-0.1513,79587690.0,89124904.6822
000300.SH,2017-03-09,3426.9438,3442.8953,3443.0455,3414.6782,3448.7313,-21.7875,-0.6318,84570381.0,90090049.4898
000300.SH,2017-03-10,3427.8916,3423.9776,3436.2388,3423.9369,3426.9438,0.9478,0.0277,70016199.0,82161714.9226
000300.SH,2017-03-13,3458.098,3425.6723,3458.098,3412.6879,3427.8916,30.2064,0.8812,91684124.0,108489140.9233
000300.SH,2017-03-14,3456.6934,3456.6584,3465.3915,3448.9034,3458.098,-1.4046,-0.0406,77077963.0,95317564.1294
000300.SH,2017-03-15,3463.6436,3452.2139,3463.9191,3445.2676,3456.6934,6.9502,0.2011,79104954.0,94056256.6668
000300.SH,2017-03-16,3481.5066,3472.2694,3492.1267,3472.2694,3463.6436,17.863,0.5157,106333913.0,124695573.677
000300.SH,2017-03-17,3445.8051,3485.3114,3488.4969,3441.4685,3481.5066,-35.7015,-1.0255,103755560.0,122368918.5502
000300.SH,2017-03-20,3449.6126,3449.0515,3454.063,3429.8254,3445.8051,3.8075,0.1105,88734322.0,103769403.8965
000300.SH,2017-03-21,3466.3468,3449.7696,3466.7026,3445.6416,3449.6126,16.7342,0.4851,87707855.0,113528201.3898
000300.SH,2017-03-22,3450.0502,3450.7544,3464.3328,3433.4994,3466.3468,-16.2966,-0.4701,104935894.0,123865640.3765
000300.SH,2017-03-23,3461.9782,3452.4056,3470.8164,3435.6912,3450.0502,11.928,0.3457,94318062.0,115813813.7015
000300.SH,2017-03-24,3489.5997,3464.1966,3499.3179,3461.1108,3461.9782,27.6215,0.7979,125645833.0,141752526.6813
000300.SH,2017-03-27,3478.0385,3488.7647,3505.9789,3474.5206,3489.5997,-11.5612,-0.3313,107015377.0,124388012.1342
000300.SH,2017-03-28,3469.8093,3480.249,3482.2923,3461.4678,3478.0385,-8.2292,-0.2366,84194820.0,97495938.7649
000300.SH,2017-03-29,3465.1933,3472.9665,3483.0571,3455.5529,3469.8093,-4.616,-0.133,104851706.0,114663468.2791
000300.SH,2017-03-30,3436.758,3461.6159,3467.3049,3422.366,3465.1933,-28.4353,-0.8206,116376922.0,122088021.6297
000300.SH,2017-03-31,3456.0455,3434.8222,3456.3051,3430.8197,3436.758,19.2875,0.5612,91577491.0,100984904.8296
000300.SH,2017-04-05,3503.8932,3476.4231,3504.5379,3475.1486,3456.0455,47.8477,1.3845,143399017.0,160742981.1722
000300.SH,2017-04-06,3514.0469,3507.9879,3517.7779,3495.7246,3503.8932,10.1537,0.2898,136767004.0,145221644.1654
000300.SH,2017-04-07,3517.4634,3514.4521,3526.815,3506.3885,3514.0469,3.4165,0.0972,140293204.0,144559675.5665
000300.SH,2017-04-10,3505.1392,3519.4597,3522.7955,3502.0826,3517.4634,-12.3242,-0.3504,141887380.0,155747834.5715
000300.SH,2017-04-11,3517.328,3503.8294,3520.1315,3466.139,3505.1392,12.1888,0.3477,165945832.0,189457268.6547
000300.SH,2017-04-12,3509.4387,3514.5723,3523.0975,3497.9991,3517.328,-7.8893,-0.2243,181824537.0,202154571.4231
000300.SH,2017-04-13,3514.5662,3500.2838,3518.4385,3496.5699,3509.4387,5.1275,0.1461,129981813.0,133345929.014
000300.SH,2017-04-14,3486.5045,3516.8103,3517.4664,3476.9468,3514.5662,-28.0617,-0.7984,135474078.0,130425385.3791
000300.SH,2017-04-17,3479.9417,3475.7381,3480.5696,3453.6759,3486.5045,-6.5628,-0.1882,117164961.0,123884371.2266
000300.SH,2017-04-18,3462.7429,3474.8892,3489.0845,3462.6297,3479.9417,-17.1988,-0.4942,110927823.0,126790853.4248
000300.SH,2017-04-19,3445.8761,3452.9904,3459.3524,3418.514,3462.7429,-16.8668,-0.4871,121349264.0,127050362.4069
000300.SH,2017-04-20,3461.5481,3444.5225,3465.6088,3440.7151,3445.8761,15.672,0.4548,114184208.0,133977258.3459
000300.SH,2017-04-21,3466.7865,3461.389,3475.5622,3449.5421,3461.5481,5.2384,0.1513,104419110.0,115208831.7462
000300.SH,2017-04-24,3431.2587,3458.2279,3458.2279,3403.9792,3466.7865,-35.5278,-1.0248,114660791.0,122778154.3208
000300.SH,2017-04-25,3440.9743,3427.7322,3449.6716,3422.6521,3431.2587,9.7156,0.2831,94072148.0,107599357.2092
000300.SH,2017-04-26,3445.1832,3440.2526,3466.5651,3439.1505,3440.9743,4.2089,0.1223,111940029.0,131316579.2345
000300.SH,2017-04-27,3446.7202,3435.1017,3449.2723,3399.5392,3445.1832,1.537,0.0446,123298425.0,134610947.8279
000300.SH,2017-04-28,3439.753,3439.5735,3439.904,3417.2375,3446.7202,-6.9672,-0.2021,101632351.0,113761006.698
000300.SH,2017-05-02,3426.5766,3427.9169,3436.3064,3418.6652,3439.753,-13.1764,-0.3831,92797462.0,101635858.6015
000300.SH,2017-05-03,3413.1282,3421.7586,3432.2248,3403.0782,3426.5766,-13.4484,-0.3925,91669624.0,97854119.0984
000300.SH,2017-05-04,3404.3864,3404.9379,3421.3953,3391.277,3413.1282,-8.7418,-0.2561,103482075.0,106985952.5752
000300.SH,2017-05-05,3382.5502,3393.4831,3395.4532,3366.5568,3404.3864,-21.8362,-0.6414,109895333.0,117464939.5777
000300.SH,2017-05-08,3358.8125,3369.1084,3374.1571,3339.5743,3382.5502,-23.7377,-0.7018,123749287.0,126885426.4723
000300.SH,2017-05-09,3352.5324,3342.5981,3358.0463,3327.5901,3358.8125,-6.2801,-0.187,76771668.0,85528831.7489
000300.SH,2017-05-10,3337.7007,3350.6502,3369.4345,3336.003,3352.5324,-14.8317,-0.4424,92082628.0,102194980.7909
000300.SH,2017-05-11,3356.6459,3322.9455,3359.6003,3312.8921,3337.7007,18.9452,0.5676,109252890.0,111576379.0536
000300.SH,2017-05-12,3385.3787,3350.9371,3387.2677,3349.1671,3356.6459,28.7328,0.856,93386466.0,97522124.5943
000300.SH,2017-05-15,3399.1937,3391.5881,3406.581,3391.5881,3385.3787,13.815,0.4081,82977611.0,92183332.8454
000300.SH,2017-05-16,3428.6491,3390.925,3428.8531,3373.552,3399.1937,29.4554,0.8665,105242416.0,112814103.2011
000300.SH,2017-05-17,3409.9656,3423.19,3433.9695,3408.1541,3428.6491,-18.6835,-0.5449,99736837.0,110553451.835
000300.SH,2017-05-18,3398.1127,3387.6655,3409.9319,3383.935,3409.9656,-11.8529,-0.3476,85759589.0,88091166.0414
000300.SH,2017-05-19,3403.8492,3395.2318,3405.9448,3392.3776,3398.1127,5.7365,0.1688,71473525.0,78397081.6022
000300.SH,2017-05-22,3411.2387,3400.5882,3424.1776,3391.1748,3403.8492,7.3895,0.2171,92539559.0,99021121.578
000300.SH,2017-05-23,3424.194,3405.0254,3434.7662,3401.5338,3411.2387,12.9553,0.3798,116911033.0,126767856.025
000300.SH,2017-05-24,3424.1669,3409.7169,3424.1669,3383.8922,3424.194,-0.0271,-0.0008,83553161.0,92620045.5479
000300.SH,2017-05-25,3485.6581,3414.3992,3490.4176,3413.2246,3424.1669,61.4912,1.7958,130721631.0,136634020.8066
000300.SH,2017-05-26,3480.4345,3479.6206,3498.3148,3473.04,3485.6581,-5.2236,-0.1499,103241153.0,112585907.3542
000300.SH,2017-05-31,3492.8845,3495.073,3515.0812,3474.9215,3480.4345,12.45,0.3577,104829744.0,115968725.3097
000300.SH,2017-06-01,3497.7382,3485.2223,3499.8142,3476.4283,3492.8845,4.8537,0.139,103127724.0,116088766.2489
000300.SH,2017-06-02,3486.5074,3491.5893,3498.1189,3470.2017,3497.7382,-11.2308,-0.3211,82668010.0,92850747.181
000300.SH,2017-06-05,3468.7538,3480.1692,3484.1244,3462.3144,3486.5074,-17.7536,-0.5092,79738152.0,85609467.4771
000300.SH,2017-06-06,3492.8816,3464.3765,3492.8816,3460.4534,3468.7538,24.1278,0.6956,64089388.0,77868793.7296
000300.SH,2017-06-07,3533.8718,3493.8846,3537.0947,3491.1328,3492.8816,40.9902,1.1735,104419968.0,124189288.4831
000300.SH,2017-06-08,3560.9786,3531.2419,3562.2724,3528.179,3533.8718,27.1068,0.7671,90224905.0,112035619.6709
000300.SH,2017-06-09,3576.1703,3561.2411,3590.8872,3560.6336,3560.9786,15.1917,0.4266,101188265.0,121700586.7158
000300.SH,2017-06-12,3574.3894,3570.2191,3603.6901,3565.9012,3576.1703,-1.7809,-0.0498,90381167.0,117690802.2245
000300.SH,2017-06-13,3582.2674,3569.1594,3584.4094,3559.2134,3574.3894,7.878,0.2204,75177138.0,94223084.8123
000300.SH,2017-06-14,3535.2987,3571.2483,3571.2483,3530.274,3582.2674,-46.9687,-1.3111,83810783.0,106105319.8676
000300.SH,2017-06-15,3528.7926,3530.7465,3542.2796,3508.9461,3535.2987,-6.5061,-0.184,82632535.0,106053901.141
000300.SH,2017-06-16,3518.7611,3522.9745,3536.1401,3514.3892,3528.7926,-10.0315,-0.2843,76452707.0,91462286.3765
000300.SH,2017-06-19,3553.6653,3520.0602,3554.91,3520.0602,3518.7611,34.9042,0.9919,79797141.0,98572358.252
000300.SH,2017-06-20,3546.494,3560.7871,3563.6964,3539.5149,3553.6653,-7.1713,-0.2018,80509559.0,98187595.4783
000300.SH,2017-06-21,3587.955,3567.1256,3587.9863,3545.5666,3546.494,41.461,1.1691,87859824.0,117147797.1355
000300.SH,2017-06-22,3590.3425,3583.5583,3635.5273,3581.3375,3587.955,2.3875,0.0665,135526987.0,169418803.3508
000300.SH,2017-06-23,3622.8831,3583.4359,3623.2352,3569.3225,3590.3425,32.5406,0.9063,105129134.0,133975111.7958
000300.SH,2017-06-26,3668.0919,3627.0208,3671.9435,3627.0208,3622.8831,45.2088,1.2479,134637995.0,170736841.9521
000300.SH,2017-06-27,3674.7152,3665.5775,3676.5328,3648.7635,3668.0919,6.6233,0.1806,97558702.0,123057231.6936
000300.SH,2017-06-28,3646.1666,3664.1629,3672.1887,3644.0268,3674.7152,-28.5486,-0.7769,97920858.0,124465947.1318
000300.SH,2017-06-29,3668.8279,3649.2525,3669.1345,3644.7331,3646.1666,22.6613,0.6215,85589498.0,111847266.8672
000300.SH,2017-06-30,3666.7977,3654.7348,3669.7584,3646.2272,3668.8279,-2.0302,-0.0553,81510028.0,102459981.9922
000300.SH,2017-07-03,3650.8463,3667.2316,3667.5957,3633.7825,3666.7977,-15.9514,-0.435,88820860.0,115214687.872
000300.SH,2017-07-04,3619.9841,3646.828,3646.8455,3611.6911,3650.8463,-30.8622,-0.8453,95071413.0,125350417.5517
000300.SH,2017-07-05,3659.6795,3611.8984,3660.7291,3610.4586,3619.9841,39.6954,1.0966,88232425.0,120351565.3815
000300.SH,2017-07-06,3660.0967,3654.5576,3666.7745,3629.56,3659.6795,0.4172,0.0114,102379245.0,132837126.7776
000300.SH,2017-07-07,3655.9293,3647.6416,3657.1131,3631.8702,3660.0967,-4.1674,-0.1139,103735497.0,123465392.6157
000300.SH,2017-07-10,3653.6868,3647.9379,3667.8455,3641.5277,3655.9293,-2.2425,-0.0613,120591910.0,141034626.5083
000300.SH,2017-07-11,3670.8086,3646.8783,3701.2087,3645.9946,3653.6868,17.1218,0.4686,118760826.0,145084363.2766
000300.SH,2017-07-12,3658.8236,3672.6328,3691.5814,3640.5893,3670.8086,-11.985,-0.3265,122287792.0,143494599.0724
000300.SH,2017-07-13,3686.9205,3656.3502,3690.4832,3652.5658,3658.8236,28.0969,0.7679,125669549.0,146388679.5979
000300.SH,2017-07-14,3703.094,3682.6153,3703.094,3672.7425,3686.9205,16.1735,0.4387,105514005.0,121021448.8887
000300.SH,2017-07-17,3663.5575,3700.6179,3716.47,3621.3652,3703.094,-39.5365,-1.0677,178821600.0,196217253.798
000300.SH,2017-07-18,3667.1807,3648.4942,3667.5408,3622.0414,3663.5575,3.6232,0.0989,124622056.0,141472283.9743
000300.SH,2017-07-19,3729.7466,3660.8665,3731.0468,3658.2035,3667.1807,62.5659,1.7061,182477787.0,198392451.7477
000300.SH,2017-07-20,3747.8843,3725.1436,3750.1938,3723.0689,3729.7466,18.1377,0.4863,142410039.0,169267149.94
000300.SH,2017-07-21,3728.5976,3738.1847,3751.6947,3722.0656,3747.8843,-19.2867,-0.5146,117941226.0,141432632.9868
000300.SH,2017-07-24,3743.4686,3724.3778,3755.1902,3719.8488,3728.5976,14.871,0.3988,134868722.0,154701874.6822
000300.SH,2017-07-25,3719.559,3742.6405,3752.1559,3713.2766,3743.4686,-23.9096,-0.6387,121672059.0,133531656.1861
000300.SH,2017-07-26,3705.3884,3722.8761,3738.5316,3684.1819,3719.559,-14.1706,-0.381,136325210.0,146518004.9148
000300.SH,2017-07-27,3712.1947,3700.8558,3716.6888,3672.4971,3705.3884,6.8063,0.1837,145002904.0,161631225.3463
000300.SH,2017-07-28,3721.8914,3703.4895,3725.5378,3696.7776,3712.1947,9.6967,0.2612,111411392.0,125817861.9477
000300.SH,2017-07-31,3737.8732,3722.4282,3746.5207,3713.655,3721.8914,15.9818,0.4294,148429039.0,160890133.1659
000300.SH,2017-08-01,3770.3828,3738.7364,3770.4043,3737.0954,3737.8732,32.5096,0.8697,152546539.0,173127578.9591
000300.SH,2017-08-02,3760.8525,3768.1938,3784.3511,3759.2764,3770.3828,-9.5303,-0.2528,172293383.0,189336782.8129
000300.SH,2017-08-03,3727.8264,3755.1081,3766.3452,3718.4351,3760.8525,-33.0261,-0.8782,146153944.0,164710461.5995
000300.SH,2017-08-04,3707.5796,3724.7225,3738.7312,3707.003,3727.8264,-20.2468,-0.5431,157470060.0,168292664.5887
000300.SH,2017-08-07,3726.7948,3701.2161,3730.7774,3689.9552,3707.5796,19.2152,0.5183,124231530.0,134348537.4982
000300.SH,2017-08-08,3732.2129,3724.3287,3737.3344,3718.8116,3726.7948,5.4181,0.1454,137241928.0,146481868.9185
000300.SH,2017-08-09,3731.044,3728.0319,3738.999,3713.5668,3732.2129,-1.1689,-0.0313,124679989.0,137223598.2862
000300.SH,2017-08-10,3715.9208,3724.962,3746.8614,3688.1766,3731.044,-15.1232,-0.4053,130085128.0,148005169.4169
000300.SH,2017-08-11,3647.3503,3687.9314,3700.4944,3645.0945,3715.9208,-68.5705,-1.8453,150387421.0,161083470.4117
000300.SH,2017-08-14,3694.6831,3651.3754,3698.3663,3651.3754,3647.3503,47.3328,1.2977,115308451.0,140233894.1167
000300.SH,2017-08-15,3706.0566,3695.78,3719.2931,3692.2802,3694.6831,11.3735,0.3078,106444857.0,124790630.9518
000300.SH,2017-08-16,3701.4207,3701.1337,3707.144,3679.7338,3706.0566,-4.6359,-0.1251,104134141.0,127282165.884
000300.SH,2017-08-17,3721.277,3707.0668,3722.6239,3704.4126,3701.4207,19.8563,0.5365,108656251.0,137020002.9201
000300.SH,2017-08-18,3724.6748,3707.1891,3733.4914,3700.4112,3721.277,3.3978,0.0913,96561705.0,123078163.9444
000300.SH,2017-08-21,3740.9941,3731.8399,3744.2631,3728.6157,3724.6748,16.3193,0.4381,100313073.0,123911716.2763
000300.SH,2017-08-22,3752.298,3745.7543,3758.2924,3734.5556,3740.9941,11.3039,0.3022,100292856.0,131131078.3979
000300.SH,2017-08-23,3756.0884,3747.6108,3772.4568,3741.7204,3752.298,3.7904,0.101,104961573.0,124081155.7104
000300.SH,2017-08-24,3734.6458,3755.8902,3765.7082,3729.0876,3756.0884,-21.4426,-0.5709,89947372.0,107736019.0913
000300.SH,2017-08-25,3795.7544,3736.2916,3795.9693,3736.2916,3734.6458,61.1086,1.6363,129940900.0,150697083.0619
000300.SH,2017-08-28,3842.7119,3805.6567,3866.9422,3805.6567,3795.7544,46.9575,1.2371,185576325.0,236446280.8554
000300.SH,2017-08-29,3834.5376,3839.1779,3847.9303,3825.7597,3842.7119,-8.1743,-0.2127,128227070.0,158978683.6846
000300.SH,2017-08-30,3834.3005,3834.2682,3854.7062,3827.8607,3834.5376,-0.2371,-0.0062,141352857.0,166235122.0039
000300.SH,2017-08-31,3822.0928,3835.8394,3840.199,3800.8861,3834.3005,-12.2077,-0.3184,132944935.0,157079216.083
000300.SH,2017-09-01,3830.5383,3825.3392,3843.6176,3818.1586,3822.0928,8.4455,0.221,158645511.0,182770431.9668
000300.SH,2017-09-04,3845.6163,3828.5447,3847.0906,3813.5537,3830.5383,15.078,0.3936,149566320.0,175551068.278
000300.SH,2017-09-05,3857.0464,3845.5451,3865.2938,3841.9514,3845.6163,11.4301,0.2972,124964155.0,145779755.314
000300.SH,2017-09-06,3849.4499,3846.7471,3858.2481,3831.3835,3857.0464,-7.5965,-0.197,131398723.0,155883314.7558
000300.SH,2017-09-07,3829.8713,3851.688,3858.1617,3828.835,3849.4499,-19.5786,-0.5086,123884181.0,156113397.1247
000300.SH,2017-09-08,3825.9895,3830.0707,3843.0186,3813.9833,3829.8713,-3.8818,-0.1014,106036504.0,134958583.9827
000300.SH,2017-09-11,3825.6453,3828.3422,3850.7409,3817.5108,3825.9895,-0.3442,-0.009,123883997.0,154793900.7731
000300.SH,2017-09-12,3837.9341,3832.2422,3849.3885,3822.0037,3825.6453,12.2888,0.3212,144190242.0,187605312.0302
000300.SH,2017-09-13,3842.6061,3835.5493,3847.7841,3822.9441,3837.9341,4.672,0.1217,95410785.0,126254360.933
000300.SH,2017-09-14,3829.9554,3843.572,3854.4931,3820.0876,3842.6061,-12.6507,-0.3292,115358583.0,143111639.1519
000300.SH,2017-09-15,3831.2965,3826.1448,3843.297,3818.5234,3829.9554,1.3411,0.035,122427006.0,153477215.1796
000300.SH,2017-09-18,3843.1428,3832.9626,3862.3589,3832.9626,3831.2965,11.8463,0.3092,117934405.0,152841028.4942
000300.SH,2017-09-19,3832.1161,3849.8794,3857.303,3820.2885,3843.1428,-11.0267,-0.2869,112432987.0,145528457.5231
000300.SH,2017-09-20,3842.4353,3830.1549,3850.9426,3827.8858,3832.1161,10.3192,0.2693,101129542.0,135041882.3707
000300.SH,2017-09-21,3837.8176,3843.2577,3860.7977,3837.384,3842.4353,-4.6177,-0.1202,111098192.0,144132893.229
000300.SH,2017-09-22,3837.7304,3826.4589,3842.252,3816.8225,3837.8176,-0.0872,-0.0023,100619802.0,128360894.8589
000300.SH,2017-09-25,3817.7915,3829.219,3835.3894,3811.1192,3837.7304,-19.9389,-0.5195,103948976.0,135980239.1294
000300.SH,2017-09-26,3820.7816,3810.3333,3821.6928,3808.3827,3817.7915,2.9901,0.0783,81869407.0,101036334.8152
000300.SH,2017-09-27,3821.2,3818.9646,3832.566,3818.8147,3820.7816,0.4184,0.011,85655811.0,109299492.2469
000300.SH,2017-09-28,3822.5386,3821.5904,3827.3308,3813.7532,3821.2,1.3386,0.035,93544069.0,115646338.5221
000300.SH,2017-09-29,3836.5013,3825.2021,3852.2236,3825.2021,3822.5386,13.9627,0.3653,93306028.0,116056776.5655
000300.SH,2017-10-09,3882.2076,3910.1149,3918.8391,3876.0322,3836.5013,45.7063,1.1914,135535851.0,171941460.8321
000300.SH,2017-10-10,3889.8637,3883.0037,3900.7418,3855.4666,3882.2076,7.6561,0.1972,112532586.0,157979737.603
000300.SH,2017-10-11,3902.6868,3886.8184,3913.0695,3885.497,3889.8637,12.8231,0.3297,104418151.0,144152740.0562
000300.SH,2017-10-12,3912.9536,3902.0156,3917.4435,3897.5472,3902.6868,10.2668,0.2631,94340921.0,123147248.6178
000300.SH,2017-10-13,3921.0017,3912.975,3927.1744,3908.8885,3912.9536,8.0481,0.2057,90142068.0,114314854.7028
000300.SH,2017-10-16,3913.4462,3926.2754,3947.4239,3913.3224,3921.0017,-7.5555,-0.1927,121355033.0,150823756.5924
000300.SH,2017-10-17,3913.0688,3910.7894,3924.6141,3900.4758,3913.4462,-0.3774,-0.0096,82241227.0,106708451.6844
000300.SH,2017-10-18,3944.1626,3914.8152,3944.4106,3914.8152,3913.0688,31.0938,0.7946,100969841.0,126420379.6596
000300.SH,2017-10-19,3931.2495,3940.5831,3944.0349,3923.6455,3944.1626,-12.9131,-0.3274,106527252.0,133189855.1686
000300.SH,2017-10-20,3926.852,3918.5265,3928.9607,3910.1974,3931.2495,-4.3975,-0.1119,72980180.0,94529636.6394
000300.SH,2017-10-23,3930.7981,3930.8914,3936.2729,3920.6562,3926.852,3.9461,0.1005,81484980.0,100280911.3713
000300.SH,2017-10-24,3959.3953,3926.2299,3959.4951,3922.0288,3930.7981,28.5972,0.7275,93058154.0,120192150.584
000300.SH,2017-10-25,3976.949,3958.1669,3978.0893,3954.0011,3959.3953,17.5537,0.4433,88205458.0,106820309.5352
000300.SH,2017-10-26,3993.5752,3980.0479,4013.5988,3973.5535,3976.949,16.6262,0.4181,129895465.0,170488618.5865
000300.SH,2017-10-27,4021.9676,3992.5539,4024.4645,3991.354,3993.5752,28.3924,0.711,126672846.0,152974831.0709
000300.SH,2017-10-30,4009.7218,4022.1641,4033.3394,3960.2698,4021.9676,-12.2458,-0.3045,157387603.0,193489838.4392
000300.SH,2017-10-31,4006.7179,3995.3935,4009.2828,3983.2565,4009.7218,-3.0039,-0.0749,109178779.0,142897206.9486
000300.SH,2017-11-01,3996.6221,4007.9116,4032.4581,3991.3235,4006.7179,-10.0958,-0.252,130417380.0,166477138.5707
000300.SH,2017-11-02,3997.1343,3994.0946,3999.2262,3971.3761,3996.6221,0.5122,0.0128,126100579.0,151981363.6404
000300.SH,2017-11-03,3992.6979,3992.3496,3999.3373,3963.0263,3997.1343,-4.4364,-0.111,129404439.0,158142056.5854
000300.SH,2017-11-06,4020.8896,3989.1824,4021.6382,3975.4069,3992.6979,28.1917,0.7061,122081159.0,158911861.1114
000300.SH,2017-11-07,4054.2465,4022.4018,4064.2178,4021.3639,4020.8896,33.3569,0.8296,152116663.0,193990974.0322
000300.SH,2017-11-08,4048.0057,4051.4935,4089.1457,4040.5772,4054.2465,-6.2408,-0.1539,150827719.0,200949740.6706
000300.SH,2017-11-09,4075.8998,4043.0663,4076.6102,4038.4004,4048.0057,27.8941,0.6891,121056335.0,159247198.1756
000300.SH,2017-11-10,4111.9112,4070.2763,4116.7142,4067.657,4075.8998,36.0114,0.8835,141817165.0,198869833.8112
000300.SH,2017-11-13,4128.0733,4115.5507,4137.6455,4115.5507,4111.9112,16.1621,0.3931,151446309.0,205930794.5407
000300.SH,2017-11-14,4099.351,4129.2736,4133.5462,4086.8903,4128.0733,-28.7223,-0.6958,143236936.0,199605009.0253
000300.SH,2017-11-15,4073.6696,4084.2131,4102.8071,4055.7167,4099.351,-25.6814,-0.6265,120635696.0,177753075.4364
000300.SH,2017-11-16,4105.0122,4063.4943,4107.617,4062.2734,4073.6696,31.3426,0.7694,121384414.0,172903880.5804
000300.SH,2017-11-17,4120.8508,4094.0787,4122.3756,4081.3723,4105.0122,15.8386,0.3858,191784119.0,253079314.0452
000300.SH,2017-11-20,4143.8334,4093.734,4144.5144,4060.9636,4120.8508,22.9826,0.5577,137447258.0,191589637.4819
000300.SH,2017-11-21,4217.7015,4131.8482,4220.2636,4129.9783,4143.8334,73.8681,1.7826,180350821.0,253302199.6282
000300.SH,2017-11-22,4227.5666,4228.3721,4260.6395,4191.145,4217.7015,9.8651,0.2339,186477003.0,254298361.6895
000300.SH,2017-11-23,4102.3966,4213.3781,4214.1895,4086.9018,4227.5666,-125.17,-2.9608,178147228.0,237536704.7043
000300.SH,2017-11-24,4104.2034,4089.4723,4116.5942,4057.4894,4102.3966,1.8068,0.044,130858040.0,182912191.3667
000300.SH,2017-11-27,4049.9475,4088.9318,4088.9318,4037.1457,4104.2034,-54.2559,-1.322,143455268.0,183004551.2225
000300.SH,2017-11-28,4055.8235,4034.2057,4056.4753,4010.2955,4049.9475,5.876,0.1451,102058095.0,135539647.2893
000300.SH,2017-11-29,4053.7529,4061.3545,4069.2418,4004.687,4055.8235,-2.0706,-0.0511,124553642.0,165743341.2842
000300.SH,2017-11-30,4006.0993,4034.0091,4052.797,3988.0018,4053.7529,-47.6536,-1.1755,107983345.0,145829948.3206
000300.SH,2017-12-01,3998.1365,4003.5604,4027.1064,3984.3776,4006.0993,-7.9628,-0.1988,97386913.0,136010927.5674
000300.SH,2017-12-04,4018.8571,3989.0466,4032.9859,3982.3182,3998.1365,20.7206,0.5183,102647219.0,138223055.5249
000300.SH,2017-12-05,4040.1704,4007.9361,4045.9331,4006.5432,4018.8571,21.3133,0.5303,154087076.0,196337660.2585
000300.SH,2017-12-06,4015.8211,4027.1231,4031.7533,3964.8087,4040.1704,-24.3493,-0.6027,109286205.0,144114954.1804
000300.SH,2017-12-07,3971.0569,4003.5826,4017.9465,3955.9939,4015.8211,-44.7642,-1.1147,90254045.0,119651201.5038
000300.SH,2017-12-08,4003.3792,3962.8288,4014.1387,3955.44,3971.0569,32.3223,0.8139,89282861.0,124371230.3323
000300.SH,2017-12-11,4069.4997,4006.8784,4069.4997,4005.2687,4003.3792,66.1205,1.6516,97148946.0,148476588.4685
000300.SH,2017-12-12,4016.0163,4068.5053,4070.1503,4015.4546,4069.4997,-53.4834,-1.3143,84338718.0,123515183.1819
000300.SH,2017-12-13,4050.0927,4013.8319,4052.6878,4004.7436,4016.0163,34.0764,0.8485,77546131.0,115006383.3603
000300.SH,2017-12-14,4026.1516,4050.9028,4057.6245,4013.8546,4050.0927,-23.9411,-0.5911,80768862.0,115086944.9242
000300.SH,2017-12-15,3980.8558,4018.7313,4020.2668,3974.9277,4026.1516,-45.2958,-1.125,89044389.0,118474144.2309
000300.SH,2017-12-18,3985.2914,3983.2965,4008.0688,3967.9343,3980.8558,4.4356,0.1114,77853375.0,111724349.8564
000300.SH,2017-12-19,4035.3294,3985.8233,4035.6296,3985.8233,3985.2914,50.038,1.2556,77528985.0,115998204.3421
000300.SH,2017-12-20,4030.4898,4036.019,4044.8485,4015.6285,4035.3294,-4.8396,-0.1199,90604503.0,126812878.1237
000300.SH,2017-12-21,4067.8485,4023.076,4080.781,4014.6526,4030.4898,37.3587,0.9269,96836089.0,137819520.8709
000300.SH,2017-12-22,4054.5984,4064.9131,4076.8028,4048.4913,4067.8485,-13.2501,-0.3257,73473684.0,104426496.0222
000300.SH,2017-12-25,4041.5401,4057.4173,4086.9342,4026.4496,4054.5984,-13.0583,-0.3221,91926962.0,129938839.1519
000300.SH,2017-12-26,4053.6224,4040.6173,4056.8554,4015.2996,4041.5401,12.0823,0.299,91118790.0,119725100.6167
000300.SH,2017-12-27,3991.2075,4045.2793,4047.7366,3986.7385,4053.6224,-62.4149,-1.5397,105153577.0,140516907.1024
000300.SH,2017-12-28,4018.8974,3992.997,4036.6975,3980.2358,3991.2075,27.6899,0.6938,118542886.0,153636695.7617
000300.SH,2017-12-29,4030.8549,4022.8826,4043.14,4012.8749,4018.8974,11.9575,0.2975,90486683.0,121257038.5293
000300.SH,2018-01-02,4087.4012,4045.2086,4087.7789,4045.2086,4030.8549,56.5463,1.4028,146935435.0,178402032.8745
000300.SH,2018-01-03,4111.3925,4091.4607,4140.0543,4088.7302,4087.4012,23.9913,0.587,151852218.0,205726889.5556
000300.SH,2018-01-04,4128.8119,4114.1213,4137.642,4105.8858,4111.3925,17.4194,0.4237,134543794.0,174523556.1328
000300.SH,2018-01-05,4138.7505,4133.3439,4151.2818,4123.2817,4128.8119,9.9386,0.2407,149009872.0,185206293.2262
000300.SH,2018-01-08,4160.1595,4140.8545,4166.3182,4127.3081,4138.7505,21.409,0.5173,173877666.0,226403872.9319
000300.SH,2018-01-09,4189.2977,4157.5394,4191.2843,4153.5021,4160.1595,29.1382,0.7004,139034294.0,181975079.7582
000300.SH,2018-01-10,4207.8132,4187.2044,4211.0549,4175.1355,4189.2977,18.5155,0.442,151121666.0,194850253.8859
000300.SH,2018-01-11,4205.5863,4197.1136,4211.799,4181.9572,4207.8132,-2.2269,-0.0529,121578539.0,170407305.9457
000300.SH,2018-01-12,4225.001,4205.1444,4227.3923,4199.0251,4205.5863,19.4147,0.4616,111354794.0,157606210.6347
000300.SH,2018-01-15,4225.2393,4229.8357,4262.9314,4216.3585,4225.001,0.2383,0.0056,170907897.0,234986586.0879
000300.SH,2018-01-16,4258.473,4215.6247,4260.2118,4213.1275,4225.2393,33.2337,0.7866,161494963.0,228271224.7557
000300.SH,2018-01-17,4248.1164,4261.7833,4283.3449,4230.5367,4258.473,-10.3566,-0.2432,214311032.0,284554359.8151
000300.SH,2018-01-18,4271.4168,4259.375,4292.6372,4246.684,4248.1164,23.3004,0.5485,172032846.0,225289688.9089
000300.SH,2018-01-19,4285.395,4281.9371,4316.5714,4269.6167,4271.4168,13.9782,0.3272,209490570.0,258554725.3599
000300.SH,2018-01-22,4336.5974,4276.4811,4338.4832,4275.8977,4285.395,51.2024,1.1948,174643195.0,233960223.3114
000300.SH,2018-01-23,4382.6129,4346.8885,4383.5722,4346.7925,4336.5974,46.0155,1.0611,201867585.0,257113359.8972
000300.SH,2018-01-24,4389.8853,4389.4547,4397.8196,4349.0865,4382.6129,7.2724,0.1659,219818889.0,284470809.5296
000300.SH,2018-01-25,4365.0794,4381.9768,4392.1963,4336.2386,4389.8853,-24.8059,-0.5651,195374950.0,250308091.8703
000300.SH,2018-01-26,4381.2996,4352.2211,4403.3375,4351.4871,4365.0794,16.2202,0.3716,177227237.0,223331309.1217
000300.SH,2018-01-29,4302.0181,4387.0577,4395.9053,4287.1124,4381.2996,-79.2815,-1.8095,191100354.0,256176323.789
000300.SH,2018-01-30,4256.1021,4286.6834,4308.5115,4251.5706,4302.0181,-45.916,-1.0673,139034730.0,186650566.1545
000300.SH,2018-01-31,4275.8986,4234.1101,4287.8576,4232.7727,4256.1021,19.7965,0.4651,145210164.0,194401798.0252
000300.SH,2018-02-01,4245.8978,4276.3425,4287.3888,4214.2909,4275.8986,-30.0008,-0.7016,190002934.0,239230298.9325
000300.SH,2018-02-02,4271.2326,4213.9386,4271.7647,4181.7793,4245.8978,25.3348,0.5967,146066827.0,191169867.2875
000300.SH,2018-02-05,4274.1464,4204.458,4274.1464,4200.1409,4271.2326,2.9138,0.0682,161347799.0,217360144.5043
000300.SH,2018-02-06,4148.8856,4182.3257,4211.5234,4131.5562,4274.1464,-125.2608,-2.9307,214910450.0,279415083.1554
000300.SH,2018-02-07,4050.4972,4205.7365,4212.5677,4048.4228,4148.8856,-98.3884,-2.3714,203127493.0,261507027.3908
000300.SH,2018-02-08,4012.0472,4022.8802,4071.6653,3974.6779,4050.4972,-38.45,-0.9493,159269985.0,199061771.9548
000300.SH,2018-02-09,3840.6527,3896.1691,3911.2917,3759.1463,4012.0472,-171.3945,-4.272,206349828.0,246774828.4312
000300.SH,2018-02-12,3890.1046,3846.2671,3907.843,3828.0697,3840.6527,49.4519,1.2876,116182637.0,149858043.5562
000300.SH,2018-02-13,3935.6324,3925.5955,3986.9807,3925.5955,3890.1046,45.5278,1.1703,112565885.0,144479354.3774
000300.SH,2018-02-14,3966.9614,3945.0943,3971.4041,3923.1267,3935.6324,31.329,0.796,71081338.0,93110201.3897
000300.SH,2018-02-22,4052.7332,4020.9731,4058.7878,4009.9202,3966.9614,85.7718,2.1622,105811571.0,138334361.7347
000300.SH,2018-02-23,4071.0889,4061.7545,4085.2008,4035.2319,4052.7332,18.3557,0.4529,99458746.0,128195835.1942
000300.SH,2018-02-26,4118.4186,4093.3988,4128.7435,4048.9834,4071.0889,47.3297,1.1626,137881001.0,179013093.6049
000300.SH,2018-02-27,4058.9806,4120.8712,4120.8712,4051.8054,4118.4186,-59.438,-1.4432,125934470.0,169684900.9538
000300.SH,2018-02-28,4023.6415,4016.7911,4051.7124,3991.7063,4058.9806,-35.3391,-0.8706,109343593.0,152493909.2617
000300.SH,2018-03-01,4049.0863,3994.8686,4061.0328,3986.8947,4023.6415,25.4448,0.6324,110199852.0,146003456.6632
000300.SH,2018-03-02,4016.461,4014.951,4044.4183,4006.9435,4049.0863,-32.6253,-0.8057,96165000.0,130931181.2006
000300.SH,2018-03-05,4018.097,4021.6575,4042.8346,3995.8715,4016.461,1.636,0.0407,87952548.0,118197859.4515
000300.SH,2018-03-06,4066.5647,4034.9854,4067.5525,3998.9317,4018.097,48.4677,1.2062,138762444.0,171370654.1356
000300.SH,2018-03-07,4036.6536,4063.5028,4089.6964,4027.9363,4066.5647,-29.9111,-0.7355,106952426.0,136572305.5596
000300.SH,2018-03-08,4077.6001,4038.9527,4078.2263,4029.7144,4036.6536,40.9465,1.0144,91155810.0,123634637.1202
000300.SH,2018-03-09,4108.8652,4088.0704,4110.6738,4076.4537,4077.6001,31.2651,0.7668,113701808.0,150024119.6506
000300.SH,2018-03-12,4127.6662,4130.7082,4139.5259,4112.7658,4108.8652,18.801,0.4576,140906739.0,190367593.7855
000300.SH,2018-03-13,4091.2533,4124.3312,4130.2829,4087.5629,4127.6662,-36.4129,-0.8822,111766430.0,141174160.6375
000300.SH,2018-03-14,4073.3447,4076.0626,4089.0942,4066.4896,4091.2533,-17.9086,-0.4377,99013409.0,131537959.3701
000300.SH,2018-03-15,4096.1627,4058.7058,4098.989,4058.7058,4073.3447,22.818,0.5602,88161156.0,126882452.7017
000300.SH,2018-03-16,4056.4226,4096.8857,4110.0451,4055.822,4096.1627,-39.7401,-0.9702,84896188.0,122125342.0269
000300.SH,2018-03-19,4074.2479,4054.6167,4074.518,4033.5216,4056.4226,17.8253,0.4394,81502882.0,118183815.1404
000300.SH,2018-03-20,4077.7041,4045.7428,4080.1925,4040.308,4074.2479,3.4562,0.0848,80605280.0,111980234.0311
000300.SH,2018-03-21,4061.0502,4097.0243,4110.1158,4046.2408,4077.7041,-16.6539,-0.4084,97609488.0,139330411.8713
000300.SH,2018-03-22,4020.349,4062.0668,4072.3771,4003.721,4061.0502,-40.7012,-1.0022,89095259.0,127664337.9899
000300.SH,2018-03-23,3904.9355,3896.7359,3928.5114,3834.9373,4020.349,-115.4135,-2.8707,180080449.0,218905031.3167
000300.SH,2018-03-26,3879.893,3862.6948,3883.901,3829.9155,3904.9355,-25.0425,-0.6413,115139128.0,156604527.2274
000300.SH,2018-03-27,3913.2689,3927.492,3936.778,3881.8726,3879.893,33.3759,0.8602,113700711.0,162291546.5731
000300.SH,2018-03-28,3842.7155,3865.0454,3907.2811,3835.8825,3913.2689,-70.5534,-1.8029,101494908.0,155848951.0574
000300.SH,2018-03-29,3894.0498,3854.5914,3913.9578,3794.2617,3842.7155,51.3343,1.3359,116629066.0,164996782.981
000300.SH,2018-03-30,3898.4977,3893.7468,3915.3473,3879.2128,3894.0498,4.4479,0.1142,97512270.0,137959280.4545
000300.SH,2018-04-02,3886.9189,3897.0052,3937.0183,3882.8856,3898.4977,-11.5788,-0.297,111242666.0,159356080.0379
000300.SH,2018-04-03,3862.4796,3850.1546,3878.1504,3839.9333,3886.9189,-24.4393,-0.6288,95137369.0,132049936.1052
000300.SH,2018-04-04,3854.8625,3873.6267,3898.6126,3852.4958,3862.4796,-7.6171,-0.1972,88730609.0,131593067.9376
000300.SH,2018-04-09,3852.9292,3851.9548,3870.6736,3827.4133,3854.8625,-1.9333,-0.0502,84105462.0,118167273.5094
000300.SH,2018-04-10,3927.1729,3860.7225,3927.4247,3851.7957,3852.9292,74.2437,1.9269,106173722.0,137941300.225
000300.SH,2018-04-11,3938.3434,3934.1698,3958.7071,3924.9603,3927.1729,11.1705,0.2844,111933021.0,139989290.6296
000300.SH,2018-04-12,3898.6354,3935.673,3937.7837,3896.1789,3938.3434,-39.708,-1.0082,82699490.0,108075565.4755
000300.SH,2018-04-13,3871.1443,3920.7375,3929.952,3866.186,3898.6354,-27.4911,-0.7051,71544203.0,98921826.9693
000300.SH,2018-04-16,3808.863,3862.4738,3869.156,3789.6121,3871.1443,-62.2813,-1.6089,99217770.0,131566866.8678
000300.SH,2018-04-17,3748.6412,3812.8746,3822.6264,3745.4442,3808.863,-60.2218,-1.5811,90610790.0,126518751.9717
000300.SH,2018-04-18,3766.282,3785.3059,3789.6591,3708.1068,3748.6412,17.6408,0.4706,106676706.0,143077676.0037
000300.SH,2018-04-19,3811.843,3774.784,3824.0321,3767.7974,3766.282,45.561,1.2097,99054060.0,127520121.5617
000300.SH,2018-04-20,3760.8543,3801.2075,3815.444,3750.1033,3811.843,-50.9887,-1.3376,99282925.0,123550664.5408
000300.SH,2018-04-23,3766.3257,3754.6896,3787.3951,3735.1842,3760.8543,5.4714,0.1455,90356291.0,111763031.4996
000300.SH,2018-04-24,3843.4886,3769.8787,3854.4292,3769.8787,3766.3257,77.1629,2.0488,114219525.0,145700512.7911
000300.SH,2018-04-25,3828.7015,3824.5929,3838.6921,3817.032,3843.4886,-14.7871,-0.3847,78172612.0,105750449.4516
000300.SH,2018-04-26,3755.4941,3823.3921,3828.7129,3744.8852,3828.7015,-73.2074,-1.9121,87150641.0,125772304.5152
000300.SH,2018-04-27,3756.8765,3771.0369,3776.9751,3714.6444,3755.4941,1.3824,0.0368,89531726.0,142113627.6002
000300.SH,2018-05-02,3763.6461,3769.9251,3787.3025,3744.5475,3756.8765,6.7696,0.1802,83301035.0,120083483.2903
000300.SH,2018-05-03,3793.0001,3756.1657,3797.5269,3732.3718,3763.6461,29.354,0.7799,93961118.0,122740168.8641
000300.SH,2018-05-04,3774.5981,3784.3161,3801.5243,3770.9389,3793.0001,-18.402,-0.4852,71554288.0,98315254.609
000300.SH,2018-05-07,3834.1877,3782.5404,3834.5872,3776.0296,3774.5981,59.5896,1.5787,87286195.0,126354800.8106
000300.SH,2018-05-08,3878.6767,3834.6141,3892.0732,3833.729,3834.1877,44.489,1.1603,94215157.0,135445862.5285
000300.SH,2018-05-09,3871.6152,3876.1296,3878.9382,3855.7392,3878.6767,-7.0615,-0.1821,66712966.0,92322896.2711
000300.SH,2018-05-10,3893.0565,3882.8357,3894.4902,3867.3084,3871.6152,21.4413,0.5538,70667809.0,103255140.5845
000300.SH,2018-05-11,3872.8383,3902.1481,3903.3378,3871.9523,3893.0565,-20.2182,-0.5193,73356604.0,107715457.0403
000300.SH,2018-05-14,3909.2933,3886.8736,3919.2999,3886.8736,3872.8383,36.455,0.9413,81975999.0,122520047.9947
000300.SH,2018-05-15,3924.0975,3920.1395,3924.3427,3892.9198,3909.2933,14.8042,0.3787,76049555.0,106091905.8451
000300.SH,2018-05-16,3892.8442,3909.8183,3923.3433,3889.1877,3924.0975,-31.2533,-0.7964,71913646.0,106533930.2654
000300.SH,2018-05-17,3864.0507,3895.4895,3899.5137,3858.8525,3892.8442,-28.7935,-0.7397,59030123.0,87104164.68
000300.SH,2018-05-18,3903.0637,3860.1644,3903.0637,3841.896,3864.0507,39.013,1.0096,72613956.0,96823851.8086
000300.SH,2018-05-21,3921.2421,3925.5394,3937.4607,3913.6046,3903.0637,18.1784,0.4657,92641737.0,120528726.0193
000300.SH,2018-05-22,3906.2081,3918.8153,3918.8153,3881.169,3921.2421,-15.034,-0.3834,75368778.0,102883344.8968
000300.SH,2018-05-23,3854.5825,3898.2683,3898.2683,3854.5825,3906.2081,-51.6256,-1.3216,83722319.0,110684503.2059
000300.SH,2018-05-24,3827.217,3853.2916,3859.1034,3823.9235,3854.5825,-27.3655,-0.7099,68345022.0,93408219.637
000300.SH,2018-05-25,3816.498,3823.7448,3841.1244,3804.1349,3827.217,-10.719,-0.2801,70836386.0,95667543.8266
000300.SH,2018-05-28,3833.2599,3816.2649,3846.5525,3799.3207,3816.498,16.7619,0.4392,71521132.0,100001639.0471
000300.SH,2018-05-29,3804.0093,3824.1909,3841.7794,3800.6749,3833.2599,-29.2506,-0.7631,81552662.0,117288580.5815
000300.SH,2018-05-30,3723.3724,3755.1764,3767.8872,3722.0719,3804.0093,-80.6369,-2.1198,87913285.0,115858975.8101
000300.SH,2018-05-31,3802.3759,3749.2954,3804.7919,3742.5287,3723.3724,79.0035,2.1218,92666894.0,130545422.1798
000300.SH,2018-06-01,3770.5891,3789.6716,3802.5366,3753.8395,3802.3759,-31.7868,-0.836,77821813.0,105934865.8633
000300.SH,2018-06-04,3807.5781,3785.1869,3813.4065,3776.6185,3770.5891,36.989,0.981,76624341.0,115146468.4504
000300.SH,2018-06-05,3845.3164,3811.2852,3845.5648,3800.9256,3807.5781,37.7383,0.9911,78687360.0,121261467.2243
000300.SH,2018-06-06,3837.3511,3839.683,3848.3295,3830.8956,3845.3164,-7.9653,-0.2071,73117237.0,107142041.766
000300.SH,2018-06-07,3831.0128,3846.9367,3859.8476,3827.6874,3837.3511,-6.3383,-0.1652,80256147.0,112365710.7022
000300.SH,2018-06-08,3779.6159,3819.4477,3819.4607,3759.2717,3831.0128,-51.3969,-1.3416,83337335.0,107818798.3212
000300.SH,2018-06-11,3779.9818,3770.208,3792.548,3756.5148,3779.6159,0.3659,0.0097,68709834.0,105597924.649
000300.SH,2018-06-12,3825.9534,3783.1858,3830.471,3765.2644,3779.9818,45.9716,1.2162,73206244.0,116217139.6145
000300.SH,2018-06-13,3788.3391,3814.6174,3817.4528,3782.0728,3825.9534,-37.6143,-0.9831,66377970.0,97185498.9203
000300.SH,2018-06-14,3773.3655,3774.6396,3808.1616,3759.2484,3788.3391,-14.9736,-0.3953,68471322.0,99234014.9842
000300.SH,2018-06-15,3753.4338,3763.0405,3780.3368,3737.4282,3773.3655,-19.9317,-0.5282,85488893.0,109534900.8466
000300.SH,2018-06-19,3621.1166,3702.6681,3712.8162,3583.0208,3753.4338,-132.3172,-3.5252,160706542.0,193848797.2926
000300.SH,2018-06-20,3635.4436,3602.5512,3649.3359,3578.1743,3621.1166,14.327,0.3957,86718098.0,112804812.7857
000300.SH,2018-06-21,3592.965,3633.5558,3673.5625,3589.4899,3635.4436,-42.4786,-1.1685,93908552.0,115584149.0279
000300.SH,2018-06-22,3608.9046,3567.8939,3609.0751,3542.4564,3592.965,15.9396,0.4436,75117864.0,89687282.0527
000300.SH,2018-06-25,3560.4777,3625.7984,3631.0253,3559.0343,3608.9046,-48.4269,-1.3419,79877078.0,106690345.3165
000300.SH,2018-06-26,3531.1112,3521.5876,3541.782,3478.2134,3560.4777,-29.3665,-0.8248,84985269.0,108132167.3463
000300.SH,2018-06-27,3459.2621,3525.1323,3537.6569,3441.785,3531.1112,-71.8491,-2.0347,81491817.0,107628896.5816
000300.SH,2018-06-28,3423.5255,3434.9441,3477.0565,3416.9476,3459.2621,-35.7366,-1.0331,75918051.0,98570527.3452
000300.SH,2018-06-29,3510.9845,3431.9619,3512.3834,3425.2159,3423.5255,87.459,2.5546,77257031.0,97616367.2991
000300.SH,2018-07-02,3407.9638,3504.4571,3506.8996,3383.5006,3510.9845,-103.0207,-2.9342,84351449.0,107601540.6591
000300.SH,2018-07-03,3409.2801,3410.4767,3422.0398,3319.2889,3407.9638,1.3163,0.0386,95278693.0,129898019.3472
000300.SH,2018-07-04,3363.7473,3398.7788,3418.3311,3359.0861,3409.2801,-45.5328,-1.3356,75157997.0,93648559.0889
000300.SH,2018-07-05,3342.4379,3365.5547,3398.4852,3330.7113,3363.7473,-21.3094,-0.6335,81587981.0,97544619.5903
000300.SH,2018-07-06,3365.1227,3347.0624,3396.2458,3295.7296,3342.4379,22.6848,0.6787,86097579.0,109481942.5011
000300.SH,2018-07-09,3459.1837,3378.9056,3459.3153,3378.9056,3365.1227,94.061,2.7952,76601545.0,100918863.6793
000300.SH,2018-07-10,3467.5155,3464.9064,3474.1396,3437.2706,3459.1837,8.3318,0.2409,69548823.0,90127445.7278
000300.SH,2018-07-11,3407.5297,3398.9265,3427.5705,3375.1441,3467.5155,-59.9858,-1.7299,72040950.0,89661507.129
000300.SH,2018-07-12,3481.0559,3403.3302,3499.097,3403.3302,3407.5297,73.5262,2.1578,96353564.0,117805514.7931
000300.SH,2018-07-13,3492.6897,3488.4966,3499.7643,3474.9123,3481.0559,11.6338,0.3342,72955897.0,99800184.9244
000300.SH,2018-07-16,3472.0859,3488.967,3506.2355,3459.7312,3492.6897,-20.6038,-0.5899,68281999.0,90754288.0806
000300.SH,2018-07-17,3449.3773,3466.4236,3467.1852,3420.9714,3472.0859,-22.7086,-0.654,61983076.0,85720563.654
000300.SH,2018-07-18,3431.3227,3456.6065,3479.2635,3430.1563,3449.3773,-18.0546,-0.5234,66530330.0,88556873.1947
000300.SH,2018-07-19,3428.343,3444.8032,3466.5056,3417.9627,3431.3227,-2.9797,-0.0868,68477716.0,88804907.8053
000300.SH,2018-07-20,3492.8938,3426.4558,3505.928,3398.9532,3428.343,64.5508,1.8829,101984727.0,122196953.8153
000300.SH,2018-07-23,3525.7503,3471.8555,3527.5335,3464.6475,3492.8938,32.8565,0.9407,119036627.0,143960930.6817
000300.SH,2018-07-24,3581.7057,3530.6641,3596.5128,3530.6641,3525.7503,55.9554,1.587,156912435.0,177448954.0188
000300.SH,2018-07-25,3577.7522,3589.5055,3589.9841,3566.314,3581.7057,-3.9535,-0.1104,96758501.0,112176694.173
000300.SH,2018-07-26,3536.2456,3583.3173,3593.9227,3528.6442,3577.7522,-41.5066,-1.1601,90349641.0,105577285.1886
000300.SH,2018-07-27,3521.2269,3533.7714,3545.4058,3512.7034,3536.2456,-15.0187,-0.4247,70178104.0,81192174.9024
000300.SH,2018-07-30,3515.0794,3520.8538,3550.902,3489.5494,3521.2269,-6.1475,-0.1746,82116995.0,96183097.6011
000300.SH,2018-07-31,3517.6568,3510.4744,3528.154,3493.1545,3515.0794,2.5774,0.0733,67980817.0,80022152.1087
000300.SH,2018-08-01,3447.3882,3530.0298,3543.606,3446.7765,3517.6568,-70.2686,-1.9976,90348617.0,107477214.8655
000300.SH,2018-08-02,3370.9579,3434.3516,3434.3516,3322.096,3447.3882,-76.4303,-2.217,101308727.0,122401283.6234
000300.SH,2018-08-03,3315.2839,3366.6637,3381.3417,3315.2008,3370.9579,-55.674,-1.6516,70796910.0,91395987.1514
000300.SH,2018-08-06,3273.2728,3312.8153,3344.246,3257.6856,3315.2839,-42.0111,-1.2672,77975083.0,97517991.0215
000300.SH,2018-08-07,3368.8695,3284.9785,3368.962,3263.4986,3273.2728,95.5967,2.9205,91783916.0,107512223.9508
000300.SH,2018-08-08,3314.5075,3362.1485,3368.1602,3311.7694,3368.8695,-54.362,-1.6137,79284865.0,90958912.0127
000300.SH,2018-08-09,3397.5298,3303.4765,3408.3911,3299.6157,3314.5075,83.0223,2.5048,91957572.0,108802315.1816
000300.SH,2018-08-10,3405.0191,3398.4139,3424.0411,3380.5731,3397.5298,7.4893,0.2204,68967299.0,85634522.1361
000300.SH,2018-08-13,3390.3441,3369.9812,3396.1883,3336.6956,3405.0191,-14.675,-0.431,76191532.0,90869290.8637
000300.SH,2018-08-14,3372.9137,3386.4832,3391.729,3356.6142,3390.3441,-17.4304,-0.5141,60651446.0,72121992.6101
000300.SH,2018-08-15,3291.976,3371.959,3372.1369,3288.7088,3372.9137,-80.9377,-2.3996,68174055.0,83402193.9172
000300.SH,2018-08-16,3276.7276,3251.8556,3315.2031,3231.5561,3291.976,-15.2484,-0.4632,76547366.0,89269175.6628
000300.SH,2018-08-17,3229.6198,3305.8954,3311.5729,3224.0999,3276.7276,-47.1078,-1.4376,67395413.0,84452452.5376
000300.SH,2018-08-20,3267.2498,3238.215,3267.2498,3209.0115,3229.6198,37.63,1.1652,70904228.0,88963382.6019
000300.SH,2018-08-21,3326.6489,3271.8402,3331.7077,3270.0302,3267.2498,59.3991,1.818,75205583.0,97925840.4415
000300.SH,2018-08-22,3307.9545,3328.9693,3328.9693,3299.3938,3326.6489,-18.6944,-0.562,50787057.0,66548536.1844
000300.SH,2018-08-23,3320.0257,3308.4589,3336.1123,3285.8141,3307.9545,12.0712,0.3649,61112334.0,80212785.5576
000300.SH,2018-08-24,3325.3347,3308.4778,3353.0445,3291.8654,3320.0257,5.309,0.1599,63765897.0,77197847.8517
000300.SH,2018-08-27,3406.5735,3339.3894,3406.5735,3339.2646,3325.3347,81.2388,2.443,94270082.0,114960964.5508
000300.SH,2018-08-28,3400.1705,3408.1502,3416.5929,3388.8143,3406.5735,-6.403,-0.188,75445363.0,94945949.81
000300.SH,2018-08-29,3386.5736,3393.0527,3398.7139,3377.1231,3400.1705,-13.5969,-0.3999,67020404.0,79072300.2128
000300.SH,2018-08-30,3351.0942,3385.8052,3402.5626,3349.4688,3386.5736,-35.4794,-1.0476,68385290.0,80226052.6518
000300.SH,2018-08-31,3334.5036,3333.3801,3356.5757,3310.8726,3351.0942,-16.5906,-0.4951,76205630.0,96091892.8575
000300.SH,2018-09-03,3321.8248,3320.6898,3325.607,3291.7842,3334.5036,-12.6788,-0.3802,66429855.0,81305681.4531
000300.SH,2018-09-04,3363.8984,3324.186,3370.963,3307.9585,3321.8248,42.0736,1.2666,67088807.0,85892034.8743
000300.SH,2018-09-05,3298.1412,3349.6983,3354.1991,3298.1412,3363.8984,-65.7572,-1.9548,64301888.0,80656675.2167
000300.SH,2018-09-06,3262.8808,3286.6645,3311.4973,3253.7552,3298.1412,-35.2604,-1.0691,62300288.0,79373138.2159
000300.SH,2018-09-07,3277.6438,3273.8906,3316.6149,3253.725,3262.8808,14.763,0.4525,63947408.0,81263439.9903
000300.SH,2018-09-10,3230.0681,3271.3818,3277.884,3227.8481,3277.6438,-47.5757,-1.4515,63817051.0,76175580.3369
000300.SH,2018-09-11,3224.2116,3229.7052,3245.617,3209.1121,3230.0681,-5.8565,-0.1813,58491305.0,67722118.9233
000300.SH,2018-09-12,3202.0248,3216.9911,3225.6014,3194.9785,3224.2116,-22.1868,-0.6881,54627899.0,68887020.0559
000300.SH,2018-09-13,3236.5662,3239.6852,3249.593,3191.3975,3202.0248,34.5414,1.0787,67290327.0,85887962.1126
000300.SH,2018-09-14,3242.0902,3242.8307,3254.1043,3227.9439,3236.5662,5.524,0.1707,60130640.0,76481211.9559
000300.SH,2018-09-17,3204.9224,3224.9267,3230.7878,3200.5096,3242.0902,-37.1678,-1.1464,52259547.0,60650940.9076
000300.SH,2018-09-18,3269.4319,3193.6423,3270.107,3193.6423,3204.9224,64.5095,2.0128,70425035.0,83899137.593
000300.SH,2018-09-19,3312.4823,3261.997,3335.9913,3258.3097,3269.4319,43.0504,1.3168,89170666.0,109395423.8377
000300.SH,2018-09-20,3310.1258,3314.8758,3332.3093,3303.073,3312.4823,-2.3565,-0.0711,64561057.0,76660845.175
000300.SH,2018-09-21,3410.4856,3320.6958,3410.4856,3307.767,3310.1258,100.3598,3.0319,108416005.0,123573117.8582
000300.SH,2018-09-25,3379.8043,3375.9717,3394.3771,3367.0253,3410.4856,-30.6813,-0.8996,69054693.0,82870029.9331
000300.SH,2018-09-26,3417.2413,3388.5576,3448.2595,3383.2352,3379.8043,37.437,1.1077,93173343.0,119113319.0893
000300.SH,2018-09-27,3403.5902,3415.9532,3423.71,3394.732,3417.2413,-13.6511,-0.3995,69765241.0,87573300.8449
000300.SH,2018-09-28,3438.8649,3409.9598,3444.9884,3404.6973,3403.5902,35.2747,1.0364,84377756.0,94880274.5716
000300.SH,2018-10-08,3290.8988,3361.5594,3364.4641,3285.253,3438.8649,-147.9661,-4.3028,97888989.0,114164218.3823
000300.SH,2018-10-09,3288.6906,3290.1705,3309.7978,3276.1322,3290.8988,-2.2082,-0.0671,66723274.0,78372941.3448
000300.SH,2018-10-10,3281.5978,3295.4288,3315.731,3256.5815,3288.6906,-7.0928,-0.2157,64492828.0,79166808.5848
000300.SH,2018-10-11,3124.1139,3179.5408,3209.5202,3099.0402,3281.5978,-157.4839,-4.799,120941342.0,125723084.4862
000300.SH,2018-10-12,3170.7262,3123.3715,3184.122,3094.9657,3124.1139,46.6123,1.492,98611151.0,104423076.6228
000300.SH,2018-10-15,3126.4516,3173.8467,3183.1297,3120.2306,3170.7262,-44.2746,-1.3964,69605023.0,77137696.8003
000300.SH,2018-10-16,3100.9738,3128.5764,3166.0918,3089.3668,3126.4516,-25.4778,-0.8149,68887721.0,75206470.956
000300.SH,2018-10-17,3118.2463,3140.6838,3149.1344,3062.554,3100.9738,17.2725,0.557,76837138.0,86132695.9133
000300.SH,2018-10-18,3044.3918,3097.7903,3097.7903,3043.3817,3118.2463,-73.8545,-2.3685,73771968.0,79703731.9185
000300.SH,2018-10-19,3134.9455,3017.7488,3137.7475,3009.4983,3044.3918,90.5537,2.9744,98839688.0,110951369.1221
000300.SH,2018-10-22,3270.2732,3159.5614,3297.3803,3159.5614,3134.9455,135.3277,4.3167,145862045.0,170651306.178
000300.SH,2018-10-23,3183.4257,3273.1271,3276.0205,3163.5704,3270.2732,-86.8475,-2.6557,121013241.0,142589176.8146
000300.SH,2018-10-24,3188.2018,3169.4571,3245.3971,3164.293,3183.4257,4.7761,0.15,110909744.0,120954387.2884
000300.SH,2018-10-25,3194.3084,3107.8402,3197.3212,3099.8887,3188.2018,6.1066,0.1915,106951817.0,113291746.4299
000300.SH,2018-10-26,3173.635,3204.2845,3218.1021,3151.9244,3194.3084,-20.6734,-0.6472,101299354.0,106070366.7599
000300.SH,2018-10-29,3076.8889,3157.4879,3158.8114,3062.5803,3173.635,-96.7461,-3.0484,91839789.0,108479490.2108
000300.SH,2018-10-30,3110.2605,3061.93,3146.6276,3050.7709,3076.8889,33.3716,1.0846,116070101.0,131767102.7185
000300.SH,2018-10-31,3153.8234,3116.6582,3168.9187,3106.0279,3110.2605,43.5629,1.4006,111207455.0,117099697.8359
000300.SH,2018-11-01,3177.0338,3185.202,3217.8034,3173.0992,3153.8234,23.2104,0.7359,132653379.0,145919304.2801
000300.SH,2018-11-02,3290.2455,3258.6093,3290.2455,3222.4354,3177.0338,113.2117,3.5634,153466104.0,178340643.4105
000300.SH,2018-11-05,3262.8351,3269.4695,3279.8781,3230.3632,3290.2455,-27.4104,-0.8331,109706683.0,123630922.6886
000300.SH,2018-11-06,3243.1504,3254.9778,3254.9778,3213.895,3262.8351,-19.6847,-0.6033,83869138.0,91703898.0554
000300.SH,2018-11-07,3221.9101,3243.8775,3270.5003,3218.4219,3243.1504,-21.2403,-0.6549,91615528.0,101814918.9745
000300.SH,2018-11-08,3212.7737,3251.7281,3253.5735,3207.7084,3221.9101,-9.1364,-0.2836,76414540.0,85221664.741
000300.SH,2018-11-09,3167.4442,3193.3039,3193.3039,3166.3106,3212.7737,-45.3295,-1.4109,84282762.0,88194192.2017
000300.SH,2018-11-12,3205.1407,3160.2465,3206.5127,3152.4399,3167.4442,37.6965,1.1901,88062391.0,97363052.0315
000300.SH,2018-11-13,3237.3823,3164.9222,3254.7684,3161.0979,3205.1407,32.2416,1.0059,126493464.0,125603047.2652
000300.SH,2018-11-14,3204.9427,3233.6409,3239.2448,3200.2285,3237.3823,-32.4396,-1.002,113808659.0,105386565.9683
000300.SH,2018-11-15,3242.3715,3201.2814,3242.3836,3198.7814,3204.9427,37.4288,1.1678,98558810.0,100119192.3323
000300.SH,2018-11-16,3257.6735,3242.879,3282.39,3223.7215,3242.3715,15.302,0.4719,126876835.0,135379803.9185
000300.SH,2018-11-19,3294.6031,3258.7919,3294.6031,3251.0665,3257.6735,36.9296,1.1336,115956595.0,123188777.5922
000300.SH,2018-11-20,3218.4076,3268.0768,3278.7845,3213.6833,3294.6031,-76.1955,-2.3127,109361154.0,114155066.8062
000300.SH,2018-11-21,3226.4918,3187.1025,3230.2578,3185.2393,3218.4076,8.0842,0.2512,84119726.0,87813273.9084
000300.SH,2018-11-22,3214.4273,3232.9731,3235.4524,3199.6981,3226.4918,-12.0645,-0.3739,65098291.0,70083372.6145
000300.SH,2018-11-23,3143.4752,3208.593,3212.1952,3139.3857,3214.4273,-70.9521,-2.2073,84638255.0,86864946.1839
000300.SH,2018-11-26,3141.2434,3148.6721,3169.4418,3131.636,3143.4752,-2.2318,-0.071,59379140.0,61899479.5989
000300.SH,2018-11-27,3137.2413,3152.7743,3162.0121,3126.289,3141.2434,-4.0021,-0.1274,55407832.0,61946261.1102
000300.SH,2018-11-28,3178.9326,3137.7477,3179.4108,3126.6179,3137.2413,41.6913,1.3289,74881955.0,77620553.1133
000300.SH,2018-11-29,3137.6542,3198.8259,3204.8565,3137.6542,3178.9326,-41.2784,-1.2985,80498466.0,86927611.8832
000300.SH,2018-11-30,3172.69,3136.1962,3175.154,3132.423,3137.6542,35.0358,1.1166,70921044.0,77297697.6841
000300.SH,2018-12-03,3260.9502,3260.6862,3273.6397,3228.3611,3172.69,88.2602,2.7819,121487157.0,145828416.4899
000300.SH,2018-12-04,3267.7095,3256.2282,3267.94,3243.6951,3260.9502,6.7593,0.2073,79415039.0,90543600.2738
000300.SH,2018-12-05,3252.0041,3224.2556,3266.9039,3219.9785,3267.7095,-15.7054,-0.4806,76153052.0,90909093.8299
000300.SH,2018-12-06,3181.673,3218.113,3223.5219,3179.8948,3252.0041,-70.3311,-2.1627,76328771.0,95678883.4439
000300.SH,2018-12-07,3181.5646,3187.4919,3193.8191,3176.7061,3181.673,-0.1084,-0.0034,53361924.0,66323970.6569
000300.SH,2018-12-10,3144.7631,3153.5228,3170.1523,3134.3845,3181.5646,-36.8015,-1.1567,63437273.0,73717204.7332
000300.SH,2018-12-11,3159.8158,3148.2256,3161.9557,3143.6072,3144.7631,15.0527,0.4787,53223877.0,60014969.7789
000300.SH,2018-12-12,3170.6092,3181.566,3182.2107,3160.2784,3159.8158,10.7934,0.3416,53309914.0,60536223.4736
000300.SH,2018-12-13,3219.6924,3178.891,3234.0817,3169.4234,3170.6092,49.0832,1.5481,90442755.0,103375478.6369
000300.SH,2018-12-14,3165.9109,3207.3481,3210.7221,3165.9109,3219.6924,-53.7815,-1.6704,84301250.0,91576900.5048
000300.SH,2018-12-17,3161.1966,3158.2844,3167.5125,3134.3653,3165.9109,-4.7143,-0.1489,66497007.0,77151490.8577
000300.SH,2018-12-18,3128.4265,3139.9493,3165.0018,3114.4684,3161.1966,-32.7701,-1.0366,63820319.0,72035451.4
000300.SH,2018-12-19,3091.1255,3133.7416,3137.0099,3086.7579,3128.4265,-37.301,-1.1923,55522299.0,67872922.4225
000300.SH,2018-12-20,3067.4169,3083.5441,3097.7202,3044.2929,3091.1255,-23.7086,-0.767,69749463.0,78181426.5037
000300.SH,2018-12-21,3029.3951,3055.3258,3057.4007,3007.6096,3067.4169,-38.0218,-1.2395,76758101.0,84824064.7533
000300.SH,2018-12-24,3038.1981,3015.4974,3040.3524,3007.3292,3029.3951,8.803,0.2906,57299615.0,63880740.6054
000300.SH,2018-12-25,3017.2815,3006.8787,3030.1418,2964.875,3038.1981,-20.9166,-0.6885,78689425.0,80413567.3074
000300.SH,2018-12-26,3002.0327,3012.869,3029.0608,2996.4829,3017.2815,-15.2488,-0.5054,55647032.0,58574968.998
000300.SH,2018-12-27,2990.5057,3042.9491,3047.2348,2990.5057,3002.0327,-11.527,-0.384,80541785.0,81159269.9741
000300.SH,2018-12-28,3010.6536,2994.795,3024.3525,2984.8177,2990.5057,20.1479,0.6737,71053779.0,78145310.042
000300.SH,2019-01-02,2969.5353,3017.0674,3018.7759,2958.4883,3010.6536,-41.1183,-1.3658,68663021.0,76105571.2778
000300.SH,2019-01-03,2964.8421,2963.0186,3000.4413,2953.2548,2969.5353,-4.6932,-0.158,70867103.0,76664797.3934
000300.SH,2019-01-04,3035.8741,2940.1916,3036.8147,2935.8295,2964.8421,71.032,2.3958,103318972.0,107141037.0881
000300.SH,2019-01-07,3054.303,3055.1535,3061.749,3035.9123,3035.8741,18.4289,0.607,101164359.0,105703940.7906
000300.SH,2019-01-08,3047.7035,3049.8747,3055.51,3038.5339,3054.303,-6.5995,-0.2161,86170585.0,79628882.6642
000300.SH,2019-01-09,3078.4759,3065.2307,3117.9614,3062.8474,3047.7035,30.7724,1.0097,107364350.0,117129678.9057
000300.SH,2019-01-10,3072.6864,3077.4817,3092.5411,3062.5721,3078.4759,-5.7895,-0.1881,85271756.0,90206871.737
000300.SH,2019-01-11,3094.7782,3082.2615,3102.8333,3071.0264,3072.6864,22.0918,0.719,71786424.0,77420239.5785
000300.SH,2019-01-14,3067.7845,3092.4984,3097.4064,3064.3827,3094.7782,-26.9937,-0.8722,66121702.0,68115969.0945
000300.SH,2019-01-15,3127.9904,3071.5185,3129.3708,3064.6705,3067.7845,60.2059,1.9625,88772962.0,99976891.1441
000300.SH,2019-01-16,3128.6517,3126.1347,3135.0117,3117.2926,3127.9904,0.6613,0.0211,80214341.0,85781591.7911
000300.SH,2019-01-17,3111.4168,3132.6285,3141.7099,3110.0608,3128.6517,-17.2349,-0.5509,80174871.0,82888206.9861
000300.SH,2019-01-18,3168.1739,3124.5025,3171.6864,3120.3458,3111.4168,56.7571,1.8242,103963834.0,106780658.4908
000300.SH,2019-01-21,3185.6364,3170.8773,3199.2134,3170.8773,3168.1739,17.4625,0.5512,93915022.0,105536986.5797
000300.SH,2019-01-22,3143.3171,3181.9494,3181.9494,3135.3378,3185.6364,-42.3193,-1.3284,72990528.0,78150876.3127
000300.SH,2019-01-23,3141.0532,3136.096,3157.6269,3131.8673,3143.3171,-2.2639,-0.072,59870478.0,62669652.004
000300.SH,2019-01-24,3158.7817,3146.6046,3165.6296,3125.3008,3141.0532,17.7285,0.5644,72934636.0,80963877.2187
000300.SH,2019-01-25,3184.4696,3165.1814,3203.1747,3164.4082,3158.7817,25.6879,0.8132,83967729.0,93207954.7478
000300.SH,2019-01-28,3183.7777,3203.1189,3228.8678,3174.7243,3184.4696,-0.6919,-0.0217,82622431.0,97371496.1471
000300.SH,2019-01-29,3193.9698,3177.261,3200.9898,3148.2345,3183.7777,10.1921,0.3201,77658334.0,85943908.59
000300.SH,2019-01-30,3168.4829,3181.6551,3202.896,3167.8934,3193.9698,-25.4869,-0.798,63746517.0,73005123.4471
000300.SH,2019-01-31,3201.6331,3182.6987,3216.0673,3178.0105,3168.4829,33.1502,1.0462,86247839.0,97509924.771
000300.SH,2019-02-01,3247.3971,3225.7335,3247.4956,3207.7168,3201.6331,45.764,1.4294,82019641.0,94766412.7628
000300.SH,2019-02-11,3306.4725,3239.8079,3307.0638,3239.8079,3247.3971,59.0754,1.8192,98818434.0,114752354.8211
000300.SH,2019-02-12,3330.3353,3306.3523,3335.3606,3298.6337,3306.4725,23.8628,0.7217,122232462.0,122834101.0068
000300.SH,2019-02-13,3397.0276,3337.7794,3405.5773,3329.1436,3330.3353,66.6923,2.0026,163828332.0,168866262.062
000300.SH,2019-02-14,3402.1403,3392.8547,3415.3994,3381.9821,3397.0276,5.1127,0.1505,151127290.0,138649287.9707
000300.SH,2019-02-15,3338.7047,3391.242,3395.0294,3335.8705,3402.1403,-63.4356,-1.8646,143668603.0,141555060.9475
000300.SH,2019-02-18,3445.7448,3366.423,3445.7448,3366.423,3338.7047,107.0401,3.206,182886089.0,180449742.5442
000300.SH,2019-02-19,3439.6078,3454.7216,3480.7938,3419.0731,3445.7448,-6.137,-0.1781,179083785.0,185762746.553
000300.SH,2019-02-20,3451.9273,3449.9321,3463.7735,3421.505,3439.6078,12.3195,0.3582,147390311.0,145570263.0699
000300.SH,2019-02-21,3442.7056,3450.1411,3500.2519,3431.631,3451.9273,-9.2217,-0.2671,180143287.0,185197154.7846
000300.SH,2019-02-22,3520.1182,3439.3781,3520.1182,3417.9784,3442.7056,77.4126,2.2486,187237974.0,202869288.7084
000300.SH,2019-02-25,3729.4831,3575.8528,3729.4831,3574.6885,3520.1182,209.3649,5.9477,342557122.0,376382393.4332
000300.SH,2019-02-26,3684.6935,3734.7059,3762.1128,3679.2705,3729.4831,-44.7896,-1.201,358038698.0,387632860.0752
000300.SH,2019-02-27,3678.3921,3682.8116,3737.6317,3638.3334,3684.6935,-6.3014,-0.171,286236007.0,307306148.1388
000300.SH,2019-02-28,3669.3703,3675.2642,3695.4646,3650.0537,3678.3921,-9.0218,-0.2453,184810220.0,206010958.1846
000300.SH,2019-03-01,3749.7143,3699.2157,3749.7143,3668.7653,3669.3703,80.344,2.1896,204711004.0,235620623.4881
000300.SH,2019-03-04,3794.104,3783.0367,3886.5797,3764.7764,3749.7143,44.3897,1.1838,323490126.0,376397284.7059
000300.SH,2019-03-05,3816.0132,3785.3762,3816.1621,3770.7858,3794.104,21.9092,0.5775,230853166.0,261464122.2116
000300.SH,2019-03-06,3848.0903,3822.8588,3855.1556,3787.5225,3816.0132,32.0771,0.8406,318077371.0,331155616.598
000300.SH,2019-03-07,3808.8497,3841.1456,3845.182,3778.8004,3848.0903,-39.2406,-1.0197,329846548.0,359339152.9161
000300.SH,2019-03-08,3657.579,3721.4016,3774.5431,3656.1917,3808.8497,-151.2707,-3.9716,317990077.0,349296691.2269
000300.SH,2019-03-11,3729.9546,3663.9772,3731.9091,3650.8125,3657.579,72.3756,1.9788,230912865.0,268718458.8045
000300.SH,2019-03-12,3755.3519,3758.3151,3804.72,3723.6785,3729.9546,25.3973,0.6809,274926382.0,325180619.7587
000300.SH,2019-03-13,3724.1941,3758.713,3763.0926,3708.8145,3755.3519,-31.1578,-0.8297,233682248.0,286171048.1597
000300.SH,2019-03-14,3698.4858,3710.2934,3747.819,3673.8509,3724.1941,-25.7083,-0.6903,190817237.0,231820149.3895
000300.SH,2019-03-15,3745.005,3713.936,3782.2364,3713.936,3698.4858,46.5192,1.2578,175174544.0,224194362.9247
000300.SH,2019-03-18,3851.7479,3753.6436,3851.7479,3733.6781,3745.005,106.7429,2.8503,216928060.0,276473448.8696
000300.SH,2019-03-19,3833.9626,3856.5885,3868.335,3815.2187,3851.7479,-17.7853,-0.4617,181727110.0,224096889.6337
000300.SH,2019-03-20,3835.4397,3825.3356,3855.1465,3790.5119,3833.9626,1.4771,0.0385,175632090.0,215406993.6015
000300.SH,2019-03-21,3836.8913,3840.2783,3864.0696,3823.4661,3835.4397,1.4516,0.0378,196310310.0,231993445.6015
000300.SH,2019-03-22,3833.8013,3838.1255,3845.5808,3786.5917,3836.8913,-3.09,-0.0805,171356993.0,198518386.3186
000300.SH,2019-03-25,3742.8252,3776.4426,3807.1793,3741.6062,3833.8013,-90.9761,-2.373,198586329.0,223396564.361
000300.SH,2019-03-26,3700.4388,3766.5287,3770.843,3687.5472,3742.8252,-42.3864,-1.1325,173046579.0,196547811.1788
000300.SH,2019-03-27,3743.3878,3724.4058,3750.2642,3703.4508,3700.4388,42.949,1.1606,138758454.0,177507528.4423
000300.SH,2019-03-28,3728.3953,3731.0612,3755.716,3710.0814,3743.3878,-14.9925,-0.4005,133272129.0,172604392.9075
000300.SH,2019-03-29,3872.3412,3739.7739,3876.379,3739.7739,3728.3953,143.9459,3.8608,215639103.0,283022298.6482
000300.SH,2019-04-01,3973.928,3901.1698,3982.9091,3901.1698,3872.3412,101.5868,2.6234,271382704.0,340799403.5731
000300.SH,2019-04-02,3971.2852,3986.3443,3988.0975,3956.5059,3973.928,-2.6428,-0.0665,226000341.0,281892057.021
000300.SH,2019-04-03,4022.1566,3947.8697,4026.4972,3939.7837,3971.2852,50.8714,1.281,231917368.0,284826495.4454
000300.SH,2019-04-04,4062.2309,4039.7415,4072.1138,4021.7055,4022.1566,40.0743,0.9963,260410939.0,313539431.3775
000300.SH,2019-04-08,4057.2286,4097.1027,4122.6034,4017.4887,4062.2309,-5.0023,-0.1231,267505576.0,324670452.5226
000300.SH,2019-04-09,4075.4301,4063.8139,4084.243,4038.2825,4057.2286,18.2015,0.4486,182956808.0,243187913.1279
000300.SH,2019-04-10,4085.847,4062.4425,4115.378,4035.4741,4075.4301,10.4169,0.2556,194687613.0,278282025.0515
000300.SH,2019-04-11,3997.5778,4083.4618,4097.1249,3990.239,4085.847,-88.2692,-2.1604,169049641.0,236259156.7189
000300.SH,2019-04-12,3988.6168,3986.7822,4006.9335,3961.464,3997.5778,-8.961,-0.2242,135862118.0,178795939.0616
000300.SH,2019-04-15,3975.5244,4056.4919,4085.3882,3974.2264,3988.6168,-13.0924,-0.3282,182645571.0,236298721.3908
000300.SH,2019-04-16,4085.7891,3958.0963,4085.7891,3943.4879,3975.5244,110.2647,2.7736,202041966.0,250569206.656
000300.SH,2019-04-17,4087.2398,4080.7172,4106.6158,4057.5032,4085.7891,1.4507,0.0355,180367117.0,228824429.8866
000300.SH,2019-04-18,4072.0753,4085.1148,4094.0533,4056.2356,4087.2398,-15.1645,-0.371,146562123.0,187812687.7665
000300.SH,2019-04-19,4120.6078,4076.2953,4120.6356,4046.2042,4072.0753,48.5325,1.1918,150794910.0,194701690.7626
000300.SH,2019-04-22,4025.6109,4125.9717,4126.0907,4015.4748,4120.6078,-94.9969,-2.3054,189353745.0,244380549.2388
000300.SH,2019-04-23,4019.0053,4021.6277,4061.0858,4005.2832,4025.6109,-6.6056,-0.1641,155611650.0,204121505.8158
000300.SH,2019-04-24,4030.0887,4033.6292,4044.3375,3967.8058,4019.0053,11.0834,0.2758,145498695.0,186497961.6519
000300.SH,2019-04-25,3941.816,4013.6027,4022.5631,3938.3251,4030.0887,-88.2727,-2.1903,159722071.0,197530997.7516
000300.SH,2019-04-26,3889.2748,3921.8909,3943.8331,3887.2525,3941.816,-52.5412,-1.3329,142008068.0,186572137.1273
000300.SH,2019-04-29,3900.3339,3896.5824,3953.2288,3875.452,3889.2748,11.0591,0.2843,153870927.0,203946553.1515
000300.SH,2019-04-30,3913.211,3887.1799,3923.1082,3885.147,3900.3339,12.8771,0.3302,116233376.0,161665923.9237
000300.SH,2019-05-06,3684.6168,3775.0765,3791.6119,3647.1405,3913.211,-228.5942,-5.8416,197472882.0,254115400.0892
000300.SH,2019-05-07,3720.6684,3702.2656,3738.1767,3671.8341,3684.6168,36.0516,0.9784,132847654.0,183659159.1807
000300.SH,2019-05-08,3667.4574,3648.5489,3722.9325,3642.4981,3720.6684,-53.211,-1.4301,112867355.0,145058486.3544
000300.SH,2019-05-09,3599.7001,3637.346,3656.8966,3584.8227,3667.4574,-67.7573,-1.8475,101037394.0,141829095.7595
000300.SH,2019-05-10,3730.4513,3643.0557,3732.9238,3589.2906,3599.7001,130.7512,3.6323,148003847.0,195067170.793
000300.SH,2019-05-13,3668.7255,3675.7597,3702.9012,3658.0004,3730.4513,-61.7258,-1.6546,103391860.0,135053926.7074
000300.SH,2019-05-14,3645.1503,3630.4388,3683.2619,3630.4388,3668.7255,-23.5752,-0.6426,102313460.0,135262868.9079
000300.SH,2019-05-15,3727.0923,3674.9931,3741.0406,3674.9931,3645.1503,81.942,2.248,110161769.0,152534546.7814
000300.SH,2019-05-16,3743.9635,3720.039,3745.1405,3707.9032,3727.0923,16.8712,0.4527,116258274.0,139851940.0573
000300.SH,2019-05-17,3648.7609,3744.8751,3745.3555,3637.5826,3743.9635,-95.2026,-2.5428,128453245.0,154092349.6519
000300.SH,2019-05-20,3617.7924,3635.7357,3644.5,3583.8324,3648.7609,-30.9685,-0.8487,108963477.0,134194262.5835
000300.SH,2019-05-21,3666.7762,3619.4369,3690.0884,3610.6817,3617.7924,48.9838,1.354,111022920.0,133071381.0888
000300.SH,2019-05-22,3649.3796,3663.1533,3679.2727,3634.7479,3666.7762,-17.3966,-0.4744,98346128.0,121775244.1629
000300.SH,2019-05-23,3583.9646,3629.5284,3631.4743,3578.1129,3649.3796,-65.415,-1.7925,99897781.0,125611969.4767
000300.SH,2019-05-24,3593.9139,3584.9016,3623.3904,3580.7853,3583.9646,9.9493,0.2776,80934048.0,101337496.3801
000300.SH,2019-05-27,3637.1971,3592.6027,3648.0267,3556.2567,3593.9139,43.2832,1.2043,108830871.0,133399053.9077
000300.SH,2019-05-28,3672.2605,3633.0182,3683.2306,3627.7878,3637.1971,35.0634,0.964,117886240.0,148966334.6572
000300.SH,2019-05-29,3663.909,3642.5415,3693.2273,3637.3481,3672.2605,-8.3515,-0.2274,93355441.0,120002034.2369
000300.SH,2019-05-30,3641.1833,3648.8495,3650.9718,3612.6248,3663.909,-22.7257,-0.6203,94202561.0,112864079.3049
000300.SH,2019-05-31,3629.7893,3640.9963,3668.1796,3627.5448,3641.1833,-11.394,-0.3129,89222267.0,108264201.3394
000300.SH,2019-06-03,3632.0127,3640.6126,3672.8136,3613.1274,3629.7893,2.2234,0.0613,100723180.0,123902446.4073
000300.SH,2019-06-04,3598.4666,3632.5602,3636.128,3584.4612,3632.0127,-33.5461,-0.9236,87097094.0,109467236.5362
000300.SH,2019-06-05,3597.105,3627.7947,3634.4536,3593.9515,3598.4666,-1.3616,-0.0378,88642020.0,114634228.2388
000300.SH,2019-06-06,3564.6778,3601.0356,3601.0356,3557.0167,3597.105,-32.4272,-0.9015,85534403.0,104367267.7238
000300.SH,2019-06-10,3610.7435,3578.0084,3623.7301,3568.2787,3564.6778,46.0657,1.2923,92375061.0,117346608.9125
000300.SH,2019-06-11,3719.2759,3617.5239,3723.1419,3617.5239,3610.7435,108.5324,3.0058,143482806.0,180899072.3112
000300.SH,2019-06-12,3691.0957,3706.8635,3711.8793,3683.9394,3719.2759,-28.1802,-0.7577,119178853.0,132296097.9054
000300.SH,2019-06-13,3685.3933,3689.5834,3697.5917,3654.2742,3691.0957,-5.7024,-0.1545,96331718.0,110459901.9179
000300.SH,2019-06-14,3654.8799,3690.4763,3709.6521,3650.9096,3685.3933,-30.5134,-0.828,101817004.0,116584260.5754
000300.SH,2019-06-17,3654.8248,3654.4433,3683.7743,3645.4982,3654.8799,-0.0551,-0.0015,72976678.0,93092581.2978
000300.SH,2019-06-18,3667.6185,3661.1299,3675.6452,3638.78,3654.8248,12.7937,0.35,70692266.0,89472839.8483
000300.SH,2019-06-19,3715.9381,3761.3381,3771.347,3715.1331,3667.6185,48.3196,1.3175,125595715.0,172574177.7916
000300.SH,2019-06-20,3828.5183,3718.9416,3845.7912,3717.1857,3715.9381,112.5802,3.0297,168872073.0,227726981.9663
000300.SH,2019-06-21,3833.9383,3832.7321,3856.0856,3817.3068,3828.5183,5.42,0.1416,153635155.0,199961617.6156
000300.SH,2019-06-24,3841.2659,3836.3051,3853.5452,3819.7692,3833.9383,7.3276,0.1911,100084621.0,143644731.7037
000300.SH,2019-06-25,3801.3098,3837.4259,3838.0578,3755.0099,3841.2659,-39.9561,-1.0402,124075912.0,169358793.347
000300.SH,2019-06-26,3794.331,3779.5125,3809.758,3771.7164,3801.3098,-6.9788,-0.1836,81820283.0,112106859.0216
000300.SH,2019-06-27,3834.8172,3807.5376,3854.0801,3805.8328,3794.331,40.4862,1.067,105316358.0,156483418.1902
000300.SH,2019-06-28,3825.5873,3832.0599,3835.2326,3803.0546,3834.8172,-9.2299,-0.2407,84766139.0,116512050.6735
000300.SH,2019-07-01,3935.8116,3899.3313,3936.668,3886.909,3825.5873,110.2243,2.8812,158370340.0,217470251.1109
000300.SH,2019-07-02,3937.1691,3931.0486,3942.4257,3918.9378,3935.8116,1.3575,0.0345,131863496.0,173997045.1225
000300.SH,2019-07-03,3893.5341,3927.4365,3927.4365,3878.8405,3937.1691,-43.635,-1.1083,111992603.0,163145730.9354
000300.SH,2019-07-04,3873.1019,3895.1978,3906.8894,3854.693,3893.5341,-20.4322,-0.5248,99342256.0,142669255.1769
000300.SH,2019-07-05,3893.2025,3875.3736,3900.3095,3857.928,3873.1019,20.1006,0.519,74006527.0,116236522.1034
000300.SH,2019-07-08,3802.7897,3875.7547,3875.7547,3775.0259,3893.2025,-90.4128,-2.3223,109539086.0,147198419.3803
000300.SH,2019-07-09,3793.1297,3798.0954,3811.0993,3774.7641,3802.7897,-9.66,-0.254,74842732.0,113147602.9513
000300.SH,2019-07-10,3786.739,3807.9497,3810.396,3774.2304,3793.1297,-6.3907,-0.1685,72833948.0,101355477.0299
000300.SH,2019-07-11,3785.221,3806.1855,3830.7387,3774.4137,3786.739,-1.518,-0.0401,75311965.0,113674616.2151
000300.SH,2019-07-12,3808.7311,3783.0733,3820.2354,3774.5224,3785.221,23.5101,0.6211,75465967.0,107007923.9712
000300.SH,2019-07-15,3824.1878,3792.6409,3844.8683,3745.8549,3808.7311,15.4567,0.4058,101205222.0,142493046.6098
000300.SH,2019-07-16,3806.8449,3819.2474,3828.3256,3799.8665,3824.1878,-17.3429,-0.4535,80730952.0,108449682.7839
000300.SH,2019-07-17,3804.6384,3800.1064,3820.2713,3787.8973,3806.8449,-2.2065,-0.058,95183885.0,116766781.1378
000300.SH,2019-07-18,3768.4019,3793.1893,3793.3916,3767.9958,3804.6384,-36.2365,-0.9524,87496445.0,111669365.4883
000300.SH,2019-07-19,3807.9551,3787.5079,3828.1514,3787.5079,3768.4019,39.5532,1.0496,88086149.0,117797528.1658
000300.SH,2019-07-22,3781.6832,3813.5022,3816.5387,3765.4428,3807.9551,-26.2719,-0.6899,92101377.0,117810448.1459
000300.SH,2019-07-23,3789.9135,3783.5411,3792.9647,3768.7614,3781.6832,8.2303,0.2176,71313346.0,103866608.7686
000300.SH,2019-07-24,3819.8325,3803.5867,3840.0579,3803.5738,3789.9135,29.919,0.7894,90940684.0,129940587.2234
000300.SH,2019-07-25,3851.0665,3821.3898,3851.0665,3812.9532,3819.8325,31.234,0.8177,93740417.0,125899502.5552
000300.SH,2019-07-26,3858.5688,3835.2281,3863.5878,3832.5223,3851.0665,7.5023,0.1948,83259300.0,110929728.7036
000300.SH,2019-07-29,3854.2704,3857.9394,3862.7467,3842.426,3858.5688,-4.2984,-0.1114,84814370.0,111679108.8403
000300.SH,2019-07-30,3870.3176,3861.5698,3890.7298,3861.5698,3854.2704,16.0472,0.4163,94123955.0,120480280.0201
000300.SH,2019-07-31,3835.3589,3856.745,3856.745,3830.0914,3870.3176,-34.9587,-0.9033,82151155.0,111083892.7774
000300.SH,2019-08-01,3803.4694,3819.3242,3831.2641,3791.546,3835.3589,-31.8895,-0.8315,84114180.0,117649163.8503
000300.SH,2019-08-02,3747.4379,3729.1309,3754.5326,3720.0584,3803.4694,-56.0315,-1.4732,108335897.0,141874787.5694
000300.SH,2019-08-05,3675.6884,3724.4097,3739.5031,3675.6884,3747.4379,-71.7495,-1.9146,101325981.0,133061101.3756
000300.SH,2019-08-06,3636.3289,3609.1118,3649.8953,3575.8626,3675.6884,-39.3595,-1.0708,129833871.0,167267479.6386
000300.SH,2019-08-07,3621.431,3654.6323,3659.0778,3621.431,3636.3289,-14.8979,-0.4097,84238716.0,108667668.0298
000300.SH,2019-08-08,3669.2936,3651.3571,3675.4603,3646.9386,3621.431,47.8626,1.3216,88457707.0,114981616.1209
000300.SH,2019-08-09,3633.5296,3686.7493,3689.1774,3628.1163,3669.2936,-35.764,-0.9747,85295580.0,116355689.9594
000300.SH,2019-08-12,3699.1047,3647.8661,3699.1047,3643.3161,3633.5296,65.5751,1.8047,82083056.0,121129345.184
000300.SH,2019-08-13,3665.7515,3675.5868,3686.4302,3658.0126,3699.1047,-33.3532,-0.9017,76500302.0,103764319.4406
000300.SH,2019-08-14,3682.4015,3712.0657,3717.5579,3680.6086,3665.7515,16.65,0.4542,91202590.0,128301671.0726
000300.SH,2019-08-15,3694.0006,3618.0092,3694.2985,3612.1108,3682.4015,11.5991,0.315,88598832.0,119241082.5833
000300.SH,2019-08-16,3710.5386,3697.9407,3738.0964,3687.0751,3694.0006,16.538,0.4477,88319169.0,132696910.3411
000300.SH,2019-08-19,3791.0946,3736.0344,3791.0946,3720.6894,3710.5386,80.556,2.171,139327013.0,195448939.4756
000300.SH,2019-08-20,3787.7324,3786.026,3799.8977,3778.7306,3791.0946,-3.3622,-0.0887,108602088.0,149115340.6949
000300.SH,2019-08-21,3781.7579,3778.3091,3792.5955,3775.4474,3787.7324,-5.9745,-0.1577,82299880.0,121688505.0949
000300.SH,2019-08-22,3793.5061,3793.8552,3797.329,3771.2048,3781.7579,11.7482,0.3107,85807792.0,120708136.0811
000300.SH,2019-08-23,3820.8638,3796.8821,3829.3607,3788.0345,3793.5061,27.3577,0.7212,87954583.0,137802154.0012
000300.SH,2019-08-26,3765.9105,3756.3618,3778.8665,3753.1646,3820.8638,-54.9533,-1.4382,93859269.0,142350985.497
000300.SH,2019-08-27,3816.9459,3791.4587,3848.2358,3790.873,3765.9105,51.0354,1.3552,124731478.0,181748784.0785
000300.SH,2019-08-28,3802.5844,3818.8125,3822.5883,3790.1384,3816.9459,-14.3615,-0.3763,88750812.0,137667277.2442
000300.SH,2019-08-29,3790.1867,3805.494,3808.5954,3774.3968,3802.5844,-12.3977,-0.326,84083387.0,126475676.6383
000300.SH,2019-08-30,3799.5863,3816.678,3828.9698,3778.9189,3790.1867,9.3996,0.248,96695150.0,152408668.6764
000300.SH,2019-09-02,3848.3198,3803.689,3855.7768,3799.8166,3799.5863,48.7335,1.2826,110289349.0,164994458.613
000300.SH,2019-09-03,3853.6106,3852.5794,3856.6813,3833.7571,3848.3198,5.2908,0.1375,97714631.0,146270633.8485
000300.SH,2019-09-04,3886.0012,3848.6483,3886.0012,3846.4215,3853.6106,32.3906,0.8405,126628615.0,176839744.8186
000300.SH,2019-09-05,3925.323,3909.2087,3970.0038,3909.2087,3886.0012,39.3218,1.0119,181656231.0,244681225.4807
000300.SH,2019-09-06,3948.5075,3946.6854,3948.5397,3922.3361,3925.323,23.1845,0.5906,121882376.0,181718270.0307
000300.SH,2019-09-09,3972.9484,3980.9577,3985.239,3954.8755,3948.5075,24.4409,0.619,146809754.0,209545387.1909
000300.SH,2019-09-10,3959.265,3976.8697,3976.9225,3938.7441,3972.9484,-13.6834,-0.3444,130889386.0,184494349.8738
000300.SH,2019-09-11,3930.0999,3969.6757,3971.2237,3922.9531,3959.265,-29.1651,-0.7366,131594875.0,190165007.5119
000300.SH,2019-09-12,3972.3799,3944.6917,3975.9311,3933.4366,3930.0999,42.28,1.0758,110241273.0,156750653.1378
000300.SH,2019-09-16,3957.7154,3981.3616,3982.204,3943.3734,3972.3799,-14.6645,-0.3692,110259805.0,154736552.3481
000300.SH,2019-09-17,3891.2208,3947.1577,3947.1577,3879.4852,3957.7154,-66.4946,-1.6801,113694317.0,154899299.8881
000300.SH,2019-09-18,3910.0837,3902.9947,3923.1462,3902.5109,3891.2208,18.8629,0.4848,82056152.0,130159557.6719
000300.SH,2019-09-19,3924.3823,3923.9631,3924.3823,3897.0666,3910.0837,14.2986,0.3657,85984238.0,127421791.159
000300.SH,2019-09-20,3935.6511,3933.4594,3942.224,3921.4124,3924.3823,11.2688,0.2871,103455955.0,153162588.4948
000300.SH,2019-09-23,3890.6616,3925.1858,3925.1858,3868.214,3935.6511,-44.9895,-1.1431,94036225.0,139223506.453
000300.SH,2019-09-24,3901.0758,3895.8661,3927.0115,3886.1404,3890.6616,10.4142,0.2677,87783230.0,142341399.6789
000300.SH,2019-09-25,3870.9837,3887.5548,3889.839,3867.2277,3901.0758,-30.0921,-0.7714,89520835.0,133224463.6383
000300.SH,2019-09-26,3841.1388,3884.7022,3890.7452,3840.2472,3870.9837,-29.8449,-0.771,102698301.0,150806750.0126
000300.SH,2019-09-27,3852.6534,3843.4584,3859.5003,3832.2466,3841.1388,11.5146,0.2998,74003947.0,109130484.0043
000300.SH,2019-09-30,3814.5282,3842.0741,3857.2319,3813.5491,3852.6534,-38.1252,-0.9896,65931313.0,100487271.138
000300.SH,2019-10-08,3837.6791,3818.5894,3861.6429,3818.5894,3814.5282,23.1509,0.6069,76657860.0,118365682.5145
000300.SH,2019-10-09,3843.2392,3822.6068,3845.3403,3805.0671,3837.6791,5.5601,0.1449,75854512.0,112406207.0275
000300.SH,2019-10-10,3874.6391,3838.4865,3877.142,3829.4328,3843.2392,31.3999,0.817,79222694.0,127474042.8525
000300.SH,2019-10-11,3911.7253,3885.5198,3922.3694,3868.8417,3874.6391,37.0862,0.9572,93412577.0,139817298.256
000300.SH,2019-10-14,3953.2411,3944.8593,3983.8117,3934.7325,3911.7253,41.5158,1.0613,122393611.0,167857131.1543
000300.SH,2019-10-15,3936.2498,3953.1645,3953.1645,3928.151,3953.2411,-16.9913,-0.4298,85273949.0,125117107.0106
000300.SH,2019-10-16,3922.6854,3939.276,3964.0456,3919.0169,3936.2498,-13.5644,-0.3446,83229707.0,128558533.5034
000300.SH,2019-10-17,3925.2216,3929.386,3935.8123,3913.9173,3922.6854,2.5362,0.0647,64863745.0,99991850.4089
000300.SH,2019-10-18,3869.3777,3935.4199,3940.5409,3864.9652,3925.2216,-55.8439,-1.4227,82321140.0,122186927.1301
000300.SH,2019-10-21,3880.8398,3865.3436,3884.7447,3856.0374,3869.3777,11.4621,0.2962,74182918.0,110858235.8392
000300.SH,2019-10-22,3895.8809,3896.3149,3897.4352,3870.5486,3880.8398,15.0411,0.3876,68918566.0,102843371.1608
000300.SH,2019-10-23,3871.0848,3892.6766,3901.4243,3862.1965,3895.8809,-24.7961,-0.6365,70198625.0,99733598.3528
000300.SH,2019-10-24,3870.6678,3877.9239,3890.1955,3852.5828,3871.0848,-0.417,-0.0108,71334575.0,105096951.6465
000300.SH,2019-10-25,3896.7923,3871.7687,3899.7223,3849.0337,3870.6678,26.1245,0.6749,77453620.0,126677483.9573
000300.SH,2019-10-28,3926.585,3904.9824,3927.7959,3897.8175,3896.7923,29.7927,0.7645,97406020.0,150762201.7365
000300.SH,2019-10-29,3910.226,3929.7077,3932.3745,3910.226,3926.585,-16.359,-0.4166,82257075.0,139611420.2655
000300.SH,2019-10-30,3891.2255,3904.7172,3908.0999,3883.4468,3910.226,-19.0005,-0.4859,77872923.0,122610501.731
000300.SH,2019-10-31,3886.7519,3906.8593,3907.1505,3878.8757,3891.2255,-4.4736,-0.115,86714539.0,135012425.5385
000300.SH,2019-11-01,3952.3872,3883.8084,3956.0797,3876.4164,3886.7519,65.6353,1.6887,100689612.0,151471061.3232
000300.SH,2019-11-04,3978.1216,3964.0052,3985.3573,3964.0052,3952.3872,25.7344,0.6511,104193855.0,154485361.8117
000300.SH,2019-11-05,4002.8128,3982.1155,4030.6381,3970.8664,3978.1216,24.6912,0.6207,112911880.0,163317856.0888
000300.SH,2019-11-06,3984.8816,4006.327,4007.5012,3973.7762,4002.8128,-17.9312,-0.448,97312952.0,139859763.4703
000300.SH,2019-11-07,3991.8749,3984.5529,4005.3829,3975.5475,3984.8816,6.9933,0.1755,87254898.0,117751554.3466
000300.SH,2019-11-08,3973.0107,4017.6742,4022.0362,3971.5726,3991.8749,-18.8642,-0.4726,97106948.0,139026673.427
000300.SH,2019-11-11,3902.9783,3948.6186,3948.6186,3897.5504,3973.0107,-70.0324,-1.7627,94155621.0,130330082.2892
000300.SH,2019-11-12,3903.6888,3905.9584,3914.8821,3877.7397,3902.9783,0.7105,0.0182,76543069.0,108828235.839
000300.SH,2019-11-13,3899.9815,3905.2831,3908.4196,3882.4314,3903.6888,-3.7073,-0.095,76749078.0,112057146.508
000300.SH,2019-11-14,3905.857,3905.9284,3916.9459,3895.1415,3899.9815,5.8755,0.1507,87008446.0,119791566.8388
000300.SH,2019-11-15,3877.0892,3908.4891,3915.1049,3877.0892,3905.857,-28.7678,-0.7365,83730917.0,115423020.9165
000300.SH,2019-11-18,3907.9291,3874.4405,3913.1029,3868.3166,3877.0892,30.8399,0.7954,76645993.0,107085819.8891
000300.SH,2019-11-19,3947.0392,3904.0996,3947.0392,3902.3776,3907.9291,39.1101,1.0008,82161025.0,123227172.6122
000300.SH,2019-11-20,3907.8641,3940.1344,3943.2273,3901.9865,3947.0392,-39.1751,-0.9925,76815333.0,118003062.7332
000300.SH,2019-11-21,3889.598,3894.539,3901.8262,3875.9682,3907.8641,-18.2661,-0.4674,69130538.0,104147769.2978
000300.SH,2019-11-22,3849.9948,3894.1742,3918.8385,3833.5033,3889.598,-39.6032,-1.0182,91042639.0,146981162.0897
000300.SH,2019-11-25,3878.2061,3850.966,3878.2507,3839.4201,3849.9948,28.2113,0.7328,106066289.0,140851076.2722
000300.SH,2019-11-26,3891.6533,3893.4349,3899.1097,3869.5948,3878.2061,13.4472,0.3467,111513537.0,140213633.0646
000300.SH,2019-11-27,3875.6186,3883.429,3889.9783,3862.7011,3891.6533,-16.0347,-0.412,76437305.0,107238822.0332
000300.SH,2019-11-28,3862.3029,3877.9012,3887.6903,3852.0105,3875.6186,-13.3157,-0.3436,65230119.0,87081788.9123
000300.SH,2019-11-29,3828.6706,3857.1883,3861.6584,3804.8291,3862.3029,-33.6323,-0.8708,74144331.0,116200556.869
000300.SH,2019-12-02,3836.0589,3835.5128,3854.7509,3829.3126,3828.6706,7.3883,0.193,77412173.0,109992592.541
000300.SH,2019-12-03,3851.0873,3829.212,3851.1205,3811.6281,3836.0589,15.0284,0.3918,73611240.0,108703714.9652
000300.SH,2019-12-04,3849.819,3841.6627,3852.9922,3831.0747,3851.0873,-1.2683,-0.0329,79683385.0,109646342.7958
000300.SH,2019-12-05,3879.3638,3863.6086,3883.4031,3859.8223,3849.819,29.5448,0.7674,89051193.0,129357592.8118
000300.SH,2019-12-06,3902.3853,3885.0582,3902.3853,3878.7002,3879.3638,23.0215,0.5934,78648887.0,116424775.8019
000300.SH,2019-12-09,3895.4468,3909.5297,3911.9682,3885.2507,3902.3853,-6.9385,-0.1778,95353806.0,130873098.2463
000300.SH,2019-12-10,3900.3843,3886.444,3900.959,3882.0877,3895.4468,4.9375,0.1268,86262928.0,121118412.7514
000300.SH,2019-12-11,3902.7492,3907.1592,3909.3854,3890.341,3900.3843,2.3649,0.0606,99765480.0,127690403.4344
000300.SH,2019-12-12,3891.0242,3908.4537,3908.4537,3886.1188,3902.7492,-11.725,-0.3004,84708330.0,117874313.7344
000300.SH,2019-12-13,3968.2211,3928.0044,3969.4568,3925.2757,3891.0242,77.1969,1.984,148571349.0,201018885.7992
000300.SH,2019-12-16,3987.5464,3970.7092,3987.5866,3953.5126,3968.2211,19.3253,0.487,148486670.0,202154895.2544
000300.SH,2019-12-17,4041.7996,3987.7426,4067.1355,3984.5193,3987.5464,54.2532,1.3606,201162937.0,251637865.2876
000300.SH,2019-12-18,4032.7826,4039.724,4057.64,4025.3433,4041.7996,-9.017,-0.2231,151351764.0,197620207.4851
000300.SH,2019-12-19,4027.1495,4034.6159,4038.5435,4014.8951,4032.7826,-5.6331,-0.1397,117900558.0,152553809.1166
000300.SH,2019-12-20,4017.2527,4032.1519,4046.7261,4014.9296,4027.1495,-9.8968,-0.2458,121267662.0,158460232.4166
000300.SH,2019-12-23,3967.0962,4014.6929,4032.1721,3964.3798,4017.2527,-50.1565,-1.2485,122816246.0,162048261.474
000300.SH,2019-12-24,3992.9581,3971.56,3994.5092,3963.6653,3967.0962,25.8619,0.6519,95989045.0,122499163.3293
000300.SH,2019-12-25,3990.8671,3988.6574,4000.5556,3976.3559,3992.9581,-2.091,-0.0524,94938890.0,131896466.969
000300.SH,2019-12-26,4025.9879,3993.6686,4025.9879,3993.5413,3990.8671,35.1208,0.88,108860640.0,140814968.2426
000300.SH,2019-12-27,4022.0278,4029.2454,4066.7964,4019.7223,4025.9879,-3.9601,-0.0984,150926411.0,195090417.0417
000300.SH,2019-12-30,4081.6334,4015.5195,4083.6901,4001.4951,4022.0278,59.6056,1.482,155971488.0,216814660.0174
000300.SH,2019-12-31,4096.5821,4077.7519,4098.1444,4069.0086,4081.6334,14.9487,0.3662,123264258.0,173119348.5097
000300.SH,2020-01-02,4152.2408,4121.3487,4172.6555,4121.3487,4096.5821,55.6587,1.3587,182116772.0,270105532.0276
000300.SH,2020-01-03,4144.9649,4161.2185,4164.2989,4131.864,4152.2408,-7.2759,-0.1752,142826244.0,215216288.3313
000300.SH,2020-01-06,4129.2954,4120.5211,4170.6384,4102.3796,4144.9649,-15.6695,-0.378,175309953.0,250182071.2939
000300.SH,2020-01-07,4160.2274,4137.4019,4161.2504,4135.0972,4129.2954,30.932,0.7491,139489031.0,196389059.7147
000300.SH,2020-01-08,4112.3172,4139.6315,4149.813,4101.9801,4160.2274,-47.9102,-1.1516,167585850.0,212406263.8573
000300.SH,2020-01-09,4164.3697,4145.5345,4165.6574,4143.592,4112.3172,52.0525,1.2658,136886324.0,200150352.9416
000300.SH,2020-01-10,4163.1849,4177.5777,4180.9771,4148.4817,4164.3697,-1.1848,-0.0285,113031719.0,177827413.7093
000300.SH,2020-01-13,4203.9883,4166.9254,4203.9883,4148.6007,4163.1849,40.8034,0.9801,119691982.0,199795489.7091
000300.SH,2020-01-14,4189.8862,4215.1578,4223.5078,4188.0809,4203.9883,-14.1021,-0.3354,129320783.0,196221263.3956
000300.SH,2020-01-15,4166.7344,4186.881,4193.8686,4150.8799,4189.8862,-23.1518,-0.5526,104633136.0,163081930.6224
000300.SH,2020-01-16,4149.0434,4174.8172,4175.2938,4142.1795,4166.7344,-17.691,-0.4246,100267642.0,156242505.812
000300.SH,2020-01-17,4154.853,4162.1939,4177.0282,4141.6448,4149.0434,5.8096,0.14,98725682.0,166591591.5943
000300.SH,2020-01-20,4185.8304,4170.7365,4185.9629,4149.4879,4154.853,30.9774,0.7456,122409147.0,202692287.4418
000300.SH,2020-01-21,4114.3085,4165.0203,4165.0203,4113.3251,4185.8304,-71.5219,-1.7087,130527507.0,204586880.4939
000300.SH,2020-01-22,4131.9311,4093.8009,4141.1772,4046.4866,4114.3085,17.6226,0.4283,126758763.0,208136150.7915
000300.SH,2020-01-23,4003.9013,4093.3229,4103.5244,3972.3933,4131.9311,-128.0298,-3.0985,160357603.0,250409357.7007
000300.SH,2020-02-03,3688.3578,3639.9089,3732.1572,3639.9089,4003.9013,-315.5435,-7.8809,157559647.0,243303105.3859
000300.SH,2020-02-04,3785.6376,3652.0035,3786.8629,3652.0035,3688.3578,97.2798,2.6375,213933328.0,298165767.6214
000300.SH,2020-02-05,3828.5272,3801.099,3866.0108,3781.613,3785.6376,42.8896,1.133,174925524.0,264042920.8657
000300.SH,2020-02-06,3899.7751,3841.7537,3914.915,3806.9601,3828.5272,71.2479,1.861,176462235.0,262820088.4519
000300.SH,2020-02-07,3899.8693,3879.5531,3899.8837,3849.7127,3899.7751,0.0942,0.0024,151731759.0,237508816.2556
000300.SH,2020-02-10,3916.0052,3872.3738,3920.1667,3861.0066,3899.8693,16.1359,0.4138,148406969.0,229625441.8956
000300.SH,2020-02-11,3952.4643,3926.4204,3970.5221,3915.7077,3916.0052,36.4591,0.931,143441674.0,219307119.3613
000300.SH,2020-02-12,3984.4325,3945.6663,3984.4325,3940.6667,3952.4643,31.9682,0.8088,126710321.0,200776706.5498
000300.SH,2020-02-13,3959.9188,3985.8757,3999.5495,3950.1422,3984.4325,-24.5137,-0.6152,145001843.0,228605964.7934
000300.SH,2020-02-14,3987.7342,3954.234,4001.5627,3954.0233,3959.9188,27.8154,0.7024,143239803.0,222895073.6248
000300.SH,2020-02-17,4077.4241,3999.6511,4077.4464,3999.6511,3987.7342,89.6899,2.2491,182778969.0,273067817.2778
000300.SH,2020-02-18,4057.5108,4069.8315,4076.388,4027.7859,4077.4241,-19.9133,-0.4884,163236220.0,242552517.3344
000300.SH,2020-02-19,4051.3107,4049.5862,4085.1704,4042.8451,4057.5108,-6.2001,-0.1528,169046441.0,257554535.7298
000300.SH,2020-02-20,4144.6561,4062.8968,4148.5287,4055.8105,4051.3107,93.3454,2.3041,212232624.0,310835589.1623
000300.SH,2020-02-21,4149.4903,4134.8747,4184.4379,4130.1677,4144.6561,4.8342,0.1166,217213604.0,326564003.5585
000300.SH,2020-02-24,4132.8388,4131.8364,4149.0102,4097.1753,4149.4903,-16.6515,-0.4013,212869303.0,326387800.6057
000300.SH,2020-02-25,4123.8543,4066.302,4126.7075,4020.9075,4132.8388,-8.9845,-0.2174,244167831.0,372213717.0295
000300.SH,2020-02-26,4073.0152,4070.0994,4132.7817,4061.125,4123.8543,-50.8391,-1.2328,261094061.0,366022417.9074
000300.SH,2020-02-27,4084.8759,4084.0782,4110.5275,4067.4408,4073.0152,11.8607,0.2912,181290981.0,282050206.371
000300.SH,2020-02-28,3940.0488,3988.7274,4031.1453,3928.0663,4084.8759,-144.8271,-3.5454,230275093.0,330358907.2655
000300.SH,2020-03-02,4069.6662,3968.8435,4092.5394,3968.8435,3940.0488,129.6174,3.2897,219313559.0,317426205.4571
000300.SH,2020-03-03,4091.3615,4125.1356,4147.6525,4067.9094,4069.6662,21.6953,0.5331,219369777.0,330802584.6189
000300.SH,2020-03-04,4115.0524,4078.4998,4115.2618,4060.729,4091.3615,23.6909,0.579,182424730.0,281784863.8449
000300.SH,2020-03-05,4206.7251,4150.21,4215.8513,4127.0386,4115.0524,91.6727,2.2277,231823115.0,362838831.7755
000300.SH,2020-03-06,4138.5072,4158.2021,4181.3102,4135.3901,4206.7251,-68.2179,-1.6216,172475717.0,253168631.9589
000300.SH,2020-03-09,3997.1325,4063.076,4063.076,3995.1313,4138.5072,-141.3747,-3.4161,208102035.0,305428730.3038
000300.SH,2020-03-10,4082.7315,3975.2288,4093.0024,3954.7506,3997.1325,85.599,2.1415,197416402.0,296184435.8513
000300.SH,2020-03-11,4028.4289,4090.9348,4091.2704,4028.3964,4082.7315,-54.3026,-1.3301,161656111.0,244990872.6859
000300.SH,2020-03-12,3950.9111,3976.1139,3987.4336,3926.2704,4028.4289,-77.5178,-1.9243,157060458.0,233152848.7591
000300.SH,2020-03-13,3895.3128,3771.0139,3937.1806,3765.1479,3950.9111,-55.5983,-1.4072,188296722.0,280213453.2137
000300.SH,2020-03-16,3727.8398,3899.8598,3899.8598,3720.5127,3895.3128,-167.473,-4.2993,185968260.0,282836238.2712
000300.SH,2020-03-17,3709.6822,3739.7833,3786.8908,3618.307,3727.8398,-18.1576,-0.4871,166246129.0,250824025.6969
000300.SH,2020-03-18,3636.2565,3729.6853,3775.8506,3636.2565,3709.6822,-73.4257,-1.9793,155037547.0,244127161.5353
000300.SH,2020-03-19,3589.0926,3623.789,3647.9874,3503.1866,3636.2565,-47.1639,-1.297,180807407.0,271827467.9616
000300.SH,2020-03-20,3653.2239,3629.5126,3663.9517,3588.7766,3589.0926,64.1313,1.7868,139603000.0,211223073.3231
000300.SH,2020-03-23,3530.3058,3542.6837,3585.8014,3523.7877,3653.2239,-122.9181,-3.3646,137108790.0,197669624.9701
000300.SH,2020-03-24,3625.1146,3598.6548,3627.7592,3545.4524,3530.3058,94.8088,2.6856,143103021.0,208553840.6885
000300.SH,2020-03-25,3722.5181,3711.4753,3732.6536,3685.9942,3625.1146,97.4035,2.6869,153495958.0,231561518.7612
000300.SH,2020-03-26,3698.0472,3692.6083,3736.2536,3681.2668,3722.5181,-24.4709,-0.6574,112310665.0,169336311.8614
000300.SH,2020-03-27,3710.0605,3746.3914,3758.7827,3709.9213,3698.0472,12.0133,0.3249,124060995.0,186103426.3347
000300.SH,2020-03-30,3674.1108,3657.4624,3690.6388,3637.5853,3710.0605,-35.9497,-0.969,126876673.0,180640799.4093
000300.SH,2020-03-31,3686.1551,3708.1404,3716.0707,3676.2024,3674.1108,12.0443,0.3278,111453025.0,161595510.0082
000300.SH,2020-04-01,3675.0758,3682.2966,3731.7799,3670.9653,3686.1551,-11.0793,-0.3006,119352620.0,170422568.8044
000300.SH,2020-04-02,3734.5306,3656.3225,3734.5306,3652.3167,3675.0758,59.4548,1.6178,115168209.0,168893255.6566
000300.SH,2020-04-03,3713.2183,3721.4815,3738.8323,3698.9822,3734.5306,-21.3123,-0.5707,99825083.0,150132815.0285
000300.SH,2020-04-07,3798.0214,3779.9076,3803.6286,3772.2054,3713.2183,84.8031,2.2838,142778030.0,207642820.3169
000300.SH,2020-04-08,3780.3445,3776.4171,3793.0023,3767.2924,3798.0214,-17.6769,-0.4654,111389513.0,161576772.3202
000300.SH,2020-04-09,3792.8105,3798.4879,3801.7245,3785.3116,3780.3445,12.466,0.3298,100485032.0,154595318.8128
000300.SH,2020-04-10,3769.1782,3794.8429,3824.7441,3758.9599,3792.8105,-23.6323,-0.6231,102444956.0,162251233.8007
000300.SH,2020-04-13,3753.2566,3751.7093,3769.8764,3740.1936,3769.1782,-15.9216,-0.4224,79053343.0,119874303.2046
000300.SH,2020-04-14,3825.6991,3777.8343,3825.7599,3764.9838,3753.2566,72.4425,1.9301,110637585.0,170612579.7924
000300.SH,2020-04-15,3797.3623,3820.8506,3829.8009,3793.4402,3825.6991,-28.3368,-0.7407,108461984.0,169700216.633
000300.SH,2020-04-16,3802.3806,3777.7986,3807.3569,3774.5585,3797.3623,5.0183,0.1322,95947965.0,147164302.0569
000300.SH,2020-04-17,3839.4871,3831.9232,3863.4521,3821.4201,3802.3806,37.1065,0.9759,132004301.0,203595267.0335
000300.SH,2020-04-20,3853.4551,3845.4598,3853.7984,3831.553,3839.4871,13.968,0.3638,100013115.0,151924090.1166
000300.SH,2020-04-21,3808.0474,3838.2314,3838.2314,3779.9967,3853.4551,-45.4077,-1.1784,102921888.0,155077454.132
000300.SH,2020-04-22,3839.3834,3789.1297,3839.3834,3782.2149,3808.0474,31.336,0.8229,85899464.0,135547280.7902
000300.SH,2020-04-23,3829.7525,3851.9132,3857.4709,3826.5565,3839.3834,-9.6309,-0.2508,95508450.0,142122548.8318
000300.SH,2020-04-24,3796.9721,3826.3116,3827.212,3787.0714,3829.7525,-32.7804,-0.8559,94844135.0,138961200.2827
000300.SH,2020-04-27,3822.769,3808.0171,3842.8706,3793.7655,3796.9721,25.7969,0.6794,95462735.0,145301151.875
000300.SH,2020-04-28,3849.1465,3835.348,3859.6754,3768.2,3822.769,26.3775,0.69,122093476.0,184179759.2403
000300.SH,2020-04-29,3867.032,3837.5135,3880.7444,3833.7164,3849.1465,17.8855,0.4647,95854590.0,151282103.7442
000300.SH,2020-04-30,3912.5772,3880.4094,3921.7004,3880.4094,3867.032,45.5452,1.1778,132917125.0,202268288.8023
000300.SH,2020-05-06,3936.2539,3867.2587,3937.6909,3865.9875,3912.5772,23.6767,0.6051,139855675.0,214935962.3644
000300.SH,2020-05-07,3924.8946,3937.5918,3941.4833,3915.9048,3936.2539,-11.3593,-0.2886,105514646.0,167207801.8402
000300.SH,2020-05-08,3963.6217,3942.9972,3979.6627,3935.9805,3924.8946,38.7271,0.9867,116943341.0,190299584.7169
000300.SH,2020-05-11,3960.1803,3974.7605,3998.0972,3944.5037,3963.6217,-3.4414,-0.0868,122673803.0,193758093.8998
000300.SH,2020-05-12,3960.2378,3961.3427,3970.1115,3930.2108,3960.1803,0.0575,0.0015,98250554.0,157465780.0599
000300.SH,2020-05-13,3968.2529,3946.6428,3972.5254,3932.5711,3960.2378,8.0151,0.2024,88190669.0,145563383.2758
000300.SH,2020-05-14,3925.2177,3952.1986,3952.1986,3924.0452,3968.2529,-43.0352,-1.0845,88530004.0,143499177.7198
000300.SH,2020-05-15,3912.8159,3941.125,3945.1956,3907.4021,3925.2177,-12.4018,-0.316,92618382.0,153301505.1494
000300.SH,2020-05-18,3922.9117,3914.6602,3946.4312,3898.4041,3912.8159,10.0958,0.258,112801762.0,188528121.3676
000300.SH,2020-05-19,3956.2495,3963.7754,3966.8518,3944.0715,3922.9117,33.3378,0.8498,94015291.0,159886222.4022
000300.SH,2020-05-20,3935.222,3955.7145,3955.7145,3923.9213,3956.2495,-21.0275,-0.5315,100791150.0,157102533.2761
000300.SH,2020-05-21,3913.7949,3950.5981,3951.743,3907.5788,3935.222,-21.4271,-0.5445,94861033.0,149154142.2578
000300.SH,2020-05-22,3824.064,3907.5761,3907.5761,3818.1488,3913.7949,-89.7309,-2.2927,103378360.0,157286504.9863
000300.SH,2020-05-25,3829.3245,3828.3206,3835.6333,3800.1796,3824.064,5.2605,0.1376,79033326.0,127011917.7163
000300.SH,2020-05-26,3872.7701,3850.0009,3874.7484,3844.4776,3829.3245,43.4456,1.1345,77448076.0,125445619.3168
000300.SH,2020-05-27,3845.6135,3873.6984,3873.6984,3838.4247,3872.7701,-27.1566,-0.7012,83711831.0,123737501.1645
000300.SH,2020-05-28,3856.6324,3848.4892,3885.4211,3818.4318,3845.6135,11.0189,0.2865,93064054.0,139108407.7923
000300.SH,2020-05-29,3867.0232,3838.3769,3872.3031,3830.4185,3856.6324,10.3908,0.2694,93813832.0,135658136.0282
000300.SH,2020-06-01,3971.3402,3901.7263,3976.3151,3901.7263,3867.0232,104.317,2.6976,136456652.0,208436512.9451
000300.SH,2020-06-02,3983.5677,3969.9521,3991.7761,3958.9774,3971.3402,12.2275,0.3079,144303060.0,195563304.2563
000300.SH,2020-06-03,3983.6477,4001.1708,4018.6759,3982.9299,3983.5677,0.08,0.002,136597483.0,200882767.6769
000300.SH,2020-06-04,3982.1851,3998.1636,3999.8051,3968.5723,3983.6477,-1.4626,-0.0367,104277737.0,149057855.8375
000300.SH,2020-06-05,4001.2509,3988.2239,4001.2509,3967.926,3982.1851,19.0658,0.4788,102443942.0,154311342.9818
000300.SH,2020-06-08,4021.9549,4023.606,4050.2213,4016.1015,4001.2509,20.704,0.5174,137925813.0,193047518.6876
000300.SH,2020-06-09,4047.0293,4027.5613,4052.1557,4016.3387,4021.9549,25.0744,0.6234,115304479.0,166533966.01
000300.SH,2020-06-10,4039.7051,4046.2317,4046.2317,4024.4185,4047.0293,-7.3242,-0.181,112265728.0,166778642.3662
000300.SH,2020-06-11,3995.8846,4031.7396,4043.0123,3979.7522,4039.7051,-43.8205,-1.0847,127308941.0,197079441.8611
000300.SH,2020-06-12,4003.0829,3931.6236,4011.0591,3927.2491,3995.8846,7.1983,0.1801,134166649.0,193504046.7423
000300.SH,2020-06-15,3954.9883,3982.9672,4007.1396,3954.9883,4003.0829,-48.0946,-1.2014,131297860.0,211125336.1438
000300.SH,2020-06-16,4014.5702,3995.5786,4014.5702,3987.8637,3954.9883,59.5819,1.5065,111051539.0,185104029.1589
000300.SH,2020-06-17,4017.5941,4018.6094,4018.6094,3992.1339,4014.5702,3.0239,0.0753,105605799.0,176977503.6112
000300.SH,2020-06-18,4044.3842,4009.7831,4047.5566,4000.9008,4017.5941,26.7901,0.6668,138148761.0,210192918.1462
000300.SH,2020-06-19,4098.7095,4047.0483,4109.3602,4043.4925,4044.3842,54.3253,1.3432,152946990.0,255549797.2996
000300.SH,2020-06-22,4102.0459,4097.5071,4126.9421,4088.7822,4098.7095,3.3364,0.0814,155829465.0,259200520.7257
000300.SH,2020-06-23,4121.7944,4098.0373,4124.725,4080.7533,4102.0459,19.7485,0.4814,129229510.0,234806510.8345
000300.SH,2020-06-24,4138.9895,4128.1003,4144.6782,4123.3582,4121.7944,17.1951,0.4172,121712465.0,224551430.008
000300.SH,2020-06-29,4109.7164,4127.9348,4137.3696,4092.5352,4138.9895,-29.2731,-0.7073,130865854.0,226522059.7629
000300.SH,2020-06-30,4163.9637,4130.0028,4174.4236,4129.7754,4109.7164,54.2473,1.32,125933521.0,227935704.4889
000300.SH,2020-07-01,4247.7835,4172.6425,4247.7835,4163.4954,4163.9637,83.8198,2.013,169990456.0,305711799.7619
000300.SH,2020-07-02,4335.8445,4239.408,4340.1039,4238.1164,4247.7835,88.061,2.0731,252939368.0,399571526.6953
000300.SH,2020-07-03,4419.5955,4353.1937,4419.5955,4348.4535,4335.8445,83.751,1.9316,290485539.0,442335024.2661
000300.SH,2020-07-06,4670.0949,4465.8081,4678.1121,4465.8081,4419.5955,250.4994,5.6679,405821025.0,597438217.7156
000300.SH,2020-07-07,4698.1264,4739.6104,4796.3155,4688.0574,4670.0949,28.0315,0.6002,406008553.0,635254742.706
000300.SH,2020-07-08,4774.0042,4692.8621,4803.3643,4670.6501,4698.1264,75.8778,1.6151,348074847.0,532849825.9645
000300.SH,2020-07-09,4840.7712,4770.0769,4854.1201,4757.2943,4774.0042,66.767,1.3986,351046893.0,556718732.0989
000300.SH,2020-07-10,4753.1333,4796.0873,4821.3745,4734.4725,4840.7712,-87.6379,-1.8104,316949651.0,510472055.0959
000300.SH,2020-07-13,4852.9612,4742.3738,4878.0773,4741.8743,4753.1333,99.8279,2.1003,321645446.0,541105098.721
000300.SH,2020-07-14,4806.6902,4836.1655,4860.4404,4729.9258,4852.9612,-46.271,-0.9535,297241985.0,511211048.1849
000300.SH,2020-07-15,4744.4687,4821.5155,4837.4757,4723.3608,4806.6902,-62.2215,-1.2945,272389006.0,486748347.6804
000300.SH,2020-07-16,4516.2532,4741.5295,4772.5638,4513.6537,4744.4687,-228.2155,-4.8101,284657133.0,511237962.8842
000300.SH,2020-07-17,4544.7007,4524.7717,4601.3733,4485.8214,4516.2532,28.4475,0.6299,207375563.0,372973887.0457
000300.SH,2020-07-20,4680.3046,4597.2038,4681.9431,4534.2305,4544.7007,135.6039,2.9838,246068914.0,416714222.2757
000300.SH,2020-07-21,4691.0425,4697.5026,4714.2925,4661.444,4680.3046,10.7379,0.2294,200415659.0,356069805.7626
000300.SH,2020-07-22,4714.4454,4682.6575,4790.4491,4675.3488,4691.0425,23.4029,0.4989,224199211.0,386470859.9143
000300.SH,2020-07-23,4712.4357,4668.7401,4731.4004,4607.6585,4714.4454,-2.0097,-0.0426,234314569.0,405175268.6609
000300.SH,2020-07-24,4505.5906,4679.0273,4691.698,4479.3928,4712.4357,-206.8451,-4.3893,243905203.0,437726712.2797
000300.SH,2020-07-27,4528.45,4535.0053,4558.1189,4482.4408,4505.5906,22.8594,0.5074,171420551.0,301893370.1632
000300.SH,2020-07-28,4568.2576,4567.6691,4590.2496,4537.6849,4528.45,39.8076,0.8791,162768498.0,292835785.3452
000300.SH,2020-07-29,4679.008,4559.1634,4680.558,4548.8535,4568.2576,110.7504,2.4243,186695305.0,350432649.1605
000300.SH,2020-07-30,4656.1506,4689.7632,4704.6305,4649.7677,4679.008,-22.8574,-0.4885,166967566.0,324009242.6924
000300.SH,2020-07-31,4695.0462,4652.1824,4741.8084,4621.9635,4656.1506,38.8956,0.8354,184839026.0,351119312.415
000300.SH,2020-08-03,4771.3108,4735.8985,4771.3694,4720.025,4695.0462,76.2646,1.6244,214776239.0,401914824.9283
000300.SH,2020-08-04,4775.8024,4778.4866,4807.0782,4747.7748,4771.3108,4.4916,0.0941,239974985.0,426411345.9358
000300.SH,2020-08-05,4777.1089,4761.7637,4786.7031,4711.2723,4775.8024,1.3065,0.0274,196700548.0,347407839.3991
000300.SH,2020-08-06,4762.7642,4779.2377,4791.8565,4691.1569,4777.1089,-14.3447,-0.3003,227854406.0,404323404.0069
000300.SH,2020-08-07,4707.9262,4742.2939,4749.0217,4637.8427,4762.7642,-54.838,-1.1514,213518216.0,397041212.8251
000300.SH,2020-08-10,4724.8697,4681.7553,4757.6634,4646.2885,4707.9262,16.9435,0.3599,203788832.0,371297560.0176
000300.SH,2020-08-11,4681.7837,4730.3748,4791.5337,4674.8642,4724.8697,-43.086,-0.9119,205546511.0,350828586.2411
000300.SH,2020-08-12,4647.6446,4668.8899,4681.6206,4566.2736,4681.7837,-34.1391,-0.7292,202887239.0,347298673.2017
000300.SH,2020-08-13,4635.7126,4666.4901,4671.7689,4626.1033,4647.6446,-11.932,-0.2567,152550092.0,250945872.5789
000300.SH,2020-08-14,4704.6288,4627.61,4708.0709,4617.632,4635.7126,68.9162,1.4866,147292921.0,254343934.2562
000300.SH,2020-08-17,4815.2261,4727.1204,4838.0864,4721.3589,4704.6288,110.5973,2.3508,268001556.0,416469154.934
000300.SH,2020-08-18,4812.7564,4816.5703,4825.3861,4788.8293,4815.2261,-2.4697,-0.0513,189139854.0,314395904.5355
000300.SH,2020-08-19,4740.6784,4804.6655,4809.0499,4738.0086,4812.7564,-72.078,-1.4976,192442948.0,319403284.7083
000300.SH,2020-08-20,4679.1544,4708.1253,4721.4357,4662.8032,4740.6784,-61.524,-1.2978,158368639.0,260486563.5151
000300.SH,2020-08-21,4718.8431,4717.7874,4739.4836,4684.8101,4679.1544,39.6887,0.8482,142657864.0,251775160.2338
000300.SH,2020-08-24,4755.8491,4746.4035,4769.4673,4716.6054,4718.8431,37.006,0.7842,151143512.0,272428686.4186
000300.SH,2020-08-25,4761.9507,4769.2107,4802.4122,4746.313,4755.8491,6.1016,0.1283,141701351.0,262308788.2745
000300.SH,2020-08-26,4706.1302,4761.7186,4786.4249,4689.881,4761.9507,-55.8205,-1.1722,151305180.0,277456360.643
000300.SH,2020-08-27,4731.3451,4718.062,4731.9351,4679.3623,4706.1302,25.2149,0.5358,119042850.0,223631511.4056
000300.SH,2020-08-28,4844.2652,4727.292,4850.4884,4719.3526,4731.3451,112.9201,2.3866,159399765.0,305047882.5086
000300.SH,2020-08-31,4816.2153,4870.9337,4901.2115,4816.2123,4844.2652,-28.0499,-0.579,202567029.0,357005064.6048
000300.SH,2020-09-01,4842.1223,4803.3922,4842.135,4791.7829,4816.2153,25.907,0.5379,138395402.0,262018070.5773
000300.SH,2020-09-02,4843.887,4859.0754,4863.5509,4797.5204,4842.1223,1.7647,0.0364,157989524.0,280778613.7514
000300.SH,2020-09-03,4817.0952,4841.502,4877.0117,4800.0577,4843.887,-26.7918,-0.5531,145671201.0,279411988.7923
000300.SH,2020-09-04,4770.219,4737.2368,4778.203,4726.5559,4817.0952,-46.8762,-0.9731,120032796.0,238463337.8787
000300.SH,2020-09-07,4669.3677,4759.5213,4789.3031,4655.56,4770.219,-100.8513,-2.1142,148607791.0,282316394.0678
000300.SH,2020-09-08,4694.3894,4683.8256,4707.8966,4639.0531,4669.3677,25.0217,0.5359,139199227.0,249198138.0755
000300.SH,2020-09-09,4584.5887,4634.247,4645.1972,4558.0304,4694.3894,-109.8007,-2.339,162277107.0,244905191.9341
000300.SH,2020-09-10,4581.9775,4632.0994,4647.7505,4572.2058,4584.5887,-2.6112,-0.057,150652878.0,226146354.8046
000300.SH,2020-09-11,4627.2826,4572.2572,4630.8842,4563.1061,4581.9775,45.3051,0.9888,115302424.0,198240927.3015
000300.SH,2020-09-14,4651.0507,4652.0539,4666.9862,4625.9877,4627.2826,23.7681,0.5137,107235179.0,211653411.8109
000300.SH,2020-09-15,4688.4826,4649.4472,4691.4997,4630.5374,4651.0507,37.4319,0.8048,101915925.0,194573684.1193
000300.SH,2020-09-16,4657.3584,4683.006,4690.6815,4638.4586,4688.4826,-31.1242,-0.6638,108753641.0,196120184.8509
000300.SH,2020-09-17,4632.7142,4642.0542,4664.9491,4601.639,4657.3584,-24.6442,-0.5291,105983631.0,214146647.2696
000300.SH,2020-09-18,4737.0887,4636.6422,4737.8039,4631.7045,4632.7142,104.3745,2.253,160426475.0,281885944.2293
000300.SH,2020-09-21,4691.4281,4750.7481,4752.9799,4688.7199,4737.0887,-45.6606,-0.9639,124535827.0,224137912.6952
000300.SH,2020-09-22,4635.7608,4654.2179,4706.2096,4622.1111,4691.4281,-55.6673,-1.1866,119672947.0,202909215.5346
000300.SH,2020-09-23,4652.3273,4639.6592,4665.96,4623.5528,4635.7608,16.5665,0.3574,95826528.0,190393472.2763
000300.SH,2020-09-24,4563.0657,4623.9535,4631.9482,4562.2086,4652.3273,-89.2616,-1.9186,112593683.0,193515873.7002
000300.SH,2020-09-25,4570.0216,4582.482,4599.5387,4554.7199,4563.0657,6.9559,0.1524,93015155.0,167457376.9641
000300.SH,2020-09-28,4581.9085,4582.6471,4613.6324,4571.1507,4570.0216,11.8869,0.2601,85048389.0,159314675.4071
000300.SH,2020-09-29,4591.7993,4608.2926,4616.6767,4586.3537,4581.9085,9.8908,0.2159,85993858.0,159937888.5022
000300.SH,2020-09-30,4587.3953,4607.5753,4634.7239,4563.4108,4591.7993,-4.404,-0.0959,89081200.0,165532220.8852
000300.SH,2020-10-09,4681.1412,4663.61,4695.4041,4655.0851,4587.3953,93.7459,2.0436,111337512.0,229926731.4899
000300.SH,2020-10-12,4823.1578,4705.1883,4823.2666,4704.1554,4681.1412,142.0166,3.0338,155784558.0,307848558.046
000300.SH,2020-10-13,4839.201,4812.8989,4845.9191,4795.373,4823.1578,16.0432,0.3326,116516338.0,242172567.2485
000300.SH,2020-10-14,4807.1021,4830.4575,4830.4575,4795.9069,4839.201,-32.0989,-0.6633,111906923.0,229836207.2478
000300.SH,2020-10-15,4798.7361,4810.7821,4833.8925,4796.2647,4807.1021,-8.366,-0.174,109964962.0,213878285.0465
000300.SH,2020-10-16,4791.676,4798.9162,4825.5518,4765.967,4798.7361,-7.0601,-0.1471,116716102.0,204175130.7175
000300.SH,2020-10-19,4755.4879,4823.4944,4849.605,4747.3356,4791.676,-36.1881,-0.7552,129246361.0,225392198.2247
000300.SH,2020-10-20,4793.4672,4751.3694,4793.4672,4739.4583,4755.4879,37.9793,0.7986,98048156.0,185849198.0176
000300.SH,2020-10-21,4792.8284,4801.6313,4801.6313,4758.8552,4793.4672,-0.6388,-0.0133,103805703.0,189978697.0436
000300.SH,2020-10-22,4777.9845,4780.5954,4791.8078,4725.4993,4792.8284,-14.8439,-0.3097,101350891.0,194614971.1698
000300.SH,2020-10-23,4718.4881,4775.4665,4802.456,4717.0984,4777.9845,-59.4964,-1.2452,106825184.0,200985821.9915
000300.SH,2020-10-26,4691.2359,4684.0465,4713.3945,4639.3019,4718.4881,-27.2522,-0.5776,108343275.0,205518988.2844
000300.SH,2020-10-27,4699.2792,4680.1371,4708.4623,4671.8536,4691.2359,8.0433,0.1715,92656304.0,186675545.6904
000300.SH,2020-10-28,4737.2718,4703.0036,4753.3125,4685.6012,4699.2792,37.9926,0.8085,108463402.0,226754264.0671
000300.SH,2020-10-29,4772.9198,4683.607,4803.0317,4679.2529,4737.2718,35.648,0.7525,117117250.0,252303504.9929
000300.SH,2020-10-30,4695.3338,4776.4726,4778.5089,4683.4719,4772.9198,-77.586,-1.6255,139802303.0,280783321.7131
000300.SH,2020-11-02,4720.8313,4702.7457,4738.0239,4695.4436,4695.3338,25.4975,0.543,142867693.0,279027685.1571
000300.SH,2020-11-03,4777.5608,4743.1742,4793.3963,4734.1748,4720.8313,56.7295,1.2017,136055408.0,252390556.3135
000300.SH,2020-11-04,4813.6564,4781.448,4825.4638,4770.5582,4777.5608,36.0956,0.7555,114661806.0,230513773.0463
000300.SH,2020-11-05,4885.1118,4861.3377,4885.1118,4837.9996,4813.6564,71.4554,1.4844,139244594.0,281951932.371
000300.SH,2020-11-06,4885.7178,4897.6295,4897.6295,4845.4293,4885.1118,0.606,0.0124,153639034.0,305365103.6529
000300.SH,2020-11-09,4981.3497,4918.8609,4997.8017,4918.8609,4885.7178,95.6319,1.9574,197131984.0,371923282.0634
000300.SH,2020-11-10,4953.8756,4995.4126,4995.4126,4928.9319,4981.3497,-27.4741,-0.5515,176267214.0,334271459.9637
000300.SH,2020-11-11,4904.8981,4937.7582,4957.5846,4901.7067,4953.8756,-48.9775,-0.9887,164470515.0,303858557.9771
000300.SH,2020-11-12,4908.463,4916.7736,4926.3422,4891.51,4904.8981,3.5649,0.0727,118114619.0,227645907.1472
000300.SH,2020-11-13,4856.8513,4886.9778,4886.9778,4825.7578,4908.463,-51.6117,-1.0515,133693079.0,255353111.7378
000300.SH,2020-11-16,4904.1716,4880.958,4904.1716,4848.6239,4856.8513,47.3203,0.9743,148770980.0,266705031.6715
000300.SH,2020-11-17,4894.786,4903.12,4909.2902,4865.3942,4904.1716,-9.3856,-0.1914,151487464.0,288911408.551
000300.SH,2020-11-18,4891.6716,4889.6749,4911.0876,4870.7162,4894.786,-3.1144,-0.0636,164216616.0,290727223.2272
000300.SH,2020-11-19,4927.9891,4880.9224,4939.7911,4870.2005,4891.6716,36.3175,0.7424,133681378.0,247727135.0005
000300.SH,2020-11-20,4943.2882,4928.2223,4947.4297,4922.5895,4927.9891,15.2991,0.3105,129400341.0,229053679.1954
000300.SH,2020-11-23,5005.0273,4954.5987,5029.6515,4940.4494,4943.2882,61.7391,1.2489,205915187.0,333633826.4167
000300.SH,2020-11-24,4974.2855,4997.0485,5001.0614,4960.9817,5005.0273,-30.7418,-0.6142,156637911.0,264804443.3177
000300.SH,2020-11-25,4910.7,4992.7466,5004.7732,4910.7,4974.2855,-63.5855,-1.2783,170340527.0,277070642.9707
000300.SH,2020-11-26,4919.5912,4908.3208,4925.2857,4867.8153,4910.7,8.8912,0.1811,137202338.0,239748145.4757
000300.SH,2020-11-27,4980.765,4930.5928,4980.765,4917.3479,4919.5912,61.1738,1.2435,162952922.0,253178971.224
000300.SH,2020-11-30,4960.2519,4994.1063,5055.192,4960.2519,4980.765,-20.5131,-0.4118,262638950.0,396495834.4208
000300.SH,2020-12-01,5067.0983,4963.1302,5072.5494,4963.1302,4960.2519,106.8464,2.1541,204065638.0,328451014.4442
000300.SH,2020-12-02,5067.1447,5072.9755,5090.6084,5043.3091,5067.0983,0.0464,0.0009,195435476.0,310609728.8425
000300.SH,2020-12-03,5057.0603,5065.4531,5072.3046,5033.7887,5067.1447,-10.0844,-0.199,177865748.0,275335207.4291
000300.SH,2020-12-04,5065.9163,5049.5231,5072.3865,5017.8506,5057.0603,8.856,0.1751,144347167.0,257798820.7353
000300.SH,2020-12-07,5022.2351,5065.7285,5067.8698,5014.609,5065.9163,-43.6812,-0.8623,139896217.0,264657773.9329
000300.SH,2020-12-08,5009.8786,5029.1063,5043.0605,4998.9218,5022.2351,-12.3565,-0.246,123073029.0,234880648.4391
000300.SH,2020-12-09,4942.6986,5022.3846,5033.6417,4942.5195,5009.8786,-67.18,-1.341,138916965.0,260772774.1529
000300.SH,2020-12-10,4940.5249,4931.2933,4962.7433,4919.7696,4942.6986,-2.1737,-0.044,125914270.0,229651278.3574
000300.SH,2020-12-11,4889.6292,4957.8236,4957.8236,4849.3547,4940.5249,-50.8957,-1.0302,159357697.0,275212730.0699
000300.SH,2020-12-14,4934.8352,4903.627,4937.2601,4887.6599,4889.6292,45.206,0.9245,120801552.0,247878279.7109
000300.SH,2020-12-15,4945.1,4931.6019,4954.1885,4904.7926,4934.8352,10.2648,0.208,118342633.0,248093390.2492
000300.SH,2020-12-16,4953.867,4957.2971,4968.8558,4938.1932,4945.1,8.767,0.1773,106778968.0,229696035.6969
000300.SH,2020-12-17,5017.4784,4960.729,5021.6171,4950.3713,4953.867,63.6114,1.2841,133385479.0,270180356.1093
000300.SH,2020-12-18,4999.9678,5014.3211,5027.4446,4979.0051,5017.4784,-17.5106,-0.349,128049618.0,258938551.5358
000300.SH,2020-12-21,5046.8396,4995.7622,5048.5074,4969.999,4999.9678,46.8718,0.9374,140811782.0,298204296.8433
000300.SH,2020-12-22,4964.7727,5034.9831,5055.1348,4960.9457,5046.8396,-82.0669,-1.6261,162344970.0,326758817.6633
000300.SH,2020-12-23,5007.1235,4977.2994,5028.4506,4968.1509,4964.7727,42.3508,0.853,140292819.0,308729037.4737
000300.SH,2020-12-24,5000.0154,5006.0051,5033.038,4979.2371,5007.1235,-7.1081,-0.142,114418667.0,246674476.1888
000300.SH,2020-12-25,5042.0137,4985.7695,5042.0978,4973.6812,5000.0154,41.9983,0.84,121006979.0,243992268.2433
000300.SH,2020-12-28,5064.4147,5042.9432,5089.3447,5037.8582,5042.0137,22.401,0.4443,136914407.0,281019254.1705
000300.SH,2020-12-29,5042.9361,5071.449,5077.4167,5034.3078,5064.4147,-21.4786,-0.4241,141198662.0,279035233.2538
000300.SH,2020-12-30,5113.7105,5037.9848,5113.7105,5036.6288,5042.9361,70.7744,1.4034,148626448.0,296577812.603
000300.SH,2020-12-31,5211.2885,5122.4799,5215.6178,5122.4799,5113.7105,97.578,1.9082,171602509.0,358731371.8347
000300.SH,2021-01-04,5267.7181,5212.9313,5284.4343,5190.9372,5211.2885,56.4296,1.0828,211711382.0,452796175.554
000300.SH,2021-01-05,5368.5049,5245.8355,5368.5049,5234.3775,5267.7181,100.7868,1.9133,224931159.0,498041939.7613
000300.SH,2021-01-06,5417.6677,5386.5144,5433.4694,5341.4304,5368.5049,49.1628,0.9158,193773444.0,444434377.1373
000300.SH,2021-01-07,5513.6568,5428.3944,5513.6568,5413.3526,5417.6677,95.9891,1.7718,219872080.0,473385353.6958
000300.SH,2021-01-08,5495.4306,5526.2876,5547.4733,5442.6939,5513.6568,-18.2262,-0.3306,204324956.0,473567653.9786
000300.SH,2021-01-11,5441.1583,5504.2358,5555.6916,5412.5046,5495.4306,-54.2723,-0.9876,231835983.0,522298482.5443
000300.SH,2021-01-12,5596.3525,5419.4996,5596.3525,5417.6272,5441.1583,155.1942,2.8522,224220186.0,486233760.7398
000300.SH,2021-01-13,5577.9711,5609.2637,5644.7195,5535.1435,5596.3525,-18.3814,-0.3285,261569886.0,546959736.3655
000300.SH,2021-01-14,5470.4563,5556.2125,5568.0179,5458.6818,5577.9711,-107.5148,-1.9275,243683380.0,501890111.879
000300.SH,2021-01-15,5458.0812,5471.391,5500.6348,5390.2737,5470.4563,-12.3751,-0.2262,238637435.0,475709920.3723
000300.SH,2021-01-18,5518.5205,5438.1618,5541.4613,5410.775,5458.0812,60.4393,1.1073,207051869.0,422717209.153
000300.SH,2021-01-19,5437.5234,5525.969,5532.4793,5415.7166,5518.5205,-80.9971,-1.4677,211043425.0,433205176.4499
000300.SH,2021-01-20,5476.4336,5439.9111,5496.0493,5426.5357,5437.5234,38.9102,0.7156,170913260.0,373770384.4964
000300.SH,2021-01-21,5564.9693,5492.9587,5593.1058,5490.5626,5476.4336,88.5357,1.6167,209950197.0,453183684.4789
000300.SH,2021-01-22,5569.776,5562.379,5573.6594,5513.8769,5564.9693,4.8067,0.0864,199300020.0,456622193.4356
000300.SH,2021-01-25,5625.9232,5564.1237,5655.4795,5543.2663,5569.776,56.1472,1.0081,197047019.0,508166980.802
000300.SH,2021-01-26,5512.9678,5600.9017,5600.9017,5505.9962,5625.9232,-112.9554,-2.0078,171904590.0,415008069.865
000300.SH,2021-01-27,5528.0034,5505.7708,5534.9928,5449.6385,5512.9678,15.0356,0.2727,160190841.0,376892605.8391
000300.SH,2021-01-28,5377.1427,5450.3695,5462.2352,5360.3766,5528.0034,-150.8607,-2.729,170485585.0,376166523.1775
000300.SH,2021-01-29,5351.9646,5413.9684,5430.2015,5288.0955,5377.1427,-25.1781,-0.4682,182178784.0,390287690.019
000300.SH,2021-02-01,5417.6484,5356.8535,5422.299,5342.0458,5351.9646,65.6838,1.2273,166313706.0,346859083.73
000300.SH,2021-02-02,5501.0915,5429.7032,5503.2145,5411.5173,5417.6484,83.4431,1.5402,165210565.0,380016716.1119
000300.SH,2021-02-03,5485.2008,5499.2961,5532.8864,5473.1237,5501.0915,-15.8907,-0.2889,188054317.0,404343602.6377
000300.SH,2021-02-04,5473.9475,5453.9764,5510.0535,5411.5749,5485.2008,-11.2533,-0.2052,180575654.0,397995205.3799
000300.SH,2021-02-05,5483.414,5494.7011,5550.7714,5477.6517,5473.9475,9.4665,0.1729,189699598.0,395400134.4902
000300.SH,2021-02-08,5564.5618,5506.1423,5576.4908,5479.8529,5483.414,81.1478,1.4799,164033775.0,367582771.6588
000300.SH,2021-02-09,5686.2502,5584.165,5686.2502,5555.0537,5564.5618,121.6884,2.1868,164887260.0,378769121.1719
000300.SH,2021-02-10,5807.7191,5709.684,5823.4219,5707.3295,5686.2502,121.4689,2.1362,170169786.0,417056463.3609
000300.SH,2021-02-18,5768.3814,5922.0714,5930.9122,5747.6631,5807.7191,-39.3377,-0.6773,218848686.0,507481235.9777
000300.SH,2021-02-19,5778.842,5734.0193,5787.8871,5667.3209,5768.3814,10.4606,0.1813,214475780.0,456433793.7021
000300.SH,2021-02-22,5597.3327,5785.5097,5785.5097,5597.3327,5778.842,-181.5093,-3.1409,282124382.0,543633153.2165
000300.SH,2021-02-23,5579.6681,5542.6841,5644.7551,5541.1092,5597.3327,-17.6646,-0.3156,233807727.0,424904470.8142
000300.SH,2021-02-24,5437.5683,5591.4795,5598.8284,5379.7278,5579.6681,-142.0998,-2.5467,225428610.0,472369211.0042
000300.SH,2021-02-25,5469.5584,5494.4706,5527.6296,5444.1646,5437.5683,31.9901,0.5883,230736028.0,412206157.1407
000300.SH,2021-02-26,5336.7609,5343.9041,5416.3197,5318.8579,5469.5584,-132.7975,-2.4279,212264543.0,405717700.1279
000300.SH,2021-03-01,5418.7837,5389.2499,5421.555,5345.9449,5336.7609,82.0228,1.5369,177463523.0,358146545.967
000300.SH,2021-03-02,5349.6301,5453.2847,5454.9687,5305.0545,5418.7837,-69.1536,-1.2762,196511115.0,376444604.6953
000300.SH,2021-03-03,5452.2125,5327.3467,5452.396,5316.4809,5349.6301,102.5824,1.9176,194709054.0,337610313.5964
000300.SH,2021-03-04,5280.7058,5388.4785,5392.3725,5254.7771,5452.2125,-171.5067,-3.1456,212775211.0,384382456.961
000300.SH,2021-03-05,5262.7958,5191.9699,5307.8203,5174.2458,5280.7058,-17.91,-0.3392,202627956.0,352539774.2949
000300.SH,2021-03-08,5080.0246,5299.7907,5326.2602,5079.7984,5262.7958,-182.7712,-3.4729,230231635.0,407133802.1417
000300.SH,2021-03-09,4970.9994,5066.1546,5094.311,4917.909,5080.0246,-109.0252,-2.1462,230711004.0,414415213.8062
000300.SH,2021-03-10,5003.6121,5047.0589,5055.2785,4981.6161,4970.9994,32.6127,0.6561,169928490.0,309577408.7149
000300.SH,2021-03-11,5128.2156,5024.5586,5138.4146,5020.5784,5003.6121,124.6035,2.4903,189600766.0,333859199.6786
000300.SH,2021-03-12,5146.3786,5153.674,5153.674,5086.8234,5128.2156,18.163,0.3542,201020589.0,323237751.4134
000300.SH,2021-03-15,5035.5441,5116.1228,5120.8757,4992.3989,5146.3786,-110.8345,-2.1536,204153084.0,330740513.8079
000300.SH,2021-03-16,5079.3624,5054.4089,5084.3085,5009.951,5035.5441,43.8183,0.8702,161390054.0,271755048.5636
000300.SH,2021-03-17,5100.8581,5062.7706,5123.5452,5020.1255,5079.3624,21.4957,0.4232,149162376.0,263492417.7089
000300.SH,2021-03-18,5141.7681,5114.5872,5160.4566,5111.1294,5100.8581,40.91,0.802,142901518.0,260930046.8447
000300.SH,2021-03-19,5007.0907,5068.5319,5089.9175,4980.7609,5141.7681,-134.6774,-2.6193,164174849.0,282974489.2372
000300.SH,2021-03-22,5057.152,5008.3953,5071.3378,4996.541,5007.0907,50.0613,0.9998,167402632.0,264209098.943
000300.SH,2021-03-23,5009.2459,5057.0632,5064.02,4966.534,5057.152,-47.9061,-0.9473,158013967.0,255755377.6596
000300.SH,2021-03-24,4928.6853,4985.4013,5024.3274,4919.8932,5009.2459,-80.5606,-1.6082,159385982.0,265970020.152
000300.SH,2021-03-25,4926.3469,4904.0683,4950.7608,4883.6615,4928.6853,-2.3384,-0.0474,132945189.0,219782049.4617
000300.SH,2021-03-26,5037.9899,4953.9453,5050.8292,4953.9453,4926.3469,111.643,2.2662,145926697.0,273901922.4313
000300.SH,2021-03-29,5046.8773,5052.2634,5086.6543,5010.3902,5037.9899,8.8874,0.1764,143388215.0,266176599.9705
000300.SH,2021-03-30,5094.7291,5043.0952,5106.0365,5032.795,5046.8773,47.8518,0.9481,138618560.0,254928014.4613
000300.SH,2021-03-31,5048.3607,5085.9497,5085.9497,5015.607,5094.7291,-46.3684,-0.9101,141335743.0,241058485.5544
000300.SH,2021-04-01,5110.7768,5059.9359,5115.4286,5056.8718,5048.3607,62.4161,1.2364,120324890.0,211493324.3911
000300.SH,2021-04-02,5161.5569,5129.8545,5169.8312,5116.3472,5110.7768,50.7801,0.9936,127002254.0,248060376.2241
000300.SH,2021-04-06,5140.3418,5178.6401,5181.149,5125.3301,5161.5569,-21.2151,-0.411,109834210.0,213852444.0654
000300.SH,2021-04-07,5103.7428,5141.6556,5141.6556,5065.1932,5140.3418,-36.599,-0.712,145763748.0,246271190.2965
000300.SH,2021-04-08,5112.2086,5078.2627,5129.1318,5062.0725,5103.7428,8.4658,0.1659,141771047.0,228422004.6747
000300.SH,2021-04-09,5035.3374,5100.0422,5100.0422,5022.0926,5112.2086,-76.8712,-1.5037,128416509.0,221519791.6776
000300.SH,2021-04-12,4947.7459,5026.9791,5045.6018,4933.0126,5035.3374,-87.5915,-1.7395,152644314.0,267218195.7727
000300.SH,2021-04-13,4939.6438,4949.8074,4994.5404,4924.1979,4947.7459,-8.1021,-0.1638,132919358.0,225753230.6492
000300.SH,2021-04-14,4980.6279,4945.6857,4987.1191,4940.2686,4939.6438,40.9841,0.8297,120860838.0,221036276.09
000300.SH,2021-04-15,4948.9741,4969.9099,4969.9099,4900.3033,4980.6279,-31.6538,-0.6355,108829384.0,213820884.1035
000300.SH,2021-04-16,4966.1811,4966.8999,4979.1731,4917.9596,4948.9741,17.207,0.3477,111239924.0,213389173.7135
000300.SH,2021-04-19,5087.0165,4966.409,5088.2106,4940.7473,4966.1811,120.8354,2.4332,154769824.0,307899776.7375
000300.SH,2021-04-20,5083.3654,5065.7757,5119.8586,5058.9247,5087.0165,-3.6511,-0.0718,136541700.0,276640588.1591
000300.SH,2021-04-21,5098.7449,5055.2398,5110.5623,5047.9916,5083.3654,15.3795,0.3025,124637277.0,242574995.256
000300.SH,2021-04-22,5089.2435,5114.2799,5119.2246,5067.1382,5098.7449,-9.5014,-0.1863,121167645.0,241488845.7561
000300.SH,2021-04-23,5135.4534,5088.8263,5149.9825,5086.4914,5089.2435,46.2099,0.908,122056991.0,264345183.1189
000300.SH,2021-04-26,5077.2372,5156.5941,5181.1066,5072.9585,5135.4534,-58.2162,-1.1336,151381967.0,325760384.2783
000300.SH,2021-04-27,5090.5195,5076.6415,5095.9842,5042.6099,5077.2372,13.2823,0.2616,123961837.0,254738009.8336
000300.SH,2021-04-28,5119.2421,5073.9728,5119.4455,5059.2628,5090.5195,28.7226,0.5642,120620318.0,272182521.8932
000300.SH,2021-04-29,5164.1692,5128.2795,5170.5852,5113.6484,5119.2421,44.9271,0.8776,140092480.0,294112454.3663
000300.SH,2021-04-30,5123.489,5156.3557,5163.2517,5094.9285,5164.1692,-40.6802,-0.7877,160121621.0,315075102.8849
000300.SH,2021-05-06,5061.1244,5098.8006,5132.8986,5037.4083,5123.489,-62.3646,-1.2172,158822630.0,323258264.6415
000300.SH,2021-05-07,4996.0527,5073.4554,5093.7471,4996.037,5061.1244,-65.0717,-1.2857,172258321.0,304638402.155
000300.SH,2021-05-10,4992.422,5001.4371,5019.3927,4953.6965,4996.0527,-3.6307,-0.0727,170820585.0,282656808.8534
000300.SH,2021-05-11,5023.0595,4956.0794,5033.4938,4925.9152,4992.422,30.6375,0.6137,151526497.0,270931616.5129
000300.SH,2021-05-12,5044.5481,5003.8171,5051.1682,4995.4048,5023.0595,21.4886,0.4278,126619086.0,228344006.493
000300.SH,2021-05-13,4992.9738,4992.3519,5022.0836,4975.4462,5044.5481,-51.5743,-1.0224,132279406.0,237821404.3453
000300.SH,2021-05-14,5110.5901,5007.6286,5112.9838,4981.2948,4992.9738,117.6163,2.3556,159426180.0,318802786.8229
000300.SH,2021-05-17,5184.9853,5115.3063,5206.6947,5115.3063,5110.5901,74.3952,1.4557,153889634.0,335439913.4241
000300.SH,2021-05-18,5187.6013,5190.9345,5201.6721,5156.7924,5184.9853,2.616,0.0505,118404261.0,238182265.9219
000300.SH,2021-05-19,5172.272,5173.1666,5193.5574,5151.6392,5187.6013,-15.3293,-0.2955,118729983.0,250736278.1558
000300.SH,2021-05-20,5186.412,5167.0546,5201.5935,5152.0358,5172.272,14.14,0.2734,138454775.0,277088462.0473
000300.SH,2021-05-21,5134.1483,5199.1285,5216.1615,5123.1171,5186.412,-52.2637,-1.0077,124768485.0,268053627.5306
000300.SH,2021-05-24,5155.5875,5138.8149,5155.5875,5092.3894,5134.1483,21.4392,0.4176,126742336.0,278513133.226
000300.SH,2021-05-25,5318.478,5165.0361,5324.3609,5161.5238,5155.5875,162.8905,3.1595,182996839.0,404683305.6411
000300.SH,2021-05-26,5320.5927,5326.1169,5344.2837,5308.7389,5318.478,2.1147,0.0398,169607096.0,346444644.7928
000300.SH,2021-05-27,5338.2329,5311.3726,5378.4764,5286.05,5320.5927,17.6402,0.3315,148462855.0,311893705.9351
000300.SH,2021-05-28,5321.0886,5338.7278,5360.2774,5288.6515,5338.2329,-17.1443,-0.3212,164605806.0,330711896.3442
000300.SH,2021-05-31,5331.5696,5318.0825,5331.6294,5281.6851,5321.0886,10.481,0.197,144603269.0,321450798.2335
000300.SH,2021-06-01,5341.6798,5320.4745,5343.7529,5269.259,5331.5696,10.1102,0.1896,143831474.0,321845842.1534
000300.SH,2021-06-02,5289.9736,5348.344,5352.6404,5266.7852,5341.6798,-51.7062,-0.968,137754319.0,296176177.1535
000300.SH,2021-06-03,5255.2855,5285.7098,5314.3691,5255.0719,5289.9736,-34.6881,-0.6557,141968878.0,285448632.4889
000300.SH,2021-06-04,5282.2772,5228.2761,5334.4899,5221.2291,5255.2855,26.9917,0.5136,144732087.0,292326048.7755
000300.SH,2021-06-07,5277.6271,5284.8907,5286.8424,5242.9481,5282.2772,-4.6501,-0.088,127704971.0,280463260.5832
000300.SH,2021-06-08,5232.1165,5276.9711,5319.0406,5201.1404,5277.6271,-45.5106,-0.8623,130559532.0,304042218.2662
000300.SH,2021-06-09,5236.4493,5224.9496,5253.3555,5215.3506,5232.1165,4.3328,0.0828,121820321.0,255075448.703
000300.SH,2021-06-10,5271.4661,5236.4691,5299.5299,5229.5182,5236.4493,35.0168,0.6687,138991967.0,301454334.6098
000300.SH,2021-06-11,5224.703,5275.7456,5276.1039,5213.5991,5271.4661,-46.7631,-0.8871,180807173.0,365363494.5418
000300.SH,2021-06-15,5166.5597,5218.5648,5225.5021,5137.409,5224.703,-58.1433,-1.1129,142880058.0,330616618.6215
000300.SH,2021-06-16,5080.4909,5163.2493,5164.5192,5076.0222,5166.5597,-86.0688,-1.6659,125147985.0,298286772.9334
000300.SH,2021-06-17,5101.8924,5074.3839,5123.3651,5073.8211,5080.4909,21.4015,0.4212,120452518.0,281927280.7233
000300.SH,2021-06-18,5102.4657,5104.9297,5128.0309,5064.9208,5101.8924,0.5733,0.0112,148585805.0,356697096.1159
000300.SH,2021-06-21,5090.3854,5088.0893,5123.7827,5058.5699,5102.4657,-12.0803,-0.2368,132184516.0,331527114.639
000300.SH,2021-06-22,5122.1583,5106.0743,5125.8186,5086.2776,5090.3854,31.7729,0.6242,130416753.0,313690367.1254
000300.SH,2021-06-23,5147.3938,5127.191,5171.033,5109.7571,5122.1583,25.2355,0.4927,136356058.0,358765666.3297
000300.SH,2021-06-24,5155.9738,5156.5638,5160.4346,5120.5844,5147.3938,8.58,0.1667,126685625.0,312607422.6093
000300.SH,2021-06-25,5239.9684,5159.8017,5251.6076,5157.4758,5155.9738,83.9946,1.6291,154931061.0,368265641.2411
000300.SH,2021-06-28,5251.7604,5253.6081,5260.6372,5226.2201,5239.9684,11.792,0.225,133193783.0,337452771.6756
000300.SH,2021-06-29,5190.5445,5248.5249,5248.5249,5182.6771,5251.7604,-61.2159,-1.1656,125162997.0,314896843.0243
000300.SH,2021-06-30,5224.041,5189.3797,5231.4262,5186.625,5190.5445,33.4965,0.6453,103752671.0,281015504.9405
000300.SH,2021-07-01,5229.6642,5241.2039,5252.2642,5190.8762,5224.041,5.6232,0.1076,127240620.0,324097400.2675
000300.SH,2021-07-02,5081.1172,5186.6613,5186.6613,5074.3621,5229.6642,-148.547,-2.8405,130426424.0,342578961.2483
000300.SH,2021-07-05,5085.7924,5073.7787,5098.2305,5048.004,5081.1172,4.6752,0.092,131211589.0,335197786.6298
000300.SH,2021-07-06,5083.1043,5089.778,5092.2066,5028.5058,5085.7924,-2.6881,-0.0529,140655220.0,362828901.8489
000300.SH,2021-07-07,5140.4899,5052.4204,5152.7711,5045.4056,5083.1043,57.3856,1.1289,148549060.0,336731403.3757
000300.SH,2021-07-08,5088.2566,5149.3095,5151.2171,5078.9295,5140.4899,-52.2333,-1.0161,173901008.0,397879869.8797
000300.SH,2021-07-09,5069.4361,5063.148,5081.4086,5006.4115,5088.2566,-18.8205,-0.3699,160653226.0,352845583.7689
000300.SH,2021-07-12,5132.7088,5108.3783,5159.4115,5070.3188,5069.4361,63.2727,1.2481,206212039.0,437203145.9433
000300.SH,2021-07-13,5142.0991,5128.6138,5154.0508,5114.943,5132.7088,9.3903,0.183,166482209.0,361328491.6533
000300.SH,2021-07-14,5083.0849,5130.7522,5130.7522,5075.1252,5142.0991,-59.0142,-1.1477,188352720.0,372568110.2916
000300.SH,2021-07-15,5151.4626,5073.2634,5153.8056,5067.6767,5083.0849,68.3777,1.3452,181077103.0,372484081.1226
000300.SH,2021-07-16,5094.7727,5140.904,5140.904,5090.6321,5151.4626,-56.6899,-1.1005,169955982.0,362594258.079
000300.SH,2021-07-19,5113.4945,5083.7276,5120.8235,5047.6234,5094.7727,18.7218,0.3675,153199589.0,340322623.7921
000300.SH,2021-07-20,5108.9941,5080.2158,5114.0033,5067.8619,5113.4945,-4.5004,-0.088,129300044.0,283543130.7552
000300.SH,2021-07-21,5144.0428,5122.7843,5160.5447,5122.3046,5108.9941,35.0487,0.686,167976469.0,390275519.3054
000300.SH,2021-07-22,5151.7517,5150.3859,5171.2096,5137.8795,5144.0428,7.7089,0.1499,185556864.0,418221654.806
000300.SH,2021-07-23,5089.2282,5145.4308,5145.4308,5079.9973,5151.7517,-62.5235,-1.2136,216536847.0,435521169.695
000300.SH,2021-07-26,4925.299,5067.3072,5067.3072,4859.6031,5089.2282,-163.9292,-3.2211,228111710.0,495153655.1167
000300.SH,2021-07-27,4751.313,4924.2816,4940.86,4749.0327,4925.299,-173.986,-3.5325,236631225.0,521146117.0411
000300.SH,2021-07-28,4760.4826,4714.2948,4785.6567,4663.9009,4751.313,9.1696,0.193,192634393.0,419706155.1628
000300.SH,2021-07-29,4850.2746,4845.7603,4857.9709,4800.0125,4760.4826,89.792,1.8862,173322054.0,415676120.8776
000300.SH,2021-07-30,4811.1695,4825.7002,4825.7002,4761.0376,4850.2746,-39.1051,-0.8062,182349776.0,420943935.0618
000300.SH,2021-08-02,4933.736,4794.8192,4938.8154,4761.4593,4811.1695,122.5665,2.5475,227194918.0,524659449.2955
000300.SH,2021-08-03,4934.4583,4909.2325,4957.0291,4890.8495,4933.736,0.7223,0.0146,203533360.0,471194128.4019
000300.SH,2021-08-04,4978.8479,4927.7358,4979.2911,4919.6569,4934.4583,44.3896,0.8996,175466461.0,425801406.6118
000300.SH,2021-08-05,4948.6703,4946.1668,4997.1397,4921.9382,4978.8479,-30.1776,-0.6061,167381829.0,398772206.8082
000300.SH,2021-08-06,4921.5647,4943.0427,4944.3486,4891.7968,4948.6703,-27.1056,-0.5477,154179688.0,371773603.7851
000300.SH,2021-08-09,4985.5627,4890.2573,5002.8944,4884.0392,4921.5647,63.998,1.3004,182436871.0,408897062.9354
000300.SH,2021-08-10,5043.148,4977.8164,5043.7608,4941.2399,4985.5627,57.5853,1.155,167051902.0,410098755.6103
000300.SH,2021-08-11,5015.3406,5037.0819,5059.7887,5009.9782,5043.148,-27.8074,-0.5514,182266074.0,373386347.2074
000300.SH,2021-08-12,4973.3509,4998.0733,5016.2628,4962.985,5015.3406,-41.9897,-0.8372,168223733.0,361828381.9644
000300.SH,2021-08-13,4945.9829,4958.7577,4993.7432,4921.2812,4973.3509,-27.368,-0.5503,158314321.0,352459069.0355
000300.SH,2021-08-16,4941.0676,4935.9229,4973.3761,4931.3691,4945.9829,-4.9153,-0.0994,161953373.0,340735120.1747
000300.SH,2021-08-17,4837.4034,4935.0044,4967.5648,4823.3923,4941.0676,-103.6642,-2.098,187573472.0,388457131.5037
000300.SH,2021-08-18,4894.2384,4838.4706,4909.5409,4818.9013,4837.4034,56.835,1.1749,197474378.0,395792165.7598
000300.SH,2021-08-19,4862.1394,4886.564,4893.467,4839.5681,4894.2384,-32.099,-0.6559,201711719.0,397424964.846
000300.SH,2021-08-20,4769.2678,4817.4937,4835.153,4720.8257,4862.1394,-92.8716,-1.9101,177635810.0,404938035.6674
000300.SH,2021-08-23,4835.8782,4777.7347,4843.8193,4764.0089,4769.2678,66.6104,1.3967,167579093.0,389599126.282
000300.SH,2021-08-24,4888.3902,4844.5925,4906.2036,4842.7476,4835.8782,52.512,1.0859,197883163.0,417481426.1582
000300.SH,2021-08-25,4898.1572,4890.5211,4899.7651,4865.7646,4888.3902,9.767,0.1998,189448016.0,371868197.4586
000300.SH,2021-08-26,4801.6094,4892.2044,4892.2044,4798.6954,4898.1572,-96.5478,-1.9711,197617387.0,368987718.5059
000300.SH,2021-08-27,4827.0433,4794.974,4863.4692,4793.5908,4801.6094,25.4339,0.5297,183310211.0,368421410.2812
000300.SH,2021-08-30,4813.2703,4847.0348,4849.1598,4787.1999,4827.0433,-13.773,-0.2853,219635757.0,477182071.7198
000300.SH,2021-08-31,4805.6099,4803.0854,4821.7564,4740.7524,4813.2703,-7.6604,-0.1592,235118658.0,460805653.996
000300.SH,2021-09-01,4869.4587,4804.6863,4906.4024,4763.2992,4805.6099,63.8488,1.3286,326721080.0,568819748.4058
000300.SH,2021-09-02,4869.4113,4865.8218,4892.7049,4845.6246,4869.4587,-0.0474,-0.001,267858013.0,465954132.7971
000300.SH,2021-09-03,4843.0624,4875.0656,4886.5477,4828.6991,4869.4113,-26.3489,-0.5411,268091896.0,466430119.6996
000300.SH,2021-09-06,4933.7262,4841.0623,4944.4497,4837.7859,4843.0624,90.6638,1.872,240507245.0,452756275.2919
000300.SH,2021-09-07,4992.8294,4932.9759,5005.9606,4915.6119,4933.7262,59.1032,1.1979,244178519.0,417759639.1209
000300.SH,2021-09-08,4972.1324,4986.7953,5013.9764,4955.8876,4992.8294,-20.697,-0.4145,264615315.0,428591077.7081
000300.SH,2021-09-09,4970.0133,4952.4924,4970.147,4929.9501,4972.1324,-2.1191,-0.0426,256530217.0,401675689.2758
000300.SH,2021-09-10,5013.5219,4967.9759,5042.7994,4962.3707,4970.0133,43.5086,0.8754,288304352.0,472762533.2392
000300.SH,2021-09-13,4991.6598,5006.7748,5029.7237,4964.9599,5013.5219,-21.8621,-0.4361,249915298.0,433329627.4211
000300.SH,2021-09-14,4917.1617,4989.8348,5000.9772,4907.3159,4991.6598,-74.4981,-1.4925,245590402.0,417245830.7822
000300.SH,2021-09-15,4867.3187,4903.8471,4903.8471,4843.1158,4917.1617,-49.843,-1.0137,187984730.0,363256653.8783
000300.SH,2021-09-16,4807.6978,4866.7936,4879.5306,4806.1442,4867.3187,-59.6209,-1.2249,216752099.0,393517267.1656
000300.SH,2021-09-17,4855.9402,4797.1129,4857.958,4786.0876,4807.6978,48.2424,1.0034,201958127.0,360397420.0867
000300.SH,2021-09-22,4821.7675,4770.7323,4830.8496,4765.2301,4855.9402,-34.1727,-0.7037,191220376.0,311952989.4321
000300.SH,2021-09-23,4853.1957,4848.2223,4877.3359,4837.5571,4821.7675,31.4282,0.6518,228151064.0,362140919.563
000300.SH,2021-09-24,4849.4277,4845.638,4897.0596,4838.5352,4853.1957,-3.768,-0.0776,207693290.0,361849453.1973
000300.SH,2021-09-27,4877.3698,4870.8482,4922.5626,4852.1997,4849.4277,27.9421,0.5762,215967030.0,426083025.4175
000300.SH,2021-09-28,4883.828,4869.0845,4901.3114,4846.6306,4877.3698,6.4582,0.1324,176890880.0,321272191.534
000300.SH,2021-09-29,4833.9281,4846.0212,4868.0678,4799.877,4883.828,-49.8999,-1.0217,188171366.0,331841767.7489
000300.SH,2021-09-30,4866.3826,4843.9531,4876.0728,4843.9531,4833.9281,32.4545,0.6714,146113896.0,283254685.2322
000300.SH,2021-10-08,4929.9409,4915.7305,4937.0918,4891.6249,4866.3826,63.5583,1.3061,168968077.0,343635835.3064
000300.SH,2021-10-11,4936.1918,4941.2918,4983.7294,4930.7132,4929.9409,6.2509,0.1268,163511624.0,315186321.3821
000300.SH,2021-10-12,4883.8369,4920.6596,4925.4883,4840.77,4936.1918,-52.3549,-1.0606,168079337.0,299424238.6011
000300.SH,2021-10-13,4940.1089,4880.144,4953.3749,4869.8307,4883.8369,56.272,1.1522,131142813.0,280044666.6284
000300.SH,2021-10-14,4913.6123,4934.2575,4953.9231,4903.2498,4940.1089,-26.4966,-0.5364,119557013.0,249151666.5542
000300.SH,2021-10-15,4932.1084,4896.5578,4939.8153,4881.0136,4913.6123,18.4961,0.3764,142822001.0,300728491.2012
000300.SH,2021-10-18,4874.7753,4922.5137,4922.5137,4844.9383,4932.1084,-57.3331,-1.1624,141245199.0,302539444.437
000300.SH,2021-10-19,4922.7232,4869.3907,4928.1433,4868.8106,4874.7753,47.9479,0.9836,135266493.0,282928243.8068
000300.SH,2021-10-20,4910.1846,4926.7727,4944.0216,4898.3651,4922.7232,-12.5386,-0.2547,141533183.0,279747732.4551
000300.SH,2021-10-21,4928.0156,4914.7378,4946.1764,4893.8525,4910.1846,17.831,0.3631,148898154.0,274802962.4949
000300.SH,2021-10-22,4959.7254,4934.8698,4989.887,4934.8698,4928.0156,31.7098,0.6435,143926228.0,289252612.1999
000300.SH,2021-10-25,4979.5235,4940.8962,4981.6499,4930.112,4959.7254,19.7981,0.3992,141861490.0,299408232.1576
000300.SH,2021-10-26,4963.0984,4983.2383,5002.5746,4953.4787,4979.5235,-16.4251,-0.3299,140888943.0,301786229.7404
000300.SH,2021-10-27,4898.1644,4949.2269,4949.2269,4884.9418,4963.0984,-64.934,-1.3083,147111593.0,299460469.4147
000300.SH,2021-10-28,4864.138,4882.5858,4898.6576,4846.2779,4898.1644,-34.0264,-0.6947,156649472.0,316631709.5663
000300.SH,2021-10-29,4908.7701,4861.2667,4908.7701,4855.7593,4864.138,44.6321,0.9176,159887353.0,368731987.3102
000300.SH,2021-11-01,4890.6851,4878.1276,4908.2056,4858.2485,4908.7701,-18.085,-0.3684,171583974.0,379730767.559
000300.SH,2021-11-02,4839.8457,4886.1849,4911.2266,4797.899,4890.6851,-50.8394,-1.0395,185437688.0,385731879.8175
000300.SH,2021-11-03,4821.1119,4835.8093,4858.7133,4804.3657,4839.8457,-18.7338,-0.3871,142763820.0,302269934.6562
000300.SH,2021-11-04,4868.7419,4841.0912,4873.9394,4834.7433,4821.1119,47.63,0.9879,132592970.0,308688054.5736
000300.SH,2021-11-05,4842.3458,4858.8999,4889.6835,4841.7442,4868.7419,-26.3961,-0.5422,147789359.0,312070841.453
000300.SH,2021-11-08,4848.1795,4841.1527,4866.0822,4827.6892,4842.3458,5.8337,0.1205,137398264.0,295893824.0004
000300.SH,2021-11-09,4846.7444,4858.2525,4870.7905,4818.5386,4848.1795,-1.4351,-0.0296,118375526.0,261645065.3762
000300.SH,2021-11-10,4821.1925,4832.8006,4832.8006,4753.9959,4846.7444,-25.5519,-0.5272,135118179.0,301058966.2705
000300.SH,2021-11-11,4898.6529,4814.7655,4898.6529,4809.1109,4821.1925,77.4604,1.6067,160484863.0,323624626.0694
000300.SH,2021-11-12,4888.3749,4902.9289,4909.0839,4875.3492,4898.6529,-10.278,-0.2098,132662969.0,271773244.503
000300.SH,2021-11-15,4882.3777,4894.4119,4906.3301,4863.396,4888.3749,-5.9972,-0.1227,121823149.0,272997748.9102
000300.SH,2021-11-16,4883.3206,4880.8964,4915.3717,4876.5004,4882.3777,0.9429,0.0193,127254406.0,284094590.893
000300.SH,2021-11-17,4885.7544,4883.2481,4891.5232,4864.5198,4883.3206,2.4338,0.0498,108459223.0,246177916.9486
000300.SH,2021-11-18,4837.6185,4871.4216,4871.4216,4830.4123,4885.7544,-48.1359,-0.9852,114480565.0,244484713.7971
000300.SH,2021-11-19,4890.0575,4832.0595,4892.8093,4829.5665,4837.6185,52.439,1.084,127198312.0,266280681.8636
000300.SH,2021-11-22,4912.399,4895.3875,4918.9957,4893.2732,4890.0575,22.3415,0.4569,138092836.0,316148811.48
000300.SH,2021-11-23,4913.3457,4905.7587,4927.5211,4896.8781,4912.399,0.9467,0.0193,154304411.0,301022146.0811
000300.SH,2021-11-24,4916.6579,4914.0266,4935.4885,4899.6112,4913.3457,3.3122,0.0674,137150673.0,289707337.7086
000300.SH,2021-11-25,4896.4416,4917.6055,4921.3333,4891.728,4916.6579,-20.2163,-0.4112,115984031.0,255450994.3521
000300.SH,2021-11-26,4860.1265,4886.9516,4886.9516,4850.8114,4896.4416,-36.3151,-0.7417,120368974.0,243041335.6472
000300.SH,2021-11-29,4851.423,4820.0053,4858.5322,4818.7058,4860.1265,-8.7035,-0.1791,133626862.0,285995221.6568
000300.SH,2021-11-30,4832.026,4857.183,4871.2528,4810.2192,4851.423,-19.397,-0.3998,129630596.0,279268234.018
000300.SH,2021-12-01,4843.851,4831.8885,4844.5242,4823.9254,4832.026,11.825,0.2447,123086789.0,255968912.3621
000300.SH,2021-12-02,4856.163,4839.9137,4866.8505,4830.3228,4843.851,12.312,0.2542,148088521.0,278051726.1557
000300.SH,2021-12-03,4901.0175,4856.9802,4901.0175,4853.3505,4856.163,44.8545,0.9237,144059626.0,300052698.3422
000300.SH,2021-12-06,4892.6209,4909.4292,4943.9032,4888.6927,4901.0175,-8.3966,-0.1713,173615683.0,333405791.0149
000300.SH,2021-12-07,4922.1015,4930.8261,4934.0973,4895.2178,4892.6209,29.4806,0.6026,179053460.0,340617766.2378
000300.SH,2021-12-08,4995.9298,4934.4056,4995.9298,4915.7898,4922.1015,73.8283,1.4999,157490559.0,329064831.2389
000300.SH,2021-12-09,5078.6901,5000.6871,5114.5012,4999.4097,4995.9298,82.7603,1.6566,220568776.0,425680958.7791
000300.SH,2021-12-10,5055.1172,5046.2677,5060.0554,5035.8087,5078.6901,-23.5729,-0.4642,193695154.0,356917625.3795
000300.SH,2021-12-13,5083.8007,5090.0207,5143.841,5079.7276,5055.1172,28.6835,0.5674,211801596.0,426376532.4771
000300.SH,2021-12-14,5049.6953,5066.3497,5075.2138,5038.8583,5083.8007,-34.1054,-0.6709,159107790.0,318685538.0735
000300.SH,2021-12-15,5005.8991,5036.284,5060.368,5003.7776,5049.6953,-43.7962,-0.8673,150529752.0,291072568.7608
000300.SH,2021-12-16,5034.7321,5006.6105,5034.7321,4987.2247,5005.8991,28.833,0.576,144053867.0,291474766.8662
000300.SH,2021-12-17,4954.7599,5021.3385,5022.1067,4954.7592,5034.7321,-79.9722,-1.5884,149005399.0,297943311.1866
000300.SH,2021-12-20,4880.4178,4934.9662,4971.6727,4872.6846,4954.7599,-74.3421,-1.5004,169675690.0,317536919.39
000300.SH,2021-12-21,4913.4853,4876.5141,4917.7994,4872.9491,4880.4178,33.0675,0.6776,143339898.0,259023177.3226
000300.SH,2021-12-22,4914.4544,4924.5771,4936.6731,4903.1652,4913.4853,0.9691,0.0197,133256740.0,244642450.5137
000300.SH,2021-12-23,4948.7389,4924.2912,4948.7389,4906.7473,4914.4544,34.2845,0.6976,139555406.0,263359754.8007
000300.SH,2021-12-24,4921.3449,4953.0616,4964.9064,4905.9785,4948.7389,-27.394,-0.5536,142673323.0,290483663.5064
000300.SH,2021-12-27,4919.3238,4918.1462,4939.689,4894.1598,4921.3449,-2.0211,-0.0411,124100952.0,254421525.1727
000300.SH,2021-12-28,4955.9644,4923.6917,4959.1448,4913.5983,4919.3238,36.6406,0.7448,130457757.0,276316732.1812
000300.SH,2021-12-29,4883.4804,4958.6455,4958.6455,4883.4804,4955.9644,-72.484,-1.4626,113587002.0,273225467.1122
000300.SH,2021-12-30,4921.5109,4882.1561,4940.178,4878.6478,4883.4804,38.0305,0.7788,121617178.0,268022477.3118
000300.SH,2021-12-31,4940.3733,4937.463,4950.3639,4923.1392,4921.5109,18.8624,0.3833,121313737.0,266975388.7232
000300.SH,2022-01-04,4917.7653,4957.9835,4961.4527,4874.5337,4940.3733,-22.608,-0.4576,151534776.0,336516961.627
000300.SH,2022-01-05,4868.1202,4907.9347,4916.2822,4851.9835,4917.7653,-49.6451,-1.0095,178816100.0,363944528.8479
000300.SH,2022-01-06,4818.2318,4842.156,4857.5596,4786.433,4868.1202,-49.8884,-1.0248,157665826.0,321750076.5492
000300.SH,2022-01-07,4822.3689,4824.3181,4856.6522,4818.1931,4818.2318,4.1371,0.0859,187139413.0,332218950.7345
000300.SH,2022-01-10,4844.0451,4812.23,4844.3928,4780.8191,4822.3689,21.6762,0.4495,156211696.0,305033816.7835
000300.SH,2022-01-11,4797.7735,4840.0087,4850.879,4791.8854,4844.0451,-46.2716,-0.9552,146928004.0,286445756.0337
000300.SH,2022-01-12,4845.5787,4818.8902,4852.7314,4810.919,4797.7735,47.8052,0.9964,143200204.0,293153042.8452
000300.SH,2022-01-13,4765.9191,4853.0314,4853.0632,4765.2416,4845.5787,-79.6596,-1.644,142519653.0,288799117.0433
000300.SH,2022-01-14,4726.7317,4743.9124,4764.0522,4723.9428,4765.9191,-39.1874,-0.8222,146863126.0,281828448.5174
000300.SH,2022-01-17,4767.2762,4728.7595,4775.2385,4726.7083,4726.7317,40.5445,0.8578,115295691.0,263788241.676
000300.SH,2022-01-18,4813.3472,4766.7811,4826.3003,4747.92,4767.2762,46.071,0.9664,150870802.0,282749393.1387
000300.SH,2022-01-19,4780.3784,4815.8106,4828.7522,4755.9301,4813.3472,-32.9688,-0.6849,133927360.0,275534557.4685
000300.SH,2022-01-20,4823.5091,4778.2616,4845.0048,4777.5683,4780.3784,43.1307,0.9022,164971315.0,304344267.9705
000300.SH,2022-01-21,4779.3142,4808.7733,4818.3052,4762.5641,4823.5091,-44.1949,-0.9162,138952585.0,274699155.2938
000300.SH,2022-01-24,4786.7377,4753.9413,4801.0976,4746.4479,4779.3142,7.4235,0.1553,114463880.0,246261594.8529
000300.SH,2022-01-25,4678.4511,4761.95,4781.3908,4678.2472,4786.7377,-108.2866,-2.2622,133667586.0,250555769.168
000300.SH,2022-01-26,4712.3109,4697.0991,4718.9946,4648.1283,4678.4511,33.8598,0.7237,107070842.0,226553448.3568
000300.SH,2022-01-27,4619.8765,4708.0989,4708.4364,4616.0273,4712.3109,-92.4344,-1.9616,121263804.0,250535654.8244
000300.SH,2022-01-28,4563.772,4641.8137,4660.519,4559.8331,4619.8765,-56.1045,-1.2144,126480112.0,263967891.8283
000300.SH,2022-02-07,4634.0899,4638.5754,4672.6535,4615.0052,4563.772,70.3179,1.5408,144849720.0,266031793.9853
000300.SH,2022-02-08,4608.7729,4626.4365,4626.4365,4522.4709,4634.0899,-25.317,-0.5463,155830708.0,281364873.7625
000300.SH,2022-02-09,4652.0609,4608.1491,4659.4611,4595.2826,4608.7729,43.288,0.9393,148335547.0,273771960.5059
000300.SH,2022-02-10,4639.8625,4657.2107,4657.2107,4608.0905,4652.0609,-12.1984,-0.2622,151576666.0,287224388.0856
000300.SH,2022-02-11,4601.3953,4617.8741,4662.5963,4595.8751,4639.8625,-38.4672,-0.8291,155974584.0,307938016.7145
000300.SH,2022-02-14,4551.6878,4579.4202,4593.6324,4530.0566,4601.3953,-49.7075,-1.0803,143673894.0,275737553.4667
000300.SH,2022-02-15,4600.1025,4553.8112,4601.453,4550.543,4551.6878,48.4147,1.0637,115025600.0,249977008.675
000300.SH,2022-02-16,4617.9893,4619.8458,4643.1003,4607.2178,4600.1025,17.8868,0.3888,107258955.0,210190931.0355
000300.SH,2022-02-17,4629.1649,4616.8955,4650.1591,4606.9522,4617.9893,11.1756,0.242,110014643.0,227946249.3065
000300.SH,2022-02-18,4651.2358,4604.5669,4651.3415,4598.1003,4629.1649,22.0709,0.4768,104550228.0,195825700.4779
000300.SH,2022-02-21,4634.3141,4646.0522,4646.6724,4613.2971,4651.2358,-16.9217,-0.3638,112516512.0,215039182.2972
000300.SH,2022-02-22,4574.1527,4601.9184,4602.066,4550.804,4634.3141,-60.1614,-1.2982,123317237.0,246872960.6681
000300.SH,2022-02-23,4623.0465,4582.0064,4625.2979,4579.2945,4574.1527,48.8938,1.0689,122952916.0,259050146.1944
000300.SH,2022-02-24,4529.3189,4592.069,4610.8792,4488.4763,4623.0465,-93.7276,-2.0274,184403058.0,342346666.8565
000300.SH,2022-02-25,4573.4247,4564.6321,4611.8602,4561.8964,4529.3189,44.1058,0.9738,149722583.0,271727599.6719
000300.SH,2022-02-28,4581.6459,4563.7427,4581.6459,4530.6764,4573.4247,8.2212,0.1798,135406978.0,248363727.4827
000300.SH,2022-03-01,4619.6862,4597.855,4623.4312,4583.917,4581.6459,38.0403,0.8303,123139220.0,260431185.0637
000300.SH,2022-03-02,4578.6007,4594.017,4594.017,4558.4416,4619.6862,-41.0855,-0.8894,113298325.0,215299655.3651
000300.SH,2022-03-03,4551.6283,4595.0249,4599.3973,4544.4313,4578.6007,-26.9724,-0.5891,138285877.0,242701771.9962
000300.SH,2022-03-04,4496.4301,4513.3636,4539.3925,4481.4927,4551.6283,-55.1982,-1.2127,127266806.0,249970282.271
000300.SH,2022-03-07,4352.7775,4462.5174,4462.5174,4338.3042,4496.4301,-143.6526,-3.1948,162197706.0,306898527.6584
000300.SH,2022-03-08,4265.391,4361.6424,4383.6467,4252.5386,4352.7775,-87.3865,-2.0076,167863277.0,315176698.3709
000300.SH,2022-03-09,4226.3463,4280.9789,4304.482,4068.193,4265.391,-39.0447,-0.9154,194232900.0,341009391.8657
000300.SH,2022-03-10,4292.8374,4326.2035,4335.6731,4288.5078,4226.3463,66.4911,1.5733,145266383.0,301636182.1952
000300.SH,2022-03-11,4306.5217,4231.1961,4316.044,4176.4522,4292.8374,13.6843,0.3188,152399921.0,295008832.4324
000300.SH,2022-03-14,4174.7577,4248.1526,4280.3609,4174.7577,4306.5217,-131.764,-3.0596,130187236.0,260691659.4608
000300.SH,2022-03-15,3983.812,4125.4866,4163.4176,3983.812,4174.7577,-190.9457,-4.5738,202524699.0,346988947.3678
000300.SH,2022-03-16,4156.081,4053.099,4168.5853,3942.861,3983.812,172.269,4.3242,196021982.0,378883588.2903
000300.SH,2022-03-17,4237.6956,4237.6722,4302.7426,4217.8038,4156.081,81.6146,1.9637,179407344.0,385039197.2857
000300.SH,2022-03-18,4265.9017,4218.4736,4283.3679,4194.9402,4237.6956,28.2061,0.6656,149458305.0,275791291.0726
000300.SH,2022-03-21,4258.7459,4280.1397,4287.8166,4223.024,4265.9017,-7.1558,-0.1677,127036360.0,251214543.3214
000300.SH,2022-03-22,4255.295,4252.5658,4283.3344,4236.6888,4258.7459,-3.4509,-0.081,126382470.0,226213533.9845
000300.SH,2022-03-23,4276.5174,4269.6088,4287.5771,4241.957,4255.295,21.2224,0.4987,117089078.0,226390778.4033
000300.SH,2022-03-24,4251.3061,4249.5328,4273.9568,4216.8506,4276.5174,-25.2113,-0.5895,108918272.0,219594430.5404
000300.SH,2022-03-25,4174.5742,4249.0731,4254.8449,4173.93,4251.3061,-76.7319,-1.8049,108808046.0,217013187.2648
000300.SH,2022-03-28,4148.4663,4128.8379,4174.1206,4091.2978,4174.5742,-26.1079,-0.6254,118449021.0,213468973.9975
000300.SH,2022-03-29,4134.1441,4155.4182,4177.2134,4124.7179,4148.4663,-14.3222,-0.3452,100266972.0,199463853.6682
000300.SH,2022-03-30,4254.0989,4162.1666,4254.0989,4160.7351,4134.1441,119.9548,2.9016,138346024.0,268869181.1713
000300.SH,2022-03-31,4222.5968,4234.7159,4247.3602,4214.5352,4254.0989,-31.5021,-0.7405,134029185.0,238877216.8056
000300.SH,2022-04-01,4276.158,4198.8191,4290.671,4190.0835,4222.5968,53.5612,1.2684,133803053.0,244758870.7552
000300.SH,2022-04-06,4263.8411,4258.8325,4277.5238,4236.7283,4276.158,-12.3169,-0.288,159062195.0,253690929.8979
000300.SH,2022-04-07,4209.0998,4240.0237,4278.1127,4205.743,4263.8411,-54.7413,-1.2838,134880353.0,216996185.5037
000300.SH,2022-04-08,4230.7669,4213.2107,4237.8126,4175.5287,4209.0998,21.6671,0.5148,142843793.0,229081764.7593
000300.SH,2022-04-11,4100.0703,4203.7902,4203.7902,4089.0934,4230.7669,-130.6966,-3.0892,148197071.0,265224932.4715
000300.SH,2022-04-12,4179.9727,4102.9711,4179.9727,4075.796,4100.0703,79.9024,1.9488,144285684.0,252830412.7564
000300.SH,2022-04-13,4139.737,4154.4121,4194.0374,4139.737,4179.9727,-40.2357,-0.9626,125097489.0,221281029.5597
000300.SH,2022-04-14,4191.5684,4172.6443,4217.0612,4155.5509,4139.737,51.8314,1.252,124791316.0,245993822.0405
000300.SH,2022-04-15,4188.7472,4162.3718,4211.3174,4152.974,4191.5684,-2.8212,-0.0673,124762263.0,226229740.2752
000300.SH,2022-04-18,4166.3844,4152.9306,4171.7427,4119.9941,4188.7472,-22.3628,-0.5339,117504610.0,212855328.1868
000300.SH,2022-04-19,4134.9017,4161.9328,4186.9389,4115.4184,4166.3844,-31.4827,-0.7556,110217471.0,208570579.1288
000300.SH,2022-04-20,4070.7889,4130.5427,4136.1661,4060.5044,4134.9017,-64.1128,-1.5505,117331658.0,216536635.6952
000300.SH,2022-04-21,3995.83,4048.7338,4086.4393,3978.3669,4070.7889,-74.9589,-1.8414,132783828.0,227026679.6824
000300.SH,2022-04-22,4013.2498,3967.2016,4037.084,3953.7217,3995.83,17.4198,0.4359,122101811.0,206371766.7156
000300.SH,2022-04-25,3814.9127,3933.4459,3958.2102,3814.9127,4013.2498,-198.3371,-4.9421,168364502.0,272889272.2752
000300.SH,2022-04-26,3784.1198,3822.4887,3871.8498,3773.8986,3814.9127,-30.7929,-0.8072,157577611.0,259626354.2254
000300.SH,2022-04-27,3895.5361,3758.0835,3895.731,3757.0859,3784.1198,111.4163,2.9443,172734046.0,296924102.939
000300.SH,2022-04-28,3921.1073,3883.4196,3943.4349,3873.5781,3895.5361,25.5712,0.6564,153056586.0,268502242.4529
000300.SH,2022-04-29,4016.241,3939.6238,4017.4281,3898.5701,3921.1073,95.1337,2.4262,179458377.0,321414877.4282
000300.SH,2022-05-05,4010.2102,3995.3533,4039.7,3988.9312,4016.241,-6.0308,-0.1502,154170716.0,290538230.6629
000300.SH,2022-05-06,3908.815,3928.8548,3947.2378,3902.051,4010.2102,-101.3952,-2.5284,123005551.0,214825174.0473
000300.SH,2022-05-09,3877.4364,3883.9514,3914.1116,3854.9353,3908.815,-31.3786,-0.8028,92936694.0,171756502.8638
000300.SH,2022-05-10,3919.8684,3820.6278,3932.6823,3808.5699,3877.4364,42.432,1.0943,136416918.0,239060211.9329
000300.SH,2022-05-11,3976.4231,3917.9322,4033.3026,3916.5249,3919.8684,56.5547,1.4428,165632256.0,309294912.7968
000300.SH,2022-05-12,3958.74,3949.949,3985.9268,3935.5886,3976.4231,-17.6831,-0.4447,113376066.0,202029156.4151
000300.SH,2022-05-13,3988.6002,3983.8201,4003.8539,3957.1392,3958.74,29.8602,0.7543,109968357.0,195727044.9221
000300.SH,2022-05-16,3956.5378,4014.9955,4018.0283,3947.7461,3988.6002,-32.0624,-0.8039,112425294.0,199717909.541
000300.SH,2022-05-17,4005.8934,3961.7605,4005.8934,3955.1018,3956.5378,49.3556,1.2474,109661454.0,210117539.6909
000300.SH,2022-05-18,3991.9069,4015.0134,4017.341,3964.7503,4005.8934,-13.9865,-0.3491,108074233.0,201800666.0521
000300.SH,2022-05-19,3999.5984,3938.2964,3999.5984,3933.7452,3991.9069,7.6915,0.1927,116293420.0,210206681.6415
000300.SH,2022-05-20,4077.5998,4020.8162,4077.6016,4020.8162,3999.5984,78.0014,1.9502,147069173.0,265609089.9426
000300.SH,2022-05-23,4053.9823,4080.9694,4080.9694,4029.0846,4077.5998,-23.6175,-0.5792,130477810.0,225981540.9191
000300.SH,2022-05-24,3959.1541,4052.8675,4055.783,3959.1541,4053.9823,-94.8282,-2.3391,145554336.0,247713039.7126
000300.SH,2022-05-25,3983.1784,3959.7672,3983.6236,3946.8083,3959.1541,24.0243,0.6068,107734015.0,188700537.3913
000300.SH,2022-05-26,3993.0446,3987.6815,4015.7468,3938.2389,3983.1784,9.8662,0.2477,126263689.0,216987025.401
000300.SH,2022-05-27,4001.2988,4022.7095,4051.1428,3983.3838,3993.0446,8.2542,0.2067,112769337.0,206944426.2272
000300.SH,2022-05-30,4029.0179,4020.8584,4040.819,4003.3768,4001.2988,27.7191,0.6928,111152241.0,211144721.6155
000300.SH,2022-05-31,4091.5176,4031.7621,4096.1971,4020.3781,4029.0179,62.4997,1.5512,135415513.0,267770088.726
000300.SH,2022-06-01,4083.1772,4086.6177,4094.9008,4058.8468,4091.5176,-8.3404,-0.2038,114850879.0,225416237.8733
000300.SH,2022-06-02,4089.5682,4063.9996,4091.152,4057.9135,4083.1772,6.391,0.1565,113893638.0,222657537.906
000300.SH,2022-06-06,4166.085,4090.5286,4166.6151,4063.9057,4089.5682,76.5168,1.871,167871011.0,324075626.9031
000300.SH,2022-06-07,4179.1285,4165.6899,4198.0863,4155.1683,4166.085,13.0435,0.3131,142992881.0,285733722.3326
000300.SH,2022-06-08,4219.8122,4187.1483,4224.8096,4158.0329,4179.1285,40.6837,0.9735,157374057.0,319480252.8365
000300.SH,2022-06-09,4175.6747,4211.7225,4227.4484,4160.8814,4219.8122,-44.1375,-1.046,168449154.0,285172804.2116
000300.SH,2022-06-10,4238.9936,4145.6505,4241.3541,4140.2203,4175.6747,63.3189,1.5164,184796214.0,324091440.6633
000300.SH,2022-06-13,4189.3527,4194.4574,4218.2327,4156.7146,4238.9936,-49.6409,-1.1711,168475622.0,336585670.5075
000300.SH,2022-06-14,4222.3114,4143.2232,4224.0857,4102.929,4189.3527,32.9587,0.7867,171385904.0,335418557.9316
000300.SH,2022-06-15,4278.2178,4228.2926,4348.4226,4228.2926,4222.3114,55.9064,1.3241,257046590.0,459766820.6648
000300.SH,2022-06-16,4250.0614,4282.0827,4302.9212,4241.075,4278.2178,-28.1564,-0.6581,184074416.0,337235911.5424
000300.SH,2022-06-17,4309.0444,4219.2339,4318.7655,4218.6817,4250.0614,58.983,1.3878,158649098.0,346675726.8288
000300.SH,2022-06-20,4330.4328,4322.8324,4368.3555,4297.8912,4309.0444,21.3884,0.4964,165666382.0,359569296.8598
000300.SH,2022-06-21,4325.5657,4327.9159,4357.3396,4287.1406,4330.4328,-4.8671,-0.1124,164667615.0,317163317.7403
000300.SH,2022-06-22,4270.6227,4331.902,4333.1827,4269.2456,4325.5657,-54.943,-1.2702,158565854.0,298656263.3113
000300.SH,2022-06-23,4343.8781,4277.9555,4343.8781,4260.9002,4270.6227,73.2554,1.7153,170882360.0,327144780.5437
000300.SH,2022-06-24,4394.7723,4354.553,4400.6852,4346.1221,4343.8781,50.8942,1.1716,168972199.0,356054750.5215
000300.SH,2022-06-27,4444.2639,4414.3321,4472.6948,4414.3321,4394.7723,49.4916,1.1261,177385676.0,381432966.3279
000300.SH,2022-06-28,4490.5166,4442.5811,4497.8949,4407.3519,4444.2639,46.2527,1.0407,174756489.0,361685970.6636
000300.SH,2022-06-29,4421.357,4472.7346,4503.1307,4413.9961,4490.5166,-69.1596,-1.5401,187276688.0,395926107.6985
000300.SH,2022-06-30,4485.0108,4418.0656,4514.9968,4418.0656,4421.357,63.6538,1.4397,156666289.0,354343886.7603
000300.SH,2022-07-01,4466.7179,4489.5204,4500.9853,4449.2914,4485.0108,-18.2929,-0.4079,144779599.0,318492130.1996
000300.SH,2022-07-04,4496.0303,4447.2159,4496.0338,4427.8232,4466.7179,29.3124,0.6562,146345651.0,356968521.261
000300.SH,2022-07-05,4489.5383,4505.4572,4530.3245,4439.4511,4496.0303,-6.492,-0.1444,154962415.0,361891850.8393
000300.SH,2022-07-06,4423.9698,4475.4815,4484.3615,4393.4165,4489.5383,-65.5685,-1.4605,149800235.0,344672707.728
000300.SH,2022-07-07,4443.4736,4425.2814,4457.3431,4391.1938,4423.9698,19.5038,0.4409,132660906.0,328133133.6565
000300.SH,2022-07-08,4428.781,4468.0627,4479.4937,4426.8856,4443.4736,-14.6926,-0.3307,123195739.0,304031107.3025
000300.SH,2022-07-11,4354.6167,4406.1476,4406.1476,4330.5819,4428.781,-74.1643,-1.6746,134448578.0,299195233.4303
000300.SH,2022-07-12,4313.6184,4352.6456,4370.3411,4296.6215,4354.6167,-40.9983,-0.9415,130187838.0,291072311.8502
000300.SH,2022-07-13,4321.4617,4313.3589,4341.4663,4284.9419,4313.6184,7.8433,0.1818,131113179.0,286075545.4065
000300.SH,2022-07-14,4322.0742,4308.8229,4352.0978,4292.7595,4321.4617,0.6125,0.0142,145250926.0,301569861.0368
000300.SH,2022-07-15,4248.5273,4299.4714,4344.8572,4248.5273,4322.0742,-73.5469,-1.7017,150214453.0,316793192.6699
000300.SH,2022-07-18,4292.5858,4262.1539,4300.7777,4217.5064,4248.5273,44.0585,1.037,122601192.0,281055128.6395
000300.SH,2022-07-19,4269.3401,4288.4441,4288.4441,4238.8238,4292.5858,-23.2457,-0.5415,103805730.0,231117731.8071
000300.SH,2022-07-20,4283.8027,4291.2808,4303.3668,4269.9717,4269.3401,14.4626,0.3388,94490144.0,212301881.4076
000300.SH,2022-07-21,4236.0578,4270.3624,4283.1471,4236.0499,4283.8027,-47.7449,-1.1145,117156344.0,239228146.8116
000300.SH,2022-07-22,4238.2341,4251.7867,4275.4696,4207.3135,4236.0578,2.1763,0.0514,103840624.0,224295333.4573
000300.SH,2022-07-25,4212.6441,4233.9277,4234.8448,4201.919,4238.2341,-25.59,-0.6038,83636664.0,188136426.6728
000300.SH,2022-07-26,4245.9758,4220.0911,4259.9854,4214.5343,4212.6441,33.3317,0.7912,85823274.0,197601406.3737
000300.SH,2022-07-27,4225.0357,4236.154,4242.0951,4217.2809,4245.9758,-20.9401,-0.4932,78904940.0,194245303.8072
000300.SH,2022-07-28,4225.6733,4242.2743,4267.9181,4223.029,4225.0357,0.6376,0.0151,107531930.0,243871486.4715
000300.SH,2022-07-29,4170.1019,4226.4245,4243.5143,4160.8735,4225.6733,-55.5714,-1.3151,114179286.0,253198574.6475
000300.SH,2022-08-01,4188.6784,4160.6478,4196.5743,4129.4528,4170.1019,18.5765,0.4455,107749029.0,251125308.5975
000300.SH,2022-08-02,4107.024,4144.3765,4144.3765,4071.431,4188.6784,-81.6544,-1.9494,142224425.0,281013555.2799
000300.SH,2022-08-03,4066.9754,4114.8251,4150.9804,4058.1792,4107.024,-40.0486,-0.9751,116666124.0,268695834.7654
000300.SH,2022-08-04,4101.5367,4089.4419,4108.1591,4064.6594,4066.9754,34.5613,0.8498,89532644.0,216898674.9022
000300.SH,2022-08-05,4156.9111,4109.6287,4159.485,4097.8625,4101.5367,55.3744,1.3501,102571004.0,247325902.0151
000300.SH,2022-08-08,4148.0746,4142.1111,4155.7301,4135.0809,4156.9111,-8.8365,-0.2126,90208138.0,224080812.0547
000300.SH,2022-08-09,4156.2907,4143.666,4161.8086,4131.4252,4148.0746,8.2161,0.1981,84136959.0,214223692.2601
000300.SH,2022-08-10,4109.7373,4149.2071,4160.7871,4092.5455,4156.2907,-46.5534,-1.1201,85565839.0,217447368.47
000300.SH,2022-08-11,4193.5428,4130.741,4193.8115,4116.0558,4109.7373,83.8055,2.0392,121385051.0,269630998.4068
000300.SH,2022-08-12,4191.152,4185.4203,4202.4663,4175.0501,4193.5428,-2.3908,-0.057,106808295.0,219208055.2549
000300.SH,2022-08-15,4185.6794,4180.0006,4219.9183,4174.3,4191.152,-5.4726,-0.1306,105898495.0,245539800.9854
000300.SH,2022-08-16,4177.837,4190.5269,4208.8006,4170.5197,4185.6794,-7.8424,-0.1874,93906139.0,233818584.7315
000300.SH,2022-08-17,4216.9586,4182.5668,4222.7866,4155.1734,4177.837,39.1216,0.9364,112864659.0,252044325.0517
000300.SH,2022-08-18,4180.0996,4205.7851,4211.9141,4173.541,4216.9586,-36.859,-0.8741,101052650.0,233115491.3898
000300.SH,2022-08-19,4151.0738,4174.5458,4185.6579,4151.0738,4180.0996,-29.0258,-0.6944,117402978.0,262494128.1523
000300.SH,2022-08-22,4181.3965,4135.1623,4183.6498,4134.2008,4151.0738,30.3227,0.7305,112442720.0,259747163.6982
000300.SH,2022-08-23,4161.0823,4175.5314,4187.3875,4147.4127,4181.3965,-20.3142,-0.4858,103153512.0,239101330.8331
000300.SH,2022-08-24,4082.4195,4168.5764,4174.1565,4079.0934,4161.0823,-78.6628,-1.8904,119069679.0,262844309.3161
000300.SH,2022-08-25,4116.2396,4093.2949,4119.6196,4058.7454,4082.4195,33.8201,0.8284,111320745.0,242149581.4775
000300.SH,2022-08-26,4107.5455,4127.8142,4139.7879,4102.6818,4116.2396,-8.6941,-0.2112,99000493.0,225519196.8004
000300.SH,2022-08-29,4089.5205,4063.8825,4092.9474,4059.5963,4107.5455,-18.025,-0.4388,94354432.0,203086114.7123
000300.SH,2022-08-30,4075.7937,4088.5262,4093.1356,4048.5244,4089.5205,-13.7268,-0.3357,93301662.0,192649001.2778
000300.SH,2022-08-31,4078.8402,4057.1443,4112.8485,4046.6225,4075.7937,3.0465,0.0747,132449765.0,292974665.5462
000300.SH,2022-09-01,4043.7395,4066.1869,4090.8852,4041.1281,4078.8402,-35.1007,-0.8606,97387071.0,210898503.4539
000300.SH,2022-09-02,4023.6131,4054.8423,4056.1805,4004.911,4043.7395,-20.1264,-0.4977,86789278.0,184468327.0057
000300.SH,2022-09-05,4015.4264,4010.4052,4016.9986,3982.7395,4023.6131,-8.1867,-0.2035,93767109.0,201118696.5594
000300.SH,2022-09-06,4052.2802,4024.4726,4054.004,4009.5826,4015.4264,36.8538,0.9178,113506265.0,235921838.1184
000300.SH,2022-09-07,4054.983,4032.7231,4067.5437,4028.374,4052.2802,2.7028,0.0667,107678059.0,215147152.182
000300.SH,2022-09-08,4037.6839,4059.1689,4067.758,4036.0226,4054.983,-17.2991,-0.4266,100886049.0,186889047.9808
000300.SH,2022-09-09,4093.7874,4050.5853,4099.0081,4042.2498,4037.6839,56.1035,1.3895,118427114.0,221442547.2041
000300.SH,2022-09-13,4111.1145,4112.0123,4128.1113,4097.1408,4093.7874,17.3271,0.4233,111789737.0,218521062.1358
000300.SH,2022-09-14,4065.359,4058.0441,4089.0583,4047.9187,4111.1145,-45.7555,-1.113,90793681.0,185484965.1105
000300.SH,2022-09-15,4027.1186,4078.6495,4088.8078,3998.8564,4065.359,-38.2404,-0.9406,123951196.0,254367492.776
000300.SH,2022-09-16,3932.6826,4013.5829,4019.4104,3932.6826,4027.1186,-94.436,-2.345,137193655.0,241251840.0503
000300.SH,2022-09-19,3928.0001,3928.4239,3953.6494,3910.3106,3932.6826,-4.6825,-0.1191,97719575.0,183574440.5818
000300.SH,2022-09-20,3932.8361,3945.6467,3957.5538,3921.6884,3928.0001,4.836,0.1231,84824134.0,179248153.5379
000300.SH,2022-09-21,3903.7348,3921.3177,3924.3914,3884.2268,3932.8361,-29.1013,-0.74,86458391.0,168939074.3426
000300.SH,2022-09-22,3869.344,3875.1771,3900.2736,3860.2308,3903.7348,-34.3908,-0.881,80946919.0,161134102.7844
000300.SH,2022-09-23,3856.0212,3865.1049,3888.3958,3829.6913,3869.344,-13.3228,-0.3443,94342462.0,172904807.3644
000300.SH,2022-09-26,3836.6773,3829.5958,3893.3186,3827.9498,3856.0212,-19.3439,-0.5017,104526031.0,192906200.2538
000300.SH,2022-09-27,3892.295,3844.0692,3893.0283,3827.9265,3836.6773,55.6177,1.4496,88860160.0,185955247.3534
000300.SH,2022-09-28,3828.7098,3879.4398,3879.4398,3828.0545,3892.295,-63.5852,-1.6336,86592213.0,172438042.7882
000300.SH,2022-09-29,3827.1434,3864.316,3873.1823,3808.6496,3828.7098,-1.5664,-0.0409,85654142.0,171635940.0075
000300.SH,2022-09-30,3804.8853,3833.3504,3848.6018,3801.2798,3827.1434,-22.2581,-0.5816,78559966.0,158692748.7733
000300.SH,2022-10-10,3720.9365,3806.5596,3807.4574,3715.7142,3804.8853,-83.9488,-2.2063,102647595.0,194635904.0943
000300.SH,2022-10-11,3727.6867,3732.0191,3739.8084,3706.0629,3720.9365,6.7502,0.1814,83944625.0,166800394.8532
000300.SH,2022-10-12,3784.3064,3722.8659,3784.3064,3661.5255,3727.6867,56.6197,1.5189,108089319.0,210931362.2915
000300.SH,2022-10-13,3752.6729,3756.4176,3783.596,3749.6393,3784.3064,-31.6335,-0.8359,99018915.0,198368891.5485
000300.SH,2022-10-14,3842.4698,3783.316,3863.2265,3780.8415,3752.6729,89.7969,2.3929,116242293.0,256551271.975
000300.SH,2022-10-17,3846.4119,3822.2428,3849.6207,3809.1196,3842.4698,3.9421,0.1026,104192019.0,220488874.4068
000300.SH,2022-10-18,3838.2667,3865.8258,3870.2155,3831.1723,3846.4119,-8.1452,-0.2118,88346907.0,186556295.7655
000300.SH,2022-10-19,3776.5335,3827.4658,3840.487,3776.5335,3838.2667,-61.7332,-1.6084,81574844.0,186736408.2297
000300.SH,2022-10-20,3754.9269,3746.5793,3804.2468,3726.7925,3776.5335,-21.6066,-0.5721,90290895.0,203781618.9222
000300.SH,2022-10-21,3742.8929,3753.8903,3768.6895,3724.69,3754.9269,-12.034,-0.3205,98750038.0,180686357.677
000300.SH,2022-10-24,3633.3733,3727.915,3762.158,3619.9876,3742.8929,-109.5196,-2.9261,130056864.0,259450743.134
000300.SH,2022-10-25,3627.4542,3621.9356,3670.7327,3594.7011,3633.3733,-5.9191,-0.1629,110953882.0,219302759.5967
000300.SH,2022-10-26,3656.9027,3633.3107,3700.8797,3633.3107,3627.4542,29.4485,0.8118,121301548.0,242453810.5719
000300.SH,2022-10-27,3631.1448,3667.6645,3685.0837,3631.0639,3656.9027,-25.7579,-0.7044,117998675.0,257473315.676
000300.SH,2022-10-28,3541.3295,3605.1598,3618.864,3533.4993,3631.1448,-89.8153,-2.4735,118772162.0,245816451.9776
000300.SH,2022-10-31,3508.7034,3504.507,3553.3871,3495.9509,3541.3295,-32.6261,-0.9213,138465655.0,256574822.1022
000300.SH,2022-11-01,3634.1732,3519.8174,3634.1732,3517.6209,3508.7034,125.4698,3.576,149286698.0,295089928.4073
000300.SH,2022-11-02,3677.8051,3620.3693,3703.465,3610.8029,3634.1732,43.6319,1.2006,141592919.0,291648245.712
000300.SH,2022-11-03,3647.8966,3645.0604,3670.1574,3628.4987,3677.8051,-29.9085,-0.8132,110566035.0,215379297.9644
000300.SH,2022-11-04,3767.1746,3646.7709,3782.8823,3646.7709,3647.8966,119.278,3.2698,149734949.0,311145477.555
000300.SH,2022-11-07,3775.2971,3754.5227,3792.7942,3746.3715,3767.1746,8.1225,0.2156,129826371.0,251195699.9365
000300.SH,2022-11-08,3749.3251,3773.6612,3779.1156,3723.3415,3775.2971,-25.972,-0.6879,99016451.0,193351324.8967
000300.SH,2022-11-09,3714.2704,3750.7821,3760.4068,3711.268,3749.3251,-35.0547,-0.935,89434525.0,172029529.9436
000300.SH,2022-11-10,3685.6885,3685.8274,3701.5306,3665.0585,3714.2704,-28.5819,-0.7695,103509302.0,183155308.7029
000300.SH,2022-11-11,3788.4387,3787.7568,3828.9004,3747.0902,3685.6885,102.7502,2.7878,189685586.0,344471326.2671
000300.SH,2022-11-14,3794.0171,3818.1447,3848.4116,3781.7778,3788.4387,5.5784,0.1472,169665048.0,315536856.0846
000300.SH,2022-11-15,3865.9726,3788.926,3871.6424,3775.4988,3794.0171,71.9555,1.8966,151515650.0,296268142.7689
000300.SH,2022-11-16,3834.3899,3860.811,3877.6781,3829.3126,3865.9726,-31.5827,-0.8169,120610964.0,235844588.2446
000300.SH,2022-11-17,3818.664,3821.2709,3821.7419,3776.5739,3834.3899,-15.7259,-0.4101,105940632.0,219540811.3349
000300.SH,2022-11-18,3801.5686,3823.8207,3840.3018,3801.5686,3818.664,-17.0954,-0.4477,115078777.0,224276131.0075
000300.SH,2022-11-21,3769.1269,3769.627,3769.8731,3733.9954,3801.5686,-32.4417,-0.8534,95866966.0,188230373.6654
000300.SH,2022-11-22,3769.5727,3766.0817,3809.8582,3751.0448,3769.1269,0.4458,0.0118,144486334.0,203490828.4322
000300.SH,2022-11-23,3773.5287,3760.2157,3791.1782,3753.2136,3769.5727,3.956,0.1049,144527911.0,201070601.1779
000300.SH,2022-11-24,3756.8082,3791.5399,3804.8987,3751.3818,3773.5287,-16.7205,-0.4431,101073447.0,160698921.5462
000300.SH,2022-11-25,3775.7764,3751.2822,3790.566,3743.4138,3756.8082,18.9682,0.5049,142929711.0,191711040.7065
000300.SH,2022-11-28,3733.2424,3701.902,3736.0813,3672.1306,3775.7764,-42.534,-1.1265,127825748.0,196305561.7059
000300.SH,2022-11-29,3848.4224,3766.5702,3854.7742,3766.5702,3733.2424,115.18,3.0853,178701392.0,289062336.4307
000300.SH,2022-11-30,3853.0365,3836.5598,3867.6591,3833.8272,3848.4224,4.6141,0.1199,157511400.0,250051468.0933
000300.SH,2022-12-01,3894.7687,3921.2954,3944.5645,3893.8718,3853.0365,41.7322,1.0831,169964585.0,306678195.7164
000300.SH,2022-12-02,3870.9478,3886.4034,3898.1146,3865.8844,3894.7687,-23.8209,-0.6116,116786350.0,201253166.3629
000300.SH,2022-12-05,3946.8759,3907.6375,3947.476,3900.6742,3870.9478,75.9281,1.9615,201747221.0,296615512.3266
000300.SH,2022-12-06,3968.1979,3929.0063,3988.9007,3922.9969,3946.8759,21.322,0.5402,155108323.0,275583430.8408
000300.SH,2022-12-07,3958.4409,3956.6722,3999.5864,3944.1831,3968.1979,-9.757,-0.2459,143001356.0,255490829.0271
000300.SH,2022-12-08,3959.1798,3953.199,3971.4927,3941.2966,3958.4409,0.7389,0.0187,115199986.0,198037690.4814
000300.SH,2022-12-09,3998.2442,3961.9919,4003.3178,3944.4396,3959.1798,39.0644,0.9867,153774954.0,268166789.6569
000300.SH,2022-12-12,3953.4433,3976.1722,3983.4332,3950.3203,3998.2442,-44.8009,-1.1205,125935368.0,227606300.9369
000300.SH,2022-12-13,3945.6813,3953.5482,3964.3957,3939.9795,3953.4433,-7.762,-0.1963,100994100.0,184020700.11
000300.SH,2022-12-14,3954.8857,3952.7885,3972.7381,3935.7668,3945.6813,9.2044,0.2333,98528006.0,196175108.6172
000300.SH,2022-12-15,3951.9885,3954.672,3963.5002,3926.4997,3954.8857,-2.8972,-0.0733,88864725.0,181994889.1234
000300.SH,2022-12-16,3954.227,3931.2318,3960.4705,3929.4873,3951.9885,2.2385,0.0566,93178567.0,167488442.5889
000300.SH,2022-12-19,3893.2207,3952.7707,3966.5679,3878.4367,3954.227,-61.0063,-1.5428,106919075.0,180801387.7024
000300.SH,2022-12-20,3829.0173,3881.2257,3881.2729,3811.4759,3893.2207,-64.2034,-1.6491,83096822.0,164046440.8737
000300.SH,2022-12-21,3830.5384,3839.0009,3853.7272,3821.4037,3829.0173,1.5211,0.0397,64839215.0,123450040.3598
000300.SH,2022-12-22,3836.028,3859.2041,3882.1263,3821.3418,3830.5384,5.4896,0.1433,83705173.0,163970306.9509
000300.SH,2022-12-23,3828.2188,3811.6164,3848.3436,3805.9487,3836.028,-7.8092,-0.2036,65278148.0,130559415.5657
000300.SH,2022-12-26,3843.4887,3830.5682,3856.8066,3827.5186,3828.2188,15.2699,0.3989,73005712.0,148692832.4221
000300.SH,2022-12-27,3887.854,3860.9054,3891.8497,3856.58,3843.4887,44.3653,1.1543,77515350.0,152032206.6309
000300.SH,2022-12-28,3871.2644,3874.9132,3884.7205,3854.9406,3887.854,-16.5896,-0.4267,84424656.0,160671122.0307
000300.SH,2022-12-29,3856.7007,3854.2363,3868.2933,3838.4803,3871.2644,-14.5637,-0.3762,79394815.0,149011372.4373
000300.SH,2022-12-30,3871.6338,3873.9358,3887.5527,3868.7569,3856.7007,14.9331,0.3872,78773272.0,148295049.3815
000300.SH,2023-01-03,3887.8992,3864.8356,3893.9904,3831.245,3871.6338,16.2654,0.4201,115051875.0,207540165.9532
000300.SH,2023-01-04,3892.9477,3886.2504,3905.9032,3873.6549,3887.8992,5.0485,0.1299,110660743.0,198997711.686
000300.SH,2023-01-05,3968.5782,3913.4928,3974.875,3912.26,3892.9477,75.6305,1.9428,116502395.0,256312608.292
000300.SH,2023-01-06,3980.8888,3969.5493,4000.4143,3966.4696,3968.5782,12.3106,0.3102,110953038.0,235744305.5822
000300.SH,2023-01-09,4013.1196,3998.5278,4023.0898,3990.7073,3980.8888,32.2308,0.8096,117054425.0,233212426.4581
000300.SH,2023-01-10,4017.4737,4014.7125,4030.4574,4002.2297,4013.1196,4.3541,0.1085,101751141.0,214871166.2395
000300.SH,2023-01-11,4010.0309,4019.8844,4043.3991,4008.0153,4017.4737,-7.4428,-0.1853,99997889.0,203000262.9606
000300.SH,2023-01-12,4017.8692,4021.7547,4030.2876,4003.5079,4010.0309,7.8383,0.1955,90552627.0,183686268.1068
000300.SH,2023-01-13,4074.3772,4032.2906,4074.3772,4027.8864,4017.8692,56.508,1.4064,95871896.0,212173997.4984
000300.SH,2023-01-16,4137.9643,4077.8793,4177.1035,4076.6394,4074.3772,63.5871,1.5607,151395455.0,319007749.3713
000300.SH,2023-01-17,4137.2422,4138.8433,4148.5838,4118.157,4137.9643,-0.7221,-0.0175,95479040.0,204381576.5234
000300.SH,2023-01-18,4130.3143,4140.1019,4151.4577,4125.7687,4137.2422,-6.9279,-0.1675,84200645.0,172126171.8192
000300.SH,2023-01-19,4156.0077,4125.5772,4156.0077,4105.9797,4130.3143,25.6934,0.6221,94608398.0,192699589.7741
000300.SH,2023-01-20,4181.5267,4166.8444,4189.831,4161.6698,4156.0077,25.519,0.614,123553809.0,222342455.1007
000300.SH,2023-01-30,4201.345,4267.6248,4268.1522,4197.8596,4181.5267,19.8183,0.4739,164607064.0,330193322.0922
000300.SH,2023-01-31,4156.8578,4200.5813,4212.7347,4153.0484,4201.345,-44.4872,-1.0589,124550835.0,249365321.6271
000300.SH,2023-02-01,4195.9332,4170.1322,4195.9332,4137.7659,4156.8578,39.0754,0.94,141008954.0,265553944.7093
000300.SH,2023-02-02,4181.1493,4207.4123,4207.4123,4170.5565,4195.9332,-14.7839,-0.3523,133823736.0,262497434.837
000300.SH,2023-02-03,4141.6319,4162.0258,4162.0258,4103.1654,4181.1493,-39.5174,-0.9451,117041221.0,226914770.0439
000300.SH,2023-02-06,4086.8779,4103.8307,4105.9445,4065.2224,4141.6319,-54.754,-1.322,110192717.0,226345113.9687
000300.SH,2023-02-07,4094.2335,4098.3117,4107.3438,4077.9623,4086.8779,7.3556,0.18,91360072.0,183537351.5771
000300.SH,2023-02-08,4076.1411,4099.8573,4111.4745,4072.6474,4094.2335,-18.0924,-0.4419,84786099.0,170591751.8173
000300.SH,2023-02-09,4130.8565,4067.5631,4130.8565,4064.7489,4076.1411,54.7154,1.3423,102289961.0,211722604.8592
000300.SH,2023-02-10,4106.3097,4124.0986,4125.2893,4092.3472,4130.8565,-24.5468,-0.5942,96716733.0,195348320.5734
000300.SH,2023-02-13,4143.574,4098.8795,4146.45,4092.2729,4106.3097,37.2643,0.9075,128892577.0,251990181.5539
000300.SH,2023-02-14,4145.2902,4151.247,4152.0487,4125.2583,4143.574,1.7162,0.0414,102499890.0,204915435.7499
000300.SH,2023-02-15,4123.6893,4146.8547,4153.7159,4115.9671,4145.2902,-21.6009,-0.5211,121664508.0,219855528.9664
000300.SH,2023-02-16,4093.4876,4125.4087,4167.9003,4068.8591,4123.6893,-30.2017,-0.7324,159310585.0,281315625.5886
000300.SH,2023-02-17,4034.507,4086.2237,4104.6398,4032.9285,4093.4876,-58.9806,-1.4408,116142589.0,225737746.955
000300.SH,2023-02-20,4133.4896,4039.9623,4134.8623,4035.4762,4034.507,98.9826,2.4534,161794481.0,280122962.1504
000300.SH,2023-02-21,4144.3536,4130.0632,4151.7994,4116.2716,4133.4896,10.864,0.2628,145776173.0,249674201.0482
000300.SH,2023-02-22,4106.9506,4118.9669,4134.8759,4101.8596,4144.3536,-37.403,-0.9025,104290295.0,191586158.9912
000300.SH,2023-02-23,4103.6463,4106.2136,4132.3896,4088.2073,4106.9506,-3.3043,-0.0805,103564906.0,197193582.4301
000300.SH,2023-02-24,4061.0457,4100.9897,4102.6094,4048.2374,4103.6463,-42.6006,-1.0381,100989425.0,191210465.0532
000300.SH,2023-02-27,4043.8444,4040.4571,4067.0296,4034.5237,4061.0457,-17.2013,-0.4236,93787630.0,187959491.1453
000300.SH,2023-02-28,4069.4587,4058.1298,4074.2639,4026.4476,4043.8444,25.6143,0.6334,110323591.0,198799712.3791
000300.SH,2023-03-01,4126.9415,4068.7331,4135.4812,4061.2167,4069.4587,57.4828,1.4125,156015794.0,255374791.0157
000300.SH,2023-03-02,4117.7377,4119.9919,4137.2525,4113.8264,4126.9415,-9.2038,-0.223,148217637.0,235953764.9695
000300.SH,2023-03-03,4130.5513,4126.0183,4135.2116,4100.3827,4117.7377,12.8136,0.3112,160331741.0,226914545.6284
000300.SH,2023-03-06,4109.0102,4131.1525,4132.8367,4088.4484,4130.5513,-21.5411,-0.5215,162971807.0,283079861.9715
000300.SH,2023-03-07,4048.8519,4103.6419,4124.9609,4046.5679,4109.0102,-60.1583,-1.4641,195912068.0,272491994.0092
000300.SH,2023-03-08,4034.1077,4030.7387,4037.287,4011.5231,4048.8519,-14.7442,-0.3642,117936493.0,191659655.1909
000300.SH,2023-03-09,4019.8505,4035.8433,4043.8493,4000.8901,4034.1077,-14.2572,-0.3534,116539629.0,201737990.6868
000300.SH,2023-03-10,3967.1352,3991.7959,4004.3612,3966.428,4019.8505,-52.7153,-1.3114,123855409.0,218286956.131
000300.SH,2023-03-13,4008.686,3962.6426,4008.686,3962.6426,3967.1352,41.5508,1.0474,143561370.0,242865516.7576
000300.SH,2023-03-14,3984.6956,3999.8803,4001.9415,3946.9405,4008.686,-23.9904,-0.5985,150544174.0,267224848.8105
000300.SH,2023-03-15,3986.902,4011.8444,4018.7495,3986.902,3984.6956,2.2064,0.0554,142026007.0,232101093.9786
000300.SH,2023-03-16,3939.1505,3958.1962,3981.321,3936.4758,3986.902,-47.7515,-1.1977,152515644.0,246264286.428
000300.SH,2023-03-17,3958.8194,3971.1585,4004.2153,3945.2501,3939.1505,19.6689,0.4993,177433818.0,305541015.5561
000300.SH,2023-03-20,3939.077,3962.6625,3979.5485,3935.0161,3958.8194,-19.7424,-0.4987,205264970.0,319760032.638
000300.SH,2023-03-21,3982.3782,3948.1573,3982.7047,3948.1573,3939.077,43.3012,1.0993,145090679.0,251631985.0169
000300.SH,2023-03-22,3999.4427,3993.7849,4016.4495,3986.7093,3982.3782,17.0645,0.4285,149228970.0,265180992.1041
000300.SH,2023-03-23,4039.0895,3985.9928,4039.0895,3983.9986,3999.4427,39.6468,0.9913,158887421.0,296479529.467
000300.SH,2023-03-24,4027.0457,4035.1564,4037.8417,4017.0028,4039.0895,-12.0438,-0.2982,159442330.0,295785588.9431
000300.SH,2023-03-27,4012.4771,4023.3028,4023.3028,3987.0297,4027.0457,-14.5686,-0.3618,168482279.0,315474696.948
000300.SH,2023-03-28,3999.5147,4015.6973,4023.7834,3994.5999,4012.4771,-12.9624,-0.3231,131895117.0,248736920.9718
000300.SH,2023-03-29,4006.144,4013.5926,4017.7572,3992.6662,3999.5147,6.6293,0.1658,133743510.0,263866922.7331
000300.SH,2023-03-30,4038.5257,4009.5573,4040.5023,3983.8958,4006.144,32.3817,0.8083,149901037.0,280004715.991
000300.SH,2023-03-31,4050.9257,4045.4538,4063.5675,4039.9587,4038.5257,12.4,0.307,138842546.0,279863685.781
000300.SH,2023-04-03,4090.5676,4059.6227,4094.9376,4059.0607,4050.9257,39.6419,0.9786,182124313.0,382895558.426
000300.SH,2023-04-04,4103.1052,4089.2932,4103.1583,4080.0682,4090.5676,12.5376,0.3065,197146631.0,394443175.1462
000300.SH,2023-04-06,4096.64,4084.132,4098.8332,4078.4048,4103.1052,-6.4652,-0.1576,150703374.0,328981851.5883
000300.SH,2023-04-07,4123.2799,4096.9009,4131.3126,4092.1848,4096.64,26.6399,0.6503,128676738.0,286567771.8831
000300.SH,2023-04-10,4104.8118,4132.0096,4132.2952,4099.0519,4123.2799,-18.4681,-0.4479,152453002.0,340822557.2076
000300.SH,2023-04-11,4100.1479,4108.5062,4116.1247,4083.4946,4104.8118,-4.6639,-0.1136,153901333.0,324192951.9987
000300.SH,2023-04-12,4097.2876,4102.3968,4108.2451,4090.2784,4100.1479,-2.8603,-0.0698,165965278.0,325425226.4032
000300.SH,2023-04-13,4068.9786,4081.3871,4088.8809,4059.5744,4097.2876,-28.309,-0.6909,156444295.0,300291020.7529
000300.SH,2023-04-14,4091.9988,4078.9703,4098.2151,4075.2049,4068.9786,23.0202,0.5657,150695682.0,306201501.4387
000300.SH,2023-04-17,4149.3836,4090.0719,4149.3836,4089.509,4091.9988,57.3848,1.4024,188773095.0,341831272.7927
000300.SH,2023-04-18,4162.032,4139.3088,4169.6678,4138.4618,4149.3836,12.6484,0.3048,170184130.0,331545662.3156
000300.SH,2023-04-19,4124.5589,4159.3938,4159.3938,4118.6261,4162.032,-37.4731,-0.9004,162554592.0,312219504.5226
000300.SH,2023-04-20,4113.0192,4122.9461,4125.8231,4094.0022,4124.5589,-11.5397,-0.2798,162706677.0,332172409.512
000300.SH,2023-04-21,4032.5672,4114.2642,4114.2642,4031.9123,4113.0192,-80.452,-1.956,180802435.0,347852011.6025
000300.SH,2023-04-24,3982.6429,4031.303,4033.6367,3967.907,4032.5672,-49.9243,-1.238,170099217.0,328375614.6743
000300.SH,2023-04-25,3962.6658,3985.1055,3991.6868,3925.436,3982.6429,-19.9771,-0.5016,172555409.0,331110619.7677
000300.SH,2023-04-26,3959.2323,3950.2553,3975.6562,3934.6625,3962.6658,-3.4335,-0.0866,162702006.0,322062811.3335
000300.SH,2023-04-27,3988.4185,3948.0313,3999.1302,3942.8152,3959.2323,29.1862,0.7372,153828195.0,304804002.5574
000300.SH,2023-04-28,4029.0858,3993.2561,4030.4469,3993.2561,3988.4185,40.6673,1.0196,179508488.0,328936294.0252
000300.SH,2023-05-04,4030.2471,4013.4713,4035.7832,4001.1259,4029.0858,1.1613,0.0288,227582846.0,345492506.0493
000300.SH,2023-05-05,4016.8774,4031.0946,4047.6015,3998.392,4030.2471,-13.3697,-0.3317,206626924.0,307694489.937
000300.SH,2023-05-08,4062.6624,4028.1056,4070.7724,4018.9608,4016.8774,45.785,1.1398,255583085.0,359539954.1701
000300.SH,2023-05-09,4027.8754,4065.439,4092.8501,4026.3886,4062.6624,-34.787,-0.8563,279306048.0,396422120.4206
000300.SH,2023-05-10,3996.8695,4017.9358,4019.0587,3984.6287,4027.8754,-31.0059,-0.7698,207552709.0,309484851.7411
000300.SH,2023-05-11,3990.6637,4005.7823,4018.0579,3988.4816,3996.8695,-6.2058,-0.1553,144804619.0,241052071.4316
000300.SH,2023-05-12,3937.7622,3987.769,3999.3831,3937.5274,3990.6637,-52.9015,-1.3256,144421728.0,228992923.3881
000300.SH,2023-05-15,3998.8872,3938.83,3998.8872,3923.0317,3937.7622,61.125,1.5523,176257362.0,279531163.5084
000300.SH,2023-05-16,3978.2054,4002.5237,4005.015,3966.9921,3998.8872,-20.6818,-0.5172,136833271.0,234840652.671
000300.SH,2023-05-17,3960.165,3971.7017,3982.6044,3945.7137,3978.2054,-18.0404,-0.4535,118448185.0,205195685.9764
000300.SH,2023-05-18,3956.0701,3965.5162,3982.7178,3939.5526,3960.165,-4.0949,-0.1034,136533947.0,229134184.4129
000300.SH,2023-05-19,3944.5403,3946.2215,3967.2816,3928.316,3956.0701,-11.5298,-0.2914,120212479.0,207094944.7813
000300.SH,2023-05-22,3969.3277,3941.0015,3985.4031,3935.8015,3944.5403,24.7874,0.6284,109116605.0,202185550.2459
000300.SH,2023-05-23,3913.1882,3968.2346,3971.939,3913.1882,3969.3277,-56.1395,-1.4143,118685077.0,189955815.34
000300.SH,2023-05-24,3859.0935,3903.7818,3903.7818,3859.0935,3913.1882,-54.0947,-1.3824,137258265.0,211768410.5202
000300.SH,2023-05-25,3850.4996,3851.4053,3861.3815,3817.8365,3859.0935,-8.5939,-0.2227,124150770.0,213313620.0553
000300.SH,2023-05-26,3850.9511,3848.4174,3859.6291,3815.5701,3850.4996,0.4515,0.0117,100326439.0,191537814.8725
000300.SH,2023-05-29,3833.9416,3862.0838,3866.7238,3819.1822,3850.9511,-17.0095,-0.4417,131859967.0,230095604.8134
000300.SH,2023-05-30,3837.7531,3827.7924,3844.0052,3789.2736,3833.9416,3.8115,0.0994,137619629.0,244566265.5349
000300.SH,2023-05-31,3798.5434,3827.1634,3827.1634,3781.4034,3837.7531,-39.2097,-1.0217,126387368.0,235606123.9476
000300.SH,2023-06-01,3806.8679,3788.5902,3832.2051,3786.7344,3798.5434,8.3245,0.2191,134561881.0,241829546.4094
000300.SH,2023-06-02,3861.8337,3821.6198,3865.2843,3821.6198,3806.8679,54.9658,1.4439,125015110.0,232696547.1308
000300.SH,2023-06-05,3844.2492,3860.5557,3860.5557,3832.4578,3861.8337,-17.5845,-0.4553,116163989.0,211144360.1437
000300.SH,2023-06-06,3808.1629,3840.4587,3867.8452,3802.8449,3844.2492,-36.0863,-0.9387,125781258.0,222091722.5922
000300.SH,2023-06-07,3789.3418,3815.4823,3823.1124,3780.1021,3808.1629,-18.8211,-0.4942,98862432.0,189879792.1796
000300.SH,2023-06-08,3820.1867,3791.0826,3834.3888,3777.7752,3789.3418,30.8449,0.814,118700934.0,199119300.6497
000300.SH,2023-06-09,3836.7026,3822.4088,3836.7026,3811.2189,3820.1867,16.5159,0.4323,134319863.0,247296087.0709
000300.SH,2023-06-12,3844.4324,3827.3253,3859.7156,3813.8577,3836.7026,7.7298,0.2015,126758543.0,240791270.4735
000300.SH,2023-06-13,3864.9074,3838.1287,3867.3034,3833.4598,3844.4324,20.475,0.5326,110924946.0,225435215.3149
000300.SH,2023-06-14,3864.0247,3872.7155,3891.6656,3862.0609,3864.9074,-0.8827,-0.0228,124955759.0,243932581.1839
000300.SH,2023-06-15,3925.4994,3871.7746,3925.4994,3871.7746,3864.0247,61.4747,1.5909,128369938.0,282635910.8942
000300.SH,2023-06-16,3963.3509,3932.2114,3968.0128,3928.5419,3925.4994,37.8515,0.9642,139760076.0,280374762.8378
000300.SH,2023-06-19,3930.9079,3957.0327,3957.0327,3922.4742,3963.3509,-32.443,-0.8186,134905848.0,268213068.5798
000300.SH,2023-06-20,3924.2377,3926.094,3937.4945,3918.473,3930.9079,-6.6702,-0.1697,122520318.0,266274081.2868
000300.SH,2023-06-21,3864.0323,3909.1044,3920.1276,3864.0323,3924.2377,-60.2054,-1.5342,118346575.0,243630705.5915
000300.SH,2023-06-26,3809.6962,3833.4436,3841.2862,3801.0537,3864.0323,-54.3361,-1.4062,133990419.0,247713845.7795
000300.SH,2023-06-27,3845.4334,3811.6872,3851.8957,3806.3242,3809.6962,35.7372,0.9381,116992681.0,210097713.6876
000300.SH,2023-06-28,3840.7986,3836.6086,3846.8516,3808.1607,3845.4334,-4.6348,-0.1205,107021541.0,206187959.8768
000300.SH,2023-06-29,3821.8435,3836.7305,3840.7132,3817.3759,3840.7986,-18.9551,-0.4935,98289274.0,204110031.4078
000300.SH,2023-06-30,3842.4516,3816.3345,3860.0311,3813.552,3821.8435,20.6081,0.5392,101268429.0,208146272.9093
000300.SH,2023-07-03,3892.8821,3853.2919,3897.3273,3853.2919,3842.4516,50.4305,1.3125,133158051.0,256876520.2117
000300.SH,2023-07-04,3899.0133,3888.0328,3899.9755,3878.3978,3892.8821,6.1312,0.1575,109494527.0,216335611.4218
000300.SH,2023-07-05,3868.8054,3895.1945,3899.5188,3864.1301,3899.0133,-30.2079,-0.7748,97636384.0,188400265.0506
000300.SH,2023-07-06,3842.7547,3857.0304,3876.8901,3836.4573,3868.8054,-26.0507,-0.6734,100121842.0,184742420.8623
000300.SH,2023-07-07,3825.6988,3831.5955,3844.8438,3819.0772,3842.7547,-17.0559,-0.4438,100906920.0,173918560.673
000300.SH,2023-07-10,3844.3269,3841.5591,3865.4566,3831.92,3825.6988,18.6281,0.4869,92033441.0,185360813.1107
000300.SH,2023-07-11,3869.4861,3853.7955,3870.6549,3844.5244,3844.3269,25.1592,0.6545,86510716.0,177585694.3683
000300.SH,2023-07-12,3843.4369,3864.6013,3874.0403,3838.5632,3869.4861,-26.0492,-0.6732,111522024.0,214046519.0561
000300.SH,2023-07-13,3898.4229,3855.662,3901.1023,3855.662,3843.4369,54.986,1.4306,120300232.0,235278706.8345
000300.SH,2023-07-14,3899.1027,3904.6033,3908.4871,3893.7862,3898.4229,0.6798,0.0174,122364846.0,220230466.5229
000300.SH,2023-07-17,3867.1749,3881.6225,3881.6225,3852.2626,3899.1027,-31.9278,-0.8188,98340144.0,174623552.8074
000300.SH,2023-07-18,3854.9393,3871.0444,3871.0444,3844.5129,3867.1749,-12.2356,-0.3164,91438615.0,167104315.1171
000300.SH,2023-07-19,3850.8663,3848.4826,3860.0092,3830.4073,3854.9393,-4.073,-0.1057,79585700.0,151311481.0298
000300.SH,2023-07-20,3823.6946,3857.7725,3875.6241,3818.7134,3850.8663,-27.1717,-0.7056,92042076.0,174320872.1398
000300.SH,2023-07-21,3821.91,3816.9835,3849.5109,3808.803,3823.6946,-1.7846,-0.0467,79507563.0,157144211.2093
000300.SH,2023-07-24,3805.221,3803.3492,3828.7853,3798.8048,3821.91,-16.689,-0.4367,75483545.0,151448369.5662
000300.SH,2023-07-25,3915.1153,3866.6445,3915.8148,3866.6445,3805.221,109.8943,2.888,163066320.0,299853562.1681
000300.SH,2023-07-26,3907.0128,3908.174,3912.9834,3893.3987,3915.1153,-8.1025,-0.207,107881717.0,192912604.792
000300.SH,2023-07-27,3902.3458,3914.2298,3935.3578,3894.6923,3907.0128,-4.667,-0.1195,110667109.0,196845425.5133
000300.SH,2023-07-28,3992.7376,3889.7929,4000.919,3886.5535,3902.3458,90.3918,2.3163,179735481.0,310092467.4045
000300.SH,2023-07-31,4014.6301,4018.8895,4064.3621,4002.0784,3992.7376,21.8925,0.5483,199606830.0,366544120.0036
000300.SH,2023-08-01,3998.001,4009.1831,4031.7008,3983.0273,4014.6301,-16.6291,-0.4142,142286859.0,255620773.6376
000300.SH,2023-08-02,3969.895,3985.6951,4008.3343,3958.5127,3998.001,-28.106,-0.703,125855690.0,204875690.9238
000300.SH,2023-08-03,4004.9839,3962.1296,4004.9996,3962.1296,3969.895,35.0889,0.8839,129006640.0,224809824.8203
000300.SH,2023-08-04,4020.5792,4033.7239,4058.2431,4011.6202,4004.9839,15.5953,0.3894,178267189.0,316529733.8377
000300.SH,2023-08-07,3990.1531,4002.9677,4002.9677,3977.0173,4020.5792,-30.4261,-0.7568,121310662.0,227090572.7509
000300.SH,2023-08-08,3979.7322,3980.0423,4002.2904,3963.4632,3990.1531,-10.4209,-0.2612,109871699.0,202611335.3138
000300.SH,2023-08-09,3967.5652,3967.3566,3982.1091,3961.8434,3979.7322,-12.167,-0.3057,94640269.0,174394242.7653
000300.SH,2023-08-10,3975.7166,3962.8569,3976.4637,3945.3869,3967.5652,8.1514,0.2055,97176849.0,175646730.1982
000300.SH,2023-08-11,3884.2538,3977.9834,3977.9834,3884.2538,3975.7166,-91.4628,-2.3005,126082931.0,203546314.6474
000300.SH,2023-08-14,3855.9061,3840.8872,3859.4718,3814.0711,3884.2538,-28.3477,-0.7298,115966336.0,197623765.2464
000300.SH,2023-08-15,3846.5357,3858.3662,3865.284,3811.6839,3855.9061,-9.3704,-0.243,103097111.0,177437071.6925
000300.SH,2023-08-16,3818.3338,3830.8274,3852.4198,3817.6324,3846.5357,-28.2019,-0.7332,94616946.0,169323869.0276
000300.SH,2023-08-17,3831.1008,3801.1969,3836.1507,3782.4967,3818.3338,12.767,0.3344,98415493.0,174093848.2429
000300.SH,2023-08-18,3784.0038,3832.4554,3844.195,3784.0038,3831.1008,-47.097,-1.2293,95549638.0,168445686.9882
000300.SH,2023-08-21,3729.555,3773.225,3782.1112,3729.555,3784.0038,-54.4488,-1.4389,98708369.0,173379942.9066
000300.SH,2023-08-22,3758.2271,3748.0675,3770.0556,3704.6785,3729.555,28.6721,0.7688,120318327.0,203463879.6718
000300.SH,2023-08-23,3696.6339,3751.7736,3756.1659,3695.0309,3758.2271,-61.5932,-1.6389,97081638.0,160476231.5869
000300.SH,2023-08-24,3723.4293,3711.5403,3748.8567,3701.5717,3696.6339,26.7954,0.7249,119614521.0,196257391.0837
000300.SH,2023-08-25,3709.1517,3703.5136,3734.2185,3695.8442,3723.4293,-14.2776,-0.3835,105182610.0,175601437.1729
000300.SH,2023-08-28,3752.6194,3911.5485,3911.5485,3740.5279,3709.1517,43.4677,1.1719,197990379.0,335047670.9668
000300.SH,2023-08-29,3790.1067,3743.0534,3810.3772,3742.0758,3752.6194,37.4873,0.999,152486146.0,262134936.751
000300.SH,2023-08-30,3788.5097,3803.1191,3813.7032,3780.2411,3790.1067,-1.597,-0.0421,129671661.0,226727480.8387
000300.SH,2023-08-31,3765.2678,3786.9261,3793.9972,3762.0046,3788.5097,-23.2419,-0.6135,118961646.0,193577001.342
000300.SH,2023-09-01,3791.4912,3778.9129,3808.5306,3778.9129,3765.2678,26.2234,0.6965,105319045.0,172219141.5861
000300.SH,2023-09-04,3848.9517,3812.9873,3854.2605,3804.5886,3791.4912,57.4605,1.5155,142385201.0,237934727.9243
000300.SH,2023-09-05,3820.3174,3839.5779,3839.5779,3814.3338,3848.9517,-28.6343,-0.744,104052333.0,181377877.9553
000300.SH,2023-09-06,3812.0283,3808.1,3817.5239,3790.8949,3820.3174,-8.2891,-0.217,93442393.0,166081524.0072
000300.SH,2023-09-07,3758.4748,3802.2272,3802.2272,3756.853,3812.0283,-53.5535,-1.4049,95103903.0,164405748.8275
000300.SH,2023-09-08,3739.9927,3747.6509,3753.263,3724.987,3758.4748,-18.4821,-0.4917,71638166.0,129197657.3031
000300.SH,2023-09-11,3767.537,3740.5846,3788.3219,3734.7228,3739.9927,27.5443,0.7365,105358016.0,186871759.4413
000300.SH,2023-09-12,3760.6048,3764.3331,3775.093,3755.4162,3767.537,-6.9322,-0.184,79385378.0,140117510.2333
000300.SH,2023-09-13,3736.6513,3759.6091,3768.8162,3719.1114,3760.6048,-23.9535,-0.637,81576901.0,138238089.9125
000300.SH,2023-09-14,3733.5077,3736.9355,3748.8177,3717.3107,3736.6513,-3.1436,-0.0841,100386075.0,151578100.4639
000300.SH,2023-09-15,3708.7766,3740.7853,3749.0247,3699.3806,3733.5077,-24.7311,-0.6624,109395689.0,180398970.9383
000300.SH,2023-09-18,3727.711,3698.9344,3737.5306,3691.1107,3708.7766,18.9344,0.5105,86727741.0,156966973.9105
000300.SH,2023-09-19,3720.5021,3723.4244,3724.0717,3702.6934,3727.711,-7.2089,-0.1934,83199038.0,135216895.2294
000300.SH,2023-09-20,3705.6898,3715.9578,3718.5207,3705.1274,3720.5021,-14.8123,-0.3981,75448209.0,117691805.9572
000300.SH,2023-09-21,3672.4448,3698.313,3708.4557,3672.4448,3705.6898,-33.245,-0.8971,83031005.0,135011796.5552
000300.SH,2023-09-22,3738.9327,3672.6402,3740.4183,3664.7661,3672.4448,66.4879,1.8105,110231166.0,192236467.3628
000300.SH,2023-09-25,3714.6037,3738.0622,3738.0622,3711.2049,3738.9327,-24.329,-0.6507,92596479.0,155793827.3615
000300.SH,2023-09-26,3692.8928,3711.7106,3723.8481,3692.6172,3714.6037,-21.7109,-0.5845,78044525.0,137808437.7748
000300.SH,2023-09-27,3700.495,3694.9607,3731.1405,3694.3938,3692.8928,7.6022,0.2059,91629210.0,164790435.2658
000300.SH,2023-09-28,3689.5172,3711.2117,3716.0569,3685.3001,3700.495,-10.9778,-0.2967,85221719.0,153500421.344
000300.SH,2023-10-09,3684.7272,3678.929,3694.1713,3641.9966,3689.5172,-4.79,-0.1298,102148058.0,178072374.7481
000300.SH,2023-10-10,3657.1259,3696.2542,3701.2562,3655.589,3684.7272,-27.6013,-0.7491,99163730.0,161938958.9248
000300.SH,2023-10-11,3667.5483,3674.7514,3689.5347,3658.355,3657.1259,10.4224,0.285,102091587.0,187667554.1266
000300.SH,2023-10-12,3702.3824,3697.9337,3711.4985,3682.8418,3667.5483,34.8341,0.9498,114363225.0,194598219.8173
000300.SH,2023-10-13,3663.4104,3677.9585,3678.1913,3652.3094,3702.3824,-38.972,-1.0526,98287987.0,170152309.003
000300.SH,2023-10-16,3626.5972,3664.039,3664.039,3615.7686,3663.4104,-36.8132,-1.0049,91853118.0,159537973.5984
000300.SH,2023-10-17,3639.4018,3635.2994,3645.5654,3619.1277,3626.5972,12.8046,0.3531,90745188.0,147056233.3474
000300.SH,2023-10-18,3610.5767,3631.0671,3632.0579,3608.9768,3639.4018,-28.8251,-0.792,94545879.0,158982356.6674
000300.SH,2023-10-19,3533.5445,3588.5154,3588.5154,3532.3059,3610.5767,-77.0322,-2.1335,111737520.0,189194781.8439
000300.SH,2023-10-20,3510.5889,3518.3464,3535.6623,3501.725,3533.5445,-22.9556,-0.6496,98518605.0,169591289.1453
000300.SH,2023-10-23,3474.2438,3500.199,3505.3468,3450.6456,3510.5889,-36.3451,-1.0353,96561652.0,152054894.179
000300.SH,2023-10-24,3487.1302,3481.7644,3495.0039,3453.1016,3474.2438,12.8864,0.3709,115547289.0,186529203.442
000300.SH,2023-10-25,3504.4576,3524.2965,3531.8314,3500.9154,3487.1302,17.3274,0.4969,128009617.0,203691741.1192
000300.SH,2023-10-26,3514.1448,3484.7807,3515.5716,3478.0503,3504.4576,9.6872,0.2764,105143566.0,176088467.2258
000300.SH,2023-10-27,3562.3851,3501.171,3576.5861,3494.5488,3514.1448,48.2403,1.3727,120225108.0,224301960.437
000300.SH,2023-10-30,3583.7718,3554.1055,3592.7188,3554.0238,3562.3851,21.3867,0.6003,144010426.0,242973328.0944
000300.SH,2023-10-31,3572.5056,3581.6759,3581.6759,3554.5822,3583.7718,-11.2662,-0.3144,112587267.0,196317658.3241
000300.SH,2023-11-01,3571.0268,3605.7576,3606.4126,3564.6421,3572.5056,-1.4788,-0.0414,97645538.0,182943566.4353
000300.SH,2023-11-02,3554.1889,3580.0672,3597.1699,3553.7406,3571.0268,-16.8379,-0.4715,90359643.0,149465055.4339
000300.SH,2023-11-03,3584.1364,3558.5303,3596.101,3558.5303,3554.1889,29.9475,0.8426,97542101.0,165865989.2003
000300.SH,2023-11-06,3632.6084,3608.3187,3635.7897,3600.6304,3584.1364,48.472,1.3524,152982463.0,254465948.1104
000300.SH,2023-11-07,3619.7593,3623.7849,3628.4615,3606.2975,3632.6084,-12.8491,-0.3537,110288591.0,190433605.3107
000300.SH,2023-11-08,3611.0723,3610.6434,3627.0479,3591.8248,3619.7593,-8.687,-0.24,110594230.0,192594372.3525
000300.SH,2023-11-09,3612.8263,3603.1082,3624.4141,3601.3744,3611.0723,1.754,0.0486,111872057.0,189355228.5917
000300.SH,2023-11-10,3586.4893,3596.0688,3599.4519,3576.1011,3612.8263,-26.337,-0.729,102107034.0,166924677.3283
000300.SH,2023-11-13,3579.4141,3593.9109,3599.3897,3562.7682,3586.4893,-7.0752,-0.1973,96707649.0,164821249.6247
000300.SH,2023-11-14,3582.0584,3581.1034,3600.1483,3568.882,3579.4141,2.6443,0.0739,100884158.0,165935163.4262
000300.SH,2023-11-15,3607.2454,3616.8765,3620.6007,3596.9158,3582.0584,25.187,0.7031,104929218.0,188932150.5006
000300.SH,2023-11-16,3572.3641,3600.9813,3605.2898,3572.3636,3607.2454,-34.8813,-0.967,87464780.0,146629217.1578
000300.SH,2023-11-17,3568.0685,3561.3112,3573.6819,3547.0287,3572.3641,-4.2956,-0.1202,87319207.0,139621898.7052
000300.SH,2023-11-20,3576.3233,3569.7314,3586.9731,3545.1038,3568.0685,8.2548,0.2314,91080445.0,157449634.694
000300.SH,2023-11-21,3581.0674,3587.8779,3615.0569,3575.682,3576.3233,4.7441,0.1327,108594314.0,175922105.9299
000300.SH,2023-11-22,3544.4162,3569.4389,3574.3782,3544.4162,3581.0674,-36.6512,-1.0235,84784381.0,136041195.5389
000300.SH,2023-11-23,3561.5204,3541.4416,3562.0675,3529.939,3544.4162,17.1042,0.4826,84800167.0,141499811.4909
000300.SH,2023-11-24,3538.0087,3560.6462,3560.6462,3533.9955,3561.5204,-23.5117,-0.6602,85018403.0,140101998.5553
000300.SH,2023-11-27,3511.9424,3534.4445,3534.4445,3492.8623,3538.0087,-26.0663,-0.7368,99102314.0,155975437.0357
000300.SH,2023-11-28,3518.5232,3510.6554,3521.0463,3501.1093,3511.9424,6.5808,0.1874,89335789.0,147740535.8624
000300.SH,2023-11-29,3488.3073,3518.8836,3519.198,3482.2444,3518.5232,-30.2159,-0.8588,98841412.0,155948235.9759
000300.SH,2023-11-30,3496.2028,3485.5171,3505.1273,3481.4515,3488.3073,7.8955,0.2263,101350820.0,153790180.6533
000300.SH,2023-12-01,3482.8813,3494.2234,3494.2234,3452.1728,3496.2028,-13.3215,-0.381,108530941.0,176078323.4694
000300.SH,2023-12-04,3460.138,3481.0449,3488.133,3459.611,3482.8813,-22.7433,-0.653,97156826.0,164664395.2929
000300.SH,2023-12-05,3394.2571,3450.0898,3450.0898,3393.8139,3460.138,-65.8809,-1.904,100472007.0,164840691.1121
000300.SH,2023-12-06,3399.598,3387.8798,3420.2773,3382.9457,3394.2571,5.3409,0.1574,105805519.0,172142987.7249
000300.SH,2023-12-07,3391.2823,3394.3064,3404.4074,3369.7675,3399.598,-8.3157,-0.2446,97713248.0,160949948.1973
000300.SH,2023-12-08,3399.4618,3391.8585,3409.3845,3383.4479,3391.2823,8.1795,0.2412,129522054.0,203034222.5611
000300.SH,2023-12-11,3419.4548,3378.0517,3426.6106,3346.8902,3399.4618,19.993,0.5881,139626249.0,219761181.4231
000300.SH,2023-12-12,3426.803,3409.9976,3427.5456,3406.1013,3419.4548,7.3482,0.2149,105590013.0,166979964.7797
000300.SH,2023-12-13,3369.605,3418.6413,3418.6413,3369.605,3426.803,-57.198,-1.6691,95285367.0,165455928.3756
000300.SH,2023-12-14,3351.9639,3387.3847,3399.1394,3350.7648,3369.605,-17.6411,-0.5235,83655135.0,150245775.7364
000300.SH,2023-12-15,3341.5517,3365.9388,3388.5047,3339.519,3351.9639,-10.4122,-0.3106,97787783.0,164907019.3721
000300.SH,2023-12-18,3329.3657,3329.191,3352.3458,3314.9095,3341.5517,-12.186,-0.3647,90526826.0,142303319.4189
000300.SH,2023-12-19,3334.0412,3325.6596,3345.7795,3313.1874,3329.3657,4.6755,0.1404,83808118.0,135293655.3961
000300.SH,2023-12-20,3297.5022,3334.332,3338.5434,3297.3652,3334.0412,-36.539,-1.0959,92412868.0,141290542.8023
000300.SH,2023-12-21,3330.8698,3285.6049,3339.3552,3283.9883,3297.5022,33.3676,1.0119,102546198.0,171120780.5795
000300.SH,2023-12-22,3337.2281,3329.4668,3359.0601,3315.8976,3330.8698,6.3583,0.1909,105220133.0,167336342.3092
000300.SH,2023-12-25,3347.4508,3330.3333,3348.882,3330.3333,3337.2281,10.2227,0.3063,74542693.0,121838327.0711
000300.SH,2023-12-26,3324.7902,3345.3952,3345.4171,3315.937,3347.4508,-22.6606,-0.677,74732935.0,121689997.4346
000300.SH,2023-12-27,3336.3572,3326.9267,3341.2659,3309.6731,3324.7902,11.567,0.3479,94403928.0,140924923.6748
000300.SH,2023-12-28,3414.5403,3335.5572,3423.4018,3331.2082,3336.3572,78.1831,2.3434,148064851.0,245855634.4643
000300.SH,2023-12-29,3431.1099,3411.1094,3432.5412,3409.5795,3414.5403,16.5696,0.4853,114928932.0,193573180.5151
000300.SH,2024-01-02,3386.3522,3426.2684,3426.2684,3386.3522,3431.1099,-44.7577,-1.3045,116180726.0,184096097.4487
000300.SH,2024-01-03,3378.2971,3379.7501,3392.8504,3362.6617,3386.3522,-8.0551,-0.2379,105613851.0,165099018.6425
000300.SH,2024-01-04,3347.0519,3375.0207,3375.0207,3323.8647,3378.2971,-31.2452,-0.9249,106721013.0,165512262.6986
000300.SH,2024-01-05,3329.1114,3341.3061,3372.5444,3313.5542,3347.0519,-17.9405,-0.536,126400574.0,182251664.9481
000300.SH,2024-01-08,3286.0564,3322.6051,3333.516,3283.3421,3329.1114,-43.055,-1.2933,117429485.0,170761644.8734
000300.SH,2024-01-09,3292.4994,3286.7083,3304.6008,3273.8431,3286.0564,6.443,0.1961,109330465.0,172276323.0452
000300.SH,2024-01-10,3277.129,3281.6692,3312.9161,3268.2471,3292.4994,-15.3704,-0.4668,94199366.0,159777649.8381
000300.SH,2024-01-11,3295.6717,3275.3086,3311.1137,3266.7911,3277.129,18.5427,0.5658,108789735.0,180978533.5555
000300.SH,2024-01-12,3284.1667,3284.358,3310.4704,3279.6987,3295.6717,-11.505,-0.3491,96853555.0,156536022.2919
000300.SH,2024-01-15,3280.9195,3270.1029,3306.9217,3261.2687,3284.1667,-3.2472,-0.0989,88851530.0,144331722.4306
000300.SH,2024-01-16,3300.8762,3272.571,3300.8762,3260.4362,3280.9195,19.9567,0.6083,113276665.0,175650587.4889
000300.SH,2024-01-17,3229.082,3291.1392,3291.1392,3229.082,3300.8762,-71.7942,-2.175,108769728.0,173516385.1747
000300.SH,2024-01-18,3274.7286,3214.2844,3279.2538,3171.6329,3229.082,45.6466,1.4136,174909168.0,256784536.828
000300.SH,2024-01-19,3269.7763,3261.2393,3286.9415,3251.8136,3274.7286,-4.9523,-0.1512,118501408.0,191261807.0988
000300.SH,2024-01-22,3218.9016,3262.4685,3281.4205,3193.1776,3269.7763,-50.8747,-1.5559,148705628.0,225510031.8443
000300.SH,2024-01-23,3231.9329,3208.4316,3249.5306,3188.1259,3218.9016,13.0313,0.4048,122012000.0,193791168.6242
000300.SH,2024-01-24,3277.1089,3245.9592,3281.4892,3190.4674,3231.9329,45.176,1.3978,154371954.0,219036341.6245
000300.SH,2024-01-25,3342.9189,3274.3391,3344.2426,3269.7943,3277.1089,65.81,2.0082,196833614.0,265521114.9543
000300.SH,2024-01-26,3333.8213,3326.6465,3351.9692,3315.1265,3342.9189,-9.0976,-0.2721,180664005.0,238144899.501
000300.SH,2024-01-29,3303.9604,3335.3936,3351.3715,3303.9604,3333.8213,-29.8609,-0.8957,184164795.0,244698013.5933
000300.SH,2024-01-30,3245.0387,3283.8977,3300.204,3244.9719,3303.9604,-58.9217,-1.7834,143649350.0,199592929.9117
000300.SH,2024-01-31,3215.3518,3231.5425,3252.1475,3201.9264,3245.0387,-29.6869,-0.9148,153143469.0,215333349.9212
000300.SH,2024-02-01,3217.7109,3202.2564,3251.7582,3191.8968,3215.3518,2.3591,0.0734,145516792.0,203815063.2325
000300.SH,2024-02-02,3179.6276,3219.8734,3235.4079,3108.3515,3217.7109,-38.0833,-1.1836,173758089.0,234495151.557
000300.SH,2024-02-05,3200.4218,3164.25,3233.8485,3111.5184,3179.6276,20.7942,0.654,203042970.0,279713141.5072
000300.SH,2024-02-06,3311.6922,3185.2498,3314.512,3182.8216,3200.4218,111.2704,3.4767,202713099.0,285042020.9459
000300.SH,2024-02-07,3343.6303,3314.0306,3343.6303,3289.6704,3311.6922,31.9381,0.9644,216647933.0,297997664.5752
000300.SH,2024-02-08,3364.9297,3351.4052,3367.2101,3336.9779,3343.6303,21.2994,0.637,189977578.0,270239765.211
000300.SH,2024-02-19,3403.8078,3393.1916,3403.8078,3364.1418,3364.9297,38.8781,1.1554,183319800.0,267674145.1473
000300.SH,2024-02-20,3410.8542,3395.1916,3415.8943,3380.103,3403.8078,7.0464,0.207,140734581.0,218459281.946
000300.SH,2024-02-21,3456.8713,3390.3619,3500.1338,3383.6911,3410.8542,46.0171,1.3491,188879362.0,291823544.6082
000300.SH,2024-02-22,3486.6747,3450.3518,3486.6826,3448.4135,3456.8713,29.8034,0.8621,141020784.0,225098128.8727
000300.SH,2024-02-23,3489.7416,3491.3367,3507.5592,3472.968,3486.6747,3.0669,0.088,144821273.0,232926057.1139
000300.SH,2024-02-26,3453.3585,3485.5427,3492.6061,3445.3889,3489.7416,-36.3831,-1.0426,151248331.0,238951637.715
000300.SH,2024-02-27,3494.7874,3440.0516,3494.7874,3437.4422,3453.3585,41.4289,1.1997,139528246.0,244488721.2508
000300.SH,2024-02-28,3450.2598,3499.8257,3521.6574,3450.2598,3494.7874,-44.5276,-1.2741,189837548.0,328300591.2564
000300.SH,2024-02-29,3516.0826,3437.8984,3516.0826,3437.8984,3450.2598,65.8228,1.9078,155944532.0,281971899.2882
000300.SH,2024-03-01,3537.8038,3515.0587,3544.3595,3503.459,3516.0826,21.7212,0.6178,162709570.0,288575619.2245
000300.SH,2024-03-04,3540.8686,3538.366,3548.6901,3519.7599,3537.8038,3.0648,0.0866,163244613.0,297719931.8093
000300.SH,2024-03-05,3565.5143,3524.9644,3570.6935,3519.0816,3540.8686,24.6457,0.696,166422389.0,299895929.7091
000300.SH,2024-03-06,3551.0481,3556.5323,3577.3883,3545.1013,3565.5143,-14.4662,-0.4057,143076613.0,248294165.7074
000300.SH,2024-03-07,3529.7195,3548.1007,3569.9185,3522.8964,3551.0481,-21.3286,-0.6006,148110510.0,251839533.0361
000300.SH,2024-03-08,3544.9099,3529.5509,3548.5055,3511.577,3529.7195,15.1904,0.4304,125792664.0,225379101.014
000300.SH,2024-03-11,3589.2635,3545.9427,3589.2635,3542.2789,3544.9099,44.3536,1.2512,148202825.0,286418582.1546
000300.SH,2024-03-12,3597.4939,3592.5826,3605.6976,3574.2117,3589.2635,8.2304,0.2293,180685560.0,339997042.3371
000300.SH,2024-03-13,3572.361,3594.4211,3594.4211,3563.3685,3597.4939,-25.1329,-0.6986,144590590.0,266898756.3798
000300.SH,2024-03-14,3562.2229,3571.7885,3597.46,3545.612,3572.361,-10.1381,-0.2838,140962722.0,263803609.3352
000300.SH,2024-03-15,3569.993,3554.9068,3572.8091,3533.6798,3562.2229,7.7701,0.2181,138316044.0,243991558.3662
000300.SH,2024-03-18,3603.528,3577.0564,3604.0519,3573.404,3569.993,33.535,0.9394,160379438.0,295314840.611
000300.SH,2024-03-19,3577.6303,3593.3396,3610.7389,3577.188,3603.528,-25.8977,-0.7187,145571786.0,259553448.4134
000300.SH,2024-03-20,3585.3838,3568.7158,3589.5456,3568.4341,3577.6303,7.7535,0.2167,129528966.0,223752103.8862
000300.SH,2024-03-21,3581.0902,3593.07,3601.1145,3575.0331,3585.3838,-4.2936,-0.1198,130743377.0,233162492.6296
000300.SH,2024-03-22,3545.0023,3571.2736,3575.7171,3522.8404,3581.0902,-36.0879,-1.0077,139227358.0,248850931.0222
000300.SH,2024-03-25,3525.7634,3536.7136,3564.9604,3525.7634,3545.0023,-19.2389,-0.5427,137015724.0,233747256.2351
000300.SH,2024-03-26,3543.7467,3526.6818,3547.6461,3518.6018,3525.7634,17.9833,0.5101,126209535.0,226730734.8441
000300.SH,2024-03-27,3502.7866,3538.7244,3542.9624,3502.7866,3543.7467,-40.9601,-1.1558,128626763.0,216404726.5659
000300.SH,2024-03-28,3520.9648,3498.482,3551.2143,3489.3861,3502.7866,18.1782,0.519,143334717.0,232530806.3345
000300.SH,2024-03-29,3537.4843,3516.883,3538.2378,3516.883,3520.9648,16.5195,0.4692,128643290.0,201749384.3567
000300.SH,2024-04-01,3595.6466,3551.5815,3600.9193,3551.5815,3537.4843,58.1623,1.6442,162776561.0,251637272.8451
000300.SH,2024-04-02,3580.6759,3593.2206,3596.1903,3568.7539,3595.6466,-14.9707,-0.4164,141272972.0,220207515.5429
000300.SH,2024-04-03,3567.8031,3578.6835,3582.4324,3558.874,3580.6759,-12.8728,-0.3595,135592331.0,214222897.5801
000300.SH,2024-04-08,3536.4077,3553.5554,3567.82,3535.7688,3567.8031,-31.3954,-0.88,155304283.0,243249251.6872
000300.SH,2024-04-09,3533.4871,3533.3849,3543.7141,3518.8601,3536.4077,-2.9206,-0.0826,129670942.0,195893525.5747
000300.SH,2024-04-10,3504.7086,3528.9679,3531.2295,3490.0525,3533.4871,-28.7785,-0.8145,128790274.0,199754768.6261
000300.SH,2024-04-11,3504.2447,3485.0294,3520.5893,3484.9252,3504.7086,-0.4639,-0.0132,126534395.0,200293481.8857
000300.SH,2024-04-12,3475.8389,3505.7499,3516.6988,3470.0611,3504.2447,-28.4058,-0.8106,128921116.0,208566204.7029
000300.SH,2024-04-15,3549.0759,3473.5047,3552.4125,3473.5047,3475.8389,73.237,2.107,183941250.0,267472484.531
000300.SH,2024-04-16,3511.1146,3533.3636,3545.5034,3503.6158,3549.0759,-37.9613,-1.0696,176153065.0,253315972.2723
000300.SH,2024-04-17,3565.403,3509.1318,3565.9389,3498.0324,3511.1146,54.2884,1.5462,168466398.0,244987812.7532
000300.SH,2024-04-18,3569.8018,3550.5562,3602.7902,3547.5996,3565.403,4.3988,0.1234,178574105.0,261329927.2684
000300.SH,2024-04-19,3541.6619,3550.6087,3560.9492,3529.3237,3569.8018,-28.1399,-0.7883,147281505.0,226229520.1213
000300.SH,2024-04-22,3530.9045,3536.1844,3558.1642,3528.0186,3541.6619,-10.7574,-0.3037,150579042.0,229511183.118
000300.SH,2024-04-23,3506.2249,3525.6681,3533.7584,3499.9838,3530.9045,-24.6796,-0.699,143113504.0,213257232.2107
000300.SH,2024-04-24,3521.6219,3514.0108,3524.537,3495.6494,3506.2249,15.397,0.4391,121739851.0,195299919.7462
000300.SH,2024-04-25,3530.2813,3510.6396,3543.9699,3505.1999,3521.6219,8.6594,0.2459,115187722.0,184524622.0007
000300.SH,2024-04-26,3584.2686,3531.9647,3588.4003,3531.9647,3530.2813,53.9873,1.5293,197216133.0,308045062.2507
000300.SH,2024-04-29,3623.9124,3584.5427,3645.8229,3578.7597,3584.2686,39.6438,1.106,222721381.0,358709708.8376
000300.SH,2024-04-30,3604.3943,3619.2586,3630.7092,3604.3943,3623.9124,-19.5181,-0.5386,191296899.0,286674161.7578
000300.SH,2024-05-06,3657.8767,3654.0485,3668.2565,3645.738,3604.3943,53.4824,1.4838,208018007.0,333270472.13
000300.SH,2024-05-07,3659.0076,3657.0007,3665.684,3648.376,3657.8767,1.1309,0.0309,164834286.0,247368347.9831
000300.SH,2024-05-08,3630.2233,3650.7484,3650.9355,3628.6984,3659.0076,-28.7843,-0.7867,130035336.0,199923460.3498
000300.SH,2024-05-09,3664.561,3630.4142,3669.7593,3630.4142,3630.2233,34.3377,0.9459,146559017.0,232694927.9409
000300.SH,2024-05-10,3666.2771,3669.0869,3674.6088,3641.7639,3664.561,1.7161,0.0468,150720536.0,233730562.0745
000300.SH,2024-05-13,3664.6907,3646.3491,3673.6211,3634.6049,3666.2771,-1.5864,-0.0433,157267455.0,249688465.0729
000300.SH,2024-05-14,3657.0454,3668.2254,3675.776,3646.7092,3664.6907,-7.6453,-0.2086,133406490.0,214643548.2138
000300.SH,2024-05-15,3626.0559,3651.0536,3656.5277,3624.002,3657.0454,-30.9895,-0.8474,123522764.0,191480969.4351
000300.SH,2024-05-16,3640.3592,3636.6007,3657.4831,3626.334,3626.0559,14.3033,0.3945,154630503.0,240288953.464
000300.SH,2024-05-17,3677.9696,3638.5613,3677.9696,3627.447,3640.3592,37.6104,1.0332,164570417.0,247729525.1922
000300.SH,2024-05-20,3690.9623,3682.0615,3703.0287,3677.4426,3677.9696,12.9927,0.3533,184609423.0,279971341.5204
000300.SH,2024-05-21,3676.1611,3682.2868,3684.6106,3665.1524,3690.9623,-14.8012,-0.401,130678283.0,196575354.8779
000300.SH,2024-05-22,3684.451,3675.6471,3691.8804,3667.0885,3676.1611,8.2899,0.2255,151914605.0,230839373.5049
000300.SH,2024-05-23,3641.7917,3672.8403,3674.3654,3633.5051,3684.451,-42.6593,-1.1578,142572990.0,214205039.0307
000300.SH,2024-05-24,3601.4754,3630.827,3650.8734,3599.6678,3641.7917,-40.3163,-1.107,124791177.0,195344742.1559
000300.SH,2024-05-27,3635.7079,3606.645,3638.1514,3603.7131,3601.4754,34.2325,0.9505,131272644.0,206143742.5356
000300.SH,2024-05-28,3609.1724,3633.2535,3638.9703,3605.9213,3635.7079,-26.5355,-0.7299,123532238.0,184381267.9791
000300.SH,2024-05-29,3613.5223,3609.0708,3633.1971,3602.8198,3609.1724,4.3499,0.1205,115906321.0,179072813.2776
000300.SH,2024-05-30,3594.3121,3607.0522,3624.0352,3586.7543,3613.5223,-19.2102,-0.5316,122602995.0,193069647.0508
000300.SH,2024-05-31,3579.9247,3599.8196,3614.6439,3579.9247,3594.3121,-14.3874,-0.4003,112462019.0,180707602.9317
000300.SH,2024-06-03,3588.7483,3577.3798,3600.6044,3567.8713,3579.9247,8.8236,0.2465,141054591.0,222756928.1744
000300.SH,2024-06-04,3615.6714,3583.8104,3622.5012,3580.2771,3588.7483,26.9231,0.7502,124545096.0,195790966.2338
000300.SH,2024-06-05,3594.7936,3610.3601,3623.3232,3594.1056,3615.6714,-20.8778,-0.5774,110906766.0,182639598.8749
000300.SH,2024-06-06,3592.2454,3602.1554,3625.0109,3584.171,3594.7936,-2.5482,-0.0709,137893517.0,226764072.6392
000300.SH,2024-06-07,3574.1143,3594.6335,3603.0698,3552.0853,3592.2454,-18.1311,-0.5047,131103026.0,213001530.0978
000300.SH,2024-06-11,3542.8771,3555.8186,3565.3113,3525.8945,3574.1143,-31.2372,-0.874,134522306.0,219282337.214
000300.SH,2024-06-12,3544.1225,3539.0947,3551.1706,3531.5657,3542.8771,1.2454,0.0352,122813729.0,200722600.6311
000300.SH,2024-06-13,3526.1306,3548.2162,3551.0771,3520.1802,3544.1225,-17.9919,-0.5077,123245462.0,214792338.4493
000300.SH,2024-06-14,3541.5331,3514.7998,3547.1473,3503.5233,3526.1306,15.4025,0.4368,171516942.0,283768816.845
000300.SH,2024-06-17,3536.1986,3521.4365,3540.7932,3520.7381,3541.5331,-5.3345,-0.1506,137433438.0,232293851.8939
000300.SH,2024-06-18,3545.5902,3533.4875,3551.7085,3532.7845,3536.1986,9.3916,0.2656,123671838.0,208824124.156
000300.SH,2024-06-19,3528.749,3543.3599,3543.3599,3524.8449,3545.5902,-16.8412,-0.475,106642797.0,184790298.7286
000300.SH,2024-06-20,3503.2817,3525.1687,3533.9865,3500.131,3528.749,-25.4673,-0.7217,111617396.0,186515776.5747
000300.SH,2024-06-21,3495.6198,3496.3428,3505.5123,3473.8283,3503.2817,-7.6619,-0.2187,109186615.0,182736735.0668
000300.SH,2024-06-24,3476.8102,3473.6392,3505.7752,3471.2164,3495.6198,-18.8096,-0.5381,117990184.0,195787549.3136
000300.SH,2024-06-25,3457.9023,3475.1648,3483.2189,3440.6464,3476.8102,-18.9079,-0.5438,118448118.0,190886336.7624
000300.SH,2024-06-26,3480.2648,3451.5389,3487.3964,3442.2982,3457.9023,22.3625,0.6467,105898861.0,171538111.7023
000300.SH,2024-06-27,3454.1175,3467.2888,3471.1423,3452.5775,3480.2648,-26.1473,-0.7513,114918101.0,174112508.7961
000300.SH,2024-06-28,3461.657,3443.6744,3484.678,3443.6744,3454.1175,7.5395,0.2183,135409153.0,205118806.8118
000300.SH,2024-07-01,3478.1827,3458.2636,3479.9548,3443.8086,3461.657,16.5257,0.4774,121829770.0,188018227.7748
000300.SH,2024-07-02,3471.7857,3472.4527,3488.3189,3464.5237,3478.1827,-6.397,-0.1839,121650121.0,186104752.4219
000300.SH,2024-07-03,3463.4141,3471.5556,3478.7047,3454.9942,3471.7857,-8.3716,-0.2411,103857108.0,163035359.3631
000300.SH,2024-07-04,3445.8128,3468.2958,3483.3098,3444.928,3463.4141,-17.6013,-0.5082,104429909.0,159477153.5695
000300.SH,2024-07-05,3431.0605,3443.3588,3451.0386,3399.6693,3445.8128,-14.7523,-0.4281,116609659.0,181416567.4028
000300.SH,2024-07-08,3401.7604,3420.8033,3428.0418,3395.9123,3431.0605,-29.3001,-0.854,115528218.0,177559765.8275
000300.SH,2024-07-09,3439.8111,3396.8044,3448.9279,3384.8086,3401.7604,38.0507,1.1186,131629443.0,215048837.8198
000300.SH,2024-07-10,3428.9657,3425.8818,3447.505,3423.6483,3439.8111,-10.8454,-0.3153,127203456.0,198149476.8491
000300.SH,2024-07-11,3468.169,3451.0442,3473.9837,3438.118,3428.9657,39.2033,1.1433,145892466.0,237551298.4816
000300.SH,2024-07-12,3472.4014,3459.9564,3479.0958,3457.3633,3468.169,4.2324,0.122,130874589.0,205055553.8564
000300.SH,2024-07-15,3476.2467,3462.6113,3481.4613,3460.7915,3472.4014,3.8453,0.1107,118517083.0,171584915.3795
000300.SH,2024-07-16,3498.2827,3466.8523,3500.2943,3464.3655,3476.2467,22.036,0.6339,120659017.0,200456285.0775
000300.SH,2024-07-17,3501.5836,3494.209,3514.4753,3486.2229,3498.2827,3.3009,0.0944,131802062.0,222830802.5284
000300.SH,2024-07-18,3520.931,3483.2975,3522.7995,3475.7236,3501.5836,19.3474,0.5525,123768199.0,215783795.7026
000300.SH,2024-07-19,3539.0156,3500.8052,3545.3383,3493.0734,3520.931,18.0846,0.5136,132447975.0,228065104.129
000300.SH,2024-07-22,3514.9249,3538.4012,3540.1874,3494.0143,3539.0156,-24.0907,-0.6807,132126337.0,217457320.4039
000300.SH,2024-07-23,3439.8779,3509.7887,3509.7887,3439.8779,3514.9249,-75.047,-2.1351,128897660.0,202857560.1687
000300.SH,2024-07-24,3418.1663,3432.3459,3451.4196,3408.4129,3439.8779,-21.7116,-0.6312,127036263.0,184884499.7868
000300.SH,2024-07-25,3399.2716,3404.611,3415.8557,3383.7991,3418.1663,-18.8947,-0.5528,131022242.0,190131464.8347
000300.SH,2024-07-26,3409.2931,3403.7084,3420.8201,3388.6601,3399.2716,10.0215,0.2948,124195558.0,187853329.4778
000300.SH,2024-07-29,3390.742,3404.3663,3408.5024,3388.8444,3409.2931,-18.5511,-0.5441,109787786.0,166697103.8231
000300.SH,2024-07-30,3369.3821,3380.6893,3380.6893,3352.8043,3390.742,-21.3599,-0.6299,104952164.0,165442824.4902
000300.SH,2024-07-31,3442.0844,3364.0268,3445.0042,3364.0268,3369.3821,72.7023,2.1577,171959177.0,258249147.3364
000300.SH,2024-08-01,3419.2666,3443.1397,3448.3361,3419.1872,3442.0844,-22.8178,-0.6629,136323464.0,206038002.5177
000300.SH,2024-08-02,3384.3919,3393.9167,3419.1023,3380.9645,3419.2666,-34.8747,-1.0199,116615255.0,179671192.4276
000300.SH,2024-08-05,3343.3205,3362.1117,3409.0314,3343.3205,3384.3919,-41.0714,-1.2136,142812516.0,223631266.5632
000300.SH,2024-08-06,3342.9789,3367.3517,3376.7956,3318.6251,3343.3205,-0.3416,-0.0102,119340279.0,181724693.8475
000300.SH,2024-08-07,3341.489,3338.5909,3362.3839,3329.9658,3342.9789,-1.4899,-0.0446,95084377.0,145078975.3255
000300.SH,2024-08-08,3342.9369,3332.4281,3364.7855,3320.8432,3341.489,1.4479,0.0433,92495695.0,149482926.2265
000300.SH,2024-08-09,3331.6274,3358.128,3366.6688,3331.6274,3342.9369,-11.3095,-0.3383,91511626.0,142852166.5592
000300.SH,2024-08-12,3325.8645,3327.5561,3338.0771,3319.8908,3331.6274,-5.7629,-0.173,79938754.0,117544892.7265
000300.SH,2024-08-13,3334.3903,3328.0138,3335.014,3310.1909,3325.8645,8.5258,0.2563,84489679.0,125259155.343
000300.SH,2024-08-14,3309.2389,3332.7866,3332.7866,3309.1,3334.3903,-25.1514,-0.7543,78742407.0,118181952.0042
000300.SH,2024-08-15,3341.953,3301.4455,3356.7644,3297.9711,3309.2389,32.7141,0.9886,104766399.0,149249335.4255
000300.SH,2024-08-16,3345.634,3342.0346,3356.9071,3335.6239,3341.953,3.681,0.1101,96519083.0,135885323.083
000300.SH,2024-08-19,3356.9677,3344.2614,3375.9621,3343.7116,3345.634,11.3337,0.3388,105571110.0,143421671.3373
000300.SH,2024-08-20,3332.7034,3361.6394,3362.3338,3321.6397,3356.9677,-24.2643,-0.7228,101668331.0,137910585.0916
000300.SH,2024-08-21,3321.635,3322.9134,3339.443,3307.9917,3332.7034,-11.0684,-0.3321,89954751.0,130005992.5633
000300.SH,2024-08-22,3313.1357,3322.8723,3327.6962,3305.2453,3321.635,-8.4993,-0.2559,100366504.0,147702791.5606
000300.SH,2024-08-23,3327.1905,3305.9307,3336.2414,3305.6403,3313.1357,14.0548,0.4242,89525774.0,132680886.4997
000300.SH,2024-08-26,3324.2231,3330.7184,3336.5271,3311.5701,3327.1905,-2.9674,-0.0892,93990772.0,139070603.958
000300.SH,2024-08-27,3305.3338,3315.686,3320.5667,3299.5635,3324.2231,-18.8893,-0.5682,95808157.0,129755962.8644
000300.SH,2024-08-28,3286.4956,3298.9089,3305.3496,3274.5881,3305.3338,-18.8382,-0.5699,92696650.0,135982310.9646
000300.SH,2024-08-29,3277.6812,3273.541,3290.7857,3269.5288,3286.4956,-8.8144,-0.2682,130702333.0,174340106.3926
000300.SH,2024-08-30,3321.4323,3273.7532,3351.6254,3273.6496,3277.6812,43.7511,1.3348,188695443.0,268376041.2109
000300.SH,2024-09-02,3265.011,3307.5432,3307.7627,3264.7565,3321.4323,-56.4213,-1.6987,147612353.0,194409996.3483
000300.SH,2024-09-03,3273.4282,3261.741,3281.5935,3261.1877,3265.011,8.4172,0.2578,122897306.0,155089488.5353
000300.SH,2024-09-04,3252.1649,3253.898,3272.9861,3249.9809,3273.4282,-21.2633,-0.6496,104832482.0,140070063.0769
000300.SH,2024-09-05,3257.7578,3252.96,3266.882,3247.1725,3252.1649,5.5929,0.172,97109450.0,134618198.8937
000300.SH,2024-09-06,3231.3457,3261.1542,3274.8144,3231.0685,3257.7578,-26.4121,-0.8107,88400417.0,121541545.9057
000300.SH,2024-09-09,3192.9516,3214.7996,3222.9278,3180.9277,3231.3457,-38.3941,-1.1882,108673069.0,146516054.4605
000300.SH,2024-09-10,3195.7552,3193.4557,3205.0972,3171.7932,3192.9516,2.8036,0.0878,97290078.0,133610476.1315
000300.SH,2024-09-11,3186.1299,3187.0508,3197.3363,3174.0343,3195.7552,-9.6253,-0.3012,102482110.0,141513837.1353
000300.SH,2024-09-12,3172.4747,3189.4271,3201.5544,3171.8775,3186.1299,-13.6552,-0.4286,92868657.0,136387244.6371
000300.SH,2024-09-13,3159.247,3174.0344,3188.9145,3159.247,3172.4747,-13.2277,-0.417,88336677.0,137448911.3974
000300.SH,2024-09-18,3171.0102,3158.8179,3179.9012,3145.7908,3159.247,11.7632,0.3723,84722814.0,123452147.9689
000300.SH,2024-09-19,3196.0357,3178.3959,3213.8378,3149.7925,3171.0102,25.0255,0.7892,125439272.0,181785109.7127
000300.SH,2024-09-20,3201.0497,3192.4322,3207.9875,3173.2238,3196.0357,5.014,0.1569,118064098.0,163985054.9569
000300.SH,2024-09-23,3212.7639,3200.8678,3230.1613,3198.0248,3201.0497,11.7142,0.3659,95344855.0,143876166.8609
000300.SH,2024-09-24,3351.909,3244.6468,3351.9684,3222.4885,3212.7639,139.1451,4.331,204072217.0,307879526.8475
000300.SH,2024-09-25,3401.533,3403.7021,3465.4882,3393.438,3351.909,49.624,1.4805,241564255.0,356862584.9395
000300.SH,2024-09-26,3545.3204,3399.3188,3545.3249,3391.6772,3401.533,143.7874,4.2271,243134010.0,373983643.0448
000300.SH,2024-09-27,3703.6849,3617.9203,3708.4951,3596.5833,3545.3204,158.3645,4.4669,265487774.0,466692757.4818
000300.SH,2024-09-30,4017.8545,3846.6515,4038.6968,3796.5045,3703.6849,314.1696,8.4826,510217707.0,862528807.4192
000300.SH,2024-10-08,4256.0962,4450.3675,4450.3675,4094.3519,4017.8545,238.2417,5.9296,589867894.0,1130387437.1301
000300.SH,2024-10-09,3955.9839,4168.8436,4197.6,3942.5118,4256.0962,-300.1123,-7.0514,482269295.0,1029032062.1934
000300.SH,2024-10-10,3997.7879,3979.6116,4098.4967,3912.7708,3955.9839,41.804,1.0567,395053099.0,717952217.5126
000300.SH,2024-10-11,3887.167,3969.7576,3978.2389,3847.1228,3997.7879,-110.6209,-2.7671,274096505.0,484998267.2956
000300.SH,2024-10-14,3961.3424,3915.2186,3979.5431,3868.779,3887.167,74.1754,1.9082,307578993.0,534076602.2155
000300.SH,2024-10-15,3855.9949,3942.5342,3967.8712,3855.9949,3961.3424,-105.3475,-2.6594,242486448.0,434410916.7235
000300.SH,2024-10-16,3831.589,3806.1373,3877.7483,3805.0868,3855.9949,-24.4059,-0.6329,218866407.0,377301324.4264
000300.SH,2024-10-17,3788.2217,3853.841,3882.0733,3787.7498,3831.589,-43.3673,-1.1318,212313820.0,369170521.6345
000300.SH,2024-10-18,3925.234,3780.3143,3998.214,3765.1615,3788.2217,137.0123,3.6168,312958834.0,620673701.8941
000300.SH,2024-10-21,3935.1974,3946.9016,3979.2638,3896.165,3925.234,9.9634,0.2538,291185634.0,600109598.9491
000300.SH,2024-10-22,3957.7755,3923.7443,3965.9084,3917.5218,3935.1974,22.5781,0.5737,223433396.0,442881846.8137
000300.SH,2024-10-23,3973.2089,3955.3191,4012.1795,3939.0986,3957.7755,15.4334,0.39,245873949.0,469120806.2721
000300.SH,2024-10-24,3928.8334,3950.8987,3957.9832,3914.0887,3973.2089,-44.3755,-1.1169,174724062.0,340486884.4853
000300.SH,2024-10-25,3956.421,3931.3205,3992.8918,3921.9396,3928.8334,27.5876,0.7022,210694885.0,412231378.4304
000300.SH,2024-10-28,3964.1569,3953.1063,3964.1569,3917.2042,3956.421,7.7359,0.1955,216160415.0,390450182.338
000300.SH,2024-10-29,3924.649,3970.008,3991.3091,3921.5795,3964.1569,-39.5079,-0.9966,217293984.0,429625020.4048
000300.SH,2024-10-30,3889.4487,3904.1595,3926.0581,3864.3051,3924.649,-35.2003,-0.8969,219436626.0,385010582.2332
000300.SH,2024-10-31,3891.0396,3888.4229,3923.8997,3859.1079,3889.4487,1.5909,0.0409,300636718.0,515533818.945
000300.SH,2024-11-01,3890.0203,3882.4579,3933.2204,3879.9588,3891.0396,-1.0193,-0.0262,307986481.0,476472952.0283
000300.SH,2024-11-04,3944.7619,3897.7144,3944.7619,3891.2109,3890.0203,54.7416,1.4072,229239060.0,381048606.0681
000300.SH,2024-11-05,4044.5725,3937.6228,4046.6977,3925.4138,3944.7619,99.8106,2.5302,316862794.0,580971852.7237
000300.SH,2024-11-06,4024.2831,4051.2891,4091.7031,4002.5027,4044.5725,-20.2894,-0.5016,335807938.0,639124093.9118
000300.SH,2024-11-07,4145.6952,3987.2665,4146.151,3984.6652,4024.2831,121.4121,3.017,341436414.0,658145920.9481
000300.SH,2024-11-08,4104.047,4192.0794,4200.908,4094.1631,4145.6952,-41.6482,-1.0046,332350385.0,688446559.7722
000300.SH,2024-11-11,4131.1312,4066.9336,4132.5111,4048.039,4104.047,27.0842,0.6599,289594227.0,625605935.91
000300.SH,2024-11-12,4085.743,4133.3528,4181.7096,4060.7936,4131.1312,-45.3882,-1.0987,297778086.0,660380524.8206
000300.SH,2024-11-13,4110.8901,4059.5898,4121.0735,4059.5898,4085.743,25.1471,0.6155,240484099.0,512734303.1194
000300.SH,2024-11-14,4039.6191,4101.2228,4118.1686,4034.9441,4110.8901,-71.271,-1.7337,230152784.0,464157560.7551
000300.SH,2024-11-15,3968.8308,4025.6482,4049.071,3968.8308,4039.6191,-70.7883,-1.7524,247399463.0,474079686.5882
000300.SH,2024-11-18,3950.3806,3982.1036,4034.0596,3931.1872,3968.8308,-18.4502,-0.4649,306777946.0,472408054.8307
000300.SH,2024-11-19,3976.8912,3954.6038,3979.1505,3896.7493,3950.3806,26.5106,0.6711,242946465.0,402610970.3401
000300.SH,2024-11-20,3985.7727,3966.1238,4001.0847,3958.3383,3976.8912,8.8815,0.2233,184599372.0,347577693.0995
000300.SH,2024-11-21,3989.2979,3979.4554,3999.5693,3966.0658,3985.7727,3.5252,0.0884,166125927.0,324235010.779
000300.SH,2024-11-22,3865.6989,3984.2435,3990.2647,3865.6989,3989.2979,-123.599,-3.0983,216285809.0,397566831.8478
000300.SH,2024-11-25,3848.0909,3875.6126,3889.7069,3812.3179,3865.6989,-17.608,-0.4555,190702953.0,349006773.1801
000300.SH,2024-11-26,3840.1847,3836.259,3875.229,3833.2842,3848.0909,-7.9062,-0.2055,149892441.0,264403254.83
000300.SH,2024-11-27,3907.0447,3829.3442,3907.164,3817.9125,3840.1847,66.86,1.7411,174136096.0,320632355.477
000300.SH,2024-11-28,3872.5505,3904.2525,3908.3918,3866.0136,3907.0447,-34.4942,-0.8829,150117291.0,286432871.2235
000300.SH,2024-11-29,3916.5832,3869.8903,3962.7002,3869.8903,3872.5505,44.0327,1.137,187656713.0,375262017.9192
000300.SH,2024-12-02,3947.632,3909.7029,3955.1252,3902.1697,3916.5832,31.0488,0.7928,197289784.0,368591235.9908
000300.SH,2024-12-03,3951.8912,3946.7034,3963.9474,3922.8425,3947.632,4.2592,0.1079,182496867.0,327295048.7008
000300.SH,2024-12-04,3930.5568,3948.13,3957.365,3917.7467,3951.8912,-21.3344,-0.5399,174626318.0,312040419.0815
000300.SH,2024-12-05,3921.5881,3916.5638,3936.3358,3910.0834,3930.5568,-8.9687,-0.2282,138534038.0,257716297.9965
000300.SH,2024-12-06,3973.1405,3923.8954,3995.1168,3923.8954,3921.5881,51.5524,1.3146,192057907.0,351751735.425
000300.SH,2024-12-09,3966.5708,3970.6628,3995.5116,3948.4206,3973.1405,-6.5697,-0.1654,175959958.0,308227216.7029
000300.SH,2024-12-10,3995.6369,4094.05,4098.3804,3988.9676,3966.5708,29.0661,0.7328,253463795.0,487278042.807
000300.SH,2024-12-11,3988.8308,3988.0179,4005.3253,3977.3522,3995.6369,-6.8061,-0.1703,177252846.0,310713317.8954
000300.SH,2024-12-12,4028.5048,3987.1525,4031.7441,3981.3485,3988.8308,39.674,0.9946,181621777.0,333667518.4014
000300.SH,2024-12-13,3933.1808,4000.9854,4000.9854,3931.7392,4028.5048,-95.324,-2.3662,230353079.0,421478609.274
000300.SH,2024-12-16,3911.8416,3930.7807,3938.7595,3901.6465,3933.1808,-21.3392,-0.5425,178511251.0,327619081.5813
000300.SH,2024-12-17,3922.0334,3908.1263,3955.945,3908.1263,3911.8416,10.1918,0.2605,160939090.0,306037370.8467
000300.SH,2024-12-18,3941.89,3934.5425,3956.1441,3933.9693,3922.0334,19.8566,0.5063,157738321.0,276825381.2243
000300.SH,2024-12-19,3945.4635,3911.8901,3954.3491,3899.7479,3941.89,3.5735,0.0907,161081040.0,321771606.9334
000300.SH,2024-12-20,3927.7441,3937.4722,3958.6336,3923.2562,3945.4635,-17.7194,-0.4491,154986496.0,332143276.3977
000300.SH,2024-12-23,3933.5718,3928.1493,3965.8502,3928.1493,3927.7441,5.8277,0.1484,190067362.0,354063425.2087
000300.SH,2024-12-24,3983.6882,3934.9422,3985.8588,3934.7338,3933.5718,50.1164,1.2741,161494589.0,310384873.2942
000300.SH,2024-12-25,3985.6291,3987.9557,4007.7626,3969.4766,3983.6882,1.9409,0.0487,159390747.0,299295145.7931
000300.SH,2024-12-26,3987.4801,3981.7317,3991.5331,3965.5461,3985.6291,1.851,0.0464,143425286.0,305769929.4027
000300.SH,2024-12-27,3981.0307,3987.0189,4007.1314,3970.9365,3987.4801,-6.4494,-0.1617,169268666.0,345011075.199
000300.SH,2024-12-30,3999.0549,3976.7004,4005.778,3976.7004,3981.0307,18.0242,0.4528,164612485.0,322699390.1918
000300.SH,2024-12-31,3934.9109,3995.8705,4004.3462,3934.9109,3999.0549,-64.144,-1.604,183928397.0,347880439.5304
000300.SH,2025-01-02,3820.3952,3931.8155,3934.2034,3796.3389,3934.9109,-114.5157,-2.9102,217898724.0,388636586.6393
000300.SH,2025-01-03,3775.1648,3825.2426,3835.9353,3767.6653,3820.3952,-45.2304,-1.1839,175342676.0,304322755.4359
000300.SH,2025-01-06,3768.9697,3775.9902,3788.8489,3743.0727,3775.1648,-6.1951,-0.1641,150946670.0,262803541.1162
000300.SH,2025-01-07,3796.1055,3760.866,3797.602,3749.0581,3768.9697,27.1358,0.72,146455779.0,266855795.3474
000300.SH,2025-01-08,3789.2153,3781.261,3810.7355,3731.1887,3796.1055,-6.8902,-0.1815,169166968.0,300965725.4327
000300.SH,2025-01-09,3779.8773,3780.7341,3795.2608,3768.681,3789.2153,-9.338,-0.2464,129794002.0,251486002.8198
000300.SH,2025-01-10,3732.4806,3778.8928,3786.8069,3732.4806,3779.8773,-47.3967,-1.2539,137523171.0,275354209.0643
000300.SH,2025-01-13,3722.513,3704.4442,3737.8852,3704.1073,3732.4806,-9.9676,-0.2671,136446199.0,247861953.1967
000300.SH,2025-01-14,3820.5395,3728.5561,3826.6399,3718.8768,3722.513,98.0265,2.6333,170664657.0,345461480.0636
000300.SH,2025-01-15,3796.026,3810.0353,3816.8284,3790.1655,3820.5395,-24.5135,-0.6416,141475520.0,278850595.5317
000300.SH,2025-01-16,3800.3836,3812.1935,3842.947,3776.2861,3796.026,4.3576,0.1148,144505871.0,305734630.7713
000300.SH,2025-01-17,3812.3429,3788.3729,3831.6404,3780.2133,3800.3836,11.9593,0.3147,126621961.0,265437489.5936
000300.SH,2025-01-20,3829.6764,3835.3042,3858.6677,3821.9815,3812.3429,17.3335,0.4547,139581277.0,292175449.1086
000300.SH,2025-01-21,3832.6145,3850.3563,3850.9106,3817.1214,3829.6764,2.9381,0.0767,141218406.0,285073351.6934
000300.SH,2025-01-22,3797.0166,3823.9447,3823.9447,3783.1438,3832.6145,-35.5979,-0.9288,137255062.0,298745637.5514
000300.SH,2025-01-23,3803.7439,3829.0462,3864.2585,3801.8531,3797.0166,6.7273,0.1772,180569551.0,345198071.1139
000300.SH,2025-01-24,3832.8637,3793.8498,3847.6003,3793.4836,3803.7439,29.1198,0.7656,148971722.0,296474375.4691
000300.SH,2025-01-27,3817.0802,3836.9578,3851.9969,3817.0802,3832.8637,-15.7835,-0.4118,146670772.0,282940127.5406
000300.SH,2025-02-05,3795.0848,3844.6998,3844.6998,3785.162,3817.0802,-21.9954,-0.5762,157168308.0,346016202.0252
000300.SH,2025-02-06,3842.8314,3789.6086,3843.4942,3788.3196,3795.0848,47.7466,1.2581,167288176.0,371891971.1014
000300.SH,2025-02-07,3892.7028,3844.0574,3919.3499,3833.8685,3842.8314,49.8714,1.2978,221857707.0,487381557.0782
000300.SH,2025-02-10,3901.0618,3898.1023,3906.3678,3878.8314,3892.7028,8.359,0.2147,188903040.0,384968342.8743
000300.SH,2025-02-11,3883.1352,3905.1594,3905.1594,3872.9087,3901.0618,-17.9266,-0.4595,166574909.0,337866056.1159
000300.SH,2025-02-12,3919.8617,3875.9596,3920.7229,3867.3538,3883.1352,36.7265,0.9458,164228540.0,354830596.2979
000300.SH,2025-02-13,3905.1398,3913.9044,3939.1978,3904.9845,3919.8617,-14.7219,-0.3756,172485874.0,376473453.3066
000300.SH,2025-02-14,3939.0085,3900.8274,3942.0356,3900.8274,3905.1398,33.8687,0.8673,172976452.0,360974236.8544
000300.SH,2025-02-17,3947.3983,3954.4147,3955.8959,3921.7017,3939.0085,8.3898,0.213,213588246.0,430929575.5632
000300.SH,2025-02-18,3912.7829,3942.5761,3965.4232,3901.8675,3947.3983,-34.6154,-0.8769,209425101.0,400186229.9407
000300.SH,2025-02-19,3940.1602,3906.2201,3943.6742,3904.1455,3912.7829,27.3773,0.6997,182829517.0,363680372.5627
000300.SH,2025-02-20,3928.8959,3934.6503,3940.678,3916.1772,3940.1602,-11.2643,-0.2859,163895236.0,325972429.3626
000300.SH,2025-02-21,3978.444,3938.0518,3981.048,3927.7874,3928.8959,49.5481,1.2611,227400330.0,504645493.5771
000300.SH,2025-02-24,3969.7169,3972.4831,3995.9456,3949.2309,3978.444,-8.7271,-0.2194,220810618.0,455088749.6845
000300.SH,2025-02-25,3925.6505,3933.636,3955.4336,3915.6527,3969.7169,-44.0664,-1.1101,178108580.0,377981451.2504
000300.SH,2025-02-26,3959.9413,3931.842,3960.3298,3925.3664,3925.6505,34.2908,0.8735,191062501.0,386458193.7626
000300.SH,2025-02-27,3968.1159,3961.0635,3973.9323,3933.4611,3959.9413,8.1746,0.2064,202887963.0,428272792.6676
000300.SH,2025-02-28,3890.0487,3950.1866,3972.4813,3886.3994,3968.1159,-78.0672,-1.9674,198104147.0,420308043.4501
000300.SH,2025-03-03,3888.4738,3899.6962,3930.0048,3872.5872,3890.0487,-1.5749,-0.0405,177623166.0,356057735.014
000300.SH,2025-03-04,3885.2208,3865.9939,3890.4235,3855.7254,3888.4738,-3.253,-0.0837,149850967.0,297739246.8023
000300.SH,2025-03-05,3902.5706,3887.7992,3906.4214,3877.0188,3885.2208,17.3498,0.4466,158652751.0,290860484.5049
000300.SH,2025-03-06,3956.2369,3923.3827,3964.4942,3917.0833,3902.5706,53.6663,1.3752,193960915.0,397419427.6427
000300.SH,2025-03-07,3944.0143,3944.9145,3967.0743,3935.0464,3956.2369,-12.2226,-0.3089,166732375.0,340626700.2855
000300.SH,2025-03-10,3928.8018,3945.5795,3949.1448,3905.127,3944.0143,-15.2125,-0.3857,152765232.0,292574987.4809
000300.SH,2025-03-11,3941.4157,3890.4305,3941.4157,3889.4298,3928.8018,12.6139,0.3211,144754402.0,287480453.1198
000300.SH,2025-03-12,3927.2315,3946.8623,3953.6125,3921.4736,3941.4157,-14.1842,-0.3599,156732190.0,309627267.3648
000300.SH,2025-03-13,3911.5793,3925.7439,3939.2854,3897.3758,3927.2315,-15.6522,-0.3986,156536443.0,295173112.5796
000300.SH,2025-03-14,4006.5567,3919.6159,4014.1586,3919.6159,3911.5793,94.9774,2.4281,216139003.0,450895278.803
000300.SH,2025-03-17,3996.7876,4020.6402,4021.7278,3992.2563,4006.5567,-9.7691,-0.2438,162202911.0,318904417.4183
000300.SH,2025-03-18,4007.7229,4011.7794,4016.873,3995.9602,3996.7876,10.9353,0.2736,140208496.0,292739319.5446
000300.SH,2025-03-19,4010.168,4004.8251,4025.299,3989.512,4007.7229,2.4451,0.061,144419428.0,286075300.7953
000300.SH,2025-03-20,3974.9918,4011.0588,4012.0416,3969.9259,4010.168,-35.1762,-0.8772,133754670.0,260020676.8258
000300.SH,2025-03-21,3914.6956,3966.5146,3983.1476,3904.7674,3974.9918,-60.2962,-1.5169,165905294.0,309348613.9354
000300.SH,2025-03-24,3934.8486,3916.1136,3938.1826,3907.1999,3914.6956,20.153,0.5148,152234674.0,266051442.6127
000300.SH,2025-03-25,3932.2951,3937.8975,3946.3574,3921.5287,3934.8486,-2.5535,-0.0649,140475399.0,239246310.9858
000300.SH,2025-03-26,3919.3566,3930.2073,3942.026,3916.8607,3932.2951,-12.9385,-0.329,131164187.0,220943164.4862
000300.SH,2025-03-27,3932.4117,3911.3841,3952.9852,3903.652,3919.3566,13.0551,0.3331,126793738.0,232173613.774
000300.SH,2025-03-28,3915.1662,3930.7763,3934.2336,3907.384,3932.4117,-17.2455,-0.4385,126356214.0,213379194.2893
000300.SH,2025-03-31,3887.3056,3905.9815,3928.4482,3872.403,3915.1662,-27.8606,-0.7116,166798523.0,268480316.5723
000300.SH,2025-04-01,3887.6841,3892.7794,3905.2622,3882.4045,3887.3056,0.3785,0.0097,140380274.0,246041674.6702
000300.SH,2025-04-02,3884.3858,3884.4181,3900.4949,3877.1599,3887.6841,-3.2983,-0.0848,113043175.0,198267515.3424
000300.SH,2025-04-03,3861.5034,3843.4177,3883.7025,3843.4177,3884.3858,-22.8824,-0.5891,142599789.0,263684681.5451
000300.SH,2025-04-07,3589.4406,3675.2017,3707.7771,3514.1165,3861.5034,-272.0628,-7.0455,312578586.0,512971787.7446
000300.SH,2025-04-08,3650.759,3597.9859,3650.759,3583.8746,3589.4406,61.3184,1.7083,280197312.0,464021087.8375
000300.SH,2025-04-09,3686.7943,3606.1036,3686.7943,3587.3368,3650.759,36.0353,0.9871,262305708.0,455031069.2898
000300.SH,2025-04-10,3735.1151,3749.1262,3756.1386,3708.8194,3686.7943,48.3208,1.3106,227252227.0,403842564.8555
000300.SH,2025-04-11,3750.5167,3730.3148,3762.3653,3708.4617,3735.1151,15.4016,0.4123,168759691.0,318535141.9044
000300.SH,2025-04-14,3759.1422,3772.0407,3776.6344,3754.033,3750.5167,8.6255,0.23,164462403.0,292571297.0391
000300.SH,2025-04-15,3761.2348,3756.4788,3764.486,3737.8495,3759.1422,2.0926,0.0557,134006040.0,228604621.3758
000300.SH,2025-04-16,3772.8204,3757.8757,3775.1661,3721.6025,3761.2348,11.5856,0.308,156359006.0,261711094.7685
000300.SH,2025-04-17,3772.2221,3755.0862,3779.1253,3749.504,3772.8204,-0.5983,-0.0159,122371002.0,209012323.0662
000300.SH,2025-04-18,3772.523,3760.0425,3782.0443,3754.4072,3772.2221,0.3009,0.008,102948509.0,173109384.0972
000300.SH,2025-04-21,3784.8806,3768.1421,3790.1782,3763.1383,3772.523,12.3576,0.3276,121355730.0,208085677.3821
000300.SH,2025-04-22,3783.9522,3780.1122,3799.2295,3778.0791,3784.8806,-0.9284,-0.0245,125688257.0,210200698.7937
000300.SH,2025-04-23,3786.8824,3803.4295,3807.9536,3780.5183,3783.9522,2.9302,0.0774,131986870.0,247117386.1221
000300.SH,2025-04-24,3784.3574,3787.459,3807.2599,3775.207,3786.8824,-2.525,-0.0667,117164560.0,205483051.375
000300.SH,2025-04-25,3786.9937,3792.0838,3801.5765,3780.7772,3784.3574,2.6363,0.0697,124591133.0,220535052.6193
000300.SH,2025-04-28,3781.6188,3786.3867,3792.0082,3772.8029,3786.9937,-5.3749,-0.1419,125145091.0,210635318.5232
000300.SH,2025-04-29,3775.0767,3776.0025,3785.3157,3768.0311,3781.6188,-6.5421,-0.173,111514694.0,197462744.3625
000300.SH,2025-04-30,3770.5705,3775.8306,3787.5639,3768.7573,3775.0767,-4.5062,-0.1194,143681658.0,244820462.2176
000300.SH,2025-05-06,3808.5424,3794.3757,3809.0939,3782.777,3770.5705,37.9719,1.0071,158520459.0,267937090.7574
000300.SH,2025-05-07,3831.627,3861.5767,3863.6776,3814.9868,3808.5424,23.0846,0.6061,161172299.0,286010735.4534
000300.SH,2025-05-08,3852.8963,3820.5481,3867.3313,3816.2642,3831.627,21.2693,0.5551,124959833.0,246987280.5877
000300.SH,2025-05-09,3846.1566,3848.6187,3853.6632,3836.5349,3852.8963,-6.7397,-0.1749,119389526.0,216697939.6717
000300.SH,2025-05-12,3890.6096,3866.5305,3890.7342,3859.0346,3846.1566,44.453,1.1558,153332460.0,296122947.8078
000300.SH,2025-05-13,3896.2583,3915.5924,3915.5924,3890.6855,3890.6096,5.6487,0.1452,147320299.0,267586397.7199
000300.SH,2025-05-14,3943.2108,3894.8386,3960.5228,3890.6504,3896.2583,46.9525,1.2051,172033779.0,319465226.8505
000300.SH,2025-05-15,3907.1992,3934.0273,3936.4653,3904.9068,3943.2108,-36.0116,-0.9133,138081749.0,241464943.5536
000300.SH,2025-05-16,3889.0854,3898.6662,3903.8528,3874.8619,3907.1992,-18.1138,-0.4636,118405345.0,208835664.0392
000300.SH,2025-05-19,3877.1453,3882.5677,3885.5889,3866.5695,3889.0854,-11.9401,-0.307,98643414.0,184888170.5538
000300.SH,2025-05-20,3898.1705,3883.1024,3911.4737,3881.7436,3877.1453,21.0252,0.5423,104885234.0,201636702.5218
000300.SH,2025-05-21,3916.3807,3899.4365,3928.6339,3899.4365,3898.1705,18.2102,0.4671,109791343.0,217037739.435
000300.SH,2025-05-22,3913.8651,3912.6007,3923.0195,3903.0898,3916.3807,-2.5156,-0.0642,107597052.0,197511410.2708
000300.SH,2025-05-23,3882.2741,3910.3739,3931.5514,3882.2741,3913.8651,-31.591,-0.8072,120277419.0,232945378.2948
000300.SH,2025-05-26,3860.1067,3875.7891,3884.537,3849.0384,3882.2741,-22.1674,-0.571,109601207.0,208876792.1489
000300.SH,2025-05-27,3839.3969,3857.6271,3865.4291,3834.8455,3860.1067,-20.7098,-0.5365,98572425.0,178466763.5409
000300.SH,2025-05-28,3836.2366,3843.0747,3849.736,3833.9582,3839.3969,-3.1603,-0.0823,89031026.0,162496372.7275
000300.SH,2025-05-29,3858.6998,3838.0092,3869.7909,3831.4577,3836.2366,22.4632,0.5856,108471886.0,209459602.5012
000300.SH,2025-05-30,3840.2323,3850.493,3858.6128,3829.2542,3858.6998,-18.4675,-0.4786,111672228.0,199389751.0711
000300.SH,2025-06-03,3852.0127,3833.4584,3863.2952,3832.7202,3840.2323,11.7804,0.3068,131403090.0,226782772.0627
000300.SH,2025-06-04,3868.7429,3855.4878,3875.8569,3855.4878,3852.0127,16.7302,0.4343,116803873.0,211736178.1541
000300.SH,2025-06-05,3877.5557,3872.6373,3883.1345,3861.272,3868.7429,8.8128,0.2278,122878184.0,231749275.3346
000300.SH,2025-06-06,3873.9841,3878.1027,3889.4557,3869.3871,3877.5557,-3.5716,-0.0921,110987971.0,202034736.3109
000300.SH,2025-06-09,3885.2459,3877.7977,3894.6517,3871.9917,3873.9841,11.2618,0.2907,136306293.0,262023668.4655
000300.SH,2025-06-10,3865.4652,3887.5512,3897.4573,3850.4663,3885.2459,-19.7807,-0.5091,145563859.0,263647551.7948
000300.SH,2025-06-11,3894.6252,3870.6719,3911.6107,3870.6719,3865.4652,29.16,0.7544,142414772.0,257217704.4054
000300.SH,2025-06-12,3892.1992,3885.5196,3900.0408,3870.3838,3894.6252,-2.426,-0.0623,133998697.0,260239581.458
000300.SH,2025-06-13,3864.1822,3881.4923,3889.1602,3853.8186,3892.1992,-28.017,-0.7198,172539536.0,309172346.1799
000300.SH,2025-06-16,3873.7951,3853.6193,3876.1704,3853.6193,3864.1822,9.6129,0.2488,137341835.0,246860982.8633
000300.SH,2025-06-17,3870.3786,3875.1768,3880.4156,3860.409,3873.7951,-3.4165,-0.0882,122342526.0,220399818.9485
000300.SH,2025-06-18,3874.9708,3871.6502,3881.346,3854.6575,3870.3786,4.5922,0.1186,127528621.0,230553858.2636
000300.SH,2025-06-19,3843.0912,3870.049,3872.9425,3834.9512,3874.9708,-31.8796,-0.8227,130280658.0,234840180.8055
000300.SH,2025-06-20,3846.6443,3839.7833,3856.4799,3839.7833,3843.0912,3.5531,0.0925,118151020.0,213522822.8745
000300.SH,2025-06-23,3857.9016,3831.1703,3867.5896,3827.0829,3846.6443,11.2573,0.2927,133800892.0,232482215.8504
000300.SH,2025-06-24,3904.0342,3862.3876,3914.1579,3862.3876,3857.9016,46.1326,1.1958,163656188.0,294228720.6125
000300.SH,2025-06-25,3960.0662,3907.0682,3963.0371,3902.1771,3904.0342,56.032,1.4352,187213671.0,361727254.624
000300.SH,2025-06-26,3946.0195,3953.1603,3964.482,3945.2589,3960.0662,-14.0467,-0.3547,165316263.0,328102847.4956
000300.SH,2025-06-27,3921.7578,3949.7879,3969.2626,3918.2041,3946.0195,-24.2617,-0.6148,194557913.0,343468229.8138
000300.SH,2025-06-30,3936.0791,3920.3149,3940.3611,3911.6044,3921.7578,14.3213,0.3652,145170236.0,288821434.9214
000300.SH,2025-07-01,3942.762,3935.9078,3946.2451,3924.7219,3936.0791,6.6829,0.1698,128959362.0,236070338.3994
000300.SH,2025-07-02,3943.6849,3943.3232,3952.1378,3929.6956,3942.762,0.9229,0.0234,147063062.0,246637847.4538
000300.SH,2025-07-03,3968.0676,3949.3998,3971.616,3945.138,3943.6849,24.3827,0.6183,141004006.0,269609569.5387
000300.SH,2025-07-04,3982.2034,3967.4637,4013.8478,3958.3762,3968.0676,14.1358,0.3562,157197133.0,290512992.198
000300.SH,2025-07-07,3965.1746,3977.2881,3979.7481,3956.5663,3982.2034,-17.0288,-0.4276,131135273.0,225106992.8759
000300.SH,2025-07-08,3998.4527,3965.426,4002.269,3965.426,3965.1746,33.2781,0.8393,156402895.0,292089834.2238
000300.SH,2025-07-09,3991.4006,3997.5044,4016.7434,3987.4267,3998.4527,-7.0521,-0.1764,173293796.0,305398796.5627
000300.SH,2025-07-10,4010.0243,3993.4196,4032.9829,3992.5242,3991.4006,18.6237,0.4666,209778904.0,347836703.6263
000300.SH,2025-07-11,4014.807,4011.4652,4065.9419,4010.1052,4010.0243,4.7827,0.1193,262052773.0,443780794.8804
000300.SH,2025-07-14,4017.6678,4021.2135,4034.9198,4017.6678,4014.807,2.8608,0.0713,207917175.0,321415945.1571
000300.SH,2025-07-15,4019.0644,4023.9896,4042.6574,3994.2628,4017.6678,1.3966,0.0348,191042931.0,353524574.4409
000300.SH,2025-07-16,4007.2019,4019.3925,4027.8567,3993.9209,4019.0644,-11.8625,-0.2952,151027308.0,300656795.6646
000300.SH,2025-07-17,4034.491,4005.067,4034.5935,4005.067,4007.2019,27.2891,0.681,161249041.0,325516865.7227
000300.SH,2025-07-18,4058.5486,4039.8712,4064.6378,4039.3181,4034.491,24.0576,0.5963,186211063.0,354244444.6297
000300.SH,2025-07-21,4085.6072,4069.7685,4086.1171,4063.4427,4058.5486,27.0586,0.6667,223268476.0,377938564.8776
000300.SH,2025-07-22,4118.9582,4087.3354,4119.2021,4068.3383,4085.6072,33.351,0.8163,257596985.0,450874014.4794
000300.SH,2025-07-23,4119.7685,4129.1476,4155.6783,4113.9085,4118.9582,0.8103,0.0197,300506154.0,470330899.4208
000300.SH,2025-07-24,4149.0368,4116.8312,4152.4265,4111.8849,4119.7685,29.2683,0.7104,319632392.0,487000043.8841
000300.SH,2025-07-25,4127.1634,4145.3195,4150.4994,4117.8005,4149.0368,-21.8734,-0.5272,273594963.0,430445513.4709
000300.SH,2025-07-28,4135.8242,4128.1993,4146.12,4112.9677,4127.1634,8.6608,0.2098,222759815.0,406792873.9733
000300.SH,2025-07-29,4152.0247,4132.6833,4153.3307,4117.5772,4135.8242,16.2005,0.3917,230807880.0,428764310.9738
000300.SH,2025-07-30,4151.2379,4148.9405,4185.2064,4127.4301,4152.0247,-0.7868,-0.0189,249853048.0,445168467.668
000300.SH,2025-07-31,4075.5912,4141.5612,4141.8243,4063.6662,4151.2379,-75.6467,-1.8223,267087406.0,492142571.7388
000300.SH,2025-08-01,4054.9286,4069.9254,4085.3543,4040.462,4075.5912,-20.6626,-0.507,196221826.0,359685164.1634
000300.SH,2025-08-04,4070.7023,4037.9378,4070.7023,4037.9378,4054.9286,15.7737,0.389,162275902.0,295976826.6324
000300.SH,2025-08-05,4103.45,4080.3877,4106.2969,4075.5836,4070.7023,32.7477,0.8045,178851999.0,306934255.7656
000300.SH,2025-08-06,4113.4852,4100.4283,4116.7085,4098.3544,4103.45,10.0352,0.2446,176676155.0,307674626.1248
000300.SH,2025-08-07,4114.666,4120.2822,4129.7382,4094.8214,4113.4852,1.1808,0.0287,198641902.0,358108366.9837
000300.SH,2025-08-08,4104.9669,4109.2734,4122.2104,4097.4157,4114.666,-9.6991,-0.2357,173171201.0,308507687.6347
000300.SH,2025-08-11,4122.5106,4110.2939,4134.2462,4103.605,4104.9669,17.5437,0.4274,190443716.0,360685826.235
000300.SH,2025-08-12,4143.8252,4123.5762,4153.2948,4121.2243,4122.5106,21.3146,0.517,177287823.0,383088423.33
000300.SH,2025-08-13,4176.5776,4150.5037,4186.748,4147.1991,4143.8252,32.7524,0.7904,213934999.0,462776745.4653
000300.SH,2025-08-14,4173.3131,4179.965,4220.3109,4165.9376,4176.5776,-3.2645,-0.0782,221103595.0,485075642.622
000300.SH,2025-08-15,4202.3533,4162.4205,4214.7291,4157.495,4173.3131,29.0402,0.6959,261327566.0,518686873.5008
000300.SH,2025-08-18,4239.4125,4218.2471,4272.9602,4203.4191,4202.3533,37.0592,0.8819,301479102.0,635365867.1845
000300.SH,2025-08-19,4223.3741,4241.7651,4264.2303,4215.2075,4239.4125,-16.0384,-0.3783,250818771.0,553536203.2596
000300.SH,2025-08-20,4271.3958,4208.4005,4272.1463,4190.5559,4223.3741,48.0217,1.137,246481773.0,538815306.1469
000300.SH,2025-08-21,4288.0707,4284.3712,4308.4472,4273.6523,4271.3958,16.6749,0.3904,259030014.0,558521268.9674
000300.SH,2025-08-22,4377.9977,4287.3633,4378.3881,4287.3633,4288.0707,89.927,2.0971,290434897.0,675935075.4089
000300.SH,2025-08-25,4469.2217,4416.2924,4472.6525,4404.7761,4377.9977,91.224,2.0837,358090006.0,823681964.4727
000300.SH,2025-08-26,4452.5905,4453.3526,4476.803,4435.5275,4469.2217,-16.6312,-0.3721,270621395.0,627950450.2292
000300.SH,2025-08-27,4386.1266,4458.8399,4494.9126,4386.1266,4452.5905,-66.4639,-1.4927,333133898.0,785098482.9735
000300.SH,2025-08-28,4463.782,4378.0351,4464.8028,4364.171,4386.1266,77.6554,1.7705,296834536.0,739423602.2214
000300.SH,2025-08-29,4496.7591,4455.8034,4516.8395,4452.3632,4463.782,32.9771,0.7388,351938947.0,831194066.1579
000300.SH,2025-09-01,4523.7111,4516.8787,4528.1342,4487.5304,4496.7591,26.952,0.5994,320366708.0,770378288.1269
000300.SH,2025-09-02,4490.4528,4521.9828,4548.8937,4454.4169,4523.7111,-33.2583,-0.7352,303932566.0,777999297.9641
000300.SH,2025-09-03,4459.8296,4501.3388,4510.7303,4427.5176,4490.4528,-30.6232,-0.682,254320217.0,655697116.7091
000300.SH,2025-09-04,4365.2085,4461.2503,4465.4967,4327.5068,4459.8296,-94.6211,-2.1216,307934609.0,773124596.9981
000300.SH,2025-09-05,4460.3249,4365.6083,4466.5603,4350.2974,4365.2085,95.1164,2.179,249625657.0,664166970.9465
000300.SH,2025-09-08,4467.5733,4467.1693,4482.763,4438.0698,4460.3249,7.2484,0.1625,267638382.0,683630879.7691
000300.SH,2025-09-09,4436.2584,4448.739,4472.093,4412.6914,4467.5733,-31.3149,-0.7009,221375460.0,562861103.9584
000300.SH,2025-09-10,4445.3649,4438.2998,4466.6325,4414.5937,4436.2584,9.1065,0.2053,203597646.0,535539349.4891
000300.SH,2025-09-11,4548.0345,4438.839,4548.0345,4427.9242,4445.3649,102.6696,2.3096,253264051.0,693156671.3977
000300.SH,2025-09-12,4521.998,4544.5905,4564.6665,4517.7897,4548.0345,-26.0365,-0.5725,266442003.0,689576075.6914
000300.SH,2025-09-15,4533.0557,4534.8866,4566.9053,4522.4958,4521.998,11.0577,0.2445,231885678.0,613314652.4191
000300.SH,2025-09-16,4523.3367,4539.9217,4552.419,4494.7875,4533.0557,-9.719,-0.2144,249269206.0,613728334.8059
000300.SH,2025-09-17,4551.023,4517.2855,4556.0296,4503.7959,4523.3367,27.6863,0.6121,235716472.0,608454200.5211
000300.SH,2025-09-18,4498.109,4546.0319,4573.8331,4454.9886,4551.023,-52.914,-1.1627,309859826.0,839987127.411
000300.SH,2025-09-19,4501.9195,4499.0906,4533.0919,4491.8437,4498.109,3.8105,0.0847,225044000.0,603887059.8171
000300.SH,2025-09-22,4522.608,4512.0251,4523.8695,4487.1299,4501.9195,20.6885,0.4595,196459956.0,563149164.266
000300.SH,2025-09-23,4519.7781,4536.7569,4560.7319,4459.7281,4522.608,-2.8299,-0.0626,252827062.0,680513630.6958
000300.SH,2025-09-24,4566.0708,4495.2659,4567.4948,4494.1133,4519.7781,46.2927,1.0242,220482608.0,629161495.4841
000300.SH,2025-09-25,4593.4875,4563.9827,4613.9486,4558.8424,4566.0708,27.4167,0.6004,229823333.0,669866986.6186
000300.SH,2025-09-26,4550.0487,4576.9142,4597.8472,4550.0487,4593.4875,-43.4388,-0.9457,208482114.0,598723903.1739
000300.SH,2025-09-29,4620.0528,4555.0342,4647.5691,4541.4252,4550.0487,70.0041,1.5385,274358877.0,693395231.2412
000300.SH,2025-09-30,4640.6935,4629.8987,4647.5031,4616.2243,4620.0528,20.6407,0.4468,247980359.0,664624101.862
000300.SH,2025-10-09,4709.482,4662.1133,4726.3449,4651.9895,4640.6935,68.7885,1.4823,347678696.0,862208005.9084
000300.SH,2025-10-10,4616.8341,4679.4983,4692.5858,4600.9646,4709.482,-92.6479,-1.9673,319020899.0,792743047.2505
000300.SH,2025-10-13,4593.9785,4490.8661,4601.8072,4490.8661,4616.8341,-22.8556,-0.495,315010354.0,714001634.3953
000300.SH,2025-10-14,4539.0644,4634.0543,4641.4492,4520.9258,4593.9785,-54.9141,-1.1953,372954030.0,808959003.2014
000300.SH,2025-10-15,4606.2879,4544.2431,4608.8239,4526.834,4539.0644,67.2235,1.481,284771855.0,607326345.3256
000300.SH,2025-10-16,4618.4218,4588.9206,4645.0959,4586.2801,4606.2879,12.1339,0.2634,248235518.0,560567191.7414
000300.SH,2025-10-17,4514.2345,4610.6967,4618.5621,4509.3289,4618.4218,-104.1873,-2.2559,256905617.0,559085965.2187
000300.SH,2025-10-20,4538.2201,4558.2421,4570.4376,4520.5024,4514.2345,23.9856,0.5313,218420405.0,505798833.7032
000300.SH,2025-10-21,4607.8715,4556.1224,4615.463,4547.9283,4538.2201,69.6514,1.5348,215711175.0,551390253.2159
000300.SH,2025-10-22,4592.57,4576.0277,4603.4884,4567.2361,4607.8715,-15.3015,-0.3321,185333960.0,440935302.7474
000300.SH,2025-10-23,4606.3447,4578.7018,4611.3409,4541.6944,4592.57,13.7747,0.2999,200463917.0,420800208.7756
000300.SH,2025-10-24,4660.6835,4622.7873,4660.6835,4622.7873,4606.3447,54.3388,1.1797,208814483.0,551986648.5605
000300.SH,2025-10-27,4716.0186,4699.3819,4720.4288,4687.6876,4660.6835,55.3351,1.1873,262200674.0,672670372.5227
000300.SH,2025-10-28,4691.973,4697.7277,4734.3218,4679.2288,4716.0186,-24.0456,-0.5099,220906645.0,571563257.0955
000300.SH,2025-10-29,4747.8378,4701.0362,4747.8378,4697.268,4691.973,55.8648,1.1906,246211324.0,645898688.7652
000300.SH,2025-10-30,4709.911,4735.9807,4761.8339,4706.452,4747.8378,-37.9268,-0.7988,273289118.0,719956285.438
000300.SH,2025-10-31,4640.6676,4702.4946,4706.1395,4640.6676,4709.911,-69.2434,-1.4702,281464740.0,680712251.4927
000300.SH,2025-11-03,4653.4028,4636.7323,4653.4028,4595.7339,4640.6676,12.7352,0.2744,239869809.0,557602941.0959
000300.SH,2025-11-04,4618.699,4649.3481,4665.323,4595.066,4653.4028,-34.7038,-0.7458,233224032.0,505177700.9766
000300.SH,2025-11-05,4627.257,4562.1117,4642.6101,4558.7647,4618.699,8.558,0.1853,203045871.0,468361161.3887
000300.SH,2025-11-06,4693.4032,4642.0112,4698.0935,4642.0112,4627.257,66.1462,1.4295,224241008.0,553641780.9212
000300.SH,2025-11-07,4678.7944,4673.7616,4701.3743,4666.0405,4693.4032,-14.6088,-0.3113,212497377.0,507573849.5002
000300.SH,2025-11-10,4695.0507,4688.124,4695.1794,4654.2103,4678.7944,16.2563,0.3474,236026764.0,593977127.605
000300.SH,2025-11-11,4652.1655,4706.3374,4707.1275,4648.4896,4695.0507,-42.8852,-0.9134,186638858.0,477629076.357
000300.SH,2025-11-12,4645.9079,4643.5592,4669.6073,4620.9897,4652.1655,-6.2576,-0.1345,209460592.0,492308866.4087
000300.SH,2025-11-13,4702.0738,4643.7862,4703.4897,4643.7862,4645.9079,56.1659,1.2089,207367474.0,510060678.2104
000300.SH,2025-11-14,4628.1398,4663.3175,4684.2578,4628.0242,4702.0738,-73.934,-1.5724,192092676.0,444720433.5785
000300.SH,2025-11-17,4598.0525,4616.8058,4624.8976,4580.2613,4628.1398,-30.0873,-0.6501,188955466.0,438940097.5278
000300.SH,2025-11-18,4568.1928,4584.7896,4606.6167,4552.8038,4598.0525,-29.8597,-0.6494,177713185.0,420150126.547
000300.SH,2025-11-19,4588.2922,4568.0365,4607.8627,4568.0365,4568.1928,20.0994,0.44,172924974.0,385230481.9698
000300.SH,2025-11-20,4564.9483,4619.5401,4620.6529,4560.1814,4588.2922,-23.3439,-0.5088,194562593.0,415064817.7298
000300.SH,2025-11-21,4453.6076,4513.3858,4527.0436,4453.1819,4564.9483,-111.3407,-2.439,222851013.0,481295814.4626
000300.SH,2025-11-24,4448.0478,4473.1563,4478.8081,4421.8123,4453.6076,-5.5598,-0.1248,185833729.0,425807469.4999
000300.SH,2025-11-25,4490.4047,4475.8359,4510.7729,4467.3529,4448.0478,42.3569,0.9523,169571929.0,411523796.9624
000300.SH,2025-11-26,4517.6255,4490.2021,4538.1361,4485.6984,4490.4047,27.2208,0.6062,156200368.0,427361377.7384
000300.SH,2025-11-27,4515.4027,4520.014,4559.2183,4509.8635,4517.6255,-2.2228,-0.0492,150311772.0,417789843.5677
000300.SH,2025-11-28,4526.6616,4511.4972,4531.7219,4492.4256,4515.4027,11.2589,0.2493,142902096.0,341832317.9794
000300.SH,2025-12-01,4576.4856,4539.1877,4576.9654,4531.2917,4526.6616,49.824,1.1007,200382317.0,463861587.2514
000300.SH,2025-12-02,4554.3347,4571.9098,4575.4945,4539.4312,4576.4856,-22.1509,-0.484,148493132.0,364366426.4778
000300.SH,2025-12-03,4531.0486,4554.5894,4569.821,4523.5017,4554.3347,-23.2861,-0.5113,169762790.0,374486168.9029
000300.SH,2025-12-04,4546.5664,4533.6004,4557.4228,4514.1878,4531.0486,15.5178,0.3425,147198110.0,348767399.2117
000300.SH,2025-12-05,4584.5368,4547.9056,4593.8279,4535.0195,4546.5664,37.9704,0.8351,196799968.0,412146806.5383
000300.SH,2025-12-08,4621.7545,4593.1399,4640.6256,4592.7414,4584.5368,37.2177,0.8118,199620990.0,496716196.1122
000300.SH,2025-12-09,4598.2232,4611.379,4628.7049,4584.254,4621.7545,-23.5313,-0.5091,184160344.0,452113884.581
000300.SH,2025-12-10,4591.8273,4586.254,4598.5366,4549.0798,4598.2232,-6.3959,-0.1391,169111106.0,401452781.4976
000300.SH,2025-12-11,4552.1848,4597.1901,4610.2787,4547.1372,4591.8273,-39.6425,-0.8633,168419405.0,432431093.5097
000300.SH,2025-12-12,4580.95,4558.7375,4583.6753,4530.7841,4552.1848,28.7652,0.6319,212826520.0,523863221.6519
000300.SH,2025-12-15,4552.0596,4550.0028,4595.0463,4548.4382,4580.95,-28.8904,-0.6307,167589967.0,424383389.7923
000300.SH,2025-12-16,4497.5545,4542.4226,4553.0806,4484.27,4552.0596,-54.5051,-1.1974,165165201.0,390500134.3027
000300.SH,2025-12-17,4579.875,4499.7729,4594.6556,4498.9304,4497.5545,82.3205,1.8303,178424830.0,452504741.1141
000300.SH,2025-12-18,4552.7926,4553.9788,4571.9683,4544.1416,4579.875,-27.0824,-0.5913,151681328.0,382102395.6846
000300.SH,2025-12-19,4568.1781,4561.3729,4591.0931,4546.8465,4552.7926,15.3855,0.3379,154876220.0,371577144.2811
000300.SH,2025-12-22,4611.6235,4587.6683,4615.8721,4587.6683,4568.1781,43.4454,0.951,165252856.0,448240599.5139
000300.SH,2025-12-23,4620.7341,4616.026,4644.5347,4607.7992,4611.6235,9.1106,0.1976,169256412.0,433141326.0055
000300.SH,2025-12-24,4634.0586,4623.6831,4639.4278,4602.1444,4620.7341,13.3245,0.2884,153711241.0,406375640.6621
000300.SH,2025-12-25,4642.5357,4629.3195,4651.1535,4621.9208,4634.0586,8.4771,0.1829,139434186.0,385356060.8324
000300.SH,2025-12-26,4657.24,4639.7895,4676.131,4635.1052,4642.5357,14.7043,0.3167,175396565.0,460426934.2675
000300.SH,2025-12-29,4639.3721,4658.2654,4672.0352,4629.0567,4657.24,-17.8679,-0.3837,200397133.0,482613536.4665
000300.SH,2025-12-30,4651.2818,4617.3163,4664.3305,4616.6323,4639.3721,11.9097,0.2567,180374974.0,457185489.0368
000300.SH,2025-12-31,4629.9395,4656.48,4667.0467,4622.0988,4651.2818,-21.3423,-0.4588,170760224.0,444491545.749
000300.SH,2026-01-05,4717.7457,4661.616,4721.6378,4661.616,4629.9395,87.8062,1.8965,234144839.0,630577351.3114
000300.SH,2026-01-06,4790.6938,4719.2088,4790.6938,4718.0099,4717.7457,72.9481,1.5462,296970686.0,725414566.8729
000300.SH,2026-01-07,4776.6658,4796.9335,4802.6028,4751.0713,4790.6938,-14.028,-0.2928,259095564.0,664897929.3607
000300.SH,2026-01-08,4737.6536,4761.0105,4765.4863,4717.0091,4776.6658,-39.0122,-0.8167,238804957.0,630655637.9616
000300.SH,2026-01-09,4758.9221,4725.9571,4771.4276,4719.134,4737.6536,21.2685,0.4489,254688038.0,668788811.1269
000300.SH,2026-01-12,4789.9155,4769.6501,4795.9327,4737.5702,4758.9221,30.9934,0.6513,294833165.0,799954082.3881
000300.SH,2026-01-13,4761.0324,4798.0488,4836.9549,4745.5154,4789.9155,-28.8831,-0.603,301449497.0,801054979.6398
000300.SH,2026-01-14,4741.9306,4767.6956,4818.1008,4720.246,4761.0324,-19.1018,-0.4012,364951023.0,891334219.1743
000300.SH,2026-01-15,4751.4293,4721.7966,4769.5478,4720.9368,4741.9306,9.4987,0.2003,254003636.0,674058683.6396
000300.SH,2026-01-16,4731.8728,4778.4302,4792.5514,4715.3646,4751.4293,-19.5565,-0.4116,325278929.0,785624166.0963
000300.SH,2026-01-19,4734.4556,4720.1945,4761.6317,4715.0867,4731.8728,2.5828,0.0546,267612492.0,655149256.2357
000300.SH,2026-01-20,4718.8782,4736.9096,4748.2297,4684.9684,4734.4556,-15.5774,-0.329,282719579.0,671960685.3914
000300.SH,2026-01-21,4723.0692,4714.5541,4758.2793,4714.2366,4718.8782,4.191,0.0888,266353332.0,665330511.2373
000300.SH,2026-01-22,4723.7091,4741.7548,4757.7637,4700.4482,4723.0692,0.6399,0.0135,274199932.0,690235248.1605
000300.SH,2026-01-23,4702.4966,4729.585,4734.7942,4684.6172,4723.7091,-21.2125,-0.4491,314635445.0,755617735.5283
000300.SH,2026-01-26,4706.964,4715.3753,4754.1777,4693.1577,4702.4966,4.4674,0.095,363004481.0,796832970.3152
000300.SH,2026-01-27,4705.6918,4705.1744,4736.9857,4675.6409,4706.964,-1.2722,-0.027,301475697.0,715267914.8403
000300.SH,2026-01-28,4717.9914,4725.6014,4739.6257,4697.9063,4705.6918,12.2996,0.2614,382255602.0,829414067.0554
000300.SH,2026-01-29,4753.8697,4733.0879,4770.9599,4696.0536,4717.9914,35.8783,0.7605,415513055.0,917966160.3393
000300.SH,2026-01-30,4706.3401,4723.081,4738.8711,4645.4706,4753.8697,-47.5296,-0.9998,319786531.0,750564885.1954
000300.SH,2026-02-02,4605.9799,4674.2759,4716.6069,4601.7603,4706.3401,-100.3602,-2.1324,304773500.0,725920381.252
000300.SH,2026-02-03,4660.1074,4648.3574,4662.1264,4578.2087,4605.9799,54.1275,1.1752,265549405.0,666626842.8107
000300.SH,2026-02-04,4698.6832,4647.9671,4701.4768,4641.8424,4660.1074,38.5758,0.8278,264881032.0,636018589.8627
000300.SH,2026-02-05,4670.4188,4664.7478,4687.0213,4639.43,4698.6832,-28.2644,-0.6015,237856351.0,550433167.1971
000300.SH,2026-02-06,4643.5959,4622.9747,4678.2618,4606.6379,4670.4188,-26.8229,-0.5743,202716477.0,505759806.2378
000300.SH,2026-02-09,4719.0559,4693.6715,4719.9642,4679.9037,4643.5959,75.46,1.625,207251938.0,522757267.1994
000300.SH,2026-02-10,4724.2956,4718.2552,4732.0871,4713.8684,4719.0559,5.2397,0.111,187000958.0,450339578.9784
000300.SH,2026-02-11,4713.8185,4715.6697,4723.7043,4703.6873,4724.2956,-10.4771,-0.2218,173391681.0,433428613.402
000300.SH,2026-02-12,4719.578,4720.0085,4726.0426,4707.7359,4713.8185,5.7595,0.1222,197841439.0,490473852.2751
000300.SH,2026-02-13,4660.4056,4693.4106,4703.6332,4658.4038,4719.578,-59.1724,-1.2538,189167756.0,452878594.0688
000300.SH,2026-02-24,4707.544,4727.2961,4727.373,4698.3488,4660.4056,47.1384,1.0115,218488890.0,526084235.584
000300.SH,2026-02-25,4735.8858,4713.5754,4766.5587,4713.3438,4707.544,28.3418,0.6021,284268354.0,596903872.6167
000300.SH,2026-02-26,4726.8739,4741.3896,4742.1476,4706.6943,4735.8858,-9.0119,-0.1903,234847644.0,599848915.4049
000300.SH,2026-02-27,4710.6469,4698.3,4721.0141,4692.891,4726.8739,-16.227,-0.3433,261420865.0,578820992.5103
000300.SH,2026-03-02,4728.6688,4681.0141,4735.4055,4667.2752,4710.6469,18.0219,0.3826,349260752.0,752681937.7704
000300.SH,2026-03-03,4655.8962,4737.3164,4744.5987,4651.4047,4728.6688,-72.7726,-1.539,370624272.0,801659243.77
000300.SH,2026-03-04,4602.6247,4609.1918,4639.4204,4575.8249,4655.8962,-53.2715,-1.1442,303035666.0,608923128.5903
000300.SH,2026-03-05,4647.6921,4651.9415,4671.5268,4630.3024,4602.6247,45.0674,0.9792,259317825.0,570443777.0846
000300.SH,2026-03-06,4660.439,4621.4939,4671.7126,4612.7943,4647.6921,12.7469,0.2743,238527926.0,487807080.1569
000300.SH,2026-03-09,4615.4551,4600.2535,4625.9814,4548.969,4660.439,-44.9839,-0.9652,322787617.0,665821508.0053
000300.SH,2026-03-10,4674.7562,4648.7851,4677.5958,4648.7851,4615.4551,59.3011,1.2848,263903748.0,557607876.1486
000300.SH,2026-03-11,4704.4959,4681.0316,4711.8671,4674.7088,4674.7562,29.7397,0.6362,270175443.0,579564397.5803
000300.SH,2026-03-12,4687.5601,4700.7205,4704.3791,4654.3147,4704.4959,-16.9358,-0.36,302986816.0,572105482.4638
000300.SH,2026-03-13,4669.14,4669.0619,4707.4194,4659.4979,4687.5601,-18.4201,-0.393,310772009.0,580305608.1978
000300.SH,2026-03-16,4671.5591,4669.2241,4673.6929,4621.8118,4669.14,2.4191,0.0518,296215070.0,598799098.3564
000300.SH,2026-03-17,4637.4392,4685.5697,4720.8608,4637.368,4671.5591,-34.1199,-0.7304,263021913.0,578501505.8076
000300.SH,2026-03-18,4658.3324,4648.7517,4662.2936,4604.5163,4637.4392,20.8932,0.4505,234690705.0,524173911.454
000300.SH,2026-03-19,4583.2511,4611.4399,4634.5468,4570.392,4658.3324,-75.0813,-1.6118,254130449.0,547850295.7892
000300.SH,2026-03-20,4567.0179,4602.8205,4628.7118,4563.0687,4583.2511,-16.2332,-0.3542,257873703.0,615463088.5578
000300.SH,2026-03-23,4417.9971,4499.1004,4514.7182,4397.5661,4567.0179,-149.0208,-3.263,328081945.0,671719761.0609
000300.SH,2026-03-24,4474.7224,4458.9074,4474.825,4394.2943,4417.9971,56.7253,1.284,255532517.0,530149390.3142
000300.SH,2026-03-25,4537.4656,4506.6247,4542.1806,4502.0265,4474.7224,62.7432,1.4022,262639279.0,550428161.1883
000300.SH,2026-03-26,4477.5343,4525.3291,4541.0502,4468.9571,4537.4656,-59.9313,-1.3208,213736788.0,471127498.4143
000300.SH,2026-03-27,4502.5698,4431.5034,4519.8903,4431.4205,4477.5343,25.0355,0.5591,192400388.0,440517561.6171
000300.SH,2026-03-30,4491.95,4461.7367,4496.4109,4447.1373,4502.5698,-10.6198,-0.2359,209293092.0,444629519.7112
000300.SH,2026-03-31,4450.0493,4491.9209,4523.1745,4450.0493,4491.95,-41.9007,-0.9328,224541585.0,484558113.0112
000300.SH,2026-04-01,4526.0668,4517.2717,4532.1093,4492.0544,4450.0493,76.0175,1.7082,216483196.0,503744056.996
000300.SH,2026-04-02,4478.9141,4514.4416,4519.6931,4459.6095,4526.0668,-47.1527,-1.0418,190992161.0,429949131.6999
000300.SH,2026-04-03,4440.7889,4492.8461,4494.4571,4437.5952,4478.9141,-38.1252,-0.8512,168321705.0,373234910.1577
000300.SH,2026-04-07,4440.6162,4445.8613,4458.9264,4420.6939,4440.7889,-0.1727,-0.0039,162638787.0,378261695.0148
000300.SH,2026-04-08,4595.556,4517.3403,4595.556,4513.7705,4440.6162,154.9398,3.4892,253339213.0,641779180.9695
000300.SH,2026-04-09,4566.2237,4562.6696,4579.197,4552.4244,4595.556,-29.3323,-0.6383,184939783.0,500445676.6607
000300.SH,2026-04-10,4636.5655,4594.9467,4655.0988,4590.1089,4566.2237,70.3418,1.5405,208678605.0,625717995.6482
000300.SH,2026-04-13,4646.1546,4615.133,4653.3983,4615.133,4636.5655,9.5891,0.2068,196712277.0,556620945.2403
000300.SH,2026-04-14,4701.2837,4676.1235,4701.2837,4654.8526,4646.1546,55.1291,1.1866,204700332.0,605717793.5853
000300.SH,2026-04-15,4685.2464,4726.6381,4731.2729,4672.556,4701.2837,-16.0373,-0.3411,201688500.0,604550556.7983
000300.SH,2026-04-16,4736.6077,4694.4309,4739.2208,4689.414,4685.2464,51.3613,1.0962,192057600.0,567611323.5922
000300.SH,2026-04-17,4728.6716,4728.9951,4738.3236,4714.4669,4736.6077,-7.9361,-0.1675,182915336.0,587622682.3079
000300.SH,2026-04-20,4757.4419,4727.1661,4763.0427,4720.6853,4728.6716,28.7703,0.6084,221633494.0,626568410.3309
000300.SH,2026-04-21,4767.997,4750.5149,4776.8258,4722.0074,4757.4419,10.5551,0.2219,205614058.0,580407995.6197
000300.SH,2026-04-22,4799.627,4751.2794,4801.4465,4750.3502,4767.997,31.63,0.6634,204481830.0,619505670.177
000300.SH,2026-04-23,4786.3273,4816.0267,4823.4704,4759.86,4799.627,-13.2997,-0.2771,232865736.0,693853775.9756
000300.SH,2026-04-24,4769.3688,4771.7348,4786.444,4735.606,4786.3273,-16.9585,-0.3543,193798314.0,680097832.5473
000300.SH,2026-04-27,4770.9469,4776.3351,4795.1682,4762.6441,4769.3688,1.5781,0.0331,192796550.0,648904814.9811
000300.SH,2026-04-28,4758.2083,4757.0766,4778.1891,4743.4355,4770.9469,-12.7386,-0.267,216724233.0,631521664.9309
000300.SH,2026-04-29,4810.3468,4737.5755,4813.6104,4737.1139,4758.2083,52.1385,1.0958,233298110.0,681020507.3006
000300.SH,2026-04-30,4807.3069,4820.9716,4829.2715,4797.5445,4810.3468,-3.0399,-0.0632,250633370.0,726665374.5163
000300.SH,2026-05-06,4877.0932,4857.6537,4892.7957,4834.2807,4807.3069,69.7863,1.4517,274443880.0,881744311.6351
000300.SH,2026-05-07,4900.5098,4895.8001,4901.8575,4866.8749,4877.0932,23.4166,0.4801,257833972.0,787236200.0227
000300.SH,2026-05-08,4871.9122,4871.1185,4887.2129,4849.9871,4900.5098,-28.5976,-0.5836,251720996.0,716546104.146
000300.SH,2026-05-11,4951.8366,4902.2775,4960.3975,4889.5659,4871.9122,79.9244,1.6405,305734801.0,904479321.9021
000300.SH,2026-05-12,4948.0465,4965.0175,4971.3026,4926.7897,4951.8366,-3.7901,-0.0765,273812001.0,819351442.6644
000300.SH,2026-05-13,4998.3417,4919.4248,5001.1201,4919.4248,4948.0465,50.2952,1.0165,268454537.0,823173197.9285
000300.SH,2026-05-14,4914.5971,5027.6405,5030.5187,4913.6037,4998.3417,-83.7446,-1.6754,280695379.0,857446326.2476
000300.SH,2026-05-15,4859.5927,4911.6223,4935.6173,4832.6899,4914.5971,-55.0044,-1.1192,276967769.0,887687426.9845
000300.SH,2026-05-18,4833.5237,4836.3286,4868.6008,4806.1455,4859.5927,-26.069,-0.5364,239077587.0,733452822.6238
000300.SH,2026-05-19,4852.8832,4818.7051,4854.5247,4773.534,4833.5237,19.3595,0.4005,232280852.0,712401049.9845
000300.SH,2026-05-20,4850.7,4829.6129,4866.2121,4825.643,4852.8832,-2.1832,-0.045,220023206.0,729653332.839
000300.SH,2026-05-21,4783.0976,4886.2389,4937.9327,4780.7107,4850.7,-67.6024,-1.3937,287342507.0,891936347.9703
000300.SH,2026-05-22,4845.0956,4818.8435,4851.3489,4785.3486,4783.0976,61.998,1.2962,286940435.0,771823300.8507
000300.SH,2026-05-25,4921.5974,4873.1962,4922.4375,4857.1345,4845.0956,76.5018,1.579,264743236.0,861179421.8998
000300.SH,2026-05-26,4947.8493,4900.1152,4952.7412,4892.683,4921.5974,26.2519,0.5334,302799476.0,899094487.8569
000300.SH,2026-05-27,4908.1714,4940.9454,4974.2108,4891.3428,4947.8493,-39.6779,-0.8019,301709175.0,909011906.95
000300.SH,2026-05-28,4914.2133,4889.2659,4922.3297,4843.2265,4908.1714,6.0419,0.1231,267432731.0,819897918.9031
000300.SH,2026-05-29,4892.1213,4937.5119,4954.0703,4878.7869,4914.2133,-22.092,-0.4496,332518610.0,942236490.0581
000300.SH,2026-06-01,4844.2556,4897.8968,4918.7935,4836.6851,4892.1213,-47.8657,-0.9784,296134051.0,823984849.0001
000300.SH,2026-06-02,4914.5591,4860.6119,4930.2776,4831.9972,4844.2556,70.3035,1.4513,281731662.0,806751344.3952
000300.SH,2026-06-03,4938.8091,4921.3445,4991.8525,4904.8969,4914.5591,24.25,0.4934,304035947.0,906047729.419
000300.SH,2026-06-04,4904.7454,4897.3164,4938.7814,4889.7456,4938.8091,-34.0637,-0.6897,264808910.0,736143410.0034
000300.SH,2026-06-05,4816.9199,4886.9645,4924.3438,4798.9103,4904.7454,-87.8255,-1.7906,301929336.0,839863796.3956
000300.SH,2026-06-08,4713.6358,4703.773,4779.8623,4677.5682,4816.9199,-103.2841,-2.1442,299647565.0,761046395.1659
000300.SH,2026-06-09,4801.8106,4743.4505,4802.5047,4715.3907,4713.6358,88.1748,1.8706,258391601.0,713286998.8209
000300.SH,2026-06-10,4748.5932,4753.1154,4786.5162,4718.9946,4801.8106,-53.2174,-1.1083,259297109.0,694628416.0573
000300.SH,2026-06-11,4722.4122,4730.072,4766.1728,4685.5014,4748.5932,-26.181,-0.5513,247177059.0,653931756.2594
000300.SH,2026-06-12,4777.3206,4784.6396,4809.8606,4757.5574,4722.4122,54.9084,1.1627,335922063.0,871477325.2014
000300.SH,2026-06-15,4891.7126,4829.2886,4892.5502,4803.1836,4777.3206,114.392,2.3945,331316076.0,914145755.8047
000300.SH,2026-06-16,4884.2322,4894.8785,4908.2817,4866.0613,4891.7126,-7.4804,-0.1529,282584743.0,857202587.4781
000300.SH,2026-06-17,4931.3861,4859.7012,4933.9288,4859.7012,4884.2322,47.1539,0.9654,276053950.0,850367581.5807
000300.SH,2026-06-18,4941.5986,4916.0442,4976.8909,4916.0442,4931.3861,10.2125,0.2071,334459902.0,1021710711.0561
000300.SH,2026-06-22,5059.6582,4949.3457,5061.5105,4928.4582,4941.5986,118.0596,2.3891,375100124.0,1145900296.7575
000300.SH,2026-06-23,4919.386,5048.0255,5064.2654,4892.0944,5059.6582,-140.2722,-2.7724,342719336.0,1047052858.8213
000300.SH,2026-06-24,4943.0197,4900.3838,4953.2321,4892.2676,4919.386,23.6337,0.4804,312249025.0,964945849.9787
000300.SH,2026-06-25,5020.1038,4950.9753,5031.9994,4944.876,4943.0197,77.0841,1.5595,346664289.0,1110040892.2561
000300.SH,2026-06-26,4868.2205,4981.8251,4981.983,4845.1921,5020.1038,-151.8833,-3.0255,341179238.0,1068082662.0869
000300.SH,2026-06-29,4926.921,4866.0432,4928.5987,4827.149,4868.2205,58.7005,1.2058,323216134.0,1053723822.5525
000300.SH,2026-06-30,4979.4328,4914.4934,4987.5599,4914.4934,4926.921,52.5118,1.0658,306150226.0,985795205.7039
000300.SH,2026-07-01,4958.9773,4972.6923,5017.3754,4925.6309,4979.4328,-20.4555,-0.4108,342934747.0,1101717525.9687
000300.SH,2026-07-02,4812.2957,4865.1713,4896.9934,4800.4842,4958.9773,-146.6816,-2.9579,343243758.0,1027796834.2327
000300.SH,2026-07-03,4842.1737,4809.4988,4890.9652,4809.4988,4812.2957,29.878,0.6209,301067568.0,942569894.3498
000300.SH,2026-07-06,4841.998,4868.5422,4878.3231,4789.7956,4842.1737,-0.1757,-0.0036,294050543.0,907946016.9534
000300.SH,2026-07-07,4792.2624,4813.8707,4839.5098,4756.725,4841.998,-49.7356,-1.0272,246305999.0,762617505.5888
000300.SH,2026-07-08,4755.5338,4804.4837,4830.0464,4751.4045,4792.2624,-36.7286,-0.7664,243928749.0,783248978.2806
000300.SH,2026-07-09,4876.3125,4774.4021,4882.8477,4734.8666,4755.5338,120.7787,2.5398,281627705.0,947119396.8138
000300.SH,2026-07-10,4780.7867,4887.5355,4906.4898,4780.7468,4876.3125,-95.5258,-1.959,304130286.0,1083913073.0394
000300.SH,2026-07-13,4695.383,4745.4383,4775.2355,4670.2496,4780.7867,-85.4037,-1.7864,278634853.0,907944677.889
000300.SH,2026-07-14,4796.502,4691.1224,4796.502,4649.0444,4695.383,101.119,2.1536,283250986.0,924097145.1325
000300.SH,2026-07-15,4786.7828,4797.943,4826.8637,4772.0415,4796.502,-9.7192,-0.2026,278692669.0,858314510.3318
000300.SH,2026-07-16,4698.4344,4711.532,4771.0573,4673.3503,4786.7828,-88.3484,-1.8457,251560977.0,798830386.8211
000300.SH,2026-07-17,4529.0953,4661.6218,4663.5311,4492.085,4698.4344,-169.3391,-3.6042,302629886.0,920822412.822
000300.SH,2026-07-20,4598.3208,4575.6712,4628.7985,4521.1808,4529.0953,69.2255,1.5285,333116058.0,933403207.7406
000300.SH,2026-07-21,4739.2287,4630.8532,4739.2326,4566.281,4598.3208,140.9079,3.0643,345403590.0,1016727269.5794
000300.SH,2026-07-22,4717.2442,4710.6602,4772.0815,4692.833,4739.2287,-21.9845,-0.4639,285556357.0,921519272.2054
000300.SH,2026-07-23,4728.0018,4735.1706,4737.5092,4698.8717,4717.2442,10.7576,0.228,247331675.0,741818580.5601
000300.SH,2026-07-24,4649.1917,4685.4082,4704.0843,4642.9387,4728.0018,-78.8101,-1.6669,221261212.0,626378644.3679
