ts_code,trade_date,close,open,high,low,pre_close,change,pct_chg,vol,amount
000905.SH,2014-01-02,3847.879,3823.316,3848.253,3813.806,3829.096,18.783,0.4905,30800260.0,31417807.017
000905.SH,2014-01-03,3816.316,3841.219,3843.36,3802.992,3847.879,-31.563,-0.8203,34817561.0,35851633.239
000905.SH,2014-01-06,3710.898,3806.585,3806.585,3709.909,3816.316,-105.418,-2.7623,34511866.0,33089075.606
000905.SH,2014-01-07,3733.662,3699.901,3740.717,3688.421,3710.898,22.764,0.6134,27208621.0,27587590.271
000905.SH,2014-01-08,3738.205,3735.503,3768.503,3726.114,3733.662,4.543,0.1217,31943441.0,32589003.76
000905.SH,2014-01-09,3696.023,3732.861,3768.618,3693.64,3738.205,-42.182,-1.1284,33354135.0,34352021.52
000905.SH,2014-01-10,3628.634,3685.019,3689.187,3619.679,3696.023,-67.389,-1.8233,31393303.0,29759859.726
000905.SH,2014-01-13,3612.02,3628.533,3657.686,3588.742,3628.634,-16.614,-0.4579,27842415.0,27652484.466
000905.SH,2014-01-14,3683.534,3610.638,3683.534,3601.993,3612.02,71.514,1.9799,28565104.0,27864934.16
000905.SH,2014-01-15,3708.142,3681.042,3708.542,3675.635,3683.534,24.608,0.6681,29479193.0,30178561.089
000905.SH,2014-01-16,3714.314,3709.383,3738.083,3703.191,3708.142,6.172,0.1664,29583312.0,29674608.914
000905.SH,2014-01-17,3671.915,3704.356,3704.96,3669.587,3714.314,-42.399,-1.1415,25325293.0,25832781.201
000905.SH,2014-01-20,3644.125,3666.303,3680.01,3627.65,3671.915,-27.79,-0.7568,23805747.0,24791854.467
000905.SH,2014-01-21,3700.108,3645.344,3700.594,3645.344,3644.125,55.983,1.5363,28497804.0,29215573.162
000905.SH,2014-01-22,3799.042,3707.082,3799.057,3707.033,3700.108,98.934,2.6738,41849047.0,42102246.756
000905.SH,2014-01-23,3825.486,3801.749,3841.028,3795.475,3799.042,26.444,0.6961,40705802.0,44043320.024
000905.SH,2014-01-24,3882.668,3817.078,3890.528,3811.137,3825.486,57.182,1.4948,45790748.0,48820004.18
000905.SH,2014-01-27,3881.947,3867.566,3916.666,3854.866,3882.668,-0.721,-0.0186,42636805.0,45982997.025
000905.SH,2014-01-28,3873.81,3882.006,3906.573,3847.029,3881.947,-8.137,-0.2096,31946533.0,35468332.899
000905.SH,2014-01-29,3908.45,3878.314,3913.124,3878.314,3873.81,34.64,0.8942,33008381.0,36653826.332
000905.SH,2014-01-30,3885.416,3900.013,3908.605,3877.57,3908.45,-23.034,-0.5893,28549940.0,30952128.22
000905.SH,2014-02-07,3957.671,3864.891,3957.933,3854.982,3885.416,72.255,1.8596,34036566.0,37584978.982
000905.SH,2014-02-10,4074.63,3972.857,4074.63,3972.857,3957.671,116.959,2.9552,57754949.0,62830622.725
000905.SH,2014-02-11,4080.378,4081.544,4099.775,4031.951,4074.63,5.748,0.1411,61876821.0,66427604.053
000905.SH,2014-02-12,4125.412,4083.819,4125.709,4064.346,4080.378,45.034,1.1037,59039266.0,60189976.732
000905.SH,2014-02-13,4064.423,4123.215,4137.588,4064.423,4125.412,-60.989,-1.4784,61051500.0,62110135.188
000905.SH,2014-02-14,4134.16,4063.791,4134.226,4060.092,4064.423,69.737,1.7158,50631158.0,52265409.79
000905.SH,2014-02-17,4212.745,4152.041,4213.142,4152.041,4134.16,78.585,1.9009,62469417.0,65593955.445
000905.SH,2014-02-18,4207.699,4216.606,4219.034,4188.069,4212.745,-5.046,-0.1198,63913296.0,66766223.925
000905.SH,2014-02-19,4207.994,4206.02,4232.877,4180.914,4207.699,0.295,0.007,61217761.0,63154497.739
000905.SH,2014-02-20,4149.071,4211.696,4221.63,4139.199,4207.994,-58.923,-1.4003,62564478.0,62300133.273
000905.SH,2014-02-21,4121.917,4142.3,4156.794,4085.817,4149.071,-27.154,-0.6545,48017883.0,47228926.62
000905.SH,2014-02-24,4105.792,4102.559,4105.792,4043.506,4121.917,-16.125,-0.3912,51238733.0,52821387.266
000905.SH,2014-02-25,3961.439,4109.494,4141.259,3937.174,4105.792,-144.353,-3.5158,65665271.0,70061216.332
000905.SH,2014-02-26,3987.48,3941.118,3988.059,3883.963,3961.439,26.041,0.6574,48856736.0,49764846.08
000905.SH,2014-02-27,3934.727,3992.716,4053.854,3932.311,3987.48,-52.753,-1.323,54510923.0,57316272.091
000905.SH,2014-02-28,3975.929,3926.772,3976.128,3874.722,3934.727,41.202,1.0471,46601199.0,48254509.395
000905.SH,2014-03-03,4058.799,3975.536,4059.187,3969.299,3975.929,82.87,2.0843,51290257.0,53495701.236
000905.SH,2014-03-04,4059.567,4045.201,4067.425,4016.027,4058.799,0.768,0.0189,53655609.0,54602426.627
000905.SH,2014-03-05,4037.784,4064.963,4075.753,4031.916,4059.567,-21.783,-0.5366,53143631.0,51928401.778
000905.SH,2014-03-06,4032.756,4030.651,4042.214,3980.279,4037.784,-5.028,-0.1245,48189903.0,46614619.335
000905.SH,2014-03-07,4012.447,4032.138,4051.032,3992.94,4032.756,-20.309,-0.5036,45686320.0,45596345.165
000905.SH,2014-03-10,3860.244,3981.513,3981.513,3856.103,4012.447,-152.203,-3.7933,49665554.0,47348547.414
000905.SH,2014-03-11,3864.26,3848.17,3889.238,3826.928,3860.244,4.016,0.104,39939678.0,37450245.319
000905.SH,2014-03-12,3865.662,3857.577,3894.063,3803.732,3864.26,1.402,0.0363,41221160.0,36976695.865
000905.SH,2014-03-13,3907.146,3865.916,3907.851,3861.706,3865.662,41.484,1.0731,37064658.0,34137589.291
000905.SH,2014-03-14,3888.975,3891.196,3913.503,3860.317,3907.146,-18.171,-0.4651,35140833.0,33406192.196
000905.SH,2014-03-17,3967.15,3889.904,3967.854,3889.904,3888.975,78.175,2.0102,39288171.0,38774435.121
000905.SH,2014-03-18,3989.201,3970.664,4009.346,3968.889,3967.15,22.051,0.5558,44270842.0,44080433.148
000905.SH,2014-03-19,3980.673,3979.246,3980.743,3944.091,3989.201,-8.528,-0.2138,42668958.0,39248886.485
000905.SH,2014-03-20,3876.578,3973.15,4000.369,3876.428,3980.673,-104.095,-2.615,49863056.0,44829609.97
000905.SH,2014-03-21,3952.392,3857.823,3954.258,3828.92,3876.578,75.814,1.9557,52362721.0,45269601.668
000905.SH,2014-03-24,3985.861,3954.054,3995.865,3944.692,3952.392,33.469,0.8468,54202978.0,45816784.065
000905.SH,2014-03-25,3991.144,3977.878,4007.935,3967.621,3985.861,5.283,0.1325,53667026.0,45244076.393
000905.SH,2014-03-26,4001.502,3997.174,4009.884,3987.192,3991.144,10.358,0.2595,46277502.0,39747128.884
000905.SH,2014-03-27,3944.044,3994.817,3996.252,3943.792,4001.502,-57.458,-1.4359,49459872.0,41581287.209
000905.SH,2014-03-28,3865.295,3935.198,3951.726,3855.478,3944.044,-78.749,-1.9967,53458265.0,43844891.578
000905.SH,2014-03-31,3840.536,3865.004,3878.0,3815.739,3865.295,-24.759,-0.6405,38337778.0,31097095.713
000905.SH,2014-04-01,3899.488,3836.502,3899.658,3835.227,3840.536,58.952,1.535,34655220.0,29332505.803
000905.SH,2014-04-02,3902.043,3901.19,3922.079,3891.554,3899.488,2.555,0.0655,43981943.0,34207477.515
000905.SH,2014-04-03,3896.28,3902.067,3919.169,3880.404,3902.043,-5.763,-0.1477,42342712.0,33958648.555
000905.SH,2014-04-04,3939.229,3888.729,3939.613,3881.964,3896.28,42.949,1.1023,38203218.0,32452790.131
000905.SH,2014-04-08,3981.625,3927.506,3981.625,3918.976,3939.229,42.396,1.0763,42618208.0,37712924.941
000905.SH,2014-04-09,4018.547,3987.425,4019.085,3987.425,3981.625,36.922,0.9273,43685035.0,39980312.964
000905.SH,2014-04-10,4038.84,4022.048,4052.844,4012.659,4018.547,20.293,0.505,51174181.0,46752707.217
000905.SH,2014-04-11,4021.194,4021.964,4031.208,4001.797,4038.84,-17.646,-0.4369,43247393.0,39566857.902
000905.SH,2014-04-14,4051.33,4019.505,4051.49,4018.736,4021.194,30.136,0.7494,41571742.0,37820284.322
000905.SH,2014-04-15,4021.906,4050.333,4050.333,4015.089,4051.33,-29.424,-0.7263,45456868.0,41713771.291
000905.SH,2014-04-16,4019.883,4010.358,4026.764,3992.496,4021.906,-2.023,-0.0503,38105115.0,34759895.561
000905.SH,2014-04-17,4014.94,4025.377,4035.366,4012.71,4019.883,-4.943,-0.123,38718390.0,35587633.381
000905.SH,2014-04-18,4029.262,4006.875,4029.762,3995.549,4014.94,14.322,0.3567,34736479.0,32247621.176
000905.SH,2014-04-21,3965.337,4004.614,4032.846,3962.286,4029.262,-63.925,-1.5865,40253951.0,38253411.038
000905.SH,2014-04-22,3947.169,3957.22,3974.628,3889.777,3965.337,-18.168,-0.4582,41934820.0,39218301.992
000905.SH,2014-04-23,3929.168,3942.498,3956.408,3913.175,3947.169,-18.001,-0.456,30741912.0,29374317.387
000905.SH,2014-04-24,3884.811,3924.454,3931.512,3884.591,3929.168,-44.357,-1.1289,32345720.0,29781616.866
000905.SH,2014-04-25,3800.681,3879.448,3886.763,3797.471,3884.811,-84.13,-2.1656,36000619.0,31763963.15
000905.SH,2014-04-28,3684.593,3785.957,3785.957,3679.958,3800.681,-116.088,-3.0544,36670330.0,31495246.462
000905.SH,2014-04-29,3738.926,3678.621,3739.249,3678.007,3684.593,54.333,1.4746,28297418.0,24757446.877
000905.SH,2014-04-30,3766.17,3734.799,3770.727,3728.411,3738.926,27.244,0.7287,26592828.0,23450154.334
000905.SH,2014-05-05,3798.288,3761.23,3798.359,3746.193,3766.17,32.118,0.8528,28615421.0,24739037.389
000905.SH,2014-05-06,3817.98,3795.36,3831.413,3790.505,3798.288,19.692,0.5184,30600384.0,28050980.592
000905.SH,2014-05-07,3749.965,3806.838,3806.838,3747.785,3817.98,-68.015,-1.7814,29363631.0,26315376.425
000905.SH,2014-05-08,3754.011,3740.254,3798.215,3733.75,3749.965,4.046,0.1079,30515953.0,26226566.995
000905.SH,2014-05-09,3716.022,3748.486,3752.455,3688.045,3754.011,-37.989,-1.012,29488834.0,25743202.457
000905.SH,2014-05-12,3812.758,3738.667,3812.827,3730.954,3716.022,96.736,2.6032,42454809.0,36840651.775
000905.SH,2014-05-13,3806.89,3810.491,3819.753,3788.456,3812.758,-5.868,-0.1539,35814980.0,31736405.914
000905.SH,2014-05-14,3803.803,3805.147,3816.405,3796.107,3806.89,-3.087,-0.0811,28307555.0,24921685.301
000905.SH,2014-05-15,3732.337,3797.12,3799.079,3728.318,3803.803,-71.466,-1.8788,30771182.0,27786830.239
000905.SH,2014-05-16,3726.656,3722.556,3733.28,3685.074,3732.337,-5.681,-0.1522,26713346.0,23727980.955
000905.SH,2014-05-19,3705.364,3722.391,3722.391,3679.637,3726.656,-21.292,-0.5713,24203591.0,21748598.388
000905.SH,2014-05-20,3715.71,3720.226,3748.753,3708.141,3705.364,10.346,0.2792,24846022.0,23170288.22
000905.SH,2014-05-21,3747.334,3708.121,3747.551,3680.886,3715.71,31.624,0.8511,24046891.0,21705642.894
000905.SH,2014-05-22,3746.14,3748.93,3788.056,3744.604,3747.334,-1.194,-0.0319,30960985.0,28187212.018
000905.SH,2014-05-23,3786.563,3742.991,3786.563,3742.98,3746.14,40.423,1.0791,28877233.0,26927286.96
000905.SH,2014-05-26,3827.487,3798.73,3827.59,3798.73,3786.563,40.924,1.0808,33396372.0,33591791.346
000905.SH,2014-05-27,3818.322,3825.373,3834.421,3812.886,3827.487,-9.165,-0.2395,32742760.0,31962326.173
000905.SH,2014-05-28,3861.588,3818.354,3862.104,3812.997,3818.322,43.266,1.1331,36774765.0,35782559.652
000905.SH,2014-05-29,3821.867,3862.298,3874.102,3821.424,3861.588,-39.721,-1.0286,37364674.0,37967022.147
000905.SH,2014-05-30,3829.238,3818.47,3840.864,3798.805,3821.867,7.371,0.1929,34479814.0,33847052.964
000905.SH,2014-06-03,3822.716,3833.12,3845.481,3821.428,3829.238,-6.522,-0.1703,30154991.0,29295593.636
000905.SH,2014-06-04,3789.294,3820.5,3820.762,3760.291,3822.716,-33.422,-0.8743,30240407.0,28984446.831
000905.SH,2014-06-05,3832.055,3783.883,3832.384,3779.992,3789.294,42.761,1.1285,29580727.0,28079556.69
000905.SH,2014-06-06,3818.333,3833.378,3837.401,3800.086,3832.055,-13.722,-0.3581,29926322.0,28796450.162
000905.SH,2014-06-09,3797.429,3809.585,3830.604,3795.173,3818.333,-20.904,-0.5475,26819523.0,26434007.582
000905.SH,2014-06-10,3840.019,3801.509,3840.243,3784.053,3797.429,42.59,1.1215,30297387.0,30344459.226
000905.SH,2014-06-11,3858.051,3838.668,3859.034,3832.534,3840.019,18.032,0.4696,31915295.0,32291652.022
000905.SH,2014-06-12,3850.113,3851.233,3857.908,3832.944,3858.051,-7.938,-0.2058,35134918.0,34175926.746
000905.SH,2014-06-13,3891.557,3846.622,3894.543,3843.623,3850.113,41.444,1.0764,39840797.0,40322196.684
000905.SH,2014-06-16,3914.981,3893.918,3915.215,3893.166,3891.557,23.424,0.6019,39294758.0,41025140.79
000905.SH,2014-06-17,3879.344,3909.618,3909.618,3876.23,3914.981,-35.637,-0.9103,39860754.0,39004922.894
000905.SH,2014-06-18,3858.099,3878.694,3881.392,3855.231,3879.344,-21.245,-0.5476,40688671.0,39421196.527
000905.SH,2014-06-19,3755.694,3853.59,3860.303,3739.412,3858.099,-102.405,-2.6543,43351490.0,40226893.351
000905.SH,2014-06-20,3789.342,3751.179,3789.41,3751.081,3755.694,33.648,0.8959,29331630.0,27250323.579
000905.SH,2014-06-23,3815.879,3790.844,3827.828,3790.839,3789.342,26.537,0.7003,32200351.0,30811520.126
000905.SH,2014-06-24,3839.203,3814.527,3839.594,3812.753,3815.879,23.324,0.6112,34149694.0,33396771.453
000905.SH,2014-06-25,3814.03,3835.59,3835.59,3803.292,3839.203,-25.173,-0.6557,30419894.0,29769187.329
000905.SH,2014-06-26,3861.95,3812.907,3863.095,3812.907,3814.03,47.92,1.2564,40550701.0,38363054.368
000905.SH,2014-06-27,3889.323,3861.097,3905.543,3853.75,3861.95,27.373,0.7088,48476120.0,44256525.709
000905.SH,2014-06-30,3924.903,3895.149,3925.442,3889.645,3889.323,35.58,0.9148,49209663.0,45852764.409
000905.SH,2014-07-01,3951.726,3927.483,3951.919,3917.53,3924.903,26.823,0.6834,48813985.0,46780257.365
000905.SH,2014-07-02,3979.31,3950.473,3979.371,3937.239,3951.726,27.584,0.698,52966357.0,49258527.917
000905.SH,2014-07-03,4019.647,3978.816,4026.065,3972.117,3979.31,40.337,1.0137,61184094.0,55067891.148
000905.SH,2014-07-04,4004.561,4018.39,4022.217,3997.76,4019.647,-15.086,-0.3753,55166389.0,49997473.982
000905.SH,2014-07-07,4014.488,4004.097,4024.368,3992.281,4004.561,9.927,0.2479,51197153.0,48129086.313
000905.SH,2014-07-08,4039.707,4012.551,4039.922,3982.332,4014.488,25.219,0.6282,50180744.0,50114329.367
000905.SH,2014-07-09,3982.404,4033.819,4047.382,3981.252,4039.707,-57.303,-1.4185,56944645.0,56785289.59
000905.SH,2014-07-10,3982.198,3980.501,4008.126,3975.704,3982.404,-0.206,-0.0052,48708484.0,49693965.459
000905.SH,2014-07-11,4029.751,3979.73,4033.885,3978.1,3982.198,47.553,1.1941,53074687.0,52241335.022
000905.SH,2014-07-14,4090.802,4033.708,4090.802,4033.695,4029.751,61.051,1.515,60592480.0,58095423.357
000905.SH,2014-07-15,4093.113,4089.346,4098.28,4063.602,4090.802,2.311,0.0565,66833998.0,60773689.964
000905.SH,2014-07-16,4062.119,4089.649,4105.015,4046.549,4093.113,-30.994,-0.7572,59414417.0,54188896.321
000905.SH,2014-07-17,4031.44,4055.906,4055.906,4006.283,4062.119,-30.679,-0.7552,49988358.0,44531890.407
000905.SH,2014-07-18,4042.521,4018.358,4066.176,4012.508,4031.44,11.081,0.2749,49582586.0,44684250.153
000905.SH,2014-07-21,4030.242,4038.741,4048.938,4017.453,4042.521,-12.279,-0.3037,44186094.0,40783090.203
000905.SH,2014-07-22,4083.288,4024.421,4086.111,4023.016,4030.242,53.046,1.3162,54673016.0,50308587.198
000905.SH,2014-07-23,4057.113,4083.08,4094.649,4042.041,4083.288,-26.175,-0.641,58518276.0,52667947.011
000905.SH,2014-07-24,4054.223,4055.145,4073.863,4013.555,4057.113,-2.89,-0.0712,62738287.0,54485179.264
000905.SH,2014-07-25,4089.801,4052.032,4089.801,4047.873,4054.223,35.578,0.8776,55043408.0,49022362.222
000905.SH,2014-07-28,4168.373,4106.992,4168.393,4106.992,4089.801,78.572,1.9212,79528351.0,70428854.394
000905.SH,2014-07-29,4207.862,4173.17,4221.575,4167.273,4168.373,39.489,0.9473,80760831.0,75538996.027
000905.SH,2014-07-30,4214.836,4198.41,4220.214,4184.354,4207.862,6.974,0.1657,69146676.0,68380608.506
000905.SH,2014-07-31,4257.045,4211.067,4257.414,4208.57,4214.836,42.209,1.0014,65711040.0,65347460.96
000905.SH,2014-08-01,4210.219,4242.299,4268.434,4201.924,4257.045,-46.826,-1.1,78171893.0,74451501.289
000905.SH,2014-08-04,4278.847,4213.114,4278.847,4213.114,4210.219,68.628,1.63,66083148.0,61712975.929
000905.SH,2014-08-05,4300.12,4284.145,4300.505,4262.764,4278.847,21.273,0.4972,74379616.0,68408087.519
000905.SH,2014-08-06,4328.601,4291.63,4336.757,4276.676,4300.12,28.481,0.6623,74507248.0,70105526.86
000905.SH,2014-08-07,4286.09,4329.301,4348.194,4284.221,4328.601,-42.511,-0.9821,71135738.0,67096777.592
000905.SH,2014-08-08,4311.697,4287.941,4317.931,4283.606,4286.09,25.607,0.5974,57397716.0,56641088.555
000905.SH,2014-08-11,4377.018,4317.347,4377.244,4317.347,4311.697,65.321,1.515,64798592.0,63782885.172
000905.SH,2014-08-12,4399.806,4378.247,4400.002,4370.226,4377.018,22.788,0.5206,67262929.0,66976600.235
000905.SH,2014-08-13,4401.809,4399.403,4410.462,4347.368,4399.806,2.003,0.0455,73110600.0,72425032.488
000905.SH,2014-08-14,4373.504,4397.207,4426.47,4368.707,4401.809,-28.305,-0.643,74617880.0,71659794.24
000905.SH,2014-08-15,4423.636,4372.771,4428.973,4368.337,4373.504,50.132,1.1463,64972287.0,64887976.007
000905.SH,2014-08-18,4483.544,4434.175,4483.568,4434.175,4423.636,59.908,1.3543,71526261.0,72487150.029
000905.SH,2014-08-19,4496.938,4491.169,4500.802,4461.981,4483.544,13.394,0.2987,77521491.0,80824709.275
000905.SH,2014-08-20,4497.399,4495.823,4521.25,4481.92,4496.938,0.461,0.0103,76368692.0,74592337.197
000905.SH,2014-08-21,4495.44,4498.493,4501.661,4442.644,4497.399,-1.959,-0.0436,72257054.0,72267555.378
000905.SH,2014-08-22,4521.752,4491.628,4526.239,4478.794,4495.44,26.312,0.5853,72034759.0,71989848.481
000905.SH,2014-08-25,4487.142,4521.809,4522.704,4476.198,4521.752,-34.61,-0.7654,67975469.0,69175500.425
000905.SH,2014-08-26,4407.588,4474.454,4490.902,4390.111,4487.142,-79.554,-1.7729,69606911.0,68801722.151
000905.SH,2014-08-27,4421.212,4401.876,4432.151,4401.668,4407.588,13.624,0.3091,54359738.0,57056865.409
000905.SH,2014-08-28,4381.494,4423.764,4431.577,4368.669,4421.212,-39.718,-0.8984,54355982.0,55709092.923
000905.SH,2014-08-29,4427.879,4378.624,4427.879,4370.853,4381.494,46.385,1.0587,43722812.0,45962091.441
000905.SH,2014-09-01,4507.442,4436.546,4507.486,4436.108,4427.879,79.563,1.7969,57685418.0,62594382.274
000905.SH,2014-09-02,4576.12,4519.242,4576.12,4514.733,4507.442,68.678,1.5237,84153838.0,87290950.658
000905.SH,2014-09-03,4608.557,4582.479,4612.334,4571.946,4576.12,32.437,0.7088,87927134.0,91114137.216
000905.SH,2014-09-04,4647.886,4611.562,4648.222,4598.864,4608.557,39.329,0.8534,94318100.0,95294218.772
000905.SH,2014-09-05,4666.474,4654.515,4666.918,4629.176,4647.886,18.588,0.3999,90826617.0,91527801.339
000905.SH,2014-09-09,4701.699,4672.109,4701.944,4643.381,4666.474,35.225,0.7549,89284306.0,90541430.064
000905.SH,2014-09-10,4709.909,4686.117,4713.959,4662.181,4701.699,8.21,0.1746,86187344.0,86626217.303
000905.SH,2014-09-11,4704.942,4707.045,4762.132,4670.643,4709.909,-4.967,-0.1055,97669705.0,99548941.521
000905.SH,2014-09-12,4756.949,4698.109,4757.04,4689.627,4704.942,52.007,1.1054,78550025.0,78101715.993
000905.SH,2014-09-15,4807.555,4759.773,4810.07,4752.853,4756.949,50.606,1.0638,92873064.0,93727091.981
000905.SH,2014-09-16,4645.546,4809.437,4816.324,4643.862,4807.555,-162.009,-3.3699,117310229.0,115746940.718
000905.SH,2014-09-17,4686.047,4649.609,4686.392,4604.671,4645.546,40.501,0.8718,86276129.0,80739930.253
000905.SH,2014-09-18,4719.009,4679.111,4719.584,4663.147,4686.047,32.962,0.7034,77913057.0,70041531.635
000905.SH,2014-09-19,4758.727,4718.78,4762.171,4705.088,4719.009,39.718,0.8417,73891425.0,71508698.238
000905.SH,2014-09-22,4694.229,4753.795,4753.795,4682.616,4758.727,-64.498,-1.3554,77667073.0,75028837.431
000905.SH,2014-09-23,4754.472,4693.367,4754.472,4692.899,4694.229,60.243,1.2833,71679128.0,72122820.292
000905.SH,2014-09-24,4815.71,4746.621,4816.184,4733.556,4754.472,61.238,1.288,84890143.0,85795434.685
000905.SH,2014-09-25,4814.735,4826.985,4861.797,4797.271,4815.71,-0.975,-0.0202,92339396.0,92849405.302
000905.SH,2014-09-26,4829.935,4803.443,4833.802,4787.309,4814.735,15.2,0.3157,72968523.0,75214793.503
000905.SH,2014-09-29,4877.435,4847.816,4880.155,4847.816,4829.935,47.5,0.9835,80918091.0,82373936.871
000905.SH,2014-09-30,4916.119,4886.556,4921.076,4877.883,4877.435,38.684,0.7931,81755047.0,84266876.755
000905.SH,2014-10-08,4993.531,4935.048,4993.614,4913.679,4916.119,77.412,1.5747,90358512.0,92697659.105
000905.SH,2014-10-09,5004.001,4996.662,5010.825,4936.729,4993.531,10.47,0.2097,104303284.0,106970816.332
000905.SH,2014-10-10,4981.853,4987.042,5007.125,4952.191,5004.001,-22.148,-0.4426,96123927.0,98663729.327
000905.SH,2014-10-13,4982.681,4964.233,4982.681,4906.158,4981.853,0.828,0.0166,83134546.0,86362918.234
000905.SH,2014-10-14,4966.083,4978.896,5013.95,4933.595,4982.681,-16.598,-0.3331,82292188.0,85600756.875
000905.SH,2014-10-15,4987.707,4967.229,4988.178,4922.482,4966.083,21.624,0.4354,81985748.0,84289749.588
000905.SH,2014-10-16,4906.244,4962.581,5007.275,4906.244,4987.707,-81.463,-1.6333,95753175.0,97600209.795
000905.SH,2014-10-17,4860.732,4894.593,4914.66,4771.767,4906.244,-45.512,-0.9276,85229817.0,84583435.055
000905.SH,2014-10-20,4929.16,4873.455,4929.473,4869.877,4860.732,68.428,1.4078,64596603.0,67365828.243
000905.SH,2014-10-21,4884.024,4929.23,4942.459,4878.18,4929.16,-45.136,-0.9157,67813183.0,69276410.674
000905.SH,2014-10-22,4825.609,4881.512,4902.777,4821.194,4884.024,-58.415,-1.196,61360808.0,64013598.945
000905.SH,2014-10-23,4755.231,4815.123,4832.427,4732.762,4825.609,-70.378,-1.4584,65012401.0,65545609.739
000905.SH,2014-10-24,4774.666,4757.088,4800.361,4754.886,4755.231,19.435,0.4087,56333896.0,55331137.358
000905.SH,2014-10-27,4809.518,4762.517,4809.942,4739.33,4774.666,34.852,0.7299,56003586.0,55268773.413
000905.SH,2014-10-28,4924.955,4819.55,4925.085,4819.55,4809.518,115.437,2.4002,75113014.0,76495547.386
000905.SH,2014-10-29,4991.755,4938.715,4999.958,4923.515,4924.955,66.8,1.3564,105608671.0,106415988.228
000905.SH,2014-10-30,4992.63,4988.972,5021.19,4975.786,4991.755,0.875,0.0175,99168604.0,98486130.913
000905.SH,2014-10-31,4986.416,4999.003,5012.26,4945.289,4992.63,-6.214,-0.1245,91669059.0,92182213.087
000905.SH,2014-11-03,5028.698,4993.171,5028.757,4992.529,4986.416,42.282,0.8479,92197435.0,91560095.721
000905.SH,2014-11-04,5003.47,5028.54,5036.096,4983.052,5028.698,-25.228,-0.5017,93807651.0,91176863.84
000905.SH,2014-11-05,4995.443,5004.891,5013.614,4976.131,5003.47,-8.027,-0.1604,84678572.0,81152275.617
000905.SH,2014-11-06,5024.848,4992.723,5025.226,4959.732,4995.443,29.405,0.5886,79650741.0,80227181.703
000905.SH,2014-11-07,4977.255,5029.797,5049.284,4956.868,5024.848,-47.593,-0.9472,96201285.0,97187742.398
000905.SH,2014-11-10,5031.001,4989.439,5031.197,4973.317,4977.255,53.746,1.0798,85242918.0,85303607.05
000905.SH,2014-11-11,4881.48,5038.684,5041.332,4842.497,5031.001,-149.521,-2.972,106506602.0,104908838.887
000905.SH,2014-11-12,4965.384,4866.425,4965.384,4855.634,4881.48,83.904,1.7188,72860729.0,72056522.141
000905.SH,2014-11-13,4921.671,4963.732,4967.211,4889.373,4965.384,-43.713,-0.8804,87063498.0,88982956.345
000905.SH,2014-11-14,4909.609,4901.139,4920.094,4862.392,4921.671,-12.062,-0.2451,65753809.0,65868662.494
000905.SH,2014-11-17,4958.466,4925.472,4982.52,4894.649,4909.609,48.857,0.9951,68439222.0,70056723.948
000905.SH,2014-11-18,4967.651,4951.585,4973.855,4947.022,4958.466,9.185,0.1852,63490500.0,62652364.495
000905.SH,2014-11-19,4985.101,4967.636,5002.437,4959.495,4967.651,17.45,0.3513,68164715.0,68842441.796
000905.SH,2014-11-20,4974.626,4972.741,4990.935,4961.604,4985.101,-10.475,-0.2101,59676755.0,60572567.731
000905.SH,2014-11-21,5029.773,4975.535,5029.777,4975.444,4974.626,55.147,1.1086,72866762.0,74666845.524
000905.SH,2014-11-24,5112.119,5088.226,5130.028,5065.192,5029.773,82.346,1.6372,118515606.0,118607305.575
000905.SH,2014-11-25,5189.001,5118.689,5189.429,5106.516,5112.119,76.882,1.5039,107770016.0,113198463.272
000905.SH,2014-11-26,5214.21,5198.127,5215.643,5168.175,5189.001,25.209,0.4858,109880097.0,117427497.336
000905.SH,2014-11-27,5251.389,5229.4,5251.699,5202.764,5214.21,37.179,0.713,120587367.0,125432953.805
000905.SH,2014-11-28,5245.267,5249.665,5261.164,5193.353,5251.389,-6.122,-0.1166,125361752.0,130492839.959
000905.SH,2014-12-01,5208.139,5246.428,5247.007,5181.1,5245.267,-37.128,-0.7078,115923389.0,120869295.163
000905.SH,2014-12-02,5277.657,5201.37,5278.648,5196.093,5208.139,69.518,1.3348,109407004.0,117627765.454
000905.SH,2014-12-03,5339.005,5284.573,5339.248,5245.358,5277.657,61.348,1.1624,152946990.0,164129646.519
000905.SH,2014-12-04,5451.962,5345.007,5452.335,5343.125,5339.005,112.957,2.1157,152121975.0,168985379.514
000905.SH,2014-12-05,5333.892,5462.757,5464.226,5185.355,5451.962,-118.07,-2.1656,172436982.0,192822397.127
000905.SH,2014-12-08,5412.674,5310.567,5435.789,5266.021,5333.892,78.782,1.477,152402002.0,173052970.205
000905.SH,2014-12-09,5195.406,5392.947,5465.086,5181.517,5412.674,-217.268,-4.0141,197608666.0,218570643.403
000905.SH,2014-12-10,5374.097,5184.017,5374.227,5150.995,5195.406,178.691,3.4394,131311673.0,143553422.183
000905.SH,2014-12-11,5454.443,5366.208,5454.918,5341.863,5374.097,80.346,1.4951,139869628.0,152239236.372
000905.SH,2014-12-12,5493.2,5457.228,5498.95,5437.655,5454.443,38.757,0.7106,116562829.0,128461475.257
000905.SH,2014-12-15,5583.597,5485.13,5588.853,5466.79,5493.2,90.397,1.6456,129681032.0,148824933.346
000905.SH,2014-12-16,5606.693,5590.266,5609.681,5548.963,5583.597,23.096,0.4136,125116823.0,144130950.51
000905.SH,2014-12-17,5557.286,5597.88,5597.88,5488.796,5606.693,-49.407,-0.8812,133134511.0,150577863.965
000905.SH,2014-12-18,5558.045,5551.038,5598.985,5543.401,5557.286,0.759,0.0137,107138998.0,123272365.978
000905.SH,2014-12-19,5524.122,5554.665,5558.176,5423.753,5558.045,-33.923,-0.6103,133387146.0,148955810.733
000905.SH,2014-12-22,5305.209,5523.661,5523.963,5279.96,5524.122,-218.913,-3.9629,151327540.0,161634561.63
000905.SH,2014-12-23,5193.722,5273.99,5316.717,5187.632,5305.209,-111.487,-2.1015,95282588.0,104442394.497
000905.SH,2014-12-24,5262.365,5212.069,5263.201,5197.721,5193.722,68.643,1.3217,86145747.0,95316706.929
000905.SH,2014-12-25,5364.563,5279.297,5365.074,5272.319,5262.365,102.198,1.9421,89766624.0,100094604.429
000905.SH,2014-12-26,5422.751,5370.332,5423.346,5359.533,5364.563,58.188,1.0847,105786714.0,119120593.922
000905.SH,2014-12-29,5367.637,5436.488,5436.488,5330.327,5422.751,-55.114,-1.0163,120696241.0,136056914.21
000905.SH,2014-12-30,5275.085,5357.388,5366.16,5261.615,5367.637,-92.552,-1.7243,98910328.0,114207663.76
000905.SH,2014-12-31,5322.714,5274.651,5322.714,5241.362,5275.085,47.629,0.9029,93682899.0,104486026.187
000905.SH,2015-01-05,5417.017,5338.752,5427.231,5314.339,5322.714,94.303,1.7717,128787603.0,139343031.794
000905.SH,2015-01-06,5479.864,5389.903,5482.124,5354.338,5417.017,62.847,1.1602,123754496.0,140328098.392
000905.SH,2015-01-07,5488.242,5471.402,5492.825,5436.918,5479.864,8.378,0.1529,96050494.0,111787081.649
000905.SH,2015-01-08,5444.037,5482.394,5497.744,5418.011,5488.242,-44.205,-0.8054,95634617.0,108520980.686
000905.SH,2015-01-09,5409.058,5424.501,5497.689,5409.058,5444.037,-34.979,-0.6425,90640808.0,105390251.286
000905.SH,2015-01-12,5332.221,5386.584,5386.584,5303.732,5409.058,-76.837,-1.4205,78026430.0,89363510.308
000905.SH,2015-01-13,5405.091,5333.968,5407.629,5333.968,5332.221,72.87,1.3666,68693766.0,84711070.629
000905.SH,2015-01-14,5379.738,5404.374,5417.802,5350.165,5405.091,-25.353,-0.4691,67086497.0,83215914.595
000905.SH,2015-01-15,5449.038,5380.447,5449.255,5380.336,5379.738,69.3,1.2882,67885513.0,81580602.47
000905.SH,2015-01-16,5520.123,5459.185,5520.785,5454.239,5449.038,71.085,1.3045,84506844.0,104671600.817
000905.SH,2015-01-19,5281.895,5359.47,5475.66,5222.04,5520.123,-238.228,-4.3156,105336272.0,121918330.584
000905.SH,2015-01-20,5472.514,5303.181,5472.736,5303.181,5281.895,190.619,3.6089,91937953.0,113837154.366
000905.SH,2015-01-21,5611.694,5490.84,5611.982,5490.526,5472.514,139.18,2.5433,110167428.0,137794973.68
000905.SH,2015-01-22,5690.156,5617.609,5690.43,5610.09,5611.694,78.462,1.3982,105412621.0,134778391.082
000905.SH,2015-01-23,5633.289,5697.837,5699.726,5611.066,5690.156,-56.867,-0.9994,99440337.0,124087905.095
000905.SH,2015-01-26,5758.979,5644.031,5759.367,5636.204,5633.289,125.69,2.2312,101298794.0,126015650.415
000905.SH,2015-01-27,5773.816,5767.737,5783.99,5670.431,5758.979,14.837,0.2576,114317987.0,139606298.727
000905.SH,2015-01-28,5739.919,5756.682,5798.571,5722.494,5773.816,-33.897,-0.5871,102386415.0,123833495.291
000905.SH,2015-01-29,5701.205,5692.387,5739.486,5670.505,5739.919,-38.714,-0.6745,84538580.0,102904620.083
000905.SH,2015-01-30,5632.728,5708.284,5735.932,5631.565,5701.205,-68.477,-1.2011,80593273.0,100020597.43
000905.SH,2015-02-02,5609.389,5568.435,5652.667,5539.523,5632.728,-23.339,-0.4143,71871863.0,87828911.03
000905.SH,2015-02-03,5707.476,5627.399,5708.281,5627.399,5609.389,98.087,1.7486,75432559.0,98565929.024
000905.SH,2015-02-04,5683.519,5720.975,5734.328,5680.833,5707.476,-23.957,-0.4197,80926716.0,104846863.054
000905.SH,2015-02-05,5654.217,5741.193,5745.136,5654.217,5683.519,-29.302,-0.5156,88324355.0,114976816.031
000905.SH,2015-02-06,5534.785,5640.025,5657.662,5510.763,5654.217,-119.432,-2.1123,76277610.0,95597146.323
000905.SH,2015-02-09,5504.974,5526.144,5551.898,5492.546,5534.785,-29.811,-0.5386,55873438.0,71258538.761
000905.SH,2015-02-10,5580.704,5502.725,5581.341,5500.535,5504.974,75.73,1.3757,54973769.0,72864169.333
000905.SH,2015-02-11,5641.786,5587.639,5642.297,5587.44,5580.704,61.082,1.0945,58059566.0,78478438.991
000905.SH,2015-02-12,5681.341,5647.546,5689.743,5640.858,5641.786,39.555,0.7011,62691774.0,86260852.841
000905.SH,2015-02-13,5769.272,5709.156,5789.382,5709.156,5681.341,87.931,1.5477,82306367.0,110777388.987
000905.SH,2015-02-16,5869.713,5786.153,5870.082,5786.038,5769.272,100.441,1.741,82305575.0,113009193.538
000905.SH,2015-02-17,5911.098,5888.871,5914.285,5877.948,5869.713,41.385,0.7051,80938872.0,107302052.647
000905.SH,2015-02-25,5906.538,5926.234,5952.709,5887.366,5911.098,-4.56,-0.0771,83550615.0,109965828.499
000905.SH,2015-02-26,5969.557,5903.262,5970.06,5897.715,5906.538,63.019,1.0669,90920744.0,113711184.402
000905.SH,2015-02-27,6018.463,5974.359,6025.115,5970.681,5969.557,48.906,0.8193,96560682.0,125337251.201
000905.SH,2015-03-02,6139.792,6064.821,6139.792,6039.254,6018.463,121.329,2.0159,127235331.0,168615019.57
000905.SH,2015-03-03,6118.656,6124.276,6199.497,6099.131,6139.792,-21.136,-0.3442,146953263.0,191869230.411
000905.SH,2015-03-04,6210.421,6114.694,6211.089,6114.214,6118.656,91.765,1.4998,119226334.0,159432393.741
000905.SH,2015-03-05,6208.988,6212.66,6217.788,6161.377,6210.421,-1.433,-0.0231,120959089.0,160069239.733
000905.SH,2015-03-06,6133.026,6214.332,6234.114,6129.622,6208.988,-75.962,-1.2234,109313725.0,143376389.233
000905.SH,2015-03-09,6212.236,6113.581,6212.57,6080.543,6133.026,79.21,1.2915,98702215.0,127801029.077
000905.SH,2015-03-10,6276.485,6214.519,6299.281,6205.924,6212.236,64.249,1.0342,102915059.0,135647659.212
000905.SH,2015-03-11,6262.892,6275.173,6281.191,6236.793,6276.485,-13.593,-0.2166,99462453.0,131495189.042
000905.SH,2015-03-12,6260.137,6273.692,6288.517,6220.631,6262.892,-2.755,-0.044,101821474.0,135322669.321
000905.SH,2015-03-13,6329.576,6271.818,6329.701,6271.818,6260.137,69.439,1.1092,95229828.0,127280146.278
000905.SH,2015-03-16,6516.765,6369.197,6517.031,6369.197,6329.576,187.189,2.9574,137058320.0,189423838.762
000905.SH,2015-03-17,6618.054,6547.39,6635.096,6525.829,6516.765,101.289,1.5543,172583338.0,235496437.807
000905.SH,2015-03-18,6728.068,6624.388,6728.506,6612.457,6618.054,110.014,1.6623,164616348.0,221265197.128
000905.SH,2015-03-19,6782.463,6733.12,6783.14,6687.442,6728.068,54.395,0.8085,166872988.0,226098981.798
000905.SH,2015-03-20,6850.897,6789.058,6862.375,6786.335,6782.463,68.434,1.009,152162319.0,218477065.296
000905.SH,2015-03-23,7017.154,6891.922,7017.481,6891.922,6850.897,166.257,2.4268,171778131.0,249560696.81
000905.SH,2015-03-24,7046.123,7042.926,7055.1,6801.545,7017.154,28.969,0.4128,197066881.0,287241225.505
000905.SH,2015-03-25,7124.872,7051.821,7170.826,7001.514,7046.123,78.749,1.1176,169575448.0,255698438.889
000905.SH,2015-03-26,7074.437,7104.036,7171.621,6995.645,7124.872,-50.435,-0.7079,163926380.0,246538405.492
000905.SH,2015-03-27,7155.945,7076.488,7167.37,7060.432,7074.437,81.508,1.1521,126460982.0,189864130.776
000905.SH,2015-03-30,7245.497,7180.063,7259.541,7180.063,7155.945,89.552,1.2514,163219546.0,238312214.579
000905.SH,2015-03-31,7253.104,7280.15,7328.851,7214.481,7245.497,7.607,0.105,169906003.0,253293317.311
000905.SH,2015-04-01,7425.733,7258.831,7430.945,7258.738,7253.104,172.629,2.3801,154918806.0,237481252.005
000905.SH,2015-04-02,7560.648,7463.907,7561.201,7447.119,7425.733,134.915,1.8169,167650949.0,260629000.508
000905.SH,2015-04-03,7679.01,7532.148,7682.723,7494.362,7560.648,118.362,1.5655,170123561.0,264305090.175
000905.SH,2015-04-07,7863.284,7728.91,7863.595,7728.8,7679.01,184.274,2.3997,180904835.0,286054839.446
000905.SH,2015-04-08,7807.997,7908.77,7920.983,7674.066,7863.284,-55.287,-0.7031,189495727.0,307712107.371
000905.SH,2015-04-09,7746.151,7818.2,7818.2,7483.278,7807.997,-61.846,-0.7921,182754749.0,291842959.033
000905.SH,2015-04-10,7952.189,7727.007,7971.622,7683.8,7746.151,206.038,2.6599,161502966.0,259672639.084
000905.SH,2015-04-13,8122.893,7994.253,8143.382,7977.0,7952.189,170.704,2.1466,178484987.0,297003782.885
000905.SH,2015-04-14,8119.959,8129.728,8192.238,8039.951,8122.893,-2.934,-0.0361,183190497.0,298146028.076
000905.SH,2015-04-15,7802.747,8093.134,8093.134,7786.93,8119.959,-317.212,-3.9066,167211024.0,266483492.173
000905.SH,2015-04-16,7912.088,7705.464,7976.121,7607.4,7802.747,109.341,1.4013,143246059.0,230085191.149
000905.SH,2015-04-17,7980.76,7979.354,8032.075,7925.743,7912.088,68.672,0.8679,191109824.0,299254996.476
000905.SH,2015-04-20,7839.901,7967.033,8051.47,7801.029,7980.76,-140.859,-1.765,214596065.0,330349024.79
000905.SH,2015-04-21,8112.687,7852.515,8113.021,7846.614,7839.901,272.786,3.4795,169810409.0,272448488.963
000905.SH,2015-04-22,8323.427,8180.116,8333.821,8179.302,8112.687,210.74,2.5977,199156922.0,318652486.694
000905.SH,2015-04-23,8410.703,8371.85,8447.925,8275.126,8323.427,87.276,1.0486,197994963.0,322874340.203
000905.SH,2015-04-24,8419.095,8321.328,8453.341,8256.2,8410.703,8.392,0.0998,183527676.0,304027512.457
000905.SH,2015-04-27,8513.016,8503.57,8576.483,8413.234,8419.095,93.921,1.1156,185685531.0,307313974.984
000905.SH,2015-04-28,8266.483,8533.673,8543.33,8187.155,8513.016,-246.533,-2.896,184257625.0,303637308.443
000905.SH,2015-04-29,8428.254,8248.315,8449.701,8204.73,8266.483,161.771,1.957,145074727.0,248413782.288
000905.SH,2015-04-30,8469.673,8460.394,8551.465,8458.601,8428.254,41.419,0.4914,146653891.0,252898934.988
000905.SH,2015-05-04,8510.481,8493.963,8532.654,8381.373,8469.673,40.808,0.4818,136204601.0,235268989.084
000905.SH,2015-05-05,8199.344,8501.119,8501.119,8160.656,8510.481,-311.137,-3.6559,144224275.0,237914882.236
000905.SH,2015-05-06,8082.999,8220.597,8359.296,8012.483,8199.344,-116.345,-1.419,129313935.0,219298265.969
000905.SH,2015-05-07,7903.478,8043.008,8076.23,7886.362,8082.999,-179.521,-2.221,112570941.0,179222925.143
000905.SH,2015-05-08,8201.293,7989.339,8201.804,7983.826,7903.478,297.815,3.7682,118887574.0,203153653.22
000905.SH,2015-05-11,8558.218,8292.625,8558.801,8242.098,8201.293,356.925,4.3521,148572310.0,268455218.775
000905.SH,2015-05-12,8745.678,8595.08,8746.21,8564.663,8558.218,187.46,2.1904,165849063.0,301031750.446
000905.SH,2015-05-13,8824.929,8719.584,8909.575,8643.43,8745.678,79.251,0.9062,174986441.0,317305028.687
000905.SH,2015-05-14,8813.393,8829.827,8878.47,8725.297,8824.929,-11.536,-0.1307,149017853.0,272167506.94
000905.SH,2015-05-15,8742.885,8790.006,8828.115,8626.229,8813.393,-70.508,-0.8,143713577.0,256824534.229
000905.SH,2015-05-18,8903.595,8725.41,8929.944,8698.898,8742.885,160.71,1.8382,140445390.0,255350811.844
000905.SH,2015-05-19,9124.833,8927.387,9125.515,8904.189,8903.595,221.238,2.4848,151754592.0,270857991.882
000905.SH,2015-05-20,9277.331,9176.026,9429.22,9173.403,9124.833,152.498,1.6712,190955967.0,341437208.676
000905.SH,2015-05-21,9619.223,9320.842,9620.095,9320.23,9277.331,341.892,3.6852,187177992.0,339920131.722
000905.SH,2015-05-22,9778.171,9756.529,9821.811,9547.422,9619.223,158.948,1.6524,222507872.0,408872004.093
000905.SH,2015-05-25,10040.09,9717.511,10040.71,9659.316,9778.171,261.919,2.6786,228463954.0,415725085.212
000905.SH,2015-05-26,10373.58,10117.73,10373.84,10046.24,10040.09,333.49,3.3216,238514276.0,454167426.028
000905.SH,2015-05-27,10497.34,10421.3,10539.75,10192.18,10373.58,123.76,1.193,232612180.0,448444546.291
000905.SH,2015-05-28,9868.424,10501.36,10637.91,9860.554,10497.34,-628.916,-5.9912,258094075.0,484525592.023
000905.SH,2015-05-29,9966.845,9846.389,10140.1,9433.088,9868.424,98.421,0.9973,198772638.0,365693602.561
000905.SH,2015-06-01,10488.31,10067.53,10488.89,10067.53,9966.845,521.465,5.232,186016136.0,352129991.083
000905.SH,2015-06-02,10886.4,10592.75,10887.88,10541.28,10488.31,398.09,3.7956,213234225.0,413213449.136
000905.SH,2015-06-03,10979.99,10973.96,11055.21,10674.07,10886.4,93.59,0.8597,209059570.0,422516264.097
000905.SH,2015-06-04,10965.41,10986.42,11023.34,10269.04,10979.99,-14.58,-0.1328,211460189.0,416105854.537
000905.SH,2015-06-05,11144.52,11117.36,11236.15,10887.17,10965.41,179.11,1.6334,248874600.0,484267027.835
000905.SH,2015-06-08,11030.92,11157.18,11157.18,10860.39,11144.52,-113.6,-1.0193,235630581.0,457818555.545
000905.SH,2015-06-09,11013.74,11009.88,11089.2,10861.58,11030.92,-17.18,-0.1557,185184469.0,365243116.871
000905.SH,2015-06-10,11208.0577,10947.4931,11319.9048,10830.3274,11013.74,194.3177,1.7643,184590364.0,375121156.378
000905.SH,2015-06-11,11366.2931,11220.0678,11367.6331,11155.9521,11208.0577,158.2354,1.4118,190367981.0,381798543.81
000905.SH,2015-06-12,11545.8906,11424.3345,11616.3848,11400.6514,11366.2931,179.5975,1.5801,210655587.0,425433231.496
000905.SH,2015-06-15,11332.892,11589.9517,11616.3497,11304.0384,11545.8906,-212.9986,-1.8448,205877379.0,425890897.184
000905.SH,2015-06-16,10879.8358,11205.7538,11205.7538,10768.615,11332.892,-453.0562,-3.9977,179503841.0,362990370.958
000905.SH,2015-06-17,11100.5456,10865.3946,11133.1124,10497.6866,10879.8358,220.7098,2.0286,160039587.0,321536145.071
000905.SH,2015-06-18,10731.3787,11093.2992,11178.3183,10714.3287,11100.5456,-369.1669,-3.3257,154351939.0,307393311.194
000905.SH,2015-06-19,9987.4074,10475.9215,10601.0427,9968.9918,10731.3787,-743.9713,-6.9327,137848611.0,260339529.543
000905.SH,2015-06-23,10046.8849,9951.7822,10074.8264,9333.9096,9987.4074,59.4775,0.5955,141045839.0,255196431.887
000905.SH,2015-06-24,10267.6266,10136.2543,10271.231,9950.6181,10046.8849,220.7417,2.1971,158209439.0,300642771.685
000905.SH,2015-06-25,9906.1037,10298.5576,10343.0542,9771.89,10267.6266,-361.5229,-3.521,164073383.0,314829259.196
000905.SH,2015-06-26,9078.0648,9571.555,9603.1273,9059.3579,9906.1037,-828.0389,-8.3589,145076586.0,247206315.502
000905.SH,2015-06-29,8484.6434,9267.0283,9281.1722,8339.3301,9078.0648,-593.4214,-6.5369,181652778.0,291293816.729
000905.SH,2015-06-30,8906.0202,8302.1812,8912.3967,7882.3288,8484.6434,421.3768,4.9663,195568535.0,306723439.347
000905.SH,2015-07-01,8411.9097,8808.5142,9103.0927,8385.4325,8906.0202,-494.1105,-5.5481,171297426.0,287642385.805
000905.SH,2015-07-02,7835.1035,8369.492,8433.5238,7787.0991,8411.9097,-576.8062,-6.857,156973835.0,236427497.483
000905.SH,2015-07-03,7355.491,7530.2654,7930.1456,7249.3088,7835.1035,-479.6125,-6.1213,156105993.0,211908122.079
000905.SH,2015-07-06,7235.999,7842.4287,7842.4287,6883.6138,7355.491,-119.492,-1.6245,230754385.0,295173221.184
000905.SH,2015-07-07,6763.5263,6977.5478,7030.9781,6763.1184,7235.999,-472.4727,-6.5295,114115961.0,130756874.731
000905.SH,2015-07-08,6602.3735,6444.6672,6702.2787,6444.2478,6763.5263,-161.1528,-2.3827,275340759.0,306332690.164
000905.SH,2015-07-09,6896.3516,6525.1212,6896.4927,6525.1212,6602.3735,293.9781,4.4526,95815747.0,113774457.717
000905.SH,2015-07-10,7244.7842,7101.8176,7245.3276,7081.3543,6896.3516,348.4326,5.0524,72141194.0,92427698.864
000905.SH,2015-07-13,7695.6351,7563.3803,7695.6691,7502.551,7244.7842,450.8509,6.2231,124577679.0,174731605.977
000905.SH,2015-07-14,7859.0574,7853.9972,8076.1908,7772.3932,7695.6351,163.4223,2.1236,167383703.0,249877916.438
000905.SH,2015-07-15,7405.2945,7836.0835,7837.8439,7391.9596,7859.0574,-453.7629,-5.7738,164267658.0,231734125.045
000905.SH,2015-07-16,7578.7585,7342.8309,7729.6972,7078.7104,7405.2945,173.464,2.3424,142013079.0,200520466.124
000905.SH,2015-07-17,7994.6971,7629.782,8050.7281,7620.1615,7578.7585,415.9386,5.4882,139377370.0,208394145.742
000905.SH,2015-07-20,8116.4956,8025.1042,8250.398,7931.6512,7994.6971,121.7985,1.5235,162131840.0,252542559.295
000905.SH,2015-07-21,8220.4627,8011.9037,8291.9267,7937.629,8116.4956,103.9671,1.2809,143097593.0,222962314.892
000905.SH,2015-07-22,8320.2364,8207.1733,8354.3846,8075.5953,8220.4627,99.7737,1.2137,161165847.0,250461708.056
000905.SH,2015-07-23,8551.9909,8330.4701,8585.8005,8288.8417,8320.2364,231.7545,2.7854,177494966.0,273744551.495
000905.SH,2015-07-24,8425.0739,8580.6465,8706.2517,8348.4175,8551.9909,-126.917,-1.4841,196947875.0,319783661.632
000905.SH,2015-07-27,7794.1809,8240.6784,8493.3478,7791.6,8425.0739,-630.893,-7.4883,171740043.0,277807584.726
000905.SH,2015-07-28,7649.8199,7514.1481,7893.9378,7261.6068,7794.1809,-144.361,-1.8522,180294330.0,265548850.716
000905.SH,2015-07-29,8022.7956,7765.9486,8024.5768,7472.6332,7649.8199,372.9757,4.8756,132745245.0,207022688.446
000905.SH,2015-07-30,7800.5799,7979.569,8174.7014,7766.4615,8022.7956,-222.2157,-2.7698,141928700.0,228327429.649
000905.SH,2015-07-31,7727.0608,7692.4784,7876.6449,7634.5383,7800.5799,-73.5191,-0.9425,107834136.0,169763023.826
000905.SH,2015-08-03,7540.2053,7605.8946,7658.1731,7370.0427,7727.0608,-186.8555,-2.4182,112364589.0,165121586.439
000905.SH,2015-08-04,7942.0952,7548.0292,7942.268,7532.8293,7540.2053,401.8899,5.33,117180320.0,175497238.377
000905.SH,2015-08-05,7839.3375,7933.3173,8047.6955,7773.9241,7942.0952,-102.7577,-1.2938,119999767.0,186153219.755
000905.SH,2015-08-06,7792.0278,7660.5828,7891.5641,7633.2891,7839.3375,-47.3097,-0.6035,90058280.0,137351466.599
000905.SH,2015-08-07,8013.3187,7874.4155,8015.3656,7855.6836,7792.0278,221.2909,2.84,109469663.0,170596071.393
000905.SH,2015-08-10,8394.0862,8106.1198,8437.915,8079.8769,8013.3187,380.7675,4.7517,145317370.0,230799530.818
000905.SH,2015-08-11,8435.3271,8402.3187,8551.5288,8356.5234,8394.0862,41.2409,0.4913,162434825.0,263074578.261
000905.SH,2015-08-12,8336.3365,8342.6055,8490.2695,8320.054,8435.3271,-98.9906,-1.1735,132680646.0,217931592.2524
000905.SH,2015-08-13,8534.4288,8287.7712,8535.3675,8237.8924,8336.3365,198.0923,2.3763,133650284.0,216706928.1392
000905.SH,2015-08-14,8625.2423,8599.7743,8717.0694,8548.3365,8534.4288,90.8135,1.0641,160713073.0,262365904.8728
000905.SH,2015-08-17,8820.4567,8613.2857,8820.9831,8582.829,8625.2423,195.2144,2.2633,162013281.0,264346701.6341
000905.SH,2015-08-18,8161.2687,8842.1622,8858.3304,8140.9096,8820.4567,-659.188,-7.4734,184395700.0,295325451.8866
000905.SH,2015-08-19,8340.9828,7865.6345,8404.9413,7667.3189,8161.2687,179.7141,2.202,162622250.0,247735547.2012
000905.SH,2015-08-20,8049.5116,8255.9309,8376.6647,8049.5116,8340.9828,-291.4712,-3.4944,138314467.0,215501673.9225
000905.SH,2015-08-21,7612.9024,7884.3047,8006.2933,7583.7036,8049.5116,-436.6092,-5.424,134561093.0,193789999.182
000905.SH,2015-08-24,7006.1885,7255.2947,7292.7714,7003.6553,7612.9024,-606.7139,-7.9695,92192223.0,123506310.398
000905.SH,2015-08-25,6481.4117,6496.1065,6666.81,6467.8136,7006.1885,-524.7768,-7.4902,104162291.0,127802811.3385
000905.SH,2015-08-26,6238.5256,6470.0016,6687.5272,6165.1072,6481.4117,-242.8861,-3.7474,149197209.0,178116573.1737
000905.SH,2015-08-27,6456.0548,6344.9548,6457.864,6099.1669,6238.5256,217.5292,3.4869,124932338.0,148108251.8018
000905.SH,2015-08-28,6842.8938,6554.7552,6844.4514,6512.6968,6456.0548,386.839,5.9919,142758516.0,178364904.0657
000905.SH,2015-08-31,6581.3127,6791.4192,6791.4192,6578.3538,6842.8938,-261.5811,-3.8227,116258551.0,148296837.9481
000905.SH,2015-09-01,6169.2072,6507.875,6507.875,6161.0318,6581.3127,-412.1055,-6.2618,98667929.0,112818462.2378
000905.SH,2015-09-02,6122.5533,5878.2072,6314.2903,5866.6644,6169.2072,-46.6539,-0.7562,115032723.0,130640199.0828
000905.SH,2015-09-07,6143.5566,6187.6901,6379.1975,6094.4895,6122.5533,21.0033,0.343,102447070.0,123125437.0955
000905.SH,2015-09-08,6374.8551,6096.0144,6387.3613,6014.5682,6143.5566,231.2985,3.7649,85509837.0,99580930.2228
000905.SH,2015-09-09,6551.0072,6408.6714,6609.9432,6380.2503,6374.8551,176.1521,2.7632,150097826.0,185118480.3885
000905.SH,2015-09-10,6440.3093,6434.5309,6565.1624,6407.1191,6551.0072,-110.6979,-1.6898,106415179.0,129231793.2958
000905.SH,2015-09-11,6493.3191,6423.5209,6523.1898,6385.3094,6440.3093,53.0098,0.8231,92572028.0,113349226.5939
000905.SH,2015-09-14,6049.7904,6535.2625,6554.3839,6018.4438,6493.3191,-443.5287,-6.8305,119113665.0,138102009.1461
000905.SH,2015-09-15,5708.0299,5886.2683,5996.2168,5689.9713,6049.7904,-341.7605,-5.6491,93427426.0,97459797.3168
000905.SH,2015-09-16,6084.8367,5722.5312,6107.3706,5704.1216,5708.0299,376.8068,6.6013,104952922.0,113350094.87
000905.SH,2015-09-17,5965.409,6057.8682,6242.2478,5965.409,6084.8367,-119.4277,-1.9627,127835729.0,145294763.2474
000905.SH,2015-09-18,6036.8814,6007.4586,6073.5497,5934.0962,5965.409,71.4724,1.1981,83652110.0,94611596.7511
000905.SH,2015-09-21,6250.4393,5966.2943,6251.6182,5943.5899,6036.8814,213.5579,3.5376,105433930.0,123113395.119
000905.SH,2015-09-22,6295.9258,6264.0572,6362.0484,6215.5717,6250.4393,45.4865,0.7277,118689625.0,142488548.2949
000905.SH,2015-09-23,6224.6006,6192.326,6302.6435,6162.9716,6295.9258,-71.3252,-1.1329,101247325.0,121883142.4318
000905.SH,2015-09-24,6315.1101,6250.0879,6324.3139,6227.3904,6224.6006,90.5095,1.4541,93290191.0,111994625.9434
000905.SH,2015-09-25,6108.3764,6294.2021,6336.4285,6064.7227,6315.1101,-206.7337,-3.2736,98942032.0,115277170.384
000905.SH,2015-09-28,6219.6917,6118.2262,6221.0096,6020.4569,6108.3764,111.3153,1.8223,67737158.0,81183133.5967
000905.SH,2015-09-29,6103.6058,6114.4796,6183.8267,6065.854,6219.6917,-116.0859,-1.8664,68579494.0,81630154.3831
000905.SH,2015-09-30,6123.7274,6139.1395,6165.7463,6066.8339,6103.6058,20.1216,0.3297,56497671.0,69580036.1288
000905.SH,2015-10-08,6372.4924,6322.5352,6409.7407,6281.5308,6123.7274,248.765,4.0623,94907319.0,117653246.783
000905.SH,2015-10-09,6470.0514,6369.7521,6495.2932,6353.042,6372.4924,97.559,1.5309,99711665.0,122666453.34
000905.SH,2015-10-12,6718.7221,6505.9119,6788.3986,6501.7592,6470.0514,248.6707,3.8434,153619877.0,194872549.236
000905.SH,2015-10-13,6802.0769,6672.6608,6816.7761,6650.6146,6718.7221,83.3548,1.2406,132977522.0,167008508.6237
000905.SH,2015-10-14,6724.4957,6772.458,6842.8738,6709.345,6802.0769,-77.5812,-1.1406,125882450.0,162532619.3092
000905.SH,2015-10-15,6929.2374,6694.0666,6929.4757,6694.0666,6724.4957,204.7417,3.0447,131795067.0,176735004.0627
000905.SH,2015-10-16,7047.5599,6979.6769,7052.141,6883.1986,6929.2374,118.3225,1.7076,164509969.0,214655812.6563
000905.SH,2015-10-19,7047.3718,7072.3592,7113.6628,6951.7989,7047.5599,-0.1881,-0.0027,156007932.0,213219886.1086
000905.SH,2015-10-20,7162.0754,7033.2048,7163.2605,6996.5636,7047.3718,114.7036,1.6276,138062791.0,191314747.7835
000905.SH,2015-10-21,6712.7386,7159.1322,7186.5415,6689.268,7162.0754,-449.3368,-6.2738,178169181.0,238182075.863
000905.SH,2015-10-22,6964.2976,6708.2144,6970.6762,6700.6192,6712.7386,251.559,3.7475,135470900.0,184022576.2829
000905.SH,2015-10-23,7138.2344,7015.6225,7169.3692,6988.5514,6964.2976,173.9368,2.4975,158898962.0,231325502.0507
000905.SH,2015-10-26,7186.7548,7223.1545,7233.3568,7088.5675,7138.2344,48.5204,0.6797,163304715.0,236116326.9426
000905.SH,2015-10-27,7231.4362,7123.0832,7266.7772,6900.438,7186.7548,44.6814,0.6217,147441282.0,210782331.6378
000905.SH,2015-10-28,7048.8952,7179.988,7270.7891,7019.6089,7231.4362,-182.541,-2.5243,132724220.0,194118701.0798
000905.SH,2015-10-29,7108.9748,7097.1881,7185.2073,7011.8633,7048.8952,60.0796,0.8523,110741269.0,162166873.6681
000905.SH,2015-10-30,7084.9706,7088.8059,7185.5247,6984.5009,7108.9748,-24.0042,-0.3377,110069552.0,164366270.1089
000905.SH,2015-11-02,6936.4315,6936.3688,7137.0519,6914.1472,7084.9706,-148.5391,-2.0965,107204323.0,157872557.4284
000905.SH,2015-11-03,6920.1029,6956.8927,6998.0505,6860.4393,6936.4315,-16.3286,-0.2354,89105339.0,131475724.7275
000905.SH,2015-11-04,7267.9884,6953.8672,7268.3987,6953.8672,6920.1029,347.8855,5.0272,139208397.0,203475230.211
000905.SH,2015-11-05,7276.4505,7277.0956,7364.5113,7225.6447,7267.9884,8.4621,0.1164,185191773.0,268748054.009
000905.SH,2015-11-06,7446.8471,7284.8672,7456.2357,7284.7055,7276.4505,170.3966,2.3418,152693272.0,225629351.098
000905.SH,2015-11-09,7543.8014,7415.7567,7593.1676,7350.8613,7446.8471,96.9543,1.302,177520097.0,269313950.5397
000905.SH,2015-11-10,7575.0084,7517.4079,7633.0067,7486.8466,7543.8014,31.207,0.4137,165737542.0,251903189.6627
000905.SH,2015-11-11,7684.666,7589.6642,7686.3021,7556.3723,7575.0084,109.6576,1.4476,152086170.0,227282275.2992
000905.SH,2015-11-12,7682.4517,7712.6357,7739.6538,7579.6716,7684.666,-2.2143,-0.0288,162280293.0,254056873.1073
000905.SH,2015-11-13,7567.108,7601.1459,7665.1381,7478.4134,7682.4517,-115.3437,-1.5014,147559261.0,231879005.7744
000905.SH,2015-11-16,7718.8548,7438.4046,7719.7025,7431.7399,7567.108,151.7468,2.0053,116919959.0,187602744.7769
000905.SH,2015-11-17,7650.3808,7787.0753,7820.0237,7635.9235,7718.8548,-68.474,-0.8871,162750882.0,258976592.7544
000905.SH,2015-11-18,7526.9417,7655.3265,7699.6093,7504.9889,7650.3808,-123.4391,-1.6135,125690006.0,191824420.464
000905.SH,2015-11-19,7718.6217,7552.9959,7719.5205,7538.281,7526.9417,191.68,2.5466,110520025.0,175807200.4651
000905.SH,2015-11-20,7806.2655,7741.6774,7844.0611,7720.1642,7718.6217,87.6438,1.1355,146076178.0,234536702.4669
000905.SH,2015-11-23,7744.1822,7816.8494,7876.4815,7710.0538,7806.2655,-62.0833,-0.7953,142383454.0,227603819.1793
000905.SH,2015-11-24,7798.4975,7739.0896,7799.0107,7635.7806,7744.1822,54.3153,0.7014,110258558.0,168541291.7426
000905.SH,2015-11-25,7922.3841,7803.2899,7925.5356,7795.1638,7798.4975,123.8866,1.5886,124435501.0,206535891.5312
000905.SH,2015-11-26,7874.0797,7962.1692,7974.7352,7859.6331,7922.3841,-48.3044,-0.6097,140404615.0,229452321.5016
000905.SH,2015-11-27,7376.1243,7839.3123,7852.0,7317.6454,7874.0797,-497.9554,-6.324,152970489.0,234340602.09
000905.SH,2015-11-30,7408.3988,7388.2799,7467.4672,7035.5474,7376.1243,32.2745,0.4376,129234023.0,196799522.0082
000905.SH,2015-12-01,7443.9452,7403.9422,7519.9368,7358.3652,7408.3988,35.5464,0.4798,113008679.0,173439123.3669
000905.SH,2015-12-02,7405.8596,7423.4976,7444.2217,7201.6591,7443.9452,-38.0856,-0.5116,102647475.0,149757640.1186
000905.SH,2015-12-03,7570.5077,7413.2182,7571.4456,7412.655,7405.8596,164.6481,2.2232,95329412.0,142963965.9245
000905.SH,2015-12-04,7511.6749,7533.6124,7600.3428,7464.2772,7570.5077,-58.8328,-0.7771,101362535.0,154876247.992
000905.SH,2015-12-07,7602.2276,7526.2232,7602.7699,7476.1912,7511.6749,90.5527,1.2055,92881296.0,146830353.6456
000905.SH,2015-12-08,7404.142,7555.4633,7555.4633,7398.5577,7602.2276,-198.0856,-2.6056,94938823.0,147230040.6038
000905.SH,2015-12-09,7374.2742,7369.1077,7431.04,7322.8674,7404.142,-29.8678,-0.4034,83299991.0,132301271.6296
000905.SH,2015-12-10,7350.2098,7374.3548,7437.7063,7332.9804,7374.2742,-24.0644,-0.3263,78990424.0,129506622.9133
000905.SH,2015-12-11,7290.7017,7320.1584,7347.3599,7253.8424,7350.2098,-59.5081,-0.8096,72132287.0,111880425.9755
000905.SH,2015-12-14,7441.0301,7224.8086,7441.763,7210.4103,7290.7017,150.3284,2.0619,79957288.0,119228862.2651
000905.SH,2015-12-15,7498.1813,7448.7137,7534.2239,7447.1075,7441.0301,57.1512,0.7681,86021490.0,134207824.2969
000905.SH,2015-12-16,7529.4028,7522.729,7574.6487,7503.0859,7498.1813,31.2215,0.4164,85351169.0,138082610.0308
000905.SH,2015-12-17,7716.246,7570.6695,7716.4756,7570.6695,7529.4028,186.8432,2.4815,130054765.0,199820574.4629
000905.SH,2015-12-18,7699.37,7708.3354,7746.512,7650.5564,7716.246,-16.876,-0.2187,114416909.0,183995263.8024
000905.SH,2015-12-21,7788.5639,7698.4429,7798.0846,7692.096,7699.37,89.1939,1.1585,115015003.0,180730410.2551
000905.SH,2015-12-22,7856.6081,7810.9957,7856.9481,7752.697,7788.5639,68.0442,0.8736,111592508.0,175826885.0926
000905.SH,2015-12-23,7773.2825,7859.1316,7881.2945,7756.3284,7856.6081,-83.3256,-1.0606,118166309.0,186904470.8783
000905.SH,2015-12-24,7753.0367,7760.3777,7778.9364,7635.7842,7773.2825,-20.2458,-0.2605,91509341.0,141331213.2192
000905.SH,2015-12-25,7792.1244,7759.8365,7805.053,7738.8672,7753.0367,39.0877,0.5042,81253520.0,128807084.4139
000905.SH,2015-12-28,7603.3609,7815.3823,7837.6298,7603.3609,7792.1244,-188.7635,-2.4225,109813515.0,170493740.3793
000905.SH,2015-12-29,7674.3881,7591.7137,7675.3079,7545.352,7603.3609,71.0272,0.9342,77292530.0,120873940.0171
000905.SH,2015-12-30,7741.0472,7693.0217,7747.3509,7664.2806,7674.3881,66.6591,0.8686,85533232.0,139407264.1871
000905.SH,2015-12-31,7617.689,7745.6377,7763.2964,7617.3853,7741.0472,-123.3582,-1.5936,79781523.0,132286915.8263
000905.SH,2016-01-04,6983.4044,7615.5139,7624.1008,6983.2854,7617.689,-634.2846,-8.3265,78014999.0,115089029.5478
000905.SH,2016-01-05,6889.7414,6663.7264,7020.5409,6627.6416,6983.4044,-93.663,-1.3412,113428225.0,156717298.5861
000905.SH,2016-01-06,7065.6068,6916.5318,7066.0848,6878.6539,6889.7414,175.8654,2.5526,100930427.0,136351475.1973
000905.SH,2016-01-07,6462.2428,6937.4161,6937.4161,6454.9732,7065.6068,-603.364,-8.5395,28426742.0,34781544.7766
000905.SH,2016-01-08,6570.4316,6618.0809,6689.1413,6222.5929,6462.2428,108.1888,1.6742,111129605.0,138934000.1714
000905.SH,2016-01-11,6128.6558,6435.8944,6529.8788,6128.2225,6570.4316,-441.7758,-6.7237,115600736.0,133119641.1039
000905.SH,2016-01-12,6136.6632,6126.6696,6205.5914,5994.6361,6128.6558,8.0074,0.1307,91905220.0,105727199.6624
000905.SH,2016-01-13,5924.044,6168.9869,6226.5409,5924.044,6136.6632,-212.6192,-3.4647,86123402.0,98456702.8746
000905.SH,2016-01-14,6124.8202,5734.6075,6137.507,5726.8834,5924.044,200.7762,3.3892,92251446.0,104255125.8407
000905.SH,2016-01-15,5893.6815,6078.6153,6135.2708,5852.2411,6124.8202,-231.1387,-3.7738,88630539.0,102277307.3507
000905.SH,2016-01-18,5978.9076,5768.7577,6051.1817,5765.1458,5893.6815,85.2261,1.4461,72469789.0,86980313.6903
000905.SH,2016-01-19,6197.0947,5965.3551,6203.3998,5956.2253,5978.9076,218.1871,3.6493,87981015.0,106185500.293
000905.SH,2016-01-20,6138.5031,6161.2319,6244.9612,6095.7216,6197.0947,-58.5916,-0.9455,91947518.0,113394506.6348
000905.SH,2016-01-21,5886.8835,6031.1695,6191.3173,5886.8835,6138.5031,-251.6196,-4.099,81882765.0,100555303.5006
000905.SH,2016-01-22,5980.6111,5954.3643,6013.9706,5799.7117,5886.8835,93.7276,1.5921,69830709.0,84429369.0836
000905.SH,2016-01-25,6041.3261,6034.0844,6093.2693,5976.3363,5980.6111,60.715,1.0152,65308514.0,78677683.1563
000905.SH,2016-01-26,5589.3069,5966.7049,5982.4993,5573.8266,6041.3261,-452.0192,-7.4821,85443917.0,98104095.9831
000905.SH,2016-01-27,5514.1886,5604.1667,5628.1856,5240.6457,5589.3069,-75.1183,-1.344,87924118.0,95354931.8014
000905.SH,2016-01-28,5271.2325,5441.7378,5511.3206,5257.0812,5514.1886,-242.9561,-4.406,67338076.0,73152739.2672
000905.SH,2016-01-29,5469.1254,5262.4596,5515.4864,5248.215,5271.2325,197.8929,3.7542,72359091.0,78303710.5909
000905.SH,2016-02-01,5399.4771,5458.6048,5493.9818,5319.7007,5469.1254,-69.6483,-1.2735,64716114.0,70863332.9345
000905.SH,2016-02-02,5586.6266,5407.7068,5594.3607,5407.6681,5399.4771,187.1495,3.4661,66571962.0,75674180.029
000905.SH,2016-02-03,5610.1734,5520.6415,5634.9198,5482.2247,5586.6266,23.5468,0.4215,63280726.0,70624920.6172
000905.SH,2016-02-04,5721.4853,5631.3198,5744.0236,5631.3198,5610.1734,111.3119,1.9841,71083982.0,83226216.3734
000905.SH,2016-02-05,5664.1971,5734.4807,5747.9794,5662.4365,5721.4853,-57.2882,-1.0013,56075545.0,65321968.9785
000905.SH,2016-02-15,5668.0398,5485.723,5700.5221,5482.7957,5664.1971,3.8427,0.0678,53631253.0,63351303.1957
000905.SH,2016-02-16,5902.5341,5694.7487,5918.5932,5694.7487,5668.0398,234.4943,4.1371,82877143.0,98534904.8069
000905.SH,2016-02-17,5971.4123,5889.5021,5979.4073,5854.2197,5902.5341,68.8782,1.1669,90582520.0,107857008.1068
000905.SH,2016-02-18,5957.1305,6009.7485,6034.8519,5945.204,5971.4123,-14.2818,-0.2392,93714798.0,110109734.5023
000905.SH,2016-02-19,5979.5164,5939.6973,6009.724,5919.6832,5957.1305,22.3859,0.3758,70380499.0,86849115.9886
000905.SH,2016-02-22,6103.7225,6055.6751,6111.6899,6029.4589,5979.5164,124.2061,2.0772,94320520.0,110801609.5772
000905.SH,2016-02-23,6070.4998,6102.5122,6118.6447,5982.211,6103.7225,-33.2227,-0.5443,87874876.0,106556791.4152
000905.SH,2016-02-24,6111.0427,6041.7529,6116.2549,5975.1403,6070.4998,40.5429,0.6679,89819579.0,111114133.8006
000905.SH,2016-02-25,5626.0522,6097.4199,6097.5442,5604.1035,6111.0427,-484.9905,-7.9363,110668653.0,129597084.4271
000905.SH,2016-02-26,5648.9376,5668.329,5701.0506,5517.6299,5626.0522,22.8854,0.4068,79857895.0,91756326.9169
000905.SH,2016-02-29,5350.4337,5618.5094,5618.5094,5286.3446,5648.9376,-298.5039,-5.2842,86703153.0,93375908.2176
000905.SH,2016-03-01,5473.6349,5361.7919,5504.7514,5294.5438,5350.4337,123.2012,2.3026,80803571.0,87222593.7626
000905.SH,2016-03-02,5753.1482,5464.7331,5763.7994,5462.7415,5473.6349,279.5133,5.1065,110671952.0,117963208.7552
000905.SH,2016-03-03,5776.977,5757.3608,5872.9242,5745.6227,5753.1482,23.8288,0.4142,128527360.0,136298622.5256
000905.SH,2016-03-04,5621.5614,5755.1192,5805.4085,5542.9828,5776.977,-155.4156,-2.6903,108829948.0,117455003.0814
000905.SH,2016-03-07,5752.5482,5686.6863,5788.4718,5681.8474,5621.5614,130.9868,2.3301,87170581.0,94467279.7053
000905.SH,2016-03-08,5764.3253,5751.3875,5764.3253,5538.1512,5752.5482,11.7771,0.2047,98149656.0,106368707.8754
000905.SH,2016-03-09,5617.0376,5627.1384,5709.5166,5583.0666,5764.3253,-147.2877,-2.5552,72615323.0,80804882.9237
000905.SH,2016-03-10,5521.948,5617.4152,5657.2629,5517.0161,5617.0376,-95.0896,-1.6929,59559411.0,67298081.3866
000905.SH,2016-03-11,5508.9818,5460.5423,5545.3432,5433.3223,5521.948,-12.9662,-0.2348,49800022.0,55449986.9364
000905.SH,2016-03-14,5690.5904,5568.464,5748.3333,5568.464,5508.9818,181.6086,3.2966,79997418.0,95153496.6041
000905.SH,2016-03-15,5639.8012,5672.7536,5701.5681,5608.9982,5690.5904,-50.7892,-0.8925,66268900.0,82607046.675
000905.SH,2016-03-16,5562.8037,5662.4386,5689.281,5531.3341,5639.8012,-76.9975,-1.3653,57487332.0,69542980.6389
000905.SH,2016-03-17,5745.975,5589.2203,5759.5403,5579.725,5562.8037,183.1713,3.2928,84575758.0,106177927.9144
000905.SH,2016-03-18,5949.2627,5774.3034,5967.4592,5768.9081,5745.975,203.2877,3.5379,125160341.0,157756130.5981
000905.SH,2016-03-21,6099.4805,6016.6943,6100.032,6001.3219,5949.2627,150.2178,2.525,131825514.0,166761329.2838
000905.SH,2016-03-22,6075.4922,6045.8393,6130.2647,6013.0489,6099.4805,-23.9883,-0.3933,107721654.0,139915752.2449
000905.SH,2016-03-23,6118.9664,6054.2224,6119.3058,6031.2721,6075.4922,43.4742,0.7156,89661324.0,118558592.2128
000905.SH,2016-03-24,6018.4242,6062.7577,6127.5122,6008.5416,6118.9664,-100.5422,-1.6431,101439743.0,134875739.3917
000905.SH,2016-03-25,6077.4312,6006.6685,6081.0923,5996.5377,6018.4242,59.007,0.9804,78231312.0,103214951.2474
000905.SH,2016-03-28,6037.7782,6114.7665,6167.2381,6017.4883,6077.4312,-39.653,-0.6525,93782330.0,124277859.7987
000905.SH,2016-03-29,5921.8672,6029.9433,6041.3823,5875.0699,6037.7782,-115.911,-1.9198,79003975.0,99950096.2095
000905.SH,2016-03-30,6137.5034,5981.4209,6137.7915,5981.4209,5921.8672,215.6362,3.6414,88061292.0,116510738.653
000905.SH,2016-03-31,6155.8138,6164.281,6211.1386,6133.5955,6137.5034,18.3104,0.2983,94915722.0,130216390.8454
000905.SH,2016-04-01,6124.5278,6129.7241,6157.7401,6022.9698,6155.8138,-31.286,-0.5082,85219533.0,109236062.2426
000905.SH,2016-04-05,6286.5826,6136.6854,6293.4695,6117.1766,6124.5278,162.0548,2.646,105543049.0,137359798.7035
000905.SH,2016-04-06,6323.4342,6262.6013,6324.2045,6243.1129,6286.5826,36.8516,0.5862,104674579.0,139410353.2543
000905.SH,2016-04-07,6228.9737,6344.3677,6355.3277,6228.9737,6323.4342,-94.4605,-1.4938,109927150.0,145352446.3593
000905.SH,2016-04-08,6168.7419,6176.8641,6199.1468,6087.104,6228.9737,-60.2318,-0.967,88670173.0,117273506.0902
000905.SH,2016-04-11,6304.3004,6226.381,6334.536,6226.381,6168.7419,135.5585,2.1975,102199978.0,136135424.2903
000905.SH,2016-04-12,6252.7729,6299.472,6316.248,6182.8182,6304.3004,-51.5275,-0.8173,87061767.0,118671124.3879
000905.SH,2016-04-13,6344.2255,6292.5692,6421.7271,6292.5692,6252.7729,91.4526,1.4626,132989984.0,168481933.2113
000905.SH,2016-04-14,6401.8545,6375.4939,6402.509,6324.4635,6344.2255,57.629,0.9084,99088176.0,126151603.4817
000905.SH,2016-04-15,6384.3496,6403.2525,6414.7939,6345.5538,6401.8545,-17.5049,-0.2734,82798055.0,108425432.3038
000905.SH,2016-04-18,6281.2024,6343.7013,6343.7013,6241.9826,6384.3496,-103.1472,-1.6156,80400472.0,106856003.9243
000905.SH,2016-04-19,6308.229,6314.5816,6334.904,6262.6116,6281.2024,27.0266,0.4303,69438667.0,94250908.3502
000905.SH,2016-04-20,6022.2126,6331.8699,6344.7813,5923.4332,6308.229,-286.0164,-4.534,117325387.0,151256619.5395
000905.SH,2016-04-21,5970.682,6000.3047,6085.9349,5960.504,6022.2126,-51.5306,-0.8557,84808592.0,106421755.4671
000905.SH,2016-04-22,6011.3201,5930.531,6011.4595,5915.3057,5970.682,40.6381,0.6806,62323811.0,80109649.1411
000905.SH,2016-04-25,5978.0772,5997.2134,5997.2189,5897.7351,6011.3201,-33.2429,-0.553,57034333.0,73555799.5911
000905.SH,2016-04-26,6046.7734,5971.8051,6047.0641,5958.4005,5978.0772,68.6962,1.1491,56055305.0,73373212.0448
000905.SH,2016-04-27,6016.699,6051.4431,6086.3639,6005.1631,6046.7734,-30.0744,-0.4974,60731581.0,80741694.2232
000905.SH,2016-04-28,5990.3285,6014.1258,6027.1966,5888.0639,6016.699,-26.3705,-0.4383,60430701.0,79015956.8093
000905.SH,2016-04-29,5985.594,5963.9077,6018.2657,5953.131,5990.3285,-4.7345,-0.079,49704188.0,66777694.2752
000905.SH,2016-05-03,6167.4537,5991.8294,6167.7976,5960.9405,5985.594,181.8597,3.0383,75831059.0,103426188.7952
000905.SH,2016-05-04,6169.7826,6144.5691,6213.1931,6136.3005,6167.4537,2.3289,0.0378,74555740.0,105223343.9526
000905.SH,2016-05-05,6203.8166,6159.7265,6206.5295,6133.3802,6169.7826,34.034,0.5516,64558967.0,91831346.3082
000905.SH,2016-05-06,5961.489,6208.4401,6226.8759,5961.4591,6203.8166,-242.3276,-3.9061,98056918.0,130809579.2698
000905.SH,2016-05-09,5743.6473,5910.124,5910.124,5714.1191,5961.489,-217.8417,-3.6541,78233381.0,96969986.0678
000905.SH,2016-05-10,5738.8961,5728.1084,5766.1568,5697.0927,5743.6473,-4.7512,-0.0827,52657745.0,66883087.2745
000905.SH,2016-05-11,5723.4104,5770.3526,5806.4691,5700.0955,5738.8961,-15.4857,-0.2698,58011126.0,76234410.7117
000905.SH,2016-05-12,5726.4555,5647.0653,5727.5784,5559.693,5723.4104,3.0451,0.0532,58215814.0,74358072.5519
000905.SH,2016-05-13,5714.3107,5708.6277,5779.8921,5677.9415,5726.4555,-12.1448,-0.2121,53076736.0,70802834.3549
000905.SH,2016-05-16,5812.5423,5692.6051,5813.0362,5665.2063,5714.3107,98.2316,1.719,57960898.0,76918597.4083
000905.SH,2016-05-17,5790.3416,5814.1028,5853.6109,5763.5055,5812.5423,-22.2007,-0.3819,65260138.0,88432065.9606
000905.SH,2016-05-18,5631.1927,5743.0332,5743.0332,5563.0572,5790.3416,-159.1489,-2.7485,63704856.0,79484187.0053
000905.SH,2016-05-19,5666.7331,5628.7267,5729.4001,5628.6462,5631.1927,35.5404,0.6311,56438940.0,76915663.7346
000905.SH,2016-05-20,5732.9018,5619.9362,5733.2495,5600.492,5666.7331,66.1687,1.1677,55936076.0,76729349.1439
000905.SH,2016-05-23,5809.4761,5752.1453,5811.6842,5752.0785,5732.9018,76.5743,1.3357,62777792.0,85829084.6668
000905.SH,2016-05-24,5743.1782,5800.0034,5800.1706,5701.6635,5809.4761,-66.2979,-1.1412,57956416.0,76372608.1044
000905.SH,2016-05-25,5715.1834,5780.266,5803.9847,5691.6085,5743.1782,-27.9948,-0.4874,53302956.0,74090916.1171
000905.SH,2016-05-26,5744.3876,5705.0725,5744.8548,5598.6616,5715.1834,29.2042,0.511,59665727.0,79416816.2252
000905.SH,2016-05-27,5739.5897,5728.9033,5780.0682,5712.4793,5744.3876,-4.7979,-0.0835,59984704.0,80771652.2793
000905.SH,2016-05-30,5711.3152,5705.9957,5764.7614,5655.6352,5739.5897,-28.2745,-0.4926,48888003.0,65125799.19
000905.SH,2016-05-31,5947.3224,5721.8261,5947.4279,5721.8261,5711.3152,236.0072,4.1323,95238072.0,123903097.325
000905.SH,2016-06-01,5973.7799,5957.1761,6013.9035,5949.6366,5947.3224,26.4575,0.4449,94513987.0,130683567.7192
000905.SH,2016-06-02,6013.8942,5961.7154,6014.6099,5955.3472,5973.7799,40.1143,0.6715,81245308.0,108782016.8161
000905.SH,2016-06-03,6032.603,6016.9487,6062.1379,5992.3207,6013.8942,18.7088,0.3111,84843514.0,117598513.4653
000905.SH,2016-06-06,6051.8595,6051.9476,6067.4652,6008.9257,6032.603,19.2565,0.3192,73552820.0,102119302.8712
000905.SH,2016-06-07,6045.3571,6048.3198,6052.0491,6010.3535,6051.8595,-6.5024,-0.1074,69598258.0,95045442.9901
000905.SH,2016-06-08,6023.8776,6037.4133,6058.1769,5972.7439,6045.3571,-21.4795,-0.3553,73498163.0,102105515.52
000905.SH,2016-06-13,5746.4438,5943.7334,5992.3346,5745.9998,6023.8776,-277.4338,-4.6056,87139857.0,117810313.1532
000905.SH,2016-06-14,5762.7612,5723.9941,5778.8537,5700.5226,5746.4438,16.3174,0.284,62032704.0,81369911.4796
000905.SH,2016-06-15,5952.846,5701.3881,5972.8525,5692.8145,5762.7612,190.0848,3.2985,90878605.0,122434527.6491
000905.SH,2016-06-16,5930.5454,5945.4943,5979.1155,5909.6871,5952.846,-22.3006,-0.3746,96031460.0,133397133.7927
000905.SH,2016-06-17,5964.2724,5937.3204,6002.6166,5918.1931,5930.5454,33.727,0.5687,89066841.0,118152309.4057
000905.SH,2016-06-20,5985.5691,5965.8246,5994.9995,5908.4815,5964.2724,21.2967,0.3571,74530145.0,100491970.3251
000905.SH,2016-06-21,5916.8032,6023.9225,6053.4091,5888.3583,5985.5691,-68.7659,-1.1489,88140686.0,118730709.1043
000905.SH,2016-06-22,6008.8857,5901.1504,6009.0569,5895.9138,5916.8032,92.0825,1.5563,72417145.0,93026461.9135
000905.SH,2016-06-23,5978.1737,5998.6728,6015.182,5933.6833,6008.8857,-30.712,-0.5111,77979556.0,103604366.4919
000905.SH,2016-06-24,5903.6202,5967.5154,6011.3713,5748.8387,5978.1737,-74.5535,-1.2471,98419868.0,125507974.957
000905.SH,2016-06-27,6044.2191,5864.726,6044.3229,5864.6141,5903.6202,140.5989,2.3816,84047907.0,111586009.7825
000905.SH,2016-06-28,6107.5105,6018.912,6111.0708,6012.0512,6044.2191,63.2914,1.0471,94952723.0,127682933.1152
000905.SH,2016-06-29,6120.2021,6130.576,6145.0001,6100.084,6107.5105,12.6916,0.2078,93055218.0,121775346.8912
000905.SH,2016-06-30,6123.4939,6127.9892,6143.2323,6090.9036,6120.2021,3.2918,0.0538,77299661.0,103442608.0634
000905.SH,2016-07-01,6111.5385,6133.7178,6163.4256,6095.85,6123.4939,-11.9554,-0.1952,73814433.0,96454340.2207
000905.SH,2016-07-04,6231.8811,6079.5844,6240.603,6078.6278,6111.5385,120.3426,1.9691,100078191.0,125652740.5186
000905.SH,2016-07-05,6269.5046,6244.387,6276.8212,6226.2952,6231.8811,37.6235,0.6037,107928800.0,136874960.639
000905.SH,2016-07-06,6297.3969,6250.4887,6299.7335,6231.5408,6269.5046,27.8923,0.4449,95069622.0,121875951.2927
000905.SH,2016-07-07,6319.7926,6291.0571,6342.4345,6256.272,6297.3969,22.3957,0.3556,112453597.0,151625609.2109
000905.SH,2016-07-08,6299.8533,6308.0623,6337.0713,6276.8299,6319.7926,-19.9393,-0.3155,88064741.0,116856242.4816
000905.SH,2016-07-11,6312.4988,6320.0629,6387.0702,6306.1335,6299.8533,12.6455,0.2007,103662866.0,139771393.7762
000905.SH,2016-07-12,6395.1448,6309.819,6395.4352,6248.934,6312.4988,82.646,1.3092,116873788.0,148468566.389
000905.SH,2016-07-13,6446.5634,6413.8122,6456.7724,6392.3995,6395.1448,51.4186,0.804,112122081.0,143467356.7014
000905.SH,2016-07-14,6455.5827,6437.277,6458.288,6410.3989,6446.5634,9.0193,0.1399,95271581.0,124877339.0656
000905.SH,2016-07-15,6441.0159,6459.6255,6469.0454,6409.7969,6455.5827,-14.5668,-0.2256,93192904.0,120337712.8406
000905.SH,2016-07-18,6412.0731,6426.8558,6455.459,6379.0647,6441.0159,-28.9428,-0.4494,89330628.0,116299508.4394
000905.SH,2016-07-19,6431.9383,6407.0339,6431.9383,6355.4787,6412.0731,19.8652,0.3098,80961872.0,109308249.3285
000905.SH,2016-07-20,6417.9223,6429.689,6454.179,6404.1539,6431.9383,-14.016,-0.2179,74820308.0,101445290.8243
000905.SH,2016-07-21,6442.7093,6414.8007,6487.0216,6405.6019,6417.9223,24.787,0.3862,87437926.0,117363958.8339
000905.SH,2016-07-22,6390.9254,6437.8833,6448.3659,6385.2522,6442.7093,-51.7839,-0.8038,86445493.0,114814545.5598
000905.SH,2016-07-25,6408.7831,6383.5616,6441.3161,6374.2552,6390.9254,17.8577,0.2794,81090039.0,105671170.6357
000905.SH,2016-07-26,6494.4743,6410.8227,6494.7395,6410.8227,6408.7831,85.6912,1.3371,81556556.0,103166813.0429
000905.SH,2016-07-27,6229.2885,6499.3377,6515.8778,6154.4592,6494.4743,-265.1858,-4.0833,138527893.0,174673313.3754
000905.SH,2016-07-28,6243.2883,6220.9168,6273.3798,6148.8585,6229.2885,13.9998,0.2247,91318712.0,114438917.8477
000905.SH,2016-07-29,6202.8923,6239.8538,6259.1994,6183.1647,6243.2883,-40.396,-0.647,72681332.0,90326551.8002
000905.SH,2016-08-01,6109.2782,6179.2019,6179.2019,6046.4023,6202.8923,-93.6141,-1.5092,72910221.0,87691638.0339
000905.SH,2016-08-02,6168.5088,6100.7491,6168.6819,6099.2499,6109.2782,59.2306,0.9695,55805056.0,66288104.9589
000905.SH,2016-08-03,6198.3885,6154.4741,6203.6148,6140.8294,6168.5088,29.8797,0.4844,68686951.0,80885121.0457
000905.SH,2016-08-04,6238.2309,6194.2028,6245.3048,6174.2398,6198.3885,39.8424,0.6428,70556394.0,84228162.2637
000905.SH,2016-08-05,6203.2872,6231.5257,6251.3982,6202.8622,6238.2309,-34.9437,-0.5602,67543356.0,81408223.905
000905.SH,2016-08-08,6290.7562,6191.6474,6290.8999,6152.5791,6203.2872,87.469,1.41,77047880.0,87087721.7392
000905.SH,2016-08-09,6341.5497,6283.2888,6341.7233,6281.0723,6290.7562,50.7935,0.8074,78165122.0,92794683.0627
000905.SH,2016-08-10,6318.2681,6336.5359,6366.089,6314.5125,6341.5497,-23.2816,-0.3671,77197424.0,91372973.4113
000905.SH,2016-08-11,6226.3129,6304.7771,6318.9779,6226.3129,6318.2681,-91.9552,-1.4554,70684527.0,84068495.3808
000905.SH,2016-08-12,6299.0915,6218.3533,6299.0915,6204.9613,6226.3129,72.7786,1.1689,68635478.0,77608881.9556
000905.SH,2016-08-15,6442.5272,6309.4141,6451.929,6289.7246,6299.0915,143.4357,2.2771,117981468.0,136188716.932
000905.SH,2016-08-16,6468.8946,6449.9066,6488.7007,6446.2363,6442.5272,26.3674,0.4093,109712840.0,130364641.3391
000905.SH,2016-08-17,6488.3648,6462.0466,6502.1391,6437.2631,6468.8946,19.4702,0.301,95788508.0,110221545.6792
000905.SH,2016-08-18,6490.408,6485.9268,6527.1975,6466.3975,6488.3648,2.0432,0.0315,110415535.0,120247896.4864
000905.SH,2016-08-19,6499.5548,6485.7195,6516.9793,6451.612,6490.408,9.1468,0.1409,91827099.0,100807655.1476
000905.SH,2016-08-22,6420.3544,6499.7527,6508.7968,6419.5628,6499.5548,-79.2004,-1.2186,92369153.0,101907818.8361
000905.SH,2016-08-23,6428.6978,6414.9819,6448.5425,6380.915,6420.3544,8.3434,0.13,80572963.0,86882141.0201
000905.SH,2016-08-24,6435.0586,6432.8787,6466.6253,6415.6998,6428.6978,6.3608,0.0989,73862344.0,83336139.3955
000905.SH,2016-08-25,6382.5704,6398.5641,6398.5641,6312.6532,6435.0586,-52.4882,-0.8157,79722431.0,90859885.1697
000905.SH,2016-08-26,6410.7335,6395.772,6460.8679,6395.7304,6382.5704,28.1631,0.4413,74785794.0,88200838.7489
000905.SH,2016-08-29,6427.5291,6409.1178,6442.3982,6398.7765,6410.7335,16.7956,0.262,68956570.0,82355641.7662
000905.SH,2016-08-30,6425.7543,6428.9659,6459.7148,6413.7103,6427.5291,-1.7748,-0.0276,61588352.0,74080579.9136
000905.SH,2016-08-31,6434.2103,6422.8012,6441.106,6390.699,6425.7543,8.456,0.1316,65277005.0,75033509.484
000905.SH,2016-09-01,6381.4755,6434.2608,6445.4324,6380.9005,6434.2103,-52.7348,-0.8196,71886109.0,81004501.5353
000905.SH,2016-09-02,6356.9538,6371.4921,6403.5722,6320.4791,6381.4755,-24.5217,-0.3843,67506963.0,78519545.1075
000905.SH,2016-09-05,6391.7923,6372.624,6419.7461,6372.624,6356.9538,34.8385,0.548,65434639.0,76419151.2713
000905.SH,2016-09-06,6492.9722,6392.6082,6493.3473,6345.6948,6391.7923,101.1799,1.583,86826087.0,104828522.285
000905.SH,2016-09-07,6494.3159,6490.3301,6529.8114,6483.0878,6492.9722,1.3437,0.0207,93190209.0,109431482.8682
000905.SH,2016-09-08,6517.9835,6489.6169,6518.3321,6478.6477,6494.3159,23.6676,0.3644,72464135.0,87823608.4392
000905.SH,2016-09-09,6471.053,6518.6757,6539.3476,6470.9046,6517.9835,-46.9305,-0.72,78672463.0,95311303.6921
000905.SH,2016-09-12,6291.6364,6362.77,6383.8434,6283.8161,6471.053,-179.4166,-2.7726,90041756.0,104742908.9717
000905.SH,2016-09-13,6320.0315,6324.7438,6340.8722,6284.0368,6291.6364,28.3951,0.4513,68636660.0,81512867.1665
000905.SH,2016-09-14,6278.158,6286.6174,6318.2705,6260.6525,6320.0315,-41.8735,-0.6626,58319692.0,69112385.4095
000905.SH,2016-09-19,6344.181,6292.807,6344.4504,6292.807,6278.158,66.023,1.0516,54978764.0,63813913.4185
000905.SH,2016-09-20,6342.0328,6344.7056,6346.9304,6319.7623,6344.181,-2.1482,-0.0339,54505613.0,62741951.5356
000905.SH,2016-09-21,6343.7541,6342.004,6362.9993,6335.3916,6342.0328,1.7213,0.0271,50290343.0,60152141.2085
000905.SH,2016-09-22,6385.6353,6381.1565,6410.57,6377.1734,6343.7541,41.8812,0.6602,62971600.0,73959516.3423
000905.SH,2016-09-23,6370.5834,6397.3334,6402.6392,6369.2226,6385.6353,-15.0519,-0.2357,62578307.0,72046479.3646
000905.SH,2016-09-26,6241.5157,6363.9308,6364.2086,6239.8672,6370.5834,-129.0677,-2.026,72106659.0,80920791.4817
000905.SH,2016-09-27,6286.9093,6229.8183,6287.3356,6200.5654,6241.5157,45.3936,0.7273,56400533.0,63613816.9813
000905.SH,2016-09-28,6281.2838,6300.8497,6300.8497,6266.7529,6286.9093,-5.6255,-0.0895,49163262.0,55557965.8797
000905.SH,2016-09-29,6298.7911,6288.9181,6323.4158,6288.9181,6281.2838,17.5073,0.2787,50691558.0,58112818.8846
000905.SH,2016-09-30,6328.0856,6292.0797,6338.299,6289.4658,6298.7911,29.2945,0.4651,44965129.0,52590567.6555
000905.SH,2016-10-10,6447.6934,6364.5166,6447.9361,6345.331,6328.0856,119.6078,1.8901,72724035.0,87775587.3978
000905.SH,2016-10-11,6486.4254,6451.0445,6486.6499,6443.7479,6447.6934,38.732,0.6007,78850887.0,89907667.4636
000905.SH,2016-10-12,6482.7379,6463.8094,6484.0002,6452.4135,6486.4254,-3.6875,-0.0568,67718487.0,77595765.7785
000905.SH,2016-10-13,6484.831,6480.9293,6501.5569,6468.1323,6482.7379,2.0931,0.0323,68471651.0,78494098.6963
000905.SH,2016-10-14,6469.4915,6476.2612,6477.8533,6423.5788,6484.831,-15.3395,-0.2365,65860097.0,75444317.2931
000905.SH,2016-10-17,6413.1487,6478.5108,6487.6708,6394.4868,6469.4915,-56.3428,-0.8709,71704796.0,83743641.9991
000905.SH,2016-10-18,6509.2821,6409.7381,6509.2821,6409.7381,6413.1487,96.1334,1.499,73698508.0,86044533.8191
000905.SH,2016-10-19,6495.2574,6518.7373,6531.162,6476.562,6509.2821,-14.0247,-0.2155,75048807.0,87276975.3597
000905.SH,2016-10-20,6498.2375,6495.8268,6506.581,6474.7793,6495.2574,2.9801,0.0459,65574912.0,75634634.7201
000905.SH,2016-10-21,6475.2807,6498.9857,6506.6107,6424.4429,6498.2375,-22.9568,-0.3533,73195126.0,83617171.2529
000905.SH,2016-10-24,6539.4661,6479.5541,6546.7881,6472.9393,6475.2807,64.1854,0.9912,86076745.0,93119437.0365
000905.SH,2016-10-25,6563.3539,6543.4668,6563.5233,6536.9443,6539.4661,23.8878,0.3653,83923230.0,94315371.6538
000905.SH,2016-10-26,6530.3898,6561.1581,6561.2466,6511.657,6563.3539,-32.9641,-0.5022,80859244.0,91780594.7993
000905.SH,2016-10-27,6517.3594,6522.8868,6529.4679,6488.3634,6530.3898,-13.0304,-0.1995,67102997.0,76662910.7986
000905.SH,2016-10-28,6455.8349,6512.038,6536.8349,6455.1476,6517.3594,-61.5245,-0.944,70697096.0,79712066.8017
000905.SH,2016-10-31,6452.2058,6441.4348,6460.7728,6408.2731,6455.8349,-3.6291,-0.0562,60253688.0,71768415.8742
000905.SH,2016-11-01,6507.95,6456.9993,6508.3642,6450.0204,6452.2058,55.7442,0.864,62539902.0,72251174.3589
000905.SH,2016-11-02,6455.1295,6494.9803,6506.7756,6450.0506,6507.95,-52.8205,-0.8116,72299068.0,82898303.2751
000905.SH,2016-11-03,6483.7322,6442.3549,6521.0003,6436.9074,6455.1295,28.6027,0.4431,77549845.0,88683292.1536
000905.SH,2016-11-04,6462.5928,6482.6008,6502.7409,6449.5605,6483.7322,-21.1394,-0.326,70635406.0,81640501.5762
000905.SH,2016-11-07,6468.8171,6461.0006,6487.0601,6437.74,6462.5928,6.2243,0.0963,68812126.0,76326265.9178
000905.SH,2016-11-08,6503.1781,6487.6487,6518.1891,6476.4443,6468.8171,34.361,0.5312,72444878.0,78508137.4149
000905.SH,2016-11-09,6453.5718,6504.4117,6507.8648,6380.5711,6503.1781,-49.6063,-0.7628,88060102.0,96517280.987
000905.SH,2016-11-10,6536.9651,6501.6388,6538.7419,6501.6388,6453.5718,83.3933,1.2922,90625238.0,96157565.168
000905.SH,2016-11-11,6583.8864,6539.3598,6584.4097,6527.4524,6536.9651,46.9213,0.7178,110371594.0,117683140.5476
000905.SH,2016-11-14,6615.0071,6568.6594,6624.2056,6566.0537,6583.8864,31.1207,0.4727,126669343.0,129072810.2839
000905.SH,2016-11-15,6640.4616,6622.878,6641.0354,6602.2812,6615.0071,25.4545,0.3848,105110912.0,107784604.5791
000905.SH,2016-11-16,6644.1878,6647.5287,6658.4279,6630.1238,6640.4616,3.7262,0.0561,95468676.0,102794053.2032
000905.SH,2016-11-17,6636.469,6633.3099,6646.309,6596.896,6644.1878,-7.7188,-0.1162,84535312.0,87728988.7561
000905.SH,2016-11-18,6602.3265,6632.627,6643.9408,6592.8358,6636.469,-34.1425,-0.5145,81278551.0,86902679.6092
000905.SH,2016-11-21,6611.5399,6597.1749,6635.8918,6591.9754,6602.3265,9.2134,0.1395,78751844.0,90652603.5872
000905.SH,2016-11-22,6661.246,6619.8503,6661.5407,6617.0696,6611.5399,49.7061,0.7518,92177809.0,101984600.2571
000905.SH,2016-11-23,6631.1733,6668.2484,6676.6675,6617.7752,6661.246,-30.0727,-0.4515,93963240.0,103904384.9706
000905.SH,2016-11-24,6623.0489,6635.2237,6656.9659,6607.0277,6631.1733,-8.1244,-0.1225,93586299.0,104720238.9369
000905.SH,2016-11-25,6652.8177,6620.2193,6652.916,6531.3667,6623.0489,29.7688,0.4495,88934636.0,100029174.595
000905.SH,2016-11-28,6670.8035,6667.2656,6692.1415,6650.9193,6652.8177,17.9858,0.2703,95741366.0,106722283.9574
000905.SH,2016-11-29,6620.7949,6658.3551,6681.8812,6619.0387,6670.8035,-50.0086,-0.7497,101446906.0,112700270.233
000905.SH,2016-11-30,6585.5776,6605.3611,6615.921,6568.7956,6620.7949,-35.2173,-0.5319,81526813.0,91354956.7787
000905.SH,2016-12-01,6624.4657,6593.5939,6624.8511,6593.0738,6585.5776,38.8881,0.5905,77818509.0,87662536.4563
000905.SH,2016-12-02,6520.9745,6617.8743,6623.7939,6520.9745,6624.4657,-103.4912,-1.5623,81097525.0,91203225.96
000905.SH,2016-12-05,6486.0173,6462.2556,6522.5969,6451.0843,6520.9745,-34.9572,-0.5361,66821821.0,75623703.9822
000905.SH,2016-12-06,6490.8897,6496.1638,6514.0316,6484.979,6486.0173,4.8724,0.0751,52009198.0,61621652.3993
000905.SH,2016-12-07,6558.0247,6493.0029,6558.2433,6481.9199,6490.8897,67.135,1.0343,59406414.0,67819689.3951
000905.SH,2016-12-08,6527.4338,6561.7215,6562.6574,6522.9608,6558.0247,-30.5909,-0.4665,56989763.0,67589603.4206
000905.SH,2016-12-09,6513.9155,6519.3949,6534.8963,6500.2146,6527.4338,-13.5183,-0.2071,59218291.0,71500666.2857
000905.SH,2016-12-12,6249.0784,6512.959,6519.628,6241.6118,6513.9155,-264.8371,-4.0657,94736778.0,107463242.9853
000905.SH,2016-12-13,6278.1793,6235.5581,6292.8031,6190.389,6249.0784,29.1009,0.4657,65206728.0,75946019.1316
000905.SH,2016-12-14,6239.4989,6269.0808,6299.0401,6216.9508,6278.1793,-38.6804,-0.6161,68977584.0,81065251.1627
000905.SH,2016-12-15,6280.3981,6216.1446,6310.7437,6211.2733,6239.4989,40.8992,0.6555,64732973.0,75209830.3201
000905.SH,2016-12-16,6318.5239,6279.2765,6329.1906,6273.0011,6280.3981,38.1258,0.6071,62204176.0,71330845.1225
000905.SH,2016-12-19,6320.7324,6319.8574,6330.3823,6297.3666,6318.5239,2.2085,0.035,62579158.0,70180562.7334
000905.SH,2016-12-20,6300.6383,6314.6113,6315.5363,6275.3113,6320.7324,-20.0941,-0.3179,60920657.0,65544588.6911
000905.SH,2016-12-21,6347.6058,6311.0581,6348.376,6311.0581,6300.6383,46.9675,0.7454,63632870.0,70594550.2897
000905.SH,2016-12-22,6341.7879,6341.2009,6350.2726,6313.8578,6347.6058,-5.8179,-0.0917,59617207.0,64478216.4652
000905.SH,2016-12-23,6281.9966,6339.3466,6343.8546,6277.66,6341.7879,-59.7913,-0.9428,57182482.0,64218562.4882
000905.SH,2016-12-26,6294.7546,6260.3396,6295.236,6194.2656,6281.9966,12.758,0.2031,54444358.0,60864353.7194
000905.SH,2016-12-27,6288.8594,6291.6466,6311.0357,6284.0401,6294.7546,-5.8952,-0.0937,49275524.0,56430287.0951
000905.SH,2016-12-28,6270.2395,6288.7324,6295.8909,6257.1041,6288.8594,-18.6199,-0.2961,48574165.0,54961473.6371
000905.SH,2016-12-29,6252.6076,6261.8676,6286.7413,6242.9837,6270.2395,-17.6319,-0.2812,45028142.0,51113318.088
000905.SH,2016-12-30,6263.6256,6255.6201,6275.5494,6241.7188,6252.6076,11.018,0.1762,46924937.0,54554271.0359
000905.SH,2017-01-03,6320.7626,6273.8182,6320.9526,6273.7528,6263.6256,57.137,0.9122,48577791.0,57302999.275
000905.SH,2017-01-04,6394.6694,6321.7473,6395.0039,6314.1267,6320.7626,73.9068,1.1693,66739423.0,78531887.3274
000905.SH,2017-01-05,6399.2841,6391.5838,6412.8739,6385.1212,6394.6694,4.6147,0.0722,61445203.0,72267790.9805
000905.SH,2017-01-06,6371.6168,6398.8633,6401.7389,6364.8875,6399.2841,-27.6673,-0.4323,64902473.0,73723002.4441
000905.SH,2017-01-09,6415.4176,6365.3886,6415.4682,6357.3566,6371.6168,43.8008,0.6874,63979031.0,74310358.1807
000905.SH,2017-01-10,6393.9283,6412.7619,6428.834,6388.9201,6415.4176,-21.4893,-0.335,68210684.0,76722142.9331
000905.SH,2017-01-11,6331.9638,6381.7048,6402.8989,6331.5065,6393.9283,-61.9645,-0.9691,62843359.0,68331890.9088
000905.SH,2017-01-12,6272.851,6325.6232,6339.3218,6269.199,6331.9638,-59.1128,-0.9336,53433634.0,57259476.3747
000905.SH,2017-01-13,6194.6575,6272.7899,6282.7162,6182.1048,6272.851,-78.1935,-1.2465,53611484.0,58444907.2787
000905.SH,2017-01-16,6031.2414,6184.1292,6184.3369,5872.3953,6194.6575,-163.4161,-2.638,78958348.0,82148409.4792
000905.SH,2017-01-17,6082.0657,6006.0795,6082.2006,5957.0439,6031.2414,50.8243,0.8427,50540898.0,54018905.7617
000905.SH,2017-01-18,6068.593,6067.1677,6098.7843,6049.9691,6082.0657,-13.4727,-0.2215,46142180.0,48404585.9748
000905.SH,2017-01-19,6043.675,6054.7251,6074.4639,6029.6401,6068.593,-24.918,-0.4106,44419616.0,45854100.3791
000905.SH,2017-01-20,6121.9983,6037.5604,6129.5799,6034.9691,6043.675,78.3233,1.296,45717354.0,49013086.1598
000905.SH,2017-01-23,6172.1671,6130.4404,6189.1736,6130.1951,6121.9983,50.1688,0.8195,50389736.0,52727412.7592
000905.SH,2017-01-24,6165.2642,6167.8403,6177.2076,6154.0678,6172.1671,-6.9029,-0.1118,50127803.0,49571128.6043
000905.SH,2017-01-25,6179.5681,6156.7761,6187.4333,6152.1441,6165.2642,14.3039,0.232,42974288.0,43740185.0102
000905.SH,2017-01-26,6223.7061,6183.1588,6224.1897,6183.1588,6179.5681,44.138,0.7143,40542477.0,41944886.9869
000905.SH,2017-02-03,6207.0921,6227.4615,6231.6039,6190.8278,6223.7061,-16.614,-0.2669,35541491.0,37929189.8745
000905.SH,2017-02-06,6259.2471,6206.5352,6259.4103,6195.4953,6207.0921,52.155,0.8402,45755656.0,50034776.9413
000905.SH,2017-02-07,6255.927,6254.2002,6269.4606,6223.5399,6259.2471,-3.3201,-0.053,50928232.0,53950802.8902
000905.SH,2017-02-08,6291.5977,6248.4708,6291.7658,6219.0209,6255.927,35.6707,0.5702,53885119.0,57742142.0413
000905.SH,2017-02-09,6331.1771,6288.8842,6331.3294,6285.7284,6291.5977,39.5794,0.6291,72722329.0,74903715.8644
000905.SH,2017-02-10,6337.1081,6329.6825,6350.3394,6320.2482,6331.1771,5.931,0.0937,89377139.0,87202785.397
000905.SH,2017-02-13,6369.6526,6341.7267,6370.2071,6331.9619,6337.1081,32.5445,0.5136,83765054.0,84625077.1634
000905.SH,2017-02-14,6374.8852,6366.937,6378.0622,6346.5932,6369.6526,5.2326,0.0821,76068629.0,75879186.2133
000905.SH,2017-02-15,6311.6959,6367.6437,6379.7876,6301.0125,6374.8852,-63.1893,-0.9912,84076607.0,84745249.6931
000905.SH,2017-02-16,6359.3361,6308.3181,6363.8696,6306.5107,6311.6959,47.6402,0.7548,75074581.0,75785517.2606
000905.SH,2017-02-17,6307.1627,6356.0922,6365.6958,6300.51,6359.3361,-52.1734,-0.8204,79079952.0,80705736.0693
000905.SH,2017-02-20,6385.0625,6307.2342,6385.0625,6307.2342,6307.1627,77.8998,1.2351,74126636.0,80325702.7311
000905.SH,2017-02-21,6434.4383,6390.508,6434.5346,6386.904,6385.0625,49.3758,0.7733,78896901.0,86222033.428
000905.SH,2017-02-22,6474.225,6432.7507,6474.4899,6431.4088,6434.4383,39.7867,0.6183,87525641.0,95597767.1224
000905.SH,2017-02-23,6473.993,6470.617,6482.2481,6435.7455,6474.225,-0.232,-0.0036,89366678.0,99277240.1436
000905.SH,2017-02-24,6476.1655,6466.1821,6477.4217,6445.0669,6473.993,2.1725,0.0336,76258127.0,85426215.4403
000905.SH,2017-02-27,6424.2549,6476.376,6480.1867,6417.7848,6476.1655,-51.9106,-0.8016,72245010.0,81011815.1353
000905.SH,2017-02-28,6450.9701,6424.9954,6451.2916,6414.7839,6424.2549,26.7152,0.4158,63031126.0,71170206.5001
000905.SH,2017-03-01,6467.6385,6446.4356,6488.8245,6440.8074,6450.9701,16.6684,0.2584,72479671.0,83177653.1485
000905.SH,2017-03-02,6434.6262,6476.1055,6484.1156,6431.4355,6467.6385,-33.0123,-0.5104,72064172.0,84092921.4919
000905.SH,2017-03-03,6452.839,6417.3888,6457.228,6398.8848,6434.6262,18.2128,0.283,65253253.0,78891589.1247
000905.SH,2017-03-06,6517.3235,6457.5928,6518.0421,6457.5928,6452.839,64.4845,0.9993,67277672.0,83853156.1414
000905.SH,2017-03-07,6523.1868,6517.8451,6523.3598,6491.2635,6517.3235,5.8633,0.09,68534915.0,82330583.7047
000905.SH,2017-03-08,6497.0878,6519.9741,6525.1932,6478.5482,6523.1868,-26.099,-0.4001,63067369.0,75049470.1414
000905.SH,2017-03-09,6439.3822,6484.5815,6484.8275,6425.0028,6497.0878,-57.7056,-0.8882,64238982.0,73949329.0672
000905.SH,2017-03-10,6447.9165,6436.7583,6464.6026,6436.6388,6439.3822,8.5343,0.1325,56359929.0,69999414.8965
000905.SH,2017-03-13,6507.8964,6444.5584,6508.0665,6412.708,6447.9165,59.9799,0.9302,64912430.0,81201111.0689
000905.SH,2017-03-14,6493.4846,6508.369,6518.7786,6480.0806,6507.8964,-14.4118,-0.2215,60271995.0,74548113.2774
000905.SH,2017-03-15,6486.0616,6486.3,6499.5423,6471.7207,6493.4846,-7.423,-0.1143,55750085.0,69104007.2806
000905.SH,2017-03-16,6543.3407,6499.8323,6543.3407,6499.8323,6486.0616,57.2791,0.8831,68654619.0,84809251.0313
000905.SH,2017-03-17,6483.2463,6543.5573,6555.5786,6480.2914,6543.3407,-60.0944,-0.9184,73063706.0,89911150.4686
000905.SH,2017-03-20,6498.3416,6484.5404,6498.5658,6451.354,6483.2463,15.0953,0.2328,61644783.0,76363964.9791
000905.SH,2017-03-21,6515.9458,6494.7728,6516.0101,6484.687,6498.3416,17.6042,0.2709,58995042.0,75784024.7567
000905.SH,2017-03-22,6499.7928,6486.3011,6514.6285,6459.975,6515.9458,-16.153,-0.2479,72273366.0,88332148.3279
000905.SH,2017-03-23,6512.1874,6502.1273,6533.6523,6445.8112,6499.7928,12.3946,0.1907,76911147.0,95665083.6425
000905.SH,2017-03-24,6546.615,6509.2327,6552.7481,6500.0657,6512.1874,34.4276,0.5287,83547822.0,99764242.487
000905.SH,2017-03-27,6516.0326,6545.4462,6555.7939,6510.4398,6546.615,-30.5824,-0.4671,77482737.0,91609824.4498
000905.SH,2017-03-28,6498.6902,6509.0377,6519.0858,6483.6403,6516.0326,-17.3424,-0.2661,61262114.0,74546542.3374
000905.SH,2017-03-29,6480.543,6504.2455,6522.5117,6461.5358,6498.6902,-18.1472,-0.2792,85614048.0,94145712.4532
000905.SH,2017-03-30,6375.7437,6467.063,6471.935,6369.1202,6480.543,-104.7993,-1.6171,96512724.0,102559153.0206
000905.SH,2017-03-31,6401.6479,6374.565,6402.2179,6365.4474,6375.7437,25.9042,0.4063,72082772.0,81869918.4119
000905.SH,2017-04-05,6539.9665,6450.8955,6539.9665,6450.8955,6401.6479,138.3186,2.1607,97014978.0,110261623.5951
000905.SH,2017-04-06,6559.6526,6554.7454,6569.7021,6535.0376,6539.9665,19.6861,0.301,97471135.0,106538080.0965
000905.SH,2017-04-07,6578.726,6554.2567,6593.949,6544.2362,6559.6526,19.0734,0.2908,100596671.0,115145780.0258
000905.SH,2017-04-10,6566.5441,6575.4597,6595.1986,6556.0781,6578.726,-12.1819,-0.1852,102529323.0,117949775.7253
000905.SH,2017-04-11,6629.1661,6566.84,6631.9963,6531.5307,6566.5441,62.622,0.9537,127738048.0,148200620.5892
000905.SH,2017-04-12,6576.4761,6625.8795,6626.761,6571.4755,6629.1661,-52.69,-0.7948,114173027.0,125634063.3955
000905.SH,2017-04-13,6615.7042,6569.2398,6627.702,6562.7621,6576.4761,39.2281,0.5965,87711440.0,95722060.5607
000905.SH,2017-04-14,6528.1624,6623.4544,6623.8014,6522.7905,6615.7042,-87.5418,-1.3232,97511151.0,107518934.1052
000905.SH,2017-04-17,6456.598,6500.9489,6502.036,6426.2797,6528.1624,-71.5644,-1.0962,87532207.0,99323748.1465
000905.SH,2017-04-18,6418.2114,6452.918,6491.8082,6416.1723,6456.598,-38.3866,-0.5945,80185641.0,91417770.8765
000905.SH,2017-04-19,6350.6465,6390.3311,6401.4112,6285.9903,6418.2114,-67.5649,-1.0527,87000447.0,95577254.2091
000905.SH,2017-04-20,6347.7732,6349.4075,6377.8003,6299.8941,6350.6465,-2.8733,-0.0452,79174157.0,92055492.6811
000905.SH,2017-04-21,6300.7128,6345.7705,6364.6737,6296.8103,6347.7732,-47.0604,-0.7414,60871101.0,72187532.6361
000905.SH,2017-04-24,6138.5049,6282.331,6282.7398,6137.9201,6300.7128,-162.2079,-2.5744,70771368.0,78586553.2766
000905.SH,2017-04-25,6160.4612,6139.4842,6203.6818,6131.9512,6138.5049,21.9563,0.3577,64657729.0,73714024.6186
000905.SH,2017-04-26,6176.3981,6159.8926,6195.3247,6157.3991,6160.4612,15.9369,0.2587,69746029.0,81432873.56
000905.SH,2017-04-27,6192.3044,6157.5184,6205.2293,6052.8806,6176.3981,15.9063,0.2575,89357789.0,101691925.1768
000905.SH,2017-04-28,6211.8624,6174.142,6214.1617,6166.7979,6192.3044,19.558,0.3158,66769167.0,76705995.6043
000905.SH,2017-05-02,6216.115,6205.1005,6216.4949,6186.1678,6211.8624,4.2526,0.0685,70289003.0,83553106.4353
000905.SH,2017-05-03,6197.4779,6205.6817,6225.6265,6174.6918,6216.115,-18.6371,-0.2998,72475447.0,85574278.1983
000905.SH,2017-05-04,6176.3053,6180.0292,6236.8865,6151.8088,6197.4779,-21.1726,-0.3416,77413513.0,89915586.3614
000905.SH,2017-05-05,6089.6828,6155.1974,6164.2461,6089.0909,6176.3053,-86.6225,-1.4025,71551996.0,81292488.3296
000905.SH,2017-05-08,5975.5395,6076.458,6083.362,5975.2213,6089.6828,-114.1433,-1.8744,67182555.0,76311198.2339
000905.SH,2017-05-09,6012.0016,5953.8391,6012.4429,5919.5993,5975.5395,36.4621,0.6102,54726993.0,62722952.7189
000905.SH,2017-05-10,5885.841,6010.7303,6038.9734,5885.5213,6012.0016,-126.1606,-2.0985,62645660.0,71467192.5544
000905.SH,2017-05-11,5872.6391,5856.4147,5873.9064,5731.4825,5885.841,-13.2019,-0.2243,73054314.0,77588395.7486
000905.SH,2017-05-12,5863.7832,5859.3374,5889.93,5820.2939,5872.6391,-8.8559,-0.1508,56685628.0,62606811.8621
000905.SH,2017-05-15,5893.5075,5880.6961,5912.2661,5880.6961,5863.7832,29.7243,0.5069,49725933.0,58911836.3088
000905.SH,2017-05-16,6014.7344,5882.3298,6014.8806,5839.2197,5893.5075,121.2269,2.057,73426616.0,84036099.3087
000905.SH,2017-05-17,6027.6504,6006.4691,6055.9183,6001.0394,6014.7344,12.916,0.2147,73146909.0,84588690.9094
000905.SH,2017-05-18,5976.2998,5983.3497,6030.109,5965.3503,6027.6504,-51.3506,-0.8519,60062125.0,70971740.7901
000905.SH,2017-05-19,5974.9772,5973.768,5990.4353,5942.6096,5976.2998,-1.3226,-0.0221,55068152.0,64668962.9013
000905.SH,2017-05-22,5888.8127,5962.2861,5987.3066,5873.0412,5974.9772,-86.1645,-1.4421,60894139.0,66101127.9996
000905.SH,2017-05-23,5764.8759,5879.5592,5893.816,5760.3248,5888.8127,-123.9368,-2.1046,64918647.0,70779450.1693
000905.SH,2017-05-24,5799.2499,5740.4428,5799.6834,5668.7221,5764.8759,34.374,0.5963,58130847.0,62845340.5377
000905.SH,2017-05-25,5850.8006,5788.5567,5859.5019,5740.7985,5799.2499,51.5507,0.8889,70683957.0,75351887.9544
000905.SH,2017-05-26,5836.9338,5843.5212,5871.2139,5833.0876,5850.8006,-13.8668,-0.237,59256199.0,65692499.0362
000905.SH,2017-05-31,5824.1042,5887.9405,5913.1835,5820.2063,5836.9338,-12.8296,-0.2198,58477769.0,66221305.6943
000905.SH,2017-06-01,5709.9994,5810.4191,5810.5989,5709.6885,5824.1042,-114.1048,-1.9592,60278905.0,65490263.8883
000905.SH,2017-06-02,5772.5174,5696.8285,5780.5015,5655.762,5709.9994,62.518,1.0949,58868847.0,61562500.6972
000905.SH,2017-06-05,5815.8022,5778.1891,5830.0525,5777.9509,5772.5174,43.2848,0.7498,54333292.0,59775835.9631
000905.SH,2017-06-06,5841.5232,5808.9716,5841.8803,5793.4367,5815.8022,25.721,0.4423,48781500.0,53237820.7221
000905.SH,2017-06-07,5955.0153,5838.8814,5955.0236,5836.4411,5841.5232,113.4921,1.9429,74666059.0,81742004.6151
000905.SH,2017-06-08,5958.977,5947.975,5972.7277,5940.7235,5955.0153,3.9617,0.0665,66506547.0,74753009.5045
000905.SH,2017-06-09,5969.2741,5952.4061,5971.5251,5922.7285,5958.977,10.2971,0.1728,62109874.0,69574732.8863
000905.SH,2017-06-12,5902.8551,5943.6443,5950.0431,5896.4049,5969.2741,-66.419,-1.1127,60359675.0,70214585.1169
000905.SH,2017-06-13,5980.0566,5895.4692,5986.8692,5894.2253,5902.8551,77.2015,1.3079,60424169.0,70753185.2241
000905.SH,2017-06-14,5966.4314,5976.0141,5992.7818,5958.2003,5980.0566,-13.6252,-0.2278,60926963.0,71476434.1796
000905.SH,2017-06-15,6021.1651,5959.4746,6024.3764,5959.1892,5966.4314,54.7337,0.9174,64991110.0,73277153.5139
000905.SH,2017-06-16,6012.9996,6016.9727,6027.395,6003.2623,6021.1651,-8.1655,-0.1356,56912596.0,66287703.8737
000905.SH,2017-06-19,6057.4115,6010.9392,6057.4115,6009.2243,6012.9996,44.4119,0.7386,59231585.0,67315215.2237
000905.SH,2017-06-20,6066.9046,6061.1098,6089.8121,6058.6882,6057.4115,9.4931,0.1567,66122408.0,77790508.8798
000905.SH,2017-06-21,6078.1925,6074.6095,6080.5326,6035.2737,6066.9046,11.2879,0.1861,56730429.0,66856678.6812
000905.SH,2017-06-22,5992.3352,6074.3663,6094.5533,5992.3352,6078.1925,-85.8573,-1.4125,69225641.0,82350322.6358
000905.SH,2017-06-23,6010.3137,5978.2385,6010.3137,5923.5507,5992.3352,17.9785,0.3,63505124.0,73951244.9909
000905.SH,2017-06-26,6111.6406,6013.4788,6111.707,6011.8591,6010.3137,101.3269,1.6859,69846178.0,86328092.2678
000905.SH,2017-06-27,6113.1658,6109.3701,6128.3768,6089.6802,6111.6406,1.5252,0.025,62316849.0,75563273.7731
000905.SH,2017-06-28,6086.2112,6102.2283,6110.3484,6075.1424,6113.1658,-26.9546,-0.4409,60479482.0,71450336.2153
000905.SH,2017-06-29,6116.9932,6089.9202,6132.2451,6089.9202,6086.2112,30.782,0.5058,58035289.0,70846315.0316
000905.SH,2017-06-30,6138.1556,6101.3648,6139.0677,6090.2523,6116.9932,21.1624,0.346,53521223.0,66361720.1804
000905.SH,2017-07-03,6177.3953,6142.1711,6177.3953,6129.8406,6138.1556,39.2397,0.6393,63825322.0,74248241.2197
000905.SH,2017-07-04,6146.8527,6169.0335,6170.852,6134.8792,6177.3953,-30.5426,-0.4944,63114196.0,76708822.6951
000905.SH,2017-07-05,6193.9641,6135.713,6193.9641,6127.5143,6146.8527,47.1114,0.7664,68621638.0,83041215.5527
000905.SH,2017-07-06,6201.6535,6187.4304,6211.9654,6149.9308,6193.9641,7.6894,0.1241,82871814.0,97626267.7799
000905.SH,2017-07-07,6226.0108,6182.4538,6229.8309,6176.7431,6201.6535,24.3573,0.3928,79328307.0,93885482.3377
000905.SH,2017-07-10,6206.5568,6221.5252,6236.2921,6189.0004,6226.0108,-19.454,-0.3125,90370999.0,104581745.9161
000905.SH,2017-07-11,6128.9942,6194.6164,6202.2032,6128.9942,6206.5568,-77.5626,-1.2497,76982330.0,90795353.5297
000905.SH,2017-07-12,6132.9922,6124.9574,6143.7984,6050.6501,6128.9942,3.998,0.0652,75579501.0,89554635.9632
000905.SH,2017-07-13,6149.9337,6134.7513,6172.6827,6124.3599,6132.9922,16.9415,0.2762,79136009.0,96251741.9786
000905.SH,2017-07-14,6128.7397,6143.3257,6143.4587,6107.9089,6149.9337,-21.194,-0.3446,66386360.0,80743682.3092
000905.SH,2017-07-17,5876.4592,6108.452,6108.452,5860.78,6128.7397,-252.2805,-4.1164,101536169.0,113040983.147
000905.SH,2017-07-18,5938.4342,5854.072,5938.4342,5842.9557,5876.4592,61.975,1.0546,76564323.0,83831518.5287
000905.SH,2017-07-19,6059.3582,5928.0076,6059.5323,5917.6696,5938.4342,120.924,2.0363,102901914.0,108845290.784
000905.SH,2017-07-20,6099.2835,6052.5111,6120.1918,6046.4096,6059.3582,39.9253,0.6589,93828770.0,105755231.4865
000905.SH,2017-07-21,6126.1083,6089.6581,6136.9731,6080.5615,6099.2835,26.8248,0.4398,83132654.0,97182317.7204
000905.SH,2017-07-24,6167.1282,6121.3267,6171.8185,6117.2961,6126.1083,41.0199,0.6696,97299924.0,114327774.2397
000905.SH,2017-07-25,6153.5984,6159.4123,6170.6462,6113.5608,6167.1282,-13.5298,-0.2194,89224304.0,102685759.9832
000905.SH,2017-07-26,6146.7028,6151.8543,6162.8805,6111.038,6153.5984,-6.8956,-0.1121,88753495.0,105711416.1312
000905.SH,2017-07-27,6184.0207,6136.9603,6192.9383,6105.962,6146.7028,37.3179,0.6071,104005538.0,121283201.4187
000905.SH,2017-07-28,6215.4633,6170.6584,6229.0561,6165.9919,6184.0207,31.4426,0.5084,86467879.0,104848546.5125
000905.SH,2017-07-31,6298.0004,6214.6567,6299.8004,6208.461,6215.4633,82.5371,1.3279,113331066.0,129773218.2651
000905.SH,2017-08-01,6286.5362,6293.0559,6299.1562,6261.2848,6298.0004,-11.4642,-0.182,101081557.0,116917914.7189
000905.SH,2017-08-02,6251.8627,6289.2453,6313.5062,6248.3556,6286.5362,-34.6735,-0.5516,114012011.0,132732752.8038
000905.SH,2017-08-03,6261.9676,6240.1518,6288.4352,6236.66,6251.8627,10.1049,0.1616,100159939.0,113164040.2467
000905.SH,2017-08-04,6225.1151,6258.8472,6297.1163,6224.2026,6261.9676,-36.8525,-0.5885,125888386.0,140098302.3541
000905.SH,2017-08-07,6303.4209,6227.5184,6304.2674,6217.2893,6225.1151,78.3058,1.2579,108572316.0,114075085.9782
000905.SH,2017-08-08,6303.716,6302.0261,6322.4694,6281.6178,6303.4209,0.2951,0.0047,120380437.0,131243284.6085
000905.SH,2017-08-09,6340.022,6296.115,6340.3754,6285.0247,6303.716,36.306,0.5759,115347648.0,123988807.1177
000905.SH,2017-08-10,6289.2174,6322.8308,6341.4803,6246.658,6340.022,-50.8046,-0.8013,112699470.0,127938266.1719
000905.SH,2017-08-11,6161.1903,6242.4877,6275.8931,6153.6005,6289.2174,-128.0271,-2.0357,117860616.0,131559160.7835
000905.SH,2017-08-14,6292.6418,6165.1298,6293.3517,6165.1298,6161.1903,131.4515,2.1335,89845023.0,113335483.0193
000905.SH,2017-08-15,6314.7608,6291.1835,6316.1989,6283.5442,6292.6418,22.119,0.3515,82603663.0,107585954.4055
000905.SH,2017-08-16,6318.7986,6307.1705,6323.5599,6268.1876,6314.7608,4.0378,0.0639,89617698.0,113207847.055
000905.SH,2017-08-17,6366.034,6327.0275,6366.2517,6312.8892,6318.7986,47.2354,0.7475,98724886.0,119456888.9125
000905.SH,2017-08-18,6347.7557,6324.8974,6361.9716,6313.1511,6366.034,-18.2783,-0.2871,91174554.0,111490643.5281
000905.SH,2017-08-21,6403.7803,6354.0964,6404.0497,6354.0107,6347.7557,56.0246,0.8826,86521795.0,105733629.8781
000905.SH,2017-08-22,6375.9814,6396.9258,6398.5649,6362.4094,6403.7803,-27.7989,-0.4341,89100166.0,116758431.356
000905.SH,2017-08-23,6322.7819,6359.7757,6371.3,6310.0102,6375.9814,-53.1995,-0.8344,75609851.0,94213289.8839
000905.SH,2017-08-24,6278.59,6322.6281,6329.0305,6267.2324,6322.7819,-44.1919,-0.6989,67567586.0,86463516.8637
000905.SH,2017-08-25,6346.5305,6274.3511,6358.8868,6274.3511,6278.59,67.9405,1.0821,75549727.0,94698935.464
000905.SH,2017-08-28,6424.5841,6348.87,6442.3999,6348.87,6346.5305,78.0536,1.2299,94893401.0,123347859.4632
000905.SH,2017-08-29,6408.1567,6420.5677,6439.0793,6393.4761,6424.5841,-16.4274,-0.2557,87704097.0,111434485.5311
000905.SH,2017-08-30,6453.4636,6405.8963,6462.7571,6405.8963,6408.1567,45.3069,0.707,95559661.0,115513787.2874
000905.SH,2017-08-31,6470.4259,6451.517,6470.9433,6429.7427,6453.4636,16.9623,0.2628,91029169.0,110910641.361
000905.SH,2017-09-01,6526.5046,6472.9476,6530.8989,6466.1264,6470.4259,56.0787,0.8667,121117192.0,140862432.1422
000905.SH,2017-09-04,6564.6804,6530.5086,6566.1014,6519.7882,6526.5046,38.1758,0.5849,119984025.0,143876861.3524
000905.SH,2017-09-05,6571.8591,6561.6726,6576.5616,6528.1132,6564.6804,7.1787,0.1094,95232077.0,120125205.0546
000905.SH,2017-09-06,6607.1176,6550.0614,6610.7452,6540.8253,6571.8591,35.2585,0.5365,105478233.0,136238488.0461
000905.SH,2017-09-07,6558.5963,6601.3433,6614.1021,6553.6993,6607.1176,-48.5213,-0.7344,107061807.0,133940730.8998
000905.SH,2017-09-08,6574.1826,6554.6011,6599.132,6537.0408,6558.5963,15.5863,0.2376,93851593.0,120912386.8102
000905.SH,2017-09-11,6649.6276,6579.8857,6650.1193,6566.2776,6574.1826,75.445,1.1476,102547400.0,134674487.5256
000905.SH,2017-09-12,6644.0118,6659.8017,6715.3935,6628.8825,6649.6276,-5.6158,-0.0845,141880275.0,190294359.5909
000905.SH,2017-09-13,6684.3798,6635.1693,6684.8593,6630.5032,6644.0118,40.368,0.6076,104722437.0,136521604.4838
000905.SH,2017-09-14,6672.1849,6683.4734,6701.691,6643.5877,6684.3798,-12.1949,-0.1824,113966782.0,145426308.3386
000905.SH,2017-09-15,6622.0438,6661.5211,6663.5099,6603.7281,6672.1849,-50.1411,-0.7515,109384234.0,134077144.2156
000905.SH,2017-09-18,6669.4548,6616.1288,6669.4548,6616.1288,6622.0438,47.411,0.716,88850597.0,110670656.8172
000905.SH,2017-09-19,6636.0201,6670.9661,6681.2538,6611.7512,6669.4548,-33.4347,-0.5013,93518721.0,117508671.7502
000905.SH,2017-09-20,6692.4724,6627.6924,6692.712,6613.6567,6636.0201,56.4523,0.8507,101972486.0,126534090.0968
000905.SH,2017-09-21,6612.0456,6684.6496,6687.1159,6612.0456,6692.4724,-80.4268,-1.2018,98937493.0,121143624.3541
000905.SH,2017-09-22,6572.0096,6591.1499,6592.8847,6547.2774,6612.0456,-40.036,-0.6055,85236469.0,103274189.3891
000905.SH,2017-09-25,6489.8441,6560.1354,6567.9978,6484.2077,6572.0096,-82.1655,-1.2502,77829250.0,97438346.1651
000905.SH,2017-09-26,6520.7175,6484.3412,6520.7175,6482.2856,6489.8441,30.8734,0.4757,67765945.0,82514551.8205
000905.SH,2017-09-27,6583.1401,6523.4951,6589.7354,6522.2036,6520.7175,62.4226,0.9573,75171272.0,94752430.7627
000905.SH,2017-09-28,6567.7915,6577.4321,6599.127,6565.8825,6583.1401,-15.3486,-0.2332,74625892.0,94419077.2166
000905.SH,2017-09-29,6603.2587,6572.4498,6611.6531,6572.4498,6567.7915,35.4672,0.54,70936294.0,91769780.4778
000905.SH,2017-10-09,6678.371,6682.5774,6696.6664,6657.5305,6603.2587,75.1123,1.1375,86419669.0,110668639.5572
000905.SH,2017-10-10,6705.4812,6677.3723,6705.7177,6658.8617,6678.371,27.1102,0.4059,87005186.0,111479285.7555
000905.SH,2017-10-11,6666.4696,6702.6899,6703.5828,6661.0883,6705.4812,-39.0116,-0.5818,90746053.0,120911021.2655
000905.SH,2017-10-12,6659.0957,6658.1296,6674.3844,6611.9745,6666.4696,-7.3739,-0.1106,77960962.0,99226610.3005
000905.SH,2017-10-13,6709.8164,6660.0264,6711.9305,6659.8792,6659.0957,50.7207,0.7617,72925621.0,94892307.5931
000905.SH,2017-10-16,6619.2056,6709.8738,6709.8738,6609.6192,6709.8164,-90.6108,-1.3504,85871048.0,109216606.9505
000905.SH,2017-10-17,6612.9428,6604.33,6644.7522,6589.5417,6619.2056,-6.2628,-0.0946,59419247.0,78773100.8315
000905.SH,2017-10-18,6563.4369,6612.4885,6630.6685,6557.6601,6612.9428,-49.5059,-0.7486,73370966.0,88963265.926
000905.SH,2017-10-19,6501.3999,6553.8676,6562.3529,6494.731,6563.4369,-62.037,-0.9452,72615790.0,85253455.8674
000905.SH,2017-10-20,6571.424,6489.7895,6571.442,6485.8051,6501.3999,70.0241,1.0771,60479316.0,77533389.3105
000905.SH,2017-10-23,6612.7637,6569.7861,6613.031,6562.9058,6571.424,41.3397,0.6291,60481953.0,79350010.2167
000905.SH,2017-10-24,6603.0042,6605.5206,6605.8991,6556.3449,6612.7637,-9.7595,-0.1476,59171314.0,78606997.1715
000905.SH,2017-10-25,6647.892,6596.7906,6648.3874,6593.0745,6603.0042,44.8878,0.6798,58646902.0,80183428.2578
000905.SH,2017-10-26,6671.9288,6639.8865,6686.1192,6630.9745,6647.892,24.0368,0.3616,74905894.0,104752208.9373
000905.SH,2017-10-27,6630.8067,6664.4291,6673.4661,6622.1242,6671.9288,-41.1221,-0.6163,67921141.0,90443686.9269
000905.SH,2017-10-30,6511.7616,6621.7788,6629.3003,6460.0478,6630.8067,-119.0451,-1.7953,83764175.0,109249594.174
000905.SH,2017-10-31,6560.2054,6496.6865,6560.2533,6496.6865,6511.7616,48.4438,0.7439,62261436.0,88141843.0936
000905.SH,2017-11-01,6552.9545,6559.5217,6586.1324,6547.8498,6560.2054,-7.2509,-0.1105,64632776.0,92988635.1626
000905.SH,2017-11-02,6484.9258,6541.6099,6541.6099,6476.3728,6552.9545,-68.0287,-1.0381,67552347.0,90871972.5584
000905.SH,2017-11-03,6426.9799,6477.8238,6491.0479,6395.4575,6484.9258,-57.9459,-0.8935,68257102.0,89315916.5214
000905.SH,2017-11-06,6511.0958,6432.0743,6512.1347,6408.3599,6426.9799,84.1159,1.3088,66717600.0,93924410.6754
000905.SH,2017-11-07,6551.9363,6508.2062,6552.2591,6498.3931,6511.0958,40.8405,0.6272,72377674.0,97329814.7112
000905.SH,2017-11-08,6561.6897,6544.59,6601.4665,6534.1588,6551.9363,9.7534,0.1489,73806798.0,101625899.4777
000905.SH,2017-11-09,6611.3517,6562.3584,6611.3856,6558.4895,6561.6897,49.662,0.7568,68818466.0,93514199.7651
000905.SH,2017-11-10,6641.2164,6599.6498,6647.228,6593.033,6611.3517,29.8647,0.4517,80012497.0,112205348.0306
000905.SH,2017-11-13,6671.2054,6644.6915,6671.2557,6624.671,6641.2164,29.989,0.4516,84596712.0,122270419.6579
000905.SH,2017-11-14,6614.5136,6664.6121,6673.7496,6588.2531,6671.2054,-56.6918,-0.8498,84749061.0,120407808.3689
000905.SH,2017-11-15,6537.6563,6592.7575,6603.5083,6505.9924,6614.5136,-76.8573,-1.1619,73949181.0,107724900.8243
000905.SH,2017-11-16,6558.3085,6529.3137,6570.2755,6511.9028,6537.6563,20.6522,0.3159,67940159.0,97928408.0325
000905.SH,2017-11-17,6361.9415,6549.2242,6555.7461,6359.5177,6558.3085,-196.367,-2.9942,89018972.0,115827869.4907
000905.SH,2017-11-20,6433.1702,6330.9046,6433.7791,6239.3207,6361.9415,71.2287,1.1196,70066705.0,95164685.5569
000905.SH,2017-11-21,6456.352,6420.3884,6473.7012,6397.3583,6433.1702,23.1818,0.3603,67754580.0,97778880.4447
000905.SH,2017-11-22,6439.4419,6456.324,6483.6282,6391.4563,6456.352,-16.9101,-0.2619,70895924.0,99818243.0076
000905.SH,2017-11-23,6274.5116,6427.5761,6427.5761,6274.5116,6439.4419,-164.9303,-2.5613,75009732.0,104105221.5454
000905.SH,2017-11-24,6278.0287,6250.0573,6307.8896,6243.9629,6274.5116,3.5171,0.0561,59049056.0,82258346.1395
000905.SH,2017-11-27,6194.5522,6269.2264,6279.5884,6186.0337,6278.0287,-83.4765,-1.3297,59407491.0,78092823.0012
000905.SH,2017-11-28,6299.3122,6188.089,6299.3122,6188.089,6194.5522,104.76,1.6912,56478234.0,71418772.7025
000905.SH,2017-11-29,6318.3684,6293.246,6329.1768,6245.0599,6299.3122,19.0562,0.3025,76563915.0,94409003.3416
000905.SH,2017-11-30,6263.421,6303.9177,6322.0435,6248.1826,6318.3684,-54.9474,-0.8696,60883355.0,77704182.8444
000905.SH,2017-12-01,6316.4072,6259.9562,6323.8353,6256.2283,6263.421,52.9862,0.846,54746282.0,72064723.3672
000905.SH,2017-12-04,6279.6206,6311.2164,6334.8705,6272.6686,6316.4072,-36.7866,-0.5824,60188169.0,79301552.9718
000905.SH,2017-12-05,6132.912,6265.7867,6279.3926,6099.4066,6279.6206,-146.7086,-2.3363,69690232.0,87408924.5974
000905.SH,2017-12-06,6172.8031,6116.1611,6173.3507,6053.2411,6132.912,39.8911,0.6504,60267213.0,74993647.698
000905.SH,2017-12-07,6135.4702,6156.3505,6182.7533,6130.8335,6172.8031,-37.3329,-0.6048,53097972.0,69245091.4494
000905.SH,2017-12-08,6203.1433,6128.1209,6217.5728,6126.3771,6135.4702,67.6731,1.103,55579244.0,72390389.0482
000905.SH,2017-12-11,6286.1656,6214.6446,6286.5003,6214.6446,6203.1433,83.0223,1.3384,61112906.0,77392024.8982
000905.SH,2017-12-12,6233.2115,6281.1391,6290.8469,6233.2115,6286.1656,-52.9541,-0.8424,56614397.0,73964805.5231
000905.SH,2017-12-13,6277.441,6224.7821,6277.7254,6217.7869,6233.2115,44.2295,0.7096,50352001.0,64676017.7546
000905.SH,2017-12-14,6284.0807,6273.607,6288.5024,6247.6765,6277.441,6.6397,0.1058,55759240.0,72497810.1755
000905.SH,2017-12-15,6235.7608,6274.0975,6278.9264,6214.6465,6284.0807,-48.3199,-0.7689,61938112.0,77690464.8962
000905.SH,2017-12-18,6199.9889,6229.7416,6247.5919,6179.028,6235.7608,-35.7719,-0.5737,53772190.0,67137249.1692
000905.SH,2017-12-19,6251.2416,6200.9337,6251.492,6200.7071,6199.9889,51.2527,0.8267,52639308.0,65186684.8166
000905.SH,2017-12-20,6199.3628,6244.0618,6246.9097,6188.3236,6251.2416,-51.8788,-0.8299,57814532.0,69446005.8727
000905.SH,2017-12-21,6238.4987,6191.7811,6255.8425,6148.8168,6199.3628,39.1359,0.6313,59245859.0,73900048.5183
000905.SH,2017-12-22,6242.8847,6236.226,6269.3135,6235.226,6238.4987,4.386,0.0703,55010644.0,70736577.9416
000905.SH,2017-12-25,6185.5907,6244.8639,6257.0206,6170.682,6242.8847,-57.294,-0.9177,61264712.0,75604344.578
000905.SH,2017-12-26,6220.1473,6179.5601,6220.4992,6148.1044,6185.5907,34.5566,0.5587,57671656.0,69117514.4623
000905.SH,2017-12-27,6173.1528,6213.2428,6228.8826,6168.131,6220.1473,-46.9945,-0.7555,64197529.0,78009656.6162
000905.SH,2017-12-28,6204.2702,6163.9637,6219.5391,6157.1051,6173.1528,31.1174,0.5041,65877542.0,78010228.4511
000905.SH,2017-12-29,6250.8207,6201.4554,6250.8207,6201.4554,6204.2702,46.5505,0.7503,57165631.0,71841804.4846
000905.SH,2018-01-02,6332.2269,6263.1506,6332.6089,6258.1563,6250.8207,81.4062,1.3023,73032235.0,88153985.3155
000905.SH,2018-01-03,6388.2533,6331.7199,6391.9799,6324.2604,6332.2269,56.0264,0.8848,83936745.0,103454686.3678
000905.SH,2018-01-04,6417.535,6380.2665,6418.256,6375.5134,6388.2533,29.2817,0.4584,80543690.0,102929659.3956
000905.SH,2018-01-05,6417.2537,6414.7658,6435.854,6397.2929,6417.535,-0.2813,-0.0044,81581018.0,97642297.4441
000905.SH,2018-01-08,6446.1818,6413.8733,6446.7879,6393.8819,6417.2537,28.9281,0.4508,89476929.0,106389590.3698
000905.SH,2018-01-09,6445.7462,6441.6841,6449.0346,6425.0274,6446.1818,-0.4356,-0.0068,75573217.0,92837783.2158
000905.SH,2018-01-10,6405.9395,6443.4609,6444.3088,6361.0948,6445.7462,-39.8067,-0.6176,80966974.0,98938304.429
000905.SH,2018-01-11,6425.9401,6391.9041,6432.4398,6371.5436,6405.9395,20.0006,0.3122,78770071.0,91569210.6979
000905.SH,2018-01-12,6399.3737,6418.8273,6435.1946,6387.7824,6425.9401,-26.5664,-0.4134,77834558.0,89777057.6375
000905.SH,2018-01-15,6253.3759,6391.3662,6392.5174,6236.5629,6399.3737,-145.9978,-2.2814,91474032.0,110512921.3261
000905.SH,2018-01-16,6301.1327,6245.153,6301.4047,6245.1129,6253.3759,47.7568,0.7637,79169734.0,96364861.6551
000905.SH,2018-01-17,6267.4599,6288.0169,6288.1439,6202.3151,6301.1327,-33.6728,-0.5344,84195503.0,99694461.8615
000905.SH,2018-01-18,6286.8007,6253.0611,6295.7766,6253.0611,6267.4599,19.3408,0.3086,65015293.0,76896813.4547
000905.SH,2018-01-19,6272.38,6284.5962,6316.9977,6261.2353,6286.8007,-14.4207,-0.2294,71806742.0,84263163.7759
000905.SH,2018-01-22,6347.6383,6264.755,6347.8147,6248.3142,6272.38,75.2583,1.1998,72761169.0,85475484.2448
000905.SH,2018-01-23,6354.9978,6342.6884,6362.58,6330.4561,6347.6383,7.3595,0.1159,66753886.0,80539655.6363
000905.SH,2018-01-24,6394.2999,6353.2979,6395.5723,6322.9197,6354.9978,39.3021,0.6184,77347727.0,94754084.0726
000905.SH,2018-01-25,6382.7165,6386.7993,6424.3507,6380.8375,6394.2999,-11.5834,-0.1812,81082937.0,95990443.4587
000905.SH,2018-01-26,6383.6312,6374.0998,6401.4838,6368.9006,6382.7165,0.9147,0.0143,69004549.0,82476800.6094
000905.SH,2018-01-29,6309.8836,6385.0365,6398.9699,6295.8952,6383.6312,-73.7476,-1.1553,84031161.0,96862079.5619
000905.SH,2018-01-30,6313.442,6301.3482,6330.5373,6300.4556,6309.8836,3.5584,0.0564,70699688.0,81577586.5891
000905.SH,2018-01-31,6189.3413,6277.7418,6277.7418,6170.1606,6313.442,-124.1007,-1.9657,80733495.0,88106213.7606
000905.SH,2018-02-01,5984.7428,6180.9992,6196.7148,5984.2843,6189.3413,-204.5985,-3.3057,94968524.0,102122046.9415
000905.SH,2018-02-02,6004.8494,5937.6198,6006.4745,5844.4638,5984.7428,20.1066,0.336,83747561.0,89557325.6196
000905.SH,2018-02-05,5998.2236,5927.7367,6016.157,5907.4691,6004.8494,-6.6258,-0.1103,74046519.0,79277070.5363
000905.SH,2018-02-06,5704.2641,5886.3455,5920.7398,5702.8503,5998.2236,-293.9595,-4.9008,92340709.0,95655940.8545
000905.SH,2018-02-07,5711.3322,5805.965,5831.8113,5630.0868,5704.2641,7.0681,0.1239,85235997.0,88965422.7729
000905.SH,2018-02-08,5766.4797,5695.6656,5786.7852,5691.2916,5711.3322,55.1475,0.9656,62444797.0,66338245.0953
000905.SH,2018-02-09,5554.8974,5631.9603,5663.1036,5490.6248,5766.4797,-211.5823,-3.6692,84318842.0,82291670.3022
000905.SH,2018-02-12,5699.0979,5581.7113,5714.8183,5581.7113,5554.8974,144.2005,2.5959,57246494.0,61430758.2132
000905.SH,2018-02-13,5736.9505,5731.147,5789.6975,5727.754,5699.0979,37.8526,0.6642,57208634.0,62790499.6931
000905.SH,2018-02-14,5754.8344,5741.8838,5761.7685,5712.879,5736.9505,17.8839,0.3117,41398222.0,42489982.2973
000905.SH,2018-02-22,5875.7272,5800.9493,5875.7592,5797.9076,5754.8344,120.8928,2.1007,59636107.0,61991950.4125
000905.SH,2018-02-23,5897.6765,5877.7159,5902.9357,5848.5227,5875.7272,21.9493,0.3736,62147850.0,64825103.1613
000905.SH,2018-02-26,6029.6795,5926.4208,6032.1358,5917.6165,5897.6765,132.003,2.2382,83073987.0,92064854.9061
000905.SH,2018-02-27,6010.5573,6025.8832,6042.3888,6000.881,6029.6795,-19.1222,-0.3171,77022158.0,90285128.5115
000905.SH,2018-02-28,6023.677,5967.8977,6044.0694,5939.6425,6010.5573,13.1197,0.2183,70986917.0,82266508.2082
000905.SH,2018-03-01,6090.2247,5987.3591,6090.9953,5974.1183,6023.677,66.5477,1.1048,73101773.0,86470400.0217
000905.SH,2018-03-02,6056.3354,6053.4765,6094.7976,6044.2591,6090.2247,-33.8893,-0.5565,73434829.0,86135000.1026
000905.SH,2018-03-05,6064.0983,6066.683,6080.9695,6031.9803,6056.3354,7.7629,0.1282,67324693.0,82113731.2315
000905.SH,2018-03-06,6145.5768,6077.3686,6145.8509,6070.7211,6064.0983,81.4785,1.3436,83495767.0,99900152.6545
000905.SH,2018-03-07,6086.4874,6133.9467,6149.097,6082.5838,6145.5768,-59.0894,-0.9615,74594129.0,84935051.8566
000905.SH,2018-03-08,6131.5142,6073.6712,6131.7046,6073.6712,6086.4874,45.0268,0.7398,67889911.0,76733020.3421
000905.SH,2018-03-09,6206.9754,6131.1248,6211.2784,6131.0147,6131.5142,75.4612,1.2307,85928341.0,98413231.4915
000905.SH,2018-03-12,6295.7776,6230.8127,6295.7805,6230.3909,6206.9754,88.8022,1.4307,97662276.0,117237502.3767
000905.SH,2018-03-13,6254.1457,6285.802,6297.4323,6251.3986,6295.7776,-41.6319,-0.6613,84804758.0,97523497.1296
000905.SH,2018-03-14,6189.317,6234.2418,6253.172,6185.1784,6254.1457,-64.8287,-1.0366,75466633.0,87185225.281
000905.SH,2018-03-15,6180.1108,6172.853,6203.2422,6117.5974,6189.317,-9.2062,-0.1487,72173921.0,82975054.4477
000905.SH,2018-03-16,6146.3058,6181.381,6205.8679,6146.3058,6180.1108,-33.805,-0.547,65073534.0,75643387.2157
000905.SH,2018-03-19,6153.8339,6142.52,6186.6139,6118.2953,6146.3058,7.5281,0.1225,67233214.0,78681889.7157
000905.SH,2018-03-20,6173.6984,6109.605,6176.4962,6091.5038,6153.8339,19.8645,0.3228,67475662.0,78423733.5457
000905.SH,2018-03-21,6129.2042,6182.109,6224.5559,6125.1353,6173.6984,-44.4942,-0.7207,79487161.0,92526116.1079
000905.SH,2018-03-22,6101.2276,6130.0482,6161.3749,6074.6568,6129.2042,-27.9766,-0.4564,67407441.0,78135866.7263
000905.SH,2018-03-23,5787.1523,5913.3683,5978.4232,5722.773,6101.2276,-314.0753,-5.1477,121367061.0,121045067.6707
000905.SH,2018-03-26,5902.9588,5715.3523,5902.9588,5675.3664,5787.1523,115.8065,2.0011,84772913.0,91809710.4632
000905.SH,2018-03-27,6034.775,5956.2359,6043.0533,5956.2359,5902.9588,131.8162,2.2331,89199271.0,106538869.536
000905.SH,2018-03-28,5973.3414,5962.5642,6036.1584,5949.1042,6034.775,-61.4336,-1.018,75299094.0,90975268.2291
000905.SH,2018-03-29,6034.8572,5993.9722,6040.8623,5967.6342,5973.3414,61.5158,1.0298,68813735.0,82742504.2558
000905.SH,2018-03-30,6114.7382,6052.1757,6115.2732,6051.0212,6034.8572,79.881,1.3237,73046489.0,94445331.8213
000905.SH,2018-04-02,6121.9642,6127.2334,6169.2991,6113.3388,6114.7382,7.226,0.1182,85433833.0,109910556.9739
000905.SH,2018-04-03,6059.7089,6039.0675,6066.4443,6008.5085,6121.9642,-62.2553,-1.0169,71749883.0,87808371.2894
000905.SH,2018-04-04,6017.6863,6077.6466,6098.8378,6011.1516,6059.7089,-42.0226,-0.6935,67260198.0,83134527.9579
000905.SH,2018-04-09,6025.6493,5994.3471,6053.9687,5954.5372,6017.6863,7.963,0.1323,64851820.0,79255887.0333
000905.SH,2018-04-10,6063.7423,6032.4888,6064.3858,5992.997,6025.6493,38.093,0.6322,69420990.0,81611900.906
000905.SH,2018-04-11,6086.6126,6082.0316,6110.1768,6073.22,6063.7423,22.8703,0.3772,66248859.0,81079826.3314
000905.SH,2018-04-12,6051.3346,6073.7659,6091.9834,6039.564,6086.6126,-35.278,-0.5796,60524240.0,72705100.8097
000905.SH,2018-04-13,6027.1867,6073.8353,6093.3469,6018.0068,6051.3346,-24.1479,-0.3991,54157636.0,66885602.1096
000905.SH,2018-04-16,6012.4053,6018.1688,6053.9874,5966.1961,6027.1867,-14.7814,-0.2452,70985861.0,87151671.4064
000905.SH,2018-04-17,5890.8571,6024.5543,6038.2486,5886.023,6012.4053,-121.5482,-2.0216,71920258.0,88004229.0706
000905.SH,2018-04-18,5970.6577,5925.84,5981.3374,5826.6505,5890.8571,79.8006,1.3547,76201712.0,98199217.8317
000905.SH,2018-04-19,6004.7334,5965.2369,6041.9856,5962.7142,5970.6577,34.0757,0.5707,75998556.0,99648952.3589
000905.SH,2018-04-20,5880.8359,5984.0635,5999.0105,5872.5044,6004.7334,-123.8975,-2.0633,72391389.0,90559645.1614
000905.SH,2018-04-23,5823.9205,5885.6124,5913.5679,5761.9719,5880.8359,-56.9154,-0.9678,63952399.0,81374959.4464
000905.SH,2018-04-24,5957.1927,5825.4524,5957.8295,5825.4524,5823.9205,133.2722,2.2884,67954118.0,85162005.2625
000905.SH,2018-04-25,5959.422,5929.405,5968.8794,5919.5228,5957.1927,2.2293,0.0374,60382790.0,78868220.4597
000905.SH,2018-04-26,5847.9766,5951.1919,5955.2617,5846.0802,5959.422,-111.4454,-1.8701,62638394.0,77107589.6062
000905.SH,2018-04-27,5860.9836,5865.4419,5886.0043,5808.7832,5847.9766,13.007,0.2224,55997822.0,72295757.6761
000905.SH,2018-05-02,5855.3233,5861.8413,5894.4595,5817.3868,5860.9836,-5.6603,-0.0966,63147027.0,78765922.5106
000905.SH,2018-05-03,5910.6058,5843.0903,5911.0865,5779.7298,5855.3233,55.2825,0.9441,67604490.0,83816639.2685
000905.SH,2018-05-04,5909.2944,5891.1201,5939.952,5883.7048,5910.6058,-1.3114,-0.0222,55464047.0,73639276.0002
000905.SH,2018-05-07,6019.1409,5921.3128,6023.1928,5918.3792,5909.2944,109.8465,1.8589,64033358.0,83485023.6842
000905.SH,2018-05-08,6041.8143,6023.5829,6042.0682,6012.1266,6019.1409,22.6734,0.3767,62194666.0,80480596.6753
000905.SH,2018-05-09,6029.2329,6034.4563,6042.906,6002.3882,6041.8143,-12.5814,-0.2082,54124153.0,67413871.0066
000905.SH,2018-05-10,6040.5716,6036.0064,6052.7094,5999.951,6029.2329,11.3387,0.1881,58310665.0,72313749.966
000905.SH,2018-05-11,5991.3424,6044.9828,6052.5421,5989.4278,6040.5716,-49.2292,-0.815,63847253.0,76807400.7605
000905.SH,2018-05-14,5967.5541,5982.4709,6008.8875,5951.6746,5991.3424,-23.7883,-0.397,59798192.0,75641885.813
000905.SH,2018-05-15,6020.5697,5972.1618,6021.016,5947.457,5967.5541,53.0156,0.8884,54721546.0,69542971.179
000905.SH,2018-05-16,6004.0696,6002.7535,6045.0343,5991.3751,6020.5697,-16.5001,-0.2741,58338640.0,74115190.0838
000905.SH,2018-05-17,5973.7785,6000.7411,6010.2957,5959.7307,6004.0696,-30.2911,-0.5045,52997273.0,65967379.6502
000905.SH,2018-05-18,5995.1497,5968.5598,6000.9482,5932.1295,5973.7785,21.3712,0.3578,57868274.0,70899023.7308
000905.SH,2018-05-21,6072.1991,6034.4261,6080.8222,6034.0581,5995.1497,77.0494,1.2852,70722451.0,86933285.8896
000905.SH,2018-05-22,6092.9069,6066.2505,6092.9069,6052.0902,6072.1991,20.7078,0.341,62266852.0,74429137.2649
000905.SH,2018-05-23,6013.8472,6080.7259,6081.533,6012.4165,6092.9069,-79.0597,-1.2976,67845868.0,82629862.7381
000905.SH,2018-05-24,5992.6209,6014.021,6028.5017,5986.7233,6013.8472,-21.2263,-0.353,53711808.0,67066127.7428
000905.SH,2018-05-25,5917.7978,5983.9402,5992.4798,5909.0449,5992.6209,-74.8231,-1.2486,57793809.0,69492013.3545
000905.SH,2018-05-28,5891.2627,5910.4817,5938.0723,5858.2716,5917.7978,-26.5351,-0.4484,57810122.0,68653122.203
000905.SH,2018-05-29,5835.4456,5884.5898,5921.7203,5832.5523,5891.2627,-55.8171,-0.9475,56179929.0,67901925.1678
000905.SH,2018-05-30,5682.5881,5759.449,5778.0424,5675.9116,5835.4456,-152.8575,-2.6195,68527885.0,76127637.098
000905.SH,2018-05-31,5754.4746,5722.9475,5760.2038,5672.183,5682.5881,71.8865,1.265,56008854.0,65192215.1838
000905.SH,2018-06-01,5685.1155,5729.9177,5759.4979,5654.8402,5754.4746,-69.3591,-1.2053,53833571.0,61533903.6441
000905.SH,2018-06-04,5683.1486,5692.9699,5707.4932,5652.1361,5685.1155,-1.9669,-0.0346,46750282.0,54050300.2128
000905.SH,2018-06-05,5779.0778,5681.2157,5779.862,5680.4942,5683.1486,95.9292,1.688,47410470.0,56450385.3175
000905.SH,2018-06-06,5774.2575,5770.7144,5784.6061,5748.701,5779.0778,-4.8203,-0.0834,48182508.0,56304602.7556
000905.SH,2018-06-07,5738.0176,5786.4601,5798.3297,5734.6345,5774.2575,-36.2399,-0.6276,47376191.0,54089371.8056
000905.SH,2018-06-08,5669.3031,5731.8389,5731.8389,5630.6578,5738.0176,-68.7145,-1.1975,52925555.0,58767162.8898
000905.SH,2018-06-11,5632.3566,5657.6488,5672.6279,5612.8656,5669.3031,-36.9465,-0.6517,43109691.0,48746492.2987
000905.SH,2018-06-12,5693.3461,5638.3479,5693.6129,5594.9231,5632.3566,60.9895,1.0828,46645358.0,54189505.1369
000905.SH,2018-06-13,5607.0173,5678.8092,5679.6739,5605.5454,5693.3461,-86.3288,-1.5163,49234214.0,53944405.0899
000905.SH,2018-06-14,5586.9314,5590.5682,5645.194,5570.8344,5607.0173,-20.0859,-0.3582,44419709.0,49865462.9075
000905.SH,2018-06-15,5483.9446,5582.8396,5593.6872,5448.0748,5586.9314,-102.9868,-1.8434,56448574.0,59537596.1236
000905.SH,2018-06-19,5141.7095,5396.6847,5409.4108,5070.2182,5483.9446,-342.2351,-6.2407,82986353.0,76922845.4354
000905.SH,2018-06-20,5198.3935,5114.0613,5222.8827,5090.2209,5141.7095,56.684,1.1024,60329417.0,57106400.0368
000905.SH,2018-06-21,5089.2522,5196.1295,5244.6532,5086.931,5198.3935,-109.1413,-2.0995,63240478.0,60429343.5006
000905.SH,2018-06-22,5160.1228,5052.436,5165.0353,5017.509,5089.2522,70.8706,1.3926,51689206.0,49898726.2738
000905.SH,2018-06-25,5125.0333,5196.6483,5211.7609,5121.2091,5160.1228,-35.0895,-0.68,47860811.0,46663143.9968
000905.SH,2018-06-26,5160.2829,5059.3834,5170.1673,5044.2434,5125.0333,35.2496,0.6878,51066587.0,49773352.5002
000905.SH,2018-06-27,5109.4975,5159.6219,5188.2017,5089.711,5160.2829,-50.7854,-0.9842,49857841.0,48613424.2103
000905.SH,2018-06-28,5055.1093,5097.5086,5150.655,5050.324,5109.4975,-54.3882,-1.0645,47767518.0,46664972.9843
000905.SH,2018-06-29,5217.7643,5061.0885,5218.9061,5054.0532,5055.1093,162.655,3.2176,57234937.0,57894812.1926
000905.SH,2018-07-02,5138.7826,5216.8532,5238.6382,5100.8747,5217.7643,-78.9817,-1.5137,55248929.0,58629477.9809
000905.SH,2018-07-03,5197.1313,5138.5477,5203.3646,5054.6573,5138.7826,58.3487,1.1355,61424233.0,64268450.1478
000905.SH,2018-07-04,5121.3436,5171.1897,5180.2744,5102.782,5197.1313,-75.7877,-1.4583,53859951.0,53143823.6745
000905.SH,2018-07-05,4982.7627,5109.1425,5126.4735,4981.7793,5121.3436,-138.5809,-2.7059,52927414.0,52638805.7029
000905.SH,2018-07-06,4996.6299,4981.983,5061.0439,4897.2582,4982.7627,13.8672,0.2783,61340255.0,62083400.3263
000905.SH,2018-07-09,5107.5507,5007.213,5107.8749,5007.213,4996.6299,110.9208,2.2199,52937159.0,55786376.9882
000905.SH,2018-07-10,5136.5326,5114.1215,5141.713,5094.2862,5107.5507,28.9819,0.5674,52227669.0,54565886.9888
000905.SH,2018-07-11,5036.1565,5060.0722,5070.4863,4973.9884,5136.5326,-100.3761,-1.9542,58915262.0,58812377.6522
000905.SH,2018-07-12,5172.5032,5029.2944,5184.0235,5029.2944,5036.1565,136.3467,2.7074,68089566.0,71215041.0009
000905.SH,2018-07-13,5204.1855,5174.5091,5207.3602,5167.1585,5172.5032,31.6823,0.6125,56354210.0,61214640.1195
000905.SH,2018-07-16,5195.2002,5201.528,5216.5644,5170.2219,5204.1855,-8.9853,-0.1727,51667372.0,57488249.2632
000905.SH,2018-07-17,5196.1969,5189.1488,5196.1969,5132.2064,5195.2002,0.9967,0.0192,48243322.0,52610201.4493
000905.SH,2018-07-18,5156.6363,5198.8899,5220.1757,5156.6363,5196.1969,-39.5606,-0.7613,55257134.0,57391510.8427
000905.SH,2018-07-19,5111.3271,5153.3769,5179.727,5088.1243,5156.6363,-45.3092,-0.8787,50483934.0,51462192.2242
000905.SH,2018-07-20,5175.2516,5105.6524,5184.8744,5072.1645,5111.3271,63.9245,1.2506,57868514.0,58971319.0742
000905.SH,2018-07-23,5214.0038,5146.6187,5214.3806,5132.3831,5175.2516,38.7522,0.7488,68484315.0,71205888.4797
000905.SH,2018-07-24,5304.641,5213.3942,5315.6706,5211.9422,5214.0038,90.6372,1.7383,88201816.0,89531029.2802
000905.SH,2018-07-25,5308.6569,5308.0154,5332.616,5294.4201,5304.641,4.0159,0.0757,74850860.0,72266872.3198
000905.SH,2018-07-26,5273.4789,5307.3043,5318.8808,5262.3114,5308.6569,-35.178,-0.6627,75120240.0,65271805.6448
000905.SH,2018-07-27,5249.2904,5270.2317,5281.351,5230.1017,5273.4789,-24.1885,-0.4587,61715887.0,54149400.0642
000905.SH,2018-07-30,5185.151,5244.7718,5255.1878,5167.4021,5249.2904,-64.1394,-1.2219,60836024.0,58367011.4378
000905.SH,2018-07-31,5188.7166,5182.8265,5208.3796,5163.6611,5185.151,3.5656,0.0688,49496356.0,49340085.6438
000905.SH,2018-08-01,5105.3741,5198.4559,5233.5012,5105.3741,5188.7166,-83.3425,-1.6062,60369485.0,58600856.4498
000905.SH,2018-08-02,4996.012,5094.3419,5094.3419,4887.5023,5105.3741,-109.3621,-2.1421,74390325.0,67786089.6351
000905.SH,2018-08-03,4929.75,4982.894,5008.2403,4929.75,4996.012,-66.262,-1.3263,50735797.0,48281908.095
000905.SH,2018-08-06,4825.2508,4919.5015,4941.1774,4798.85,4929.75,-104.4992,-2.1198,52455220.0,51046892.5674
000905.SH,2018-08-07,4956.8718,4836.3133,4956.8718,4797.4529,4825.2508,131.621,2.7278,59145780.0,55813440.6815
000905.SH,2018-08-08,4880.5694,4940.7793,4952.4185,4877.6644,4956.8718,-76.3024,-1.5393,58083051.0,53408613.6152
000905.SH,2018-08-09,5004.7733,4862.1543,5030.1616,4856.4815,4880.5694,124.2039,2.5449,68264833.0,64727844.4183
000905.SH,2018-08-10,5030.5148,5000.0489,5037.493,4990.8297,5004.7733,25.7415,0.5143,53185012.0,53025202.3181
000905.SH,2018-08-13,5055.2753,4981.3434,5064.0215,4958.8879,5030.5148,24.7605,0.4922,55722652.0,57931356.6632
000905.SH,2018-08-14,5037.8831,5043.89,5061.4064,5016.3217,5055.2753,-17.3922,-0.344,46375912.0,47977087.1292
000905.SH,2018-08-15,4932.8063,5035.5656,5038.7747,4929.1978,5037.8831,-105.0768,-2.0857,53349985.0,49219326.0974
000905.SH,2018-08-16,4888.3712,4876.6946,4943.2003,4836.0505,4932.8063,-44.4351,-0.9008,52393844.0,47422713.8122
000905.SH,2018-08-17,4803.0285,4923.4353,4941.1012,4793.7669,4888.3712,-85.3427,-1.7458,51707974.0,47777882.6889
000905.SH,2018-08-20,4832.6512,4794.2367,4832.9089,4736.5592,4803.0285,29.6227,0.6168,51631112.0,47753724.2886
000905.SH,2018-08-21,4891.9801,4831.2092,4901.1166,4816.8528,4832.6512,59.3289,1.2277,49737904.0,48883527.0023
000905.SH,2018-08-22,4837.0183,4877.0124,4878.8189,4829.6051,4891.9801,-54.9618,-1.1235,43922267.0,41150044.5353
000905.SH,2018-08-23,4863.6651,4832.0069,4885.8114,4821.1107,4837.0183,26.6468,0.5509,47263811.0,47302482.1485
000905.SH,2018-08-24,4852.2887,4853.8649,4880.891,4831.8874,4863.6651,-11.3764,-0.2339,43898100.0,41741677.8337
000905.SH,2018-08-27,4960.0655,4859.1248,4964.4514,4859.1248,4852.2887,107.7768,2.2212,58545799.0,58402040.2394
000905.SH,2018-08-28,4974.2072,4964.7342,4983.9404,4954.1656,4960.0655,14.1417,0.2851,53465440.0,53028656.1652
000905.SH,2018-08-29,4941.9607,4972.0849,4974.1638,4929.4589,4974.2072,-32.2465,-0.6483,53272212.0,45121110.9062
000905.SH,2018-08-30,4867.1214,4937.6506,4952.6076,4861.0555,4941.9607,-74.8393,-1.5144,54158462.0,47422496.7864
000905.SH,2018-08-31,4814.8237,4854.9649,4862.4442,4805.207,4867.1214,-52.2977,-1.0745,48012054.0,42052874.6305
000905.SH,2018-09-03,4838.873,4808.3791,4840.1523,4754.8097,4814.8237,24.0493,0.4995,52902602.0,46495749.5857
000905.SH,2018-09-04,4890.2806,4833.8785,4905.016,4828.5239,4838.873,51.4076,1.0624,61024914.0,54969300.2062
000905.SH,2018-09-05,4815.0343,4877.1141,4886.2734,4814.9568,4890.2806,-75.2463,-1.5387,58403543.0,47239977.6549
000905.SH,2018-09-06,4793.3454,4800.935,4849.1761,4773.8777,4815.0343,-21.6889,-0.4504,45868494.0,44572540.9202
000905.SH,2018-09-07,4791.7779,4796.8356,4867.5336,4759.4919,4793.3454,-1.5675,-0.0327,53600072.0,53242803.4423
000905.SH,2018-09-10,4704.8782,4792.5991,4794.0136,4701.289,4791.7779,-86.8997,-1.8135,51326475.0,45376003.7705
000905.SH,2018-09-11,4702.9032,4702.8347,4738.2588,4669.4177,4704.8782,-1.975,-0.042,49968007.0,42215660.8881
000905.SH,2018-09-12,4693.9743,4700.8996,4733.5829,4681.1267,4702.9032,-8.9289,-0.1899,42540882.0,38524810.7604
000905.SH,2018-09-13,4721.2121,4727.4302,4752.8965,4655.2143,4693.9743,27.2378,0.5803,55692102.0,47279214.4875
000905.SH,2018-09-14,4670.0799,4720.7775,4724.003,4669.9429,4721.2121,-51.1322,-1.083,56447930.0,44931921.1457
000905.SH,2018-09-17,4602.3901,4649.9497,4649.9497,4586.3157,4670.0799,-67.6898,-1.4494,49338946.0,37905863.065
000905.SH,2018-09-18,4683.5056,4588.2344,4684.2885,4584.4336,4602.3901,81.1155,1.7625,54432326.0,44579158.8854
000905.SH,2018-09-19,4736.8934,4673.9479,4772.9524,4664.1301,4683.5056,53.3878,1.1399,67055856.0,55671375.9689
000905.SH,2018-09-20,4733.4806,4734.4822,4761.4084,4723.3049,4736.8934,-3.4128,-0.072,56398974.0,43574339.3999
000905.SH,2018-09-21,4805.2151,4743.8051,4813.2902,4721.6883,4733.4806,71.7345,1.5155,65895196.0,52507709.7988
000905.SH,2018-09-25,4792.5507,4774.7923,4810.3431,4763.2055,4805.2151,-12.6644,-0.2636,52654240.0,42641650.9585
000905.SH,2018-09-26,4815.6306,4794.0697,4841.7044,4782.3906,4792.5507,23.0799,0.4816,64719556.0,51709759.3817
000905.SH,2018-09-27,4755.3803,4812.6445,4817.6168,4754.2773,4815.6306,-60.2503,-1.2511,61437672.0,47097829.2114
000905.SH,2018-09-28,4800.7287,4762.3345,4802.1578,4746.1771,4755.3803,45.3484,0.9536,57268640.0,45938739.6343
000905.SH,2018-10-08,4646.4929,4722.4176,4737.2892,4639.4004,4800.7287,-154.2358,-3.2128,63275664.0,49494827.742
000905.SH,2018-10-09,4634.8939,4652.4876,4685.2177,4612.6352,4646.4929,-11.599,-0.2496,50437454.0,41244020.7501
000905.SH,2018-10-10,4629.8877,4634.6392,4655.5462,4586.8864,4634.8939,-5.0062,-0.108,51339637.0,39541080.1437
000905.SH,2018-10-11,4307.4208,4483.2662,4503.1983,4274.6995,4629.8877,-322.4669,-6.9649,90563601.0,64480315.0254
000905.SH,2018-10-12,4278.0353,4267.3555,4300.0061,4136.6293,4307.4208,-29.3855,-0.6822,81525149.0,56700633.804
000905.SH,2018-10-15,4199.1532,4283.3557,4317.7101,4195.8308,4278.0353,-78.8821,-1.8439,62291848.0,44849001.6506
000905.SH,2018-10-16,4099.6831,4193.3791,4221.3422,4076.8707,4199.1532,-99.4701,-2.3688,61076659.0,44015881.3307
000905.SH,2018-10-17,4133.3832,4147.3455,4167.7603,4038.4243,4099.6831,33.7001,0.822,69523881.0,47137717.2641
000905.SH,2018-10-18,4018.4614,4104.3335,4104.3335,4013.6486,4133.3832,-114.9218,-2.7803,59783911.0,40382606.9485
000905.SH,2018-10-19,4127.9854,3958.4458,4130.9325,3948.5593,4018.4614,109.524,2.7255,69561578.0,49937027.3676
000905.SH,2018-10-22,4333.1445,4165.7571,4375.5985,4165.7571,4127.9854,205.1591,4.97,92958319.0,69510999.5289
000905.SH,2018-10-23,4253.5561,4336.4461,4350.7285,4228.3294,4333.1445,-79.5884,-1.8367,74668065.0,54448393.7966
000905.SH,2018-10-24,4245.4884,4233.8377,4297.3708,4207.1648,4253.5561,-8.0677,-0.1897,62823482.0,44264708.1752
000905.SH,2018-10-25,4234.4208,4124.1854,4240.5841,4103.5602,4245.4884,-11.0676,-0.2607,69687206.0,48371839.2696
000905.SH,2018-10-26,4233.9585,4260.9102,4294.5553,4217.7896,4234.4208,-0.4623,-0.0109,67983621.0,46824099.3693
000905.SH,2018-10-29,4162.5255,4220.635,4227.6435,4144.8064,4233.9585,-71.433,-1.6871,57451570.0,41278101.4185
000905.SH,2018-10-30,4204.5424,4145.3966,4233.7942,4096.136,4162.5255,42.0169,1.0094,72834650.0,52308156.5377
000905.SH,2018-10-31,4272.5518,4207.7588,4298.2426,4204.3595,4204.5424,68.0094,1.6175,74687765.0,53243305.5926
000905.SH,2018-11-01,4298.9837,4299.4595,4367.7304,4294.8669,4272.5518,26.4319,0.6186,86059142.0,65004691.6378
000905.SH,2018-11-02,4437.9456,4366.734,4437.9818,4360.8748,4298.9837,138.9619,3.2324,96892168.0,75808808.2236
000905.SH,2018-11-05,4440.8274,4427.6324,4466.1357,4375.0414,4437.9456,2.8818,0.0649,87777277.0,66155141.5682
000905.SH,2018-11-06,4438.0965,4427.3572,4440.1054,4385.3273,4440.8274,-2.7309,-0.0615,69803049.0,51219256.9842
000905.SH,2018-11-07,4415.136,4437.7218,4479.6944,4414.0703,4438.0965,-22.9605,-0.5174,78086368.0,58896533.5548
000905.SH,2018-11-08,4382.3286,4442.6555,4450.9818,4379.8833,4415.136,-32.8074,-0.7431,72145355.0,51522224.3075
000905.SH,2018-11-09,4368.6143,4363.2135,4396.3932,4348.8119,4382.3286,-13.7143,-0.3129,67424960.0,45846347.5152
000905.SH,2018-11-12,4481.6881,4360.6321,4481.7736,4354.4675,4368.6143,113.0738,2.5883,86990536.0,59949621.2684
000905.SH,2018-11-13,4563.5351,4430.9498,4588.4964,4422.9479,4481.6881,81.847,1.8263,128710363.0,84982054.2071
000905.SH,2018-11-14,4545.5089,4551.7973,4600.1289,4534.5243,4563.5351,-18.0262,-0.395,112598830.0,74023764.7756
000905.SH,2018-11-15,4619.8141,4540.8808,4619.8141,4539.9556,4545.5089,74.3052,1.6347,98305200.0,69668883.541
000905.SH,2018-11-16,4659.0965,4625.0038,4691.5609,4609.8319,4619.8141,39.2824,0.8503,110671824.0,82381068.8553
000905.SH,2018-11-19,4670.737,4660.475,4677.9674,4612.4837,4659.0965,11.6405,0.2498,111015106.0,82549163.3162
000905.SH,2018-11-20,4537.4493,4629.1263,4645.9,4535.8739,4670.737,-133.2877,-2.8537,103124225.0,76300239.2065
000905.SH,2018-11-21,4554.6747,4483.378,4564.5342,4476.4164,4537.4493,17.2254,0.3796,90156627.0,65298600.5664
000905.SH,2018-11-22,4551.3264,4562.6424,4583.3734,4528.2409,4554.6747,-3.3483,-0.0735,75274993.0,54157291.8283
000905.SH,2018-11-23,4374.7644,4542.1102,4547.5147,4365.3486,4551.3264,-176.562,-3.8794,92074828.0,64245132.8381
000905.SH,2018-11-26,4367.4619,4371.4238,4408.1135,4347.7472,4374.7644,-7.3025,-0.1669,68584699.0,45641649.8029
000905.SH,2018-11-27,4387.6515,4393.2898,4416.357,4361.0232,4367.4619,20.1896,0.4623,62352710.0,43832226.1114
000905.SH,2018-11-28,4441.8569,4389.8322,4441.8569,4333.0553,4387.6515,54.2054,1.2354,72507931.0,50581746.7344
000905.SH,2018-11-29,4345.703,4462.7925,4473.3074,4344.9003,4441.8569,-96.1539,-2.1647,77102481.0,52609677.0068
000905.SH,2018-11-30,4376.6511,4334.0405,4385.0031,4291.8111,4345.703,30.9481,0.7122,63848789.0,44026264.21
000905.SH,2018-12-03,4515.1735,4483.6634,4536.8317,4460.3878,4376.6511,138.5224,3.165,96265752.0,72617444.583
000905.SH,2018-12-04,4536.2104,4506.2466,4538.423,4492.0568,4515.1735,21.0369,0.4659,76280213.0,56315559.7713
000905.SH,2018-12-05,4502.7021,4456.1979,4532.2794,4445.9731,4536.2104,-33.5083,-0.7387,74275973.0,55251925.5493
000905.SH,2018-12-06,4411.0884,4476.8102,4483.3157,4405.8361,4502.7021,-91.6137,-2.0346,66047596.0,52051360.375
000905.SH,2018-12-07,4410.9593,4419.6086,4432.3298,4397.4243,4411.0884,-0.1291,-0.0029,51755054.0,41253201.5404
000905.SH,2018-12-10,4359.3122,4381.3803,4396.4047,4350.2267,4410.9593,-51.6471,-1.1709,53940348.0,40103184.6921
000905.SH,2018-12-11,4395.5702,4373.0273,4398.063,4365.1182,4359.3122,36.258,0.8317,50430781.0,37194242.1822
000905.SH,2018-12-12,4393.324,4408.9142,4417.6041,4381.3236,4395.5702,-2.2462,-0.0511,48093612.0,35826068.7544
000905.SH,2018-12-13,4443.1572,4405.0861,4471.2565,4378.4604,4393.324,49.8332,1.1343,63613910.0,47775555.0722
000905.SH,2018-12-14,4337.1025,4436.0023,4439.0458,4331.3785,4443.1572,-106.0547,-2.3869,65786546.0,47335305.358
000905.SH,2018-12-17,4330.6465,4322.5935,4341.2033,4285.2144,4337.1025,-6.456,-0.1489,51502815.0,38561891.3981
000905.SH,2018-12-18,4307.2675,4308.0478,4339.4043,4266.4517,4330.6465,-23.379,-0.5399,51303478.0,37327896.8722
000905.SH,2018-12-19,4247.8991,4311.2792,4315.1081,4245.1504,4307.2675,-59.3684,-1.3783,46260174.0,33854346.744
000905.SH,2018-12-20,4259.7614,4240.3729,4274.0116,4225.1345,4247.8991,11.8623,0.2793,46967852.0,34730999.5735
000905.SH,2018-12-21,4231.144,4246.4287,4260.289,4204.486,4259.7614,-28.6174,-0.6718,47110425.0,35374801.4467
000905.SH,2018-12-24,4274.7218,4227.354,4276.9745,4215.0226,4231.144,43.5778,1.0299,41841941.0,32706121.6199
000905.SH,2018-12-25,4225.5124,4233.5432,4244.9521,4132.7639,4274.7218,-49.2094,-1.1512,60383673.0,43750314.4558
000905.SH,2018-12-26,4208.4053,4218.6618,4241.3508,4194.305,4225.5124,-17.1071,-0.4049,45032933.0,34328585.0114
000905.SH,2018-12-27,4161.2702,4263.3345,4272.8081,4159.7661,4208.4053,-47.1351,-1.12,54219393.0,40327766.0179
000905.SH,2018-12-28,4168.0363,4168.9399,4192.6955,4138.9346,4161.2702,6.7661,0.1626,49964185.0,37350056.8146
000905.SH,2019-01-02,4131.9567,4176.1098,4179.7233,4125.9356,4168.0363,-36.0796,-0.8656,47494449.0,35572462.2608
000905.SH,2019-01-03,4112.807,4131.6949,4182.1983,4110.527,4131.9567,-19.1497,-0.4635,55491244.0,41103713.1656
000905.SH,2019-01-04,4210.8786,4075.6217,4210.8786,4071.6898,4112.807,98.0716,2.3845,73448737.0,52230681.3194
000905.SH,2019-01-07,4288.3234,4235.0346,4297.0238,4223.4585,4210.8786,77.4448,1.8392,81153450.0,59231303.9764
000905.SH,2019-01-08,4277.2967,4278.2802,4289.6278,4264.6001,4288.3234,-11.0267,-0.2571,69556937.0,49700132.3273
000905.SH,2019-01-09,4288.7717,4286.231,4354.1986,4280.6556,4277.2967,11.475,0.2683,85153595.0,61510931.8909
000905.SH,2019-01-10,4281.8606,4289.5591,4319.4941,4274.1955,4288.7717,-6.9111,-0.1611,68910889.0,49243142.0907
000905.SH,2019-01-11,4314.8757,4282.3935,4316.5413,4267.2889,4281.8606,33.0151,0.771,68355085.0,46599960.1517
000905.SH,2019-01-14,4286.5474,4317.5239,4325.9474,4278.761,4314.8757,-28.3283,-0.6565,67679614.0,44765955.4897
000905.SH,2019-01-15,4347.3555,4282.9863,4350.9338,4271.6362,4286.5474,60.8081,1.4186,72005181.0,50608143.3469
000905.SH,2019-01-16,4336.8779,4347.0758,4364.0963,4330.7437,4347.3555,-10.4776,-0.241,69274744.0,50030063.7901
000905.SH,2019-01-17,4303.7308,4334.6309,4347.1786,4297.6681,4336.8779,-33.1471,-0.7643,74562113.0,48421136.0779
000905.SH,2019-01-18,4347.8112,4307.1386,4351.4382,4297.4773,4303.7308,44.0804,1.0242,83371611.0,55476936.2965
000905.SH,2019-01-21,4373.6333,4354.6997,4395.0631,4352.8102,4347.8112,25.8221,0.5939,72781531.0,52937642.7776
000905.SH,2019-01-22,4308.2518,4370.8568,4370.8568,4291.9624,4373.6333,-65.3815,-1.4949,69496672.0,47826602.4609
000905.SH,2019-01-23,4315.6846,4298.938,4322.8895,4292.0872,4308.2518,7.4328,0.1725,58485735.0,40571874.3702
000905.SH,2019-01-24,4338.17,4318.7091,4363.2181,4292.8296,4315.6846,22.4854,0.521,70630305.0,51572057.9268
000905.SH,2019-01-25,4318.4417,4341.4133,4359.4637,4315.9525,4338.17,-19.7283,-0.4548,71657478.0,52504910.506
000905.SH,2019-01-28,4307.2196,4341.4922,4370.898,4297.9632,4318.4417,-11.2221,-0.2599,67279935.0,49287478.1316
000905.SH,2019-01-29,4254.2875,4301.4692,4301.4692,4188.594,4307.2196,-52.9321,-1.2289,77753727.0,54223809.2731
000905.SH,2019-01-30,4211.6235,4235.2746,4266.8811,4211.1908,4254.2875,-42.664,-1.0028,58513770.0,42466758.4828
000905.SH,2019-01-31,4176.4739,4203.9772,4240.7162,4151.414,4211.6235,-35.1496,-0.8346,71511205.0,47694716.1591
000905.SH,2019-02-01,4294.2696,4189.1098,4295.0379,4189.1098,4176.4739,117.7957,2.8205,66099677.0,47693471.3973
000905.SH,2019-02-11,4402.8668,4306.2006,4403.7282,4306.2006,4294.2696,108.5972,2.5289,75297356.0,56743679.2616
000905.SH,2019-02-12,4439.485,4398.4427,4452.5007,4394.8339,4402.8668,36.6182,0.8317,85271156.0,61588925.2885
000905.SH,2019-02-13,4512.4088,4442.7279,4526.2699,4433.0271,4439.485,72.9238,1.6426,113218903.0,82940466.8257
000905.SH,2019-02-14,4532.1699,4507.8406,4555.2331,4494.5521,4512.4088,19.7611,0.4379,94828533.0,70164059.5231
000905.SH,2019-02-15,4502.7348,4523.9449,4544.3864,4497.3858,4532.1699,-29.4351,-0.6495,93511607.0,67254618.8182
000905.SH,2019-02-18,4660.999,4527.9685,4660.999,4527.9685,4502.7348,158.2642,3.5148,124124004.0,92189941.7126
000905.SH,2019-02-19,4667.2836,4683.3252,4706.5253,4614.2779,4660.999,6.2846,0.1348,143874768.0,105704251.1875
000905.SH,2019-02-20,4667.6243,4667.3534,4677.9779,4619.46,4667.2836,0.3407,0.0073,120213129.0,87303394.5549
000905.SH,2019-02-21,4659.1431,4666.2814,4750.418,4643.1096,4667.6243,-8.4812,-0.1817,145951113.0,111329120.9094
000905.SH,2019-02-22,4777.2977,4651.538,4777.2977,4649.2158,4659.1431,118.1546,2.536,146166142.0,111540083.3187
000905.SH,2019-02-25,5044.3466,4840.5434,5045.0755,4835.4825,4777.2977,267.0489,5.59,241783579.0,190541189.5398
000905.SH,2019-02-26,5038.5435,5059.284,5149.6229,5004.552,5044.3466,-5.8031,-0.115,262833265.0,196257557.763
000905.SH,2019-02-27,5017.8842,5027.3875,5093.7952,4964.623,5038.5435,-20.6593,-0.41,208854087.0,155472037.7722
000905.SH,2019-02-28,5025.2913,5017.4403,5072.6687,4994.0501,5017.8842,7.4071,0.1476,156042877.0,116972246.6597
000905.SH,2019-03-01,5067.225,5047.2277,5067.3068,4984.993,5025.2913,41.9337,0.8345,149828330.0,112765394.5194
000905.SH,2019-03-04,5158.2467,5112.9515,5253.388,5108.2823,5067.225,91.0217,1.7963,232446864.0,183781732.2459
000905.SH,2019-03-05,5295.2878,5146.6204,5295.2878,5125.154,5158.2467,137.0411,2.6567,206891261.0,168045744.43
000905.SH,2019-03-06,5390.0294,5328.1279,5395.554,5256.7934,5295.2878,94.7416,1.7892,264964318.0,209513257.0157
000905.SH,2019-03-07,5458.6153,5381.2266,5512.6438,5353.5735,5390.0294,68.5859,1.2725,266967220.0,214811701.3144
000905.SH,2019-03-08,5245.6999,5340.1057,5480.1728,5245.5313,5458.6153,-212.9154,-3.9005,285680249.0,229867708.6995
000905.SH,2019-03-11,5456.381,5279.7507,5456.4199,5272.1903,5245.6999,210.6811,4.0163,214252213.0,185766885.6975
000905.SH,2019-03-12,5551.0029,5500.9359,5591.6863,5458.7596,5456.381,94.6219,1.7342,249333993.0,216216097.8589
000905.SH,2019-03-13,5424.8642,5557.1556,5557.1556,5388.2464,5551.0029,-126.1387,-2.2724,224349236.0,201483723.055
000905.SH,2019-03-14,5298.5024,5381.11,5432.5207,5236.7529,5424.8642,-126.3618,-2.3293,178608679.0,154289289.8988
000905.SH,2019-03-15,5359.0087,5328.8085,5418.3293,5308.0621,5298.5024,60.5063,1.142,152846465.0,139681586.0472
000905.SH,2019-03-18,5501.183,5387.3756,5501.183,5333.2557,5359.0087,142.1743,2.653,172655255.0,153883835.9404
000905.SH,2019-03-19,5522.1801,5505.6985,5555.1227,5486.7986,5501.183,20.9971,0.3817,166713931.0,150233661.5481
000905.SH,2019-03-20,5515.7856,5518.3087,5533.0525,5415.7549,5522.1801,-6.3945,-0.1158,176820735.0,154380099.3384
000905.SH,2019-03-21,5589.478,5525.9922,5634.6618,5513.392,5515.7856,73.6924,1.336,207150045.0,184005098.8115
000905.SH,2019-03-22,5622.1402,5591.0427,5625.095,5505.8058,5589.478,32.6622,0.5844,181954823.0,168610426.9641
000905.SH,2019-03-25,5549.6711,5521.251,5629.2277,5507.3576,5622.1402,-72.4691,-1.289,178432937.0,166384283.6114
000905.SH,2019-03-26,5394.8787,5571.5251,5589.4127,5380.8535,5549.6711,-154.7924,-2.7892,176164730.0,160539919.3631
000905.SH,2019-03-27,5447.8795,5431.9779,5447.8795,5333.7848,5394.8787,53.0008,0.9824,144956608.0,134714503.0644
000905.SH,2019-03-28,5370.1234,5432.9438,5487.7654,5370.1234,5447.8795,-77.7561,-1.4273,149261082.0,141312489.9242
000905.SH,2019-03-29,5547.6561,5370.4209,5550.7601,5346.2139,5370.1234,177.5327,3.3059,178333017.0,164954573.8441
000905.SH,2019-04-01,5757.8379,5591.6651,5763.5806,5591.6651,5547.6561,210.1818,3.7887,221181631.0,208464845.2736
000905.SH,2019-04-02,5775.5497,5794.7878,5833.0223,5750.3296,5757.8379,17.7118,0.3076,228750284.0,216017608.6869
000905.SH,2019-04-03,5836.0369,5744.2215,5843.468,5724.1257,5775.5497,60.4872,1.0473,199104763.0,182304278.5605
000905.SH,2019-04-04,5871.5575,5868.3919,5894.9882,5813.4624,5836.0369,35.5206,0.6086,208834859.0,196845266.3279
000905.SH,2019-04-08,5847.6296,5921.2105,5939.4979,5765.9069,5871.5575,-23.9279,-0.4075,238317466.0,222907102.7126
000905.SH,2019-04-09,5858.0464,5834.29,5877.84,5798.3736,5847.6296,10.4168,0.1781,179363502.0,169072553.7472
000905.SH,2019-04-10,5850.7609,5826.0258,5906.4273,5782.3689,5858.0464,-7.2855,-0.1244,178753607.0,172671580.6466
000905.SH,2019-04-11,5727.1749,5852.636,5866.9221,5720.5516,5850.7609,-123.586,-2.1123,165876073.0,157397019.8164
000905.SH,2019-04-12,5714.3676,5720.0481,5749.3368,5673.7447,5727.1749,-12.8073,-0.2236,140078341.0,126121980.2703
000905.SH,2019-04-15,5655.9825,5795.5011,5815.3916,5654.3441,5714.3676,-58.3851,-1.0217,157754136.0,147932909.4239
000905.SH,2019-04-16,5777.0111,5625.1221,5777.0111,5583.6142,5655.9825,121.0286,2.1398,156029632.0,147394539.9761
000905.SH,2019-04-17,5807.7288,5776.6352,5840.6249,5757.9952,5777.0111,30.7177,0.5317,169800155.0,158856829.0461
000905.SH,2019-04-18,5775.171,5804.3014,5826.6736,5762.5678,5807.7288,-32.5578,-0.5606,151322505.0,141406848.441
000905.SH,2019-04-19,5810.1798,5762.5009,5810.1798,5710.7953,5775.171,35.0088,0.6062,148724289.0,133507303.9997
000905.SH,2019-04-22,5723.0417,5821.0229,5824.5207,5704.9769,5810.1798,-87.1381,-1.4997,158161026.0,143410616.8049
000905.SH,2019-04-23,5628.0624,5710.7334,5710.7334,5610.7353,5723.0417,-94.9793,-1.6596,149871461.0,133768248.9016
000905.SH,2019-04-24,5679.7256,5636.4016,5682.4788,5568.408,5628.0624,51.6632,0.918,134784412.0,121970724.6308
000905.SH,2019-04-25,5458.4194,5652.0056,5662.7898,5457.8254,5679.7256,-221.3062,-3.8964,151401718.0,132098714.8912
000905.SH,2019-04-26,5408.0306,5427.6228,5496.0353,5407.1942,5458.4194,-50.3888,-0.9231,124279880.0,108970816.4603
000905.SH,2019-04-29,5265.6011,5405.1641,5421.6568,5252.0486,5408.0306,-142.4295,-2.6337,138672387.0,119713196.2604
000905.SH,2019-04-30,5307.56,5244.0447,5349.9438,5244.0447,5265.6011,41.9589,0.7968,102190340.0,90849649.2543
000905.SH,2019-05-06,4908.7984,5122.4696,5125.1616,4874.6433,5307.56,-398.7616,-7.5131,143386233.0,116597523.1717
000905.SH,2019-05-07,4973.4043,4933.0425,4990.1939,4886.0568,4908.7984,64.6059,1.3161,116573687.0,97660954.76
000905.SH,2019-05-08,4947.7419,4865.7878,5028.526,4842.5603,4973.4043,-25.6624,-0.516,107738121.0,88503433.4063
000905.SH,2019-05-09,4888.4128,4897.9781,4955.7835,4879.6945,4947.7419,-59.3291,-1.1991,90934656.0,75438861.419
000905.SH,2019-05-10,5064.323,4940.4814,5064.323,4842.6072,4888.4128,175.9102,3.5985,122177483.0,103926817.4674
000905.SH,2019-05-13,5005.9044,5009.4748,5040.5037,4985.1882,5064.323,-58.4186,-1.1535,91736394.0,81269399.6747
000905.SH,2019-05-14,4965.6124,4942.3937,5018.4131,4941.9271,5005.9044,-40.292,-0.8049,87540969.0,78269150.1922
000905.SH,2019-05-15,5076.555,5002.6051,5086.7298,4999.3368,4965.6124,110.9426,2.2342,97463860.0,88150026.7711
000905.SH,2019-05-16,5108.3588,5071.1085,5118.4448,5059.2068,5076.555,31.8038,0.6265,104422166.0,91206178.6905
000905.SH,2019-05-17,4942.5792,5112.2411,5116.9934,4923.6727,5108.3588,-165.7796,-3.2453,119071213.0,103931108.2992
000905.SH,2019-05-20,4923.5589,4937.1767,4947.7455,4835.8087,4942.5792,-19.0203,-0.3848,95686497.0,84271517.2752
000905.SH,2019-05-21,5009.8725,4917.3424,5026.2842,4904.8232,4923.5589,86.3136,1.7531,100837073.0,91301255.1675
000905.SH,2019-05-22,4976.3929,5002.1602,5018.1092,4941.0098,5009.8725,-33.4796,-0.6683,94092709.0,86507936.4426
000905.SH,2019-05-23,4872.9202,4955.2522,4957.9863,4860.1881,4976.3929,-103.4727,-2.0793,90563681.0,82582767.2921
000905.SH,2019-05-24,4841.7573,4848.5757,4892.4587,4831.3352,4872.9202,-31.1629,-0.6395,77933436.0,69305381.771
000905.SH,2019-05-27,4962.947,4848.6417,4974.2676,4824.142,4841.7573,121.1897,2.503,93076414.0,81678357.2107
000905.SH,2019-05-28,4955.4855,4965.5908,5002.2491,4933.8967,4962.947,-7.4615,-0.1503,90263989.0,83641973.4694
000905.SH,2019-05-29,4956.8638,4943.5678,4992.9887,4930.4307,4955.4855,1.3783,0.0278,85876852.0,78641296.2908
000905.SH,2019-05-30,4926.403,4933.5006,4933.8544,4865.7753,4956.8638,-30.4608,-0.6145,94779602.0,80822550.0593
000905.SH,2019-05-31,4912.0005,4923.9199,4969.0513,4902.7379,4926.403,-14.4025,-0.2924,86716729.0,75731116.0744
000905.SH,2019-06-03,4853.8153,4921.7084,4942.0652,4838.3523,4912.0005,-58.1852,-1.1846,98540830.0,83580691.9842
000905.SH,2019-06-04,4795.4129,4847.6634,4853.8105,4768.0393,4853.8153,-58.4024,-1.2032,86751653.0,77250794.6251
000905.SH,2019-06-05,4783.8245,4837.895,4850.8038,4777.9781,4795.4129,-11.5884,-0.2417,81300165.0,72772853.6826
000905.SH,2019-06-06,4678.7844,4776.4896,4776.6879,4668.5413,4783.8245,-105.0401,-2.1957,83416931.0,70429637.4821
000905.SH,2019-06-10,4725.2643,4693.7633,4750.5423,4662.7808,4678.7844,46.4799,0.9934,73361381.0,63265364.5093
000905.SH,2019-06-11,4901.4723,4730.8093,4903.8673,4728.4832,4725.2643,176.208,3.7291,116811446.0,99669915.5661
000905.SH,2019-06-12,4863.4922,4889.3606,4917.0919,4852.9834,4901.4723,-37.9801,-0.7749,107847561.0,94685225.2853
000905.SH,2019-06-13,4877.6505,4855.5398,4892.5811,4831.5194,4863.4922,14.1583,0.2911,96172538.0,79697102.6654
000905.SH,2019-06-14,4795.5267,4880.2264,4893.9284,4786.195,4877.6505,-82.1238,-1.6837,102803894.0,83140662.6375
000905.SH,2019-06-17,4802.8185,4796.1203,4826.5959,4779.6429,4795.5267,7.2918,0.1521,73361138.0,64090002.5255
000905.SH,2019-06-18,4797.1468,4804.3018,4825.6252,4773.5495,4802.8185,-5.6717,-0.1181,66523897.0,56694905.767
000905.SH,2019-06-19,4858.9164,4902.9598,4931.1098,4856.9033,4797.1468,61.7696,1.2876,98274376.0,88246816.0607
000905.SH,2019-06-20,4954.7338,4853.2088,4987.5951,4837.1763,4858.9164,95.8174,1.972,119695961.0,102804340.1323
000905.SH,2019-06-21,5021.3051,4973.5853,5045.7149,4973.5853,4954.7338,66.5713,1.3436,122814214.0,106832740.4828
000905.SH,2019-06-24,5024.2046,5032.3746,5038.4798,4996.1699,5021.3051,2.8995,0.0577,99620157.0,86442218.7886
000905.SH,2019-06-25,4974.9882,5020.2009,5020.2009,4910.1971,5024.2046,-49.2164,-0.9796,99202180.0,85713850.5365
000905.SH,2019-06-26,4962.5936,4943.7751,4991.1275,4928.733,4974.9882,-12.3946,-0.2491,70035687.0,64206718.4305
000905.SH,2019-06-27,5007.4833,4974.9859,5030.3718,4972.6702,4962.5936,44.8897,0.9046,81631266.0,77117707.8791
000905.SH,2019-06-28,4950.4798,5005.1921,5005.1921,4920.4349,5007.4833,-57.0035,-1.1384,77164628.0,70271421.892
000905.SH,2019-07-01,5100.2619,5044.6638,5100.2619,5016.2363,4950.4798,149.7821,3.0256,111630214.0,108157182.5139
000905.SH,2019-07-02,5084.41,5092.8418,5102.4091,5066.2507,5100.2619,-15.8519,-0.3108,97080637.0,91618108.6046
000905.SH,2019-07-03,5040.7227,5074.7097,5074.7097,5021.8958,5084.41,-43.6873,-0.8592,85358589.0,79210212.9644
000905.SH,2019-07-04,5025.0207,5046.883,5067.997,5002.3322,5040.7227,-15.702,-0.3115,80147189.0,72016475.806
000905.SH,2019-07-05,5042.6599,5026.3316,5055.0145,5001.5234,5025.0207,17.6392,0.351,64904141.0,60552010.3167
000905.SH,2019-07-08,4870.7807,5028.6349,5028.6349,4855.2148,5042.6599,-171.8792,-3.4085,91766077.0,81431278.9775
000905.SH,2019-07-09,4881.6235,4868.475,4892.5583,4838.9366,4870.7807,10.8428,0.2226,61012512.0,56755420.8593
000905.SH,2019-07-10,4843.8649,4891.9111,4896.0413,4829.2848,4881.6235,-37.7586,-0.7735,60795192.0,55261260.6691
000905.SH,2019-07-11,4844.5474,4867.6825,4905.1604,4821.5516,4843.8649,0.6825,0.0141,62628484.0,56483156.357
000905.SH,2019-07-12,4861.5679,4848.222,4874.3204,4820.6635,4844.5474,17.0205,0.3513,61479398.0,54064544.4248
000905.SH,2019-07-15,4925.3243,4850.8904,4951.6237,4787.9062,4861.5679,63.7564,1.3114,84594481.0,75865112.7654
000905.SH,2019-07-16,4932.0458,4917.7931,4940.2313,4909.6633,4925.3243,6.7215,0.1365,68924962.0,60958972.1548
000905.SH,2019-07-17,4929.085,4930.6466,4953.4093,4914.4924,4932.0458,-2.9608,-0.06,75361088.0,65860765.2158
000905.SH,2019-07-18,4844.1087,4909.7172,4909.7172,4843.5134,4929.085,-84.9763,-1.724,72636158.0,59848894.3292
000905.SH,2019-07-19,4878.6903,4861.2125,4920.4135,4861.2031,4844.1087,34.5816,0.7139,68597298.0,57390762.2309
000905.SH,2019-07-22,4776.5749,4885.4293,4886.402,4766.0716,4878.6903,-102.1154,-2.0931,72191578.0,61198813.6148
000905.SH,2019-07-23,4823.9182,4778.0529,4823.9182,4778.0529,4776.5749,47.3433,0.9912,54729263.0,48300963.6295
000905.SH,2019-07-24,4873.0271,4837.7669,4898.8054,4837.7669,4823.9182,49.1089,1.018,69451383.0,63586100.131
000905.SH,2019-07-25,4891.6432,4873.1742,4899.715,4861.7715,4873.0271,18.6161,0.382,67384418.0,65540811.9558
000905.SH,2019-07-26,4898.1099,4880.7194,4902.0916,4868.197,4891.6432,6.4667,0.1322,59252777.0,57190685.2912
000905.SH,2019-07-29,4897.0183,4897.6519,4914.48,4872.545,4898.1099,-1.0916,-0.0223,56581521.0,54815760.1769
000905.SH,2019-07-30,4922.9175,4902.8411,4961.0247,4902.7813,4897.0183,25.8992,0.5289,71194127.0,65553974.536
000905.SH,2019-07-31,4903.203,4914.044,4921.7224,4892.5557,4922.9175,-19.7145,-0.4005,62754547.0,58776188.915
000905.SH,2019-08-01,4870.469,4877.5573,4900.0866,4850.5281,4903.203,-32.734,-0.6676,64332504.0,61801931.6923
000905.SH,2019-08-02,4809.9198,4773.4302,4816.8104,4756.4044,4870.469,-60.5492,-1.2432,79002361.0,73848047.8747
000905.SH,2019-08-05,4751.9846,4795.9105,4838.7588,4749.9444,4809.9198,-57.9352,-1.2045,71612542.0,69025913.447
000905.SH,2019-08-06,4650.5627,4665.8404,4684.5159,4558.0604,4751.9846,-101.4219,-2.1343,98667866.0,84239326.2559
000905.SH,2019-08-07,4626.3641,4678.4283,4686.7321,4624.7423,4650.5627,-24.1986,-0.5203,67417406.0,62344725.9084
000905.SH,2019-08-08,4656.1009,4641.8665,4663.032,4636.2385,4626.3641,29.7368,0.6428,60077796.0,56743200.9066
000905.SH,2019-08-09,4600.3526,4677.2477,4690.654,4593.2238,4656.1009,-55.7483,-1.1973,64443337.0,64477323.1023
000905.SH,2019-08-12,4685.045,4608.1166,4685.045,4591.6615,4600.3526,84.6924,1.841,61946507.0,62148044.5629
000905.SH,2019-08-13,4658.3884,4649.349,4667.715,4638.0294,4685.045,-26.6566,-0.569,58691317.0,57730564.5722
000905.SH,2019-08-14,4683.8403,4713.5026,4731.8627,4677.1302,4658.3884,25.4519,0.5464,71148787.0,69438518.1092
000905.SH,2019-08-15,4706.5504,4585.0944,4709.363,4576.4614,4683.8403,22.7101,0.4849,78261611.0,72618382.7986
000905.SH,2019-08-16,4722.6625,4702.1415,4755.9526,4696.9213,4706.5504,16.1121,0.3423,77542458.0,76502437.6231
000905.SH,2019-08-19,4875.0363,4765.0581,4875.0363,4765.0581,4722.6625,152.3738,3.2264,106580926.0,105144365.4975
000905.SH,2019-08-20,4872.6061,4878.6745,4912.9917,4864.8159,4875.0363,-2.4302,-0.0498,100202293.0,94825269.8926
000905.SH,2019-08-21,4882.7213,4865.7174,4896.2914,4859.328,4872.6061,10.1152,0.2076,84940790.0,83121773.9812
000905.SH,2019-08-22,4887.9142,4894.3625,4896.5752,4851.9692,4882.7213,5.1929,0.1064,82238110.0,82031364.6277
000905.SH,2019-08-23,4887.9024,4888.5329,4902.7831,4861.2002,4887.9142,-0.0118,-0.0002,82502528.0,81178885.7847
000905.SH,2019-08-26,4855.4584,4799.4831,4867.3032,4793.8441,4887.9024,-32.444,-0.6638,88453144.0,86780252.7766
000905.SH,2019-08-27,4936.1238,4878.2891,4976.5805,4878.2891,4855.4584,80.6654,1.6613,108192637.0,105376287.9462
000905.SH,2019-08-28,4928.1935,4929.8939,4948.0177,4910.6033,4936.1238,-7.9303,-0.1607,98994293.0,92168539.7389
000905.SH,2019-08-29,4934.1838,4937.5909,4954.9574,4912.22,4928.1935,5.9903,0.1216,96817996.0,94062432.2524
000905.SH,2019-08-30,4886.494,4963.2785,4975.9723,4862.5821,4934.1838,-47.6898,-0.9665,102451634.0,108135467.947
000905.SH,2019-09-02,5008.2958,4894.0496,5020.2648,4890.2253,4886.494,121.8018,2.4926,108292930.0,109204318.7589
000905.SH,2019-09-03,5044.1805,5019.4049,5044.1805,4999.8872,5008.2958,35.8847,0.7165,109090449.0,115052722.4253
000905.SH,2019-09-04,5093.2662,5036.5238,5093.2662,5027.6672,5044.1805,49.0857,0.9731,122499224.0,123208416.373
000905.SH,2019-09-05,5138.4051,5119.5739,5208.9999,5119.4281,5093.2662,45.1389,0.8862,158947369.0,160737034.5931
000905.SH,2019-09-06,5154.6378,5152.185,5167.4828,5111.7349,5138.4051,16.2327,0.3159,112798576.0,122605223.2297
000905.SH,2019-09-09,5263.4594,5202.7058,5263.4594,5171.8514,5154.6378,108.8216,2.1111,132941927.0,139542294.574
000905.SH,2019-09-10,5245.305,5264.3276,5264.3276,5212.5251,5263.4594,-18.1544,-0.3449,131111547.0,138175230.5699
000905.SH,2019-09-11,5217.2913,5262.4946,5273.9678,5206.9728,5245.305,-28.0137,-0.5341,115603941.0,119062341.4798
000905.SH,2019-09-12,5242.6115,5230.2944,5255.7851,5197.5696,5217.2913,25.3202,0.4853,96044226.0,99874269.5678
000905.SH,2019-09-16,5250.3398,5263.3007,5279.5896,5228.29,5242.6115,7.7283,0.1474,114136339.0,116963948.6412
000905.SH,2019-09-17,5140.4502,5237.5592,5237.5592,5118.2077,5250.3398,-109.8896,-2.093,114771435.0,113656216.3258
000905.SH,2019-09-18,5141.0381,5148.0631,5163.8104,5119.6137,5140.4502,0.5879,0.0114,89555999.0,92044125.7126
000905.SH,2019-09-19,5191.6687,5150.4983,5191.6687,5126.1532,5141.0381,50.6306,0.9848,88129311.0,92724183.2855
000905.SH,2019-09-20,5204.4848,5198.7279,5220.2351,5180.0778,5191.6687,12.8161,0.2469,94186438.0,104270351.9347
000905.SH,2019-09-23,5171.484,5192.8838,5192.8838,5124.7981,5204.4848,-33.0008,-0.6341,94657680.0,103757230.3862
000905.SH,2019-09-24,5180.7418,5168.1222,5237.4102,5159.3315,5171.484,9.2578,0.179,94527996.0,108590216.7805
000905.SH,2019-09-25,5087.0091,5162.1513,5162.1513,5087.0091,5180.7418,-93.7327,-1.8093,92202920.0,103768929.2951
000905.SH,2019-09-26,4970.2403,5099.5177,5108.8037,4970.2403,5087.0091,-116.7688,-2.2954,94670752.0,100909210.4371
000905.SH,2019-09-27,5005.6299,4974.0324,5033.185,4974.0324,4970.2403,35.3896,0.712,74329833.0,77773539.9412
000905.SH,2019-09-30,4940.903,5009.1385,5022.4285,4940.903,5005.6299,-64.7269,-1.2931,65785130.0,66977336.9366
000905.SH,2019-10-08,4941.7607,4955.078,4994.4433,4937.0284,4940.903,0.8577,0.0174,66443425.0,69528043.0245
000905.SH,2019-10-09,4982.9535,4926.2085,4985.4405,4904.3222,4941.7607,41.1928,0.8336,66505759.0,67224088.8777
000905.SH,2019-10-10,5046.3594,4988.1408,5049.2193,4979.1948,4982.9535,63.4059,1.2725,73818154.0,75962306.5885
000905.SH,2019-10-11,5055.5165,5057.8108,5074.9035,5012.3843,5046.3594,9.1571,0.1815,82786016.0,82692670.9479
000905.SH,2019-10-14,5131.1312,5095.2164,5151.6944,5089.3126,5055.5165,75.6147,1.4957,103688878.0,100737694.0416
000905.SH,2019-10-15,5061.0029,5115.2478,5115.2478,5057.2839,5131.1312,-70.1283,-1.3667,88321430.0,86494758.0139
000905.SH,2019-10-16,5038.356,5064.3325,5086.9729,5036.5028,5061.0029,-22.6469,-0.4475,78221408.0,73744399.9153
000905.SH,2019-10-17,5029.854,5039.2712,5049.3606,5017.4677,5038.356,-8.502,-0.1687,70514508.0,65942908.1518
000905.SH,2019-10-18,4961.8072,5033.8167,5056.5575,4953.1478,5029.854,-68.0468,-1.3529,82038850.0,74431254.1502
000905.SH,2019-10-21,4951.0354,4956.7929,4957.2357,4906.3624,4961.8072,-10.7718,-0.2171,69899271.0,65366244.5514
000905.SH,2019-10-22,5005.5525,4954.1075,5011.0127,4954.1075,4951.0354,54.5171,1.1011,65534982.0,63627854.0136
000905.SH,2019-10-23,4967.1949,5009.3572,5009.9404,4955.0555,5005.5525,-38.3576,-0.7663,69036507.0,65559048.9691
000905.SH,2019-10-24,4958.2465,4961.6853,4972.7625,4921.1123,4967.1949,-8.9484,-0.1801,64868443.0,62074661.0557
000905.SH,2019-10-25,4994.5684,4953.3271,5001.5089,4922.0836,4958.2465,36.3219,0.7326,73158777.0,72672829.2388
000905.SH,2019-10-28,5084.4677,5026.064,5084.6884,5026.064,4994.5684,89.8993,1.7999,102907395.0,101064614.5455
000905.SH,2019-10-29,5007.7126,5080.9295,5080.9295,5007.7126,5084.4677,-76.7551,-1.5096,108706305.0,105275425.0542
000905.SH,2019-10-30,4947.8954,4975.6732,4984.4037,4938.1025,5007.7126,-59.8172,-1.1945,85762155.0,83620058.9054
000905.SH,2019-10-31,4917.4174,4950.0259,4967.7453,4911.3756,4947.8954,-30.478,-0.616,79582687.0,79650641.3705
000905.SH,2019-11-01,4962.3495,4908.6477,4967.0484,4896.0073,4917.4174,44.9321,0.9137,74155656.0,72447112.6773
000905.SH,2019-11-04,4987.8364,4974.3632,5016.9371,4974.3632,4962.3495,25.4869,0.5136,81278227.0,82241598.0224
000905.SH,2019-11-05,5025.3029,4995.4616,5041.2355,4972.7168,4987.8364,37.4665,0.7512,85072951.0,84235951.765
000905.SH,2019-11-06,4974.7343,5022.1048,5027.7894,4955.8258,5025.3029,-50.5686,-1.0063,83216275.0,82703564.204
000905.SH,2019-11-07,5007.0666,4970.529,5020.2236,4960.8385,4974.7343,32.3323,0.6499,72092198.0,70612908.5096
000905.SH,2019-11-08,4988.2938,5036.6566,5051.5643,4985.9488,5007.0666,-18.7728,-0.3749,79096556.0,80301698.4268
000905.SH,2019-11-11,4876.1594,4961.1943,4961.1943,4868.4348,4988.2938,-112.1344,-2.248,77096401.0,71951297.6998
000905.SH,2019-11-12,4881.6144,4878.9722,4887.2957,4823.4288,4876.1594,5.455,0.1119,68785493.0,64024939.3074
000905.SH,2019-11-13,4875.543,4878.9678,4888.1914,4853.5946,4881.6144,-6.0714,-0.1244,60606408.0,60162199.8353
000905.SH,2019-11-14,4912.1075,4875.2493,4925.4416,4871.5569,4875.543,36.5645,0.75,63910112.0,68278831.8171
000905.SH,2019-11-15,4868.4367,4910.2052,4936.9848,4868.4367,4912.1075,-43.6708,-0.889,70076404.0,74051052.8371
000905.SH,2019-11-18,4892.4609,4862.2803,4901.001,4851.39,4868.4367,24.0242,0.4935,63965372.0,63914780.8727
000905.SH,2019-11-19,4975.1128,4892.3397,4975.1128,4890.7563,4892.4609,82.6519,1.6894,72363369.0,73229636.6545
000905.SH,2019-11-20,4946.2757,4975.7561,4991.6959,4941.9109,4975.1128,-28.8371,-0.5796,78998277.0,81388200.0812
000905.SH,2019-11-21,4945.7188,4929.8513,4963.0886,4919.5937,4946.2757,-0.5569,-0.0113,66167513.0,63282046.8486
000905.SH,2019-11-22,4904.0828,4954.3102,5018.0642,4876.8117,4945.7188,-41.636,-0.8419,88027695.0,89306629.2795
000905.SH,2019-11-25,4901.5021,4904.9949,4915.3452,4853.8425,4904.0828,-2.5807,-0.0526,86347265.0,78620478.5536
000905.SH,2019-11-26,4882.1624,4906.4289,4920.6768,4882.1624,4901.5021,-19.3397,-0.3946,81259730.0,74550160.6747
000905.SH,2019-11-27,4904.2568,4881.402,4935.6277,4872.3024,4882.1624,22.0944,0.4526,72646940.0,70087736.4287
000905.SH,2019-11-28,4889.2595,4897.6525,4916.8046,4878.0072,4904.2568,-14.9973,-0.3058,59672314.0,56925664.8983
000905.SH,2019-11-29,4894.9416,4888.3484,4909.411,4850.5879,4889.2595,5.6821,0.1162,61395620.0,58933970.5848
000905.SH,2019-12-02,4905.4209,4897.6306,4930.5853,4889.319,4894.9416,10.4793,0.2141,63150159.0,61517277.1816
000905.SH,2019-12-03,4926.4548,4889.4069,4926.4548,4863.662,4905.4209,21.0339,0.4288,60345525.0,59970188.1163
000905.SH,2019-12-04,4920.6682,4902.4853,4935.5695,4901.0364,4926.4548,-5.7866,-0.1175,63496450.0,65049445.2398
000905.SH,2019-12-05,4967.6021,4927.7757,4978.9896,4923.1116,4920.6682,46.9339,0.9538,74077104.0,77991494.6804
000905.SH,2019-12-06,5010.5104,4968.041,5010.513,4954.7856,4967.6021,42.9083,0.8638,73705957.0,77615890.6984
000905.SH,2019-12-09,5024.604,5020.2216,5040.2408,5005.8413,5010.5104,14.0936,0.2813,88486415.0,92501704.1185
000905.SH,2019-12-10,5049.0514,5012.4716,5054.3122,4998.1479,5024.604,24.4474,0.4866,82936330.0,85621362.3396
000905.SH,2019-12-11,5027.2784,5044.9367,5052.3501,5007.5596,5049.0514,-21.773,-0.4312,86011038.0,87198618.3789
000905.SH,2019-12-12,5012.0011,5025.4907,5044.1972,5008.3676,5027.2784,-15.2773,-0.3039,80055439.0,82031906.1942
000905.SH,2019-12-13,5073.6858,5047.8973,5082.7599,5029.8833,5012.0011,61.6847,1.2307,99979184.0,100214793.1477
000905.SH,2019-12-16,5166.0391,5095.3481,5166.0391,5081.9093,5073.6858,92.3533,1.8202,116522533.0,118077922.8816
000905.SH,2019-12-17,5236.0624,5167.2291,5257.8279,5161.1524,5166.0391,70.0233,1.3555,150219142.0,143007732.1766
000905.SH,2019-12-18,5235.1248,5235.4761,5267.4061,5221.698,5236.0624,-0.9376,-0.0179,129264398.0,126380736.8897
000905.SH,2019-12-19,5241.7376,5236.9151,5255.1689,5215.884,5235.1248,6.6128,0.1263,113666294.0,111318995.2852
000905.SH,2019-12-20,5184.6752,5244.2134,5258.0056,5182.0632,5241.7376,-57.0624,-1.0886,117998472.0,107404905.7418
000905.SH,2019-12-23,5084.3505,5161.2823,5188.85,5079.4417,5184.6752,-100.3247,-1.935,105652530.0,98214944.0679
000905.SH,2019-12-24,5162.0702,5098.805,5165.1561,5092.9061,5084.3505,77.7197,1.5286,85451916.0,80244021.6729
000905.SH,2019-12-25,5183.0986,5157.3667,5195.8663,5153.5138,5162.0702,21.0284,0.4074,95918676.0,97321480.1834
000905.SH,2019-12-26,5219.1404,5181.3814,5219.1404,5171.4403,5183.0986,36.0418,0.6954,95625533.0,89169212.2184
000905.SH,2019-12-27,5179.1929,5223.4701,5252.7878,5175.852,5219.1404,-39.9475,-0.7654,126259628.0,116273066.0986
000905.SH,2019-12-30,5241.9383,5160.3102,5242.1238,5119.8558,5179.1929,62.7454,1.2115,116869456.0,106835905.579
000905.SH,2019-12-31,5267.6622,5239.9132,5269.8736,5228.1726,5241.9383,25.7239,0.4907,103889658.0,95356584.9965
000905.SH,2020-01-02,5366.1375,5306.6677,5374.9082,5288.1675,5267.6622,98.4753,1.8694,145894405.0,136813752.305
000905.SH,2020-01-03,5380.6372,5376.0328,5395.2585,5351.8049,5366.1375,14.4997,0.2702,128452021.0,122199725.5432
000905.SH,2020-01-06,5434.8503,5365.2171,5481.55,5355.0237,5380.6372,54.2131,1.0076,159587414.0,158190935.6283
000905.SH,2020-01-07,5499.8395,5441.9032,5499.8395,5440.6916,5434.8503,64.9892,1.1958,144142722.0,142194161.7678
000905.SH,2020-01-08,5423.7966,5481.9844,5500.1601,5409.569,5499.8395,-76.0429,-1.3826,155406847.0,149838069.326
000905.SH,2020-01-09,5497.5429,5465.8574,5497.5429,5457.3498,5423.7966,73.7463,1.3597,132431667.0,135961014.6473
000905.SH,2020-01-10,5480.2279,5511.6739,5516.0948,5455.2516,5497.5429,-17.315,-0.315,113819821.0,118196969.0424
000905.SH,2020-01-13,5559.6272,5478.3159,5559.6272,5447.7315,5480.2279,79.3993,1.4488,118076181.0,128651948.0067
000905.SH,2020-01-14,5542.3316,5576.6291,5583.7202,5539.8997,5559.6272,-17.2956,-0.3111,129811383.0,134845327.4686
000905.SH,2020-01-15,5530.0266,5532.9613,5545.1012,5492.6508,5542.3316,-12.305,-0.222,112425020.0,118142835.1481
000905.SH,2020-01-16,5527.6676,5539.4211,5559.0175,5514.6912,5530.0266,-2.359,-0.0427,111897276.0,122337955.3675
000905.SH,2020-01-17,5510.0453,5539.723,5555.4119,5499.4674,5527.6676,-17.6223,-0.3188,104949329.0,110491857.8866
000905.SH,2020-01-20,5587.5359,5523.0098,5587.5359,5500.5937,5510.0453,77.4906,1.4064,115403001.0,128212120.829
000905.SH,2020-01-21,5523.9419,5581.0102,5581.98,5515.1928,5587.5359,-63.594,-1.1381,124604808.0,135220987.2961
000905.SH,2020-01-22,5575.5126,5502.587,5597.9935,5440.1998,5523.9419,51.5707,0.9336,123474770.0,138250254.2434
000905.SH,2020-01-23,5377.7411,5521.7921,5558.4257,5326.9315,5575.5126,-197.7715,-3.5471,145773071.0,161861917.5295
000905.SH,2020-02-03,4910.9011,4896.8945,4960.7456,4896.8945,5377.7411,-466.84,-8.681,81777084.0,89455038.4602
000905.SH,2020-02-04,4996.4743,4736.1227,5013.7695,4736.1227,4910.9011,85.5732,1.7425,189672279.0,175374996.0255
000905.SH,2020-02-05,5123.9619,5035.4089,5178.4378,5026.4083,4996.4743,127.4876,2.5516,171095339.0,177352350.6372
000905.SH,2020-02-06,5282.8922,5128.1863,5299.178,5100.4818,5123.9619,158.9303,3.1017,185957456.0,197274056.3156
000905.SH,2020-02-07,5327.0369,5287.269,5329.3558,5226.6999,5282.8922,44.1447,0.8356,191147642.0,203495543.0978
000905.SH,2020-02-10,5388.4349,5322.0089,5389.0387,5301.4121,5327.0369,61.398,1.1526,176703282.0,186767921.8391
000905.SH,2020-02-11,5361.2768,5390.5255,5396.9558,5323.7602,5388.4349,-27.1581,-0.504,152508177.0,157302894.199
000905.SH,2020-02-12,5459.9461,5345.522,5461.6736,5340.487,5361.2768,98.6693,1.8404,151041473.0,164552224.7839
000905.SH,2020-02-13,5412.8418,5456.6591,5482.7951,5397.2324,5459.9461,-47.1043,-0.8627,158202642.0,175679828.6324
000905.SH,2020-02-14,5420.8025,5407.4738,5474.4682,5375.9258,5412.8418,7.9607,0.1471,145346496.0,162742004.6012
000905.SH,2020-02-17,5594.4366,5454.4626,5594.4366,5454.4626,5420.8025,173.6341,3.2031,174636657.0,183878721.1815
000905.SH,2020-02-18,5660.8142,5607.8401,5660.8142,5577.8981,5594.4366,66.3776,1.1865,185098701.0,206428524.4299
000905.SH,2020-02-19,5603.2626,5654.1778,5678.8191,5601.3916,5660.8142,-57.5516,-1.0167,185642085.0,210591418.572
000905.SH,2020-02-20,5706.7127,5619.5203,5712.1825,5580.0672,5603.2626,103.4501,1.8462,192076026.0,205564978.6497
000905.SH,2020-02-21,5784.0321,5704.836,5822.3973,5700.9519,5706.7127,77.3194,1.3549,207236239.0,230175046.237
000905.SH,2020-02-24,5865.4665,5784.5751,5884.1397,5754.6794,5784.0321,81.4344,1.4079,218098962.0,250154433.4829
000905.SH,2020-02-25,5897.7219,5745.617,5912.2741,5643.8843,5865.4665,32.2554,0.5499,267366678.0,301960915.8411
000905.SH,2020-02-26,5743.3929,5824.0484,5885.2702,5724.499,5897.7219,-154.329,-2.6168,266375080.0,281045744.3572
000905.SH,2020-02-27,5753.7277,5770.2183,5829.0372,5689.539,5743.3929,10.3348,0.1799,204694875.0,221902086.2327
000905.SH,2020-02-28,5451.2897,5558.4158,5641.7724,5438.8521,5753.7277,-302.438,-5.2564,224306709.0,232879770.2451
000905.SH,2020-03-02,5656.4193,5516.4386,5683.2425,5505.2683,5451.2897,205.1296,3.763,199511612.0,213505004.4625
000905.SH,2020-03-03,5710.0235,5756.7914,5832.3531,5658.1205,5656.4193,53.6042,0.9477,226325494.0,244204351.2065
000905.SH,2020-03-04,5716.5112,5670.4997,5719.1783,5603.9288,5710.0235,6.4877,0.1136,185133098.0,194980150.091
000905.SH,2020-03-05,5801.1199,5795.25,5811.2074,5732.168,5716.5112,84.6087,1.4801,217232221.0,217238387.621
000905.SH,2020-03-06,5763.8602,5737.0958,5802.6293,5723.7326,5801.1199,-37.2597,-0.6423,185297147.0,177496499.2891
000905.SH,2020-03-09,5525.8167,5668.6366,5699.9198,5525.8167,5763.8602,-238.0435,-4.1299,218538089.0,212042107.536
000905.SH,2020-03-10,5675.1113,5459.1732,5675.8756,5423.4289,5525.8167,149.2946,2.7018,208402877.0,210472315.0608
000905.SH,2020-03-11,5589.5311,5692.7173,5708.9152,5589.5311,5675.1113,-85.5802,-1.508,187750912.0,190010266.2876
000905.SH,2020-03-12,5493.8838,5507.3213,5549.3501,5446.7941,5589.5311,-95.6473,-1.7112,158753157.0,154102925.6064
000905.SH,2020-03-13,5457.2006,5225.5063,5507.3899,5224.7267,5493.8838,-36.6832,-0.6677,195266659.0,188405108.2271
000905.SH,2020-03-16,5200.1142,5496.889,5496.889,5183.3436,5457.2006,-257.0864,-4.711,186849952.0,184923547.7425
000905.SH,2020-03-17,5212.0619,5245.5231,5300.5591,5052.6546,5200.1142,11.9477,0.2298,159137878.0,152551271.989
000905.SH,2020-03-18,5119.4716,5257.9438,5333.1204,5119.4716,5212.0619,-92.5903,-1.7765,164286604.0,160536059.9921
000905.SH,2020-03-19,5157.8235,5119.9437,5185.0889,5020.4387,5119.4716,38.3519,0.7491,154593702.0,148680627.0648
000905.SH,2020-03-20,5219.2809,5217.488,5225.0268,5129.0733,5157.8235,61.4574,1.1915,127513289.0,131519032.4825
000905.SH,2020-03-23,4998.9095,5079.3549,5129.1405,4981.6682,5219.2809,-220.3714,-4.2223,138684745.0,133727699.5718
000905.SH,2020-03-24,5096.0408,5089.1516,5118.0355,4963.2918,4998.9095,97.1313,1.943,140787705.0,137371423.3747
000905.SH,2020-03-25,5217.4237,5200.7752,5229.2205,5160.3887,5096.0408,121.3829,2.3819,146881070.0,142310080.6332
000905.SH,2020-03-26,5166.1091,5180.4657,5227.4679,5157.1478,5217.4237,-51.3146,-0.9835,125652450.0,126982007.9954
000905.SH,2020-03-27,5137.3371,5222.8511,5227.7921,5134.4903,5166.1091,-28.772,-0.5569,117045073.0,118480791.0996
000905.SH,2020-03-30,5027.4856,5073.7047,5074.6251,4974.3165,5137.3371,-109.8515,-2.1383,123981316.0,124559163.3723
000905.SH,2020-03-31,5041.4534,5073.5232,5090.5675,5030.573,5027.4856,13.9678,0.2778,111605612.0,106538446.1587
000905.SH,2020-04-01,5019.2187,5029.5837,5108.175,5007.7115,5041.4534,-22.2347,-0.441,112154111.0,110651112.5191
000905.SH,2020-04-02,5147.2019,4998.6259,5147.2019,4998.1063,5019.2187,127.9832,2.5499,113351078.0,117822171.4396
000905.SH,2020-04-03,5107.0393,5143.5185,5161.5728,5085.0948,5147.2019,-40.1626,-0.7803,109478978.0,112751173.06
000905.SH,2020-04-07,5267.073,5202.5465,5273.0857,5197.5826,5107.0393,160.0337,3.1336,145109452.0,146826555.1089
000905.SH,2020-04-08,5271.7961,5243.1623,5291.4149,5232.6161,5267.073,4.7231,0.0897,137786254.0,136499534.3914
000905.SH,2020-04-09,5322.4614,5301.2663,5336.1174,5289.3845,5271.7961,50.6653,0.9611,125098462.0,128352885.5313
000905.SH,2020-04-10,5208.5102,5321.7865,5321.7865,5197.9841,5322.4614,-113.9512,-2.1409,123816388.0,126468212.0094
000905.SH,2020-04-13,5169.1757,5176.4431,5198.3708,5140.8505,5208.5102,-39.3345,-0.7552,98180993.0,101355716.4324
000905.SH,2020-04-14,5288.593,5197.1716,5288.593,5189.8242,5169.1757,119.4173,2.3102,110188244.0,118917318.0308
000905.SH,2020-04-15,5268.7497,5291.9664,5320.5792,5264.0114,5288.593,-19.8433,-0.3752,122477400.0,128025726.3485
000905.SH,2020-04-16,5316.9707,5245.9247,5328.1204,5238.4335,5268.7497,48.221,0.9152,120742193.0,122069165.0055
000905.SH,2020-04-17,5318.4547,5354.9828,5377.147,5309.5809,5316.9707,1.484,0.0279,136969833.0,156745771.3363
000905.SH,2020-04-20,5381.7857,5329.8688,5381.7857,5311.1974,5318.4547,63.331,1.1908,120642182.0,130825823.6881
000905.SH,2020-04-21,5343.8806,5358.6005,5358.6005,5287.6633,5381.7857,-37.9051,-0.7043,130744426.0,139768427.4269
000905.SH,2020-04-22,5387.6233,5304.731,5388.2073,5296.2644,5343.8806,43.7427,0.8186,123597006.0,127945771.5307
000905.SH,2020-04-23,5357.7904,5402.6478,5407.49,5354.9401,5387.6233,-29.8329,-0.5537,144618302.0,145324602.2103
000905.SH,2020-04-24,5273.5474,5350.5426,5354.7629,5258.5692,5357.7904,-84.243,-1.5723,131383367.0,127211203.3867
000905.SH,2020-04-27,5265.7248,5278.9787,5314.4114,5249.3133,5273.5474,-7.8226,-0.1483,117132427.0,110738403.0207
000905.SH,2020-04-28,5227.846,5268.1255,5273.2565,5102.0608,5265.7248,-37.8788,-0.7193,140824910.0,133971236.9669
000905.SH,2020-04-29,5226.8116,5203.7103,5269.735,5201.4734,5227.846,-1.0344,-0.0198,105926849.0,103339319.1683
000905.SH,2020-04-30,5353.8595,5261.0467,5368.8943,5261.0467,5226.8116,127.0479,2.4307,133036686.0,142523793.3011
000905.SH,2020-05-06,5451.3159,5320.94,5451.456,5318.443,5353.8595,97.4564,1.8203,141679050.0,159945700.6447
000905.SH,2020-05-07,5445.7519,5454.2515,5473.7738,5425.7964,5451.3159,-5.564,-0.1021,140146354.0,147975355.3192
000905.SH,2020-05-08,5507.6965,5474.8739,5527.0903,5467.646,5445.7519,61.9446,1.1375,136318622.0,146384767.2231
000905.SH,2020-05-11,5496.192,5529.1056,5547.9416,5466.6158,5507.6965,-11.5045,-0.2089,129851985.0,142054909.5976
000905.SH,2020-05-12,5512.464,5494.0693,5519.2868,5441.7013,5496.192,16.272,0.2961,115943677.0,127585356.3367
000905.SH,2020-05-13,5536.2802,5495.8969,5546.5535,5483.9868,5512.464,23.8162,0.432,107895822.0,120477112.076
000905.SH,2020-05-14,5487.107,5513.0817,5528.0915,5485.0152,5536.2802,-49.1732,-0.8882,119197701.0,129595787.5379
000905.SH,2020-05-15,5507.9336,5510.1454,5543.9334,5486.2557,5487.107,20.8266,0.3796,112651511.0,132317035.662
000905.SH,2020-05-18,5478.8218,5522.7233,5528.7754,5454.9615,5507.9336,-29.1118,-0.5285,133654664.0,158389049.3577
000905.SH,2020-05-19,5547.8759,5515.0289,5548.2181,5504.2327,5478.8218,69.0541,1.2604,112008860.0,133182704.7726
000905.SH,2020-05-20,5489.7024,5545.0441,5547.1691,5473.7896,5547.8759,-58.1735,-1.0486,123491264.0,141354557.2713
000905.SH,2020-05-21,5426.1745,5508.2041,5511.2324,5415.5986,5489.7024,-63.5279,-1.1572,114559108.0,128883851.4222
000905.SH,2020-05-22,5328.2268,5421.7282,5421.887,5307.2962,5426.1745,-97.9477,-1.8051,106415711.0,115705492.5171
000905.SH,2020-05-25,5316.6036,5323.9656,5344.2849,5293.2294,5328.2268,-11.6232,-0.2181,84385681.0,91375351.5297
000905.SH,2020-05-26,5420.2126,5341.1113,5421.9045,5341.0821,5316.6036,103.609,1.9488,90969008.0,99351009.0487
000905.SH,2020-05-27,5369.4992,5426.5558,5426.5558,5358.47,5420.2126,-50.7134,-0.9356,103960371.0,113109428.4991
000905.SH,2020-05-28,5361.167,5367.2664,5390.1397,5290.2897,5369.4992,-8.3322,-0.1552,102524251.0,107583819.7015
000905.SH,2020-05-29,5406.3403,5349.5678,5416.6599,5336.0669,5361.167,45.1733,0.8426,105003250.0,110023218.1856
000905.SH,2020-06-01,5569.48,5446.2912,5576.6538,5446.2912,5406.3403,163.1397,3.0176,141697582.0,147879965.4903
000905.SH,2020-06-02,5566.4438,5595.3589,5596.4399,5544.1862,5569.48,-3.0362,-0.0545,139029103.0,149203304.0814
000905.SH,2020-06-03,5572.3125,5583.701,5618.2892,5567.0729,5566.4438,5.8687,0.1054,138345519.0,146218273.4341
000905.SH,2020-06-04,5576.7535,5589.3445,5597.2621,5549.3577,5572.3125,4.441,0.0797,120778465.0,123809986.1805
000905.SH,2020-06-05,5585.4231,5585.1592,5592.3453,5542.8701,5576.7535,8.6696,0.1555,112253897.0,115167433.5613
000905.SH,2020-06-08,5575.3036,5618.3753,5627.1893,5567.2087,5585.4231,-10.1195,-0.1812,119446190.0,128061193.1753
000905.SH,2020-06-09,5610.3774,5582.144,5616.0363,5560.139,5575.3036,35.0738,0.6291,114870929.0,119378870.7918
000905.SH,2020-06-10,5615.2417,5611.6579,5616.6108,5581.9153,5610.3774,4.8643,0.0867,108368097.0,114114998.789
000905.SH,2020-06-11,5589.1019,5618.6411,5673.3108,5567.538,5615.2417,-26.1398,-0.4655,127515454.0,144595249.4046
000905.SH,2020-06-12,5591.4871,5483.7845,5620.2062,5479.2713,5589.1019,2.3852,0.0427,129545465.0,142138382.1193
000905.SH,2020-06-15,5590.6435,5605.8832,5661.9706,5590.6435,5591.4871,-0.8436,-0.0151,145359776.0,152567150.8105
000905.SH,2020-06-16,5695.3007,5633.2588,5695.3007,5624.8549,5590.6435,104.6572,1.872,133951703.0,142087502.3494
000905.SH,2020-06-17,5735.4183,5708.6871,5735.4183,5685.6241,5695.3007,40.1176,0.7044,146837518.0,153683182.9393
000905.SH,2020-06-18,5734.403,5738.0314,5744.4525,5705.295,5735.4183,-1.0153,-0.0177,158154366.0,160763116.0936
000905.SH,2020-06-19,5787.1482,5733.4291,5796.3597,5727.6226,5734.403,52.7452,0.9198,141768098.0,147827142.2147
000905.SH,2020-06-22,5784.0269,5793.7883,5815.3942,5770.8094,5787.1482,-3.1213,-0.0539,145392349.0,157370407.8921
000905.SH,2020-06-23,5804.343,5783.1198,5809.2832,5755.3982,5784.0269,20.3161,0.3512,125748127.0,140277421.3102
000905.SH,2020-06-24,5789.0893,5808.5388,5824.3132,5773.2908,5804.343,-15.2537,-0.2628,110241436.0,128536776.0116
000905.SH,2020-06-29,5762.4378,5774.4585,5789.1592,5740.2558,5789.0893,-26.6515,-0.4604,117761151.0,131671126.4951
000905.SH,2020-06-30,5864.4164,5790.0647,5875.3274,5788.2081,5762.4378,101.9786,1.7697,115350324.0,139671518.5497
000905.SH,2020-07-01,5881.8875,5884.54,5885.8738,5814.7554,5864.4164,17.4711,0.2979,142832982.0,161437631.5947
000905.SH,2020-07-02,5975.2794,5880.8832,5979.9902,5858.5743,5881.8875,93.3919,1.5878,201181380.0,200063179.9933
000905.SH,2020-07-03,6051.5099,5989.9958,6052.523,5968.0663,5975.2794,76.2305,1.2758,226826818.0,217087507.6317
000905.SH,2020-07-06,6299.8551,6095.9561,6318.3081,6095.9561,6051.5099,248.3452,4.1039,302376489.0,291741992.2841
000905.SH,2020-07-07,6380.0276,6368.3135,6480.0286,6300.2446,6299.8551,80.1725,1.2726,325865425.0,329327405.3953
000905.SH,2020-07-08,6535.4151,6378.9461,6541.4382,6352.3731,6380.0276,155.3875,2.4355,288847389.0,292261704.9515
000905.SH,2020-07-09,6693.7452,6541.2854,6712.1445,6530.0207,6535.4151,158.3301,2.4226,317412271.0,334582903.483
000905.SH,2020-07-10,6676.4373,6664.3263,6763.8121,6644.3586,6693.7452,-17.3079,-0.2586,288736672.0,322509785.2337
000905.SH,2020-07-13,6899.5175,6710.6352,6899.622,6710.6352,6676.4373,223.0802,3.3413,297305595.0,335186154.0964
000905.SH,2020-07-14,6807.727,6897.0034,6897.0034,6672.7996,6899.5175,-91.7905,-1.3304,293868297.0,341854745.1066
000905.SH,2020-07-15,6638.8384,6815.6162,6838.1524,6598.5228,6807.727,-168.8886,-2.4808,256472830.0,300879616.8056
000905.SH,2020-07-16,6319.9981,6642.3288,6710.995,6305.133,6638.8384,-318.8403,-4.8027,253315870.0,277008155.0881
000905.SH,2020-07-17,6344.5912,6327.0265,6447.5092,6272.9416,6319.9981,24.5931,0.3891,196803909.0,215076901.728
000905.SH,2020-07-20,6526.8325,6419.08,6526.8325,6340.6495,6344.5912,182.2413,2.8724,212413222.0,225848583.6009
000905.SH,2020-07-21,6563.3239,6546.5653,6591.0097,6500.8682,6526.8325,36.4914,0.5591,193965949.0,214682284.5293
000905.SH,2020-07-22,6620.6893,6554.1681,6699.6871,6534.7427,6563.3239,57.3654,0.874,210101198.0,232947421.3162
000905.SH,2020-07-23,6620.0859,6562.0485,6629.2067,6431.2609,6620.6893,-0.6034,-0.0091,207992462.0,240882435.4909
000905.SH,2020-07-24,6283.9831,6584.8093,6609.2877,6265.3789,6620.0859,-336.1028,-5.077,219017777.0,247232797.4295
000905.SH,2020-07-27,6298.7351,6304.5859,6337.3275,6229.4712,6283.9831,14.752,0.2348,145542481.0,168023361.892
000905.SH,2020-07-28,6359.6637,6345.682,6385.3908,6307.7891,6298.7351,60.9286,0.9673,138838144.0,162440480.5888
000905.SH,2020-07-29,6530.2712,6341.0079,6530.2712,6324.0483,6359.6637,170.6075,2.6826,159221684.0,186898356.931
000905.SH,2020-07-30,6511.436,6548.7007,6564.775,6491.4492,6530.2712,-18.8352,-0.2884,177615561.0,209285453.5579
000905.SH,2020-07-31,6579.6696,6499.3939,6619.2616,6463.415,6511.436,68.2336,1.0479,179912941.0,207862488.5294
000905.SH,2020-08-03,6739.8085,6635.3429,6739.8085,6614.4314,6579.6696,160.1389,2.4338,207266746.0,240946720.7354
000905.SH,2020-08-04,6697.7071,6758.4937,6764.9049,6672.894,6739.8085,-42.1014,-0.6247,209478936.0,245084781.5538
000905.SH,2020-08-05,6772.8422,6696.687,6790.008,6653.2772,6697.7071,75.1351,1.1218,184843816.0,217994170.9777
000905.SH,2020-08-06,6770.3016,6780.3265,6792.2759,6656.2782,6772.8422,-2.5406,-0.0375,205229842.0,240928921.8716
000905.SH,2020-08-07,6688.8822,6743.2907,6755.528,6578.6672,6770.3016,-81.4194,-1.2026,198128214.0,227976663.6219
000905.SH,2020-08-10,6725.2956,6666.5601,6768.866,6651.7421,6688.8822,36.4134,0.5444,175353227.0,210390907.2324
000905.SH,2020-08-11,6600.8472,6727.7692,6756.8451,6594.9793,6725.2956,-124.4484,-1.8505,180845771.0,203427777.7724
000905.SH,2020-08-12,6528.3999,6580.0058,6599.6573,6395.006,6600.8472,-72.4473,-1.0975,177889045.0,197969436.4249
000905.SH,2020-08-13,6552.6567,6552.3695,6592.1163,6518.4229,6528.3999,24.2568,0.3716,162060515.0,166812245.2366
000905.SH,2020-08-14,6623.5633,6542.6032,6629.5058,6506.0266,6552.6567,70.9066,1.0821,156875988.0,161300612.4555
000905.SH,2020-08-17,6744.5468,6646.5418,6752.3176,6614.1849,6623.5633,120.9835,1.8266,201407357.0,207540650.7394
000905.SH,2020-08-18,6789.3979,6747.6059,6811.5637,6737.5288,6744.5468,44.8511,0.665,189166175.0,208576358.641
000905.SH,2020-08-19,6666.274,6782.5931,6782.5931,6661.9879,6789.3979,-123.1239,-1.8135,194309136.0,205475855.5094
000905.SH,2020-08-20,6593.785,6622.0053,6672.4908,6570.6949,6666.274,-72.489,-1.0874,157646258.0,163429358.3528
000905.SH,2020-08-21,6643.9444,6628.9007,6686.0233,6589.1968,6593.785,50.1594,0.7607,142963493.0,153128200.636
000905.SH,2020-08-24,6688.9647,6667.2961,6702.7487,6589.9285,6643.9444,45.0203,0.6776,143020354.0,157948512.2657
000905.SH,2020-08-25,6652.5478,6698.1196,6734.4378,6631.6853,6688.9647,-36.4169,-0.5444,147098130.0,158243101.1305
000905.SH,2020-08-26,6525.8786,6650.449,6660.7634,6501.2409,6652.5478,-126.6692,-1.9041,153734771.0,170546092.5423
000905.SH,2020-08-27,6578.7912,6538.1362,6585.7193,6486.7508,6525.8786,52.9126,0.8108,129836198.0,142139979.1273
000905.SH,2020-08-28,6691.2096,6571.8981,6695.3574,6553.9227,6578.7912,112.4184,1.7088,141949593.0,155878611.7304
000905.SH,2020-08-31,6668.4331,6719.2859,6765.8853,6667.6792,6691.2096,-22.7765,-0.3404,156024385.0,173312513.8292
000905.SH,2020-09-01,6710.4599,6667.168,6710.4599,6637.6339,6668.4331,42.0268,0.6302,125632490.0,140204445.918
000905.SH,2020-09-02,6717.5579,6725.6913,6742.5527,6647.0341,6710.4599,7.098,0.1058,149562548.0,160818469.7985
000905.SH,2020-09-03,6662.2515,6715.1042,6732.6741,6638.4482,6717.5579,-55.3064,-0.8233,142110335.0,151591727.8496
000905.SH,2020-09-04,6618.5762,6545.888,6631.0289,6538.4896,6662.2515,-43.6753,-0.6556,125358462.0,132077386.3253
000905.SH,2020-09-07,6478.8124,6619.8982,6669.3935,6459.1029,6618.5762,-139.7638,-2.1117,155581748.0,167216213.9321
000905.SH,2020-09-08,6525.098,6493.7737,6542.9954,6432.952,6478.8124,46.2856,0.7144,161230318.0,148148725.2855
000905.SH,2020-09-09,6349.2234,6455.3053,6471.4824,6319.2713,6525.098,-175.8746,-2.6954,216916351.0,176688524.1741
000905.SH,2020-09-10,6235.5687,6404.6646,6414.9623,6219.6361,6349.2234,-113.6547,-1.7901,181049497.0,149335340.8444
000905.SH,2020-09-11,6311.967,6209.7881,6319.6691,6209.7881,6235.5687,76.3983,1.2252,124629194.0,115690880.1605
000905.SH,2020-09-14,6351.2422,6350.3551,6381.182,6297.9023,6311.967,39.2752,0.6222,130502277.0,129303970.0627
000905.SH,2020-09-15,6387.8805,6351.0366,6388.1304,6328.5366,6351.2422,36.6383,0.5769,115184154.0,117077083.5051
000905.SH,2020-09-16,6353.836,6379.5178,6387.7666,6321.5668,6387.8805,-34.0445,-0.533,113379887.0,112504425.5285
000905.SH,2020-09-17,6367.0206,6345.6715,6416.0088,6291.6343,6353.836,13.1846,0.2075,118959681.0,123682498.3629
000905.SH,2020-09-18,6469.4692,6367.7923,6473.5997,6353.5609,6367.0206,102.4486,1.6091,135226264.0,136788919.9483
000905.SH,2020-09-21,6445.9649,6492.2249,6515.337,6434.3239,6469.4692,-23.5043,-0.3633,126023721.0,133640323.4892
000905.SH,2020-09-22,6358.652,6392.025,6462.9751,6341.4838,6445.9649,-87.3129,-1.3545,121305894.0,122989741.8119
000905.SH,2020-09-23,6392.0329,6382.2813,6411.2048,6356.1636,6358.652,33.3809,0.525,95048833.0,106027143.3678
000905.SH,2020-09-24,6244.6389,6353.694,6354.6827,6243.282,6392.0329,-147.394,-2.3059,112801467.0,112624608.4249
000905.SH,2020-09-25,6236.8904,6271.7008,6285.4717,6206.1823,6244.6389,-7.7485,-0.1241,87798788.0,92989168.3901
000905.SH,2020-09-28,6178.4693,6255.021,6261.9304,6171.02,6236.8904,-58.4211,-0.9367,78962915.0,87526269.7926
000905.SH,2020-09-29,6228.7708,6206.9908,6280.4433,6179.8807,6178.4693,50.3015,0.8141,81371164.0,91783259.8819
000905.SH,2020-09-30,6192.5045,6245.1158,6260.1234,6155.0208,6228.7708,-36.2663,-0.5822,81484093.0,89615460.4152
000905.SH,2020-10-09,6357.9711,6300.0703,6373.9367,6290.4705,6192.5045,165.4666,2.672,100386231.0,115149926.305
000905.SH,2020-10-12,6541.176,6408.0827,6541.3102,6399.6833,6357.9711,183.2049,2.8815,144824349.0,160960006.1506
000905.SH,2020-10-13,6551.3987,6538.8354,6557.8635,6486.3088,6541.176,10.2227,0.1563,111558450.0,130283812.0988
000905.SH,2020-10-14,6508.3743,6547.8376,6547.8376,6492.6581,6551.3987,-43.0244,-0.6567,118629604.0,133539992.9706
000905.SH,2020-10-15,6460.0408,6511.0707,6518.5503,6456.7714,6508.3743,-48.3335,-0.7426,107004252.0,115595908.9955
000905.SH,2020-10-16,6428.6822,6456.7375,6473.6343,6388.6459,6460.0408,-31.3586,-0.4854,98732022.0,109046534.5313
000905.SH,2020-10-19,6358.3213,6466.566,6483.5079,6346.2632,6428.6822,-70.3609,-1.0945,103668363.0,114682882.3245
000905.SH,2020-10-20,6423.1128,6349.6437,6423.1573,6324.3889,6358.3213,64.7915,1.019,86189224.0,95327322.7358
000905.SH,2020-10-21,6350.0127,6426.194,6426.5095,6323.4406,6423.1128,-73.1001,-1.1381,87512255.0,102120928.4523
000905.SH,2020-10-22,6317.1438,6331.8037,6334.5424,6256.2324,6350.0127,-32.8689,-0.5176,85724729.0,96745752.0807
000905.SH,2020-10-23,6213.2626,6312.0076,6362.4283,6202.5347,6317.1438,-103.8812,-1.6444,80565090.0,93954361.1632
000905.SH,2020-10-26,6214.3779,6195.3539,6239.7156,6127.3829,6213.2626,1.1153,0.018,73392956.0,85255066.1509
000905.SH,2020-10-27,6221.3414,6187.4731,6227.8424,6168.971,6214.3779,6.9635,0.1121,75586516.0,89315873.3625
000905.SH,2020-10-28,6245.9986,6221.7402,6254.716,6164.2406,6221.3414,24.6572,0.3963,87130888.0,104079228.6348
000905.SH,2020-10-29,6255.1933,6168.9076,6287.6478,6159.1435,6245.9986,9.1947,0.1472,92587483.0,109761286.2784
000905.SH,2020-10-30,6111.4803,6272.9273,6274.6162,6103.8909,6255.1933,-143.713,-2.2975,112122360.0,126461002.4903
000905.SH,2020-11-02,6143.1157,6119.4514,6162.2763,6095.8038,6111.4803,31.6354,0.5176,111756379.0,123794413.3188
000905.SH,2020-11-03,6241.7676,6175.1593,6245.5576,6155.7346,6143.1157,98.6519,1.6059,105440036.0,115863061.0007
000905.SH,2020-11-04,6234.158,6246.6368,6256.0695,6181.0972,6241.7676,-7.6096,-0.1219,92929745.0,108226613.2945
000905.SH,2020-11-05,6351.9789,6294.6136,6358.4445,6273.3148,6234.158,117.8209,1.8899,118843215.0,132602148.3291
000905.SH,2020-11-06,6301.2477,6366.1854,6366.1854,6254.0869,6351.9789,-50.7312,-0.7987,118244211.0,131702113.3434
000905.SH,2020-11-09,6421.6506,6337.4415,6452.9139,6337.4415,6301.2477,120.4029,1.9108,160027882.0,175071789.2143
000905.SH,2020-11-10,6373.0853,6434.4298,6435.413,6339.2861,6421.6506,-48.5653,-0.7563,141928932.0,155931471.2623
000905.SH,2020-11-11,6294.6055,6356.3666,6375.2402,6292.8368,6373.0853,-78.4798,-1.2314,130728081.0,134439037.0984
000905.SH,2020-11-12,6315.4938,6305.0655,6340.9983,6285.2907,6294.6055,20.8883,0.3318,104680687.0,113184124.1617
000905.SH,2020-11-13,6306.97,6304.4593,6319.4126,6248.355,6315.4938,-8.5238,-0.135,107116322.0,112943607.7867
000905.SH,2020-11-16,6387.371,6319.7042,6387.4154,6294.2899,6306.97,80.401,1.2748,133677330.0,131781935.0487
000905.SH,2020-11-17,6336.9406,6380.7685,6380.7685,6300.5666,6387.371,-50.4304,-0.7895,141274318.0,138972383.4244
000905.SH,2020-11-18,6341.0136,6333.4506,6382.4966,6314.3093,6336.9406,4.073,0.0643,133982462.0,129795857.7111
000905.SH,2020-11-19,6360.5998,6328.0837,6370.1805,6293.5553,6341.0136,19.5862,0.3089,123804845.0,121059609.4787
000905.SH,2020-11-20,6422.9854,6354.7873,6429.8695,6351.3079,6360.5998,62.3856,0.9808,130667645.0,128065402.931
000905.SH,2020-11-23,6472.9301,6435.9187,6516.2407,6407.0565,6422.9854,49.9447,0.7776,181925668.0,170218076.1445
000905.SH,2020-11-24,6475.1881,6472.7468,6495.1373,6454.6653,6472.9301,2.258,0.0349,154062965.0,148759535.1475
000905.SH,2020-11-25,6350.3667,6489.2553,6489.722,6350.3667,6475.1881,-124.8214,-1.9277,153813106.0,156624909.5218
000905.SH,2020-11-26,6334.3042,6349.8616,6358.174,6284.9727,6350.3667,-16.0625,-0.2529,123236936.0,125528466.0795
000905.SH,2020-11-27,6351.6119,6337.3839,6351.8103,6276.0729,6334.3042,17.3077,0.2732,120885116.0,117407959.6181
000905.SH,2020-11-30,6320.9441,6360.462,6397.7204,6309.4445,6351.6119,-30.6678,-0.4828,163157682.0,157517649.5611
000905.SH,2020-12-01,6426.6155,6307.8544,6437.9433,6299.414,6320.9441,105.6714,1.6718,150957340.0,152562838.8009
000905.SH,2020-12-02,6434.9791,6437.9561,6446.8066,6392.9892,6426.6155,8.3636,0.1301,149705105.0,150490962.7372
000905.SH,2020-12-03,6440.8808,6437.3843,6461.0881,6392.8987,6434.9791,5.9017,0.0917,152214933.0,152891750.85
000905.SH,2020-12-04,6464.7345,6426.0263,6471.8561,6409.6779,6440.8808,23.8537,0.3703,128855169.0,135320890.7162
000905.SH,2020-12-07,6424.6823,6465.9879,6472.8495,6417.6481,6464.7345,-40.0522,-0.6195,121078282.0,130847019.8985
000905.SH,2020-12-08,6423.6513,6424.1589,6448.3926,6406.7236,6424.6823,-1.031,-0.016,105494992.0,118324850.7684
000905.SH,2020-12-09,6307.2207,6430.4767,6437.4327,6307.2207,6423.6513,-116.4306,-1.8125,121516213.0,133439441.0288
000905.SH,2020-12-10,6320.0956,6295.353,6350.9178,6267.1713,6307.2207,12.8749,0.2041,110577142.0,122398601.686
000905.SH,2020-12-11,6209.427,6328.8282,6340.3946,6163.4119,6320.0956,-110.6686,-1.7511,132641606.0,143457071.9454
000905.SH,2020-12-14,6259.0175,6207.826,6260.6133,6176.5402,6209.427,49.5905,0.7986,106877149.0,123900781.6562
000905.SH,2020-12-15,6265.5819,6250.0967,6276.5843,6228.6787,6259.0175,6.5644,0.1049,97980994.0,119718559.3447
000905.SH,2020-12-16,6235.4352,6268.2111,6271.0304,6219.0857,6265.5819,-30.1467,-0.4811,99283950.0,114108040.7368
000905.SH,2020-12-17,6308.9013,6225.079,6312.0056,6184.5429,6235.4352,73.4661,1.1782,127702744.0,140083142.6431
000905.SH,2020-12-18,6291.918,6310.1601,6332.5326,6269.2134,6308.9013,-16.9833,-0.2692,128622288.0,137531405.1799
000905.SH,2020-12-21,6398.5987,6302.2576,6401.5463,6293.922,6291.918,106.6807,1.6955,136347822.0,156761702.6472
000905.SH,2020-12-22,6250.0606,6372.8787,6378.4986,6241.5603,6398.5987,-148.5381,-2.3214,151310618.0,172456513.3427
000905.SH,2020-12-23,6307.604,6255.3524,6330.6028,6242.6249,6250.0606,57.5434,0.9207,144044323.0,166258560.0293
000905.SH,2020-12-24,6205.2247,6308.4801,6308.4801,6202.4031,6307.604,-102.3793,-1.6231,131221653.0,147688966.8912
000905.SH,2020-12-25,6278.4981,6190.9922,6284.5851,6186.0254,6205.2247,73.2734,1.1808,134478267.0,143831769.3304
000905.SH,2020-12-28,6244.4818,6283.7821,6288.2442,6219.091,6278.4981,-34.0163,-0.5418,148960214.0,160495558.5673
000905.SH,2020-12-29,6199.8523,6240.7355,6280.0396,6196.4147,6244.4818,-44.6295,-0.7147,154476032.0,155674658.9401
000905.SH,2020-12-30,6269.2484,6196.4505,6289.2704,6188.5931,6199.8523,69.3961,1.1193,138041673.0,148227835.3326
000905.SH,2020-12-31,6367.1149,6282.9576,6370.5695,6281.0138,6269.2484,97.8665,1.5611,160194086.0,174289318.5941
000905.SH,2021-01-04,6482.7868,6395.6118,6501.5892,6359.0797,6367.1149,115.6719,1.8167,186621209.0,211126911.3344
000905.SH,2021-01-05,6539.7315,6470.2503,6539.7315,6452.5245,6482.7868,56.9447,0.8784,196726292.0,227033005.0562
000905.SH,2021-01-06,6528.1425,6549.731,6569.199,6472.7446,6539.7315,-11.589,-0.1772,178521086.0,209333367.288
000905.SH,2021-01-07,6538.1162,6523.6756,6567.2727,6467.4371,6528.1425,9.9737,0.1528,197135641.0,219238806.4946
000905.SH,2021-01-08,6557.5964,6541.5576,6598.3812,6484.3979,6538.1162,19.4802,0.2979,180837429.0,207113827.9436
000905.SH,2021-01-11,6455.3987,6557.4528,6572.8538,6419.731,6557.5964,-102.1977,-1.5585,183257271.0,217940399.0225
000905.SH,2021-01-12,6543.2286,6425.8148,6543.2286,6425.8148,6455.3987,87.8299,1.3606,162311237.0,199048530.4392
000905.SH,2021-01-13,6496.9131,6550.0346,6553.6488,6457.881,6543.2286,-46.3155,-0.7078,184913420.0,222962632.3528
000905.SH,2021-01-14,6439.8854,6471.7894,6516.2686,6402.6002,6496.9131,-57.0277,-0.8778,163023816.0,198732646.5034
000905.SH,2021-01-15,6417.5011,6427.1304,6447.8762,6339.4283,6439.8854,-22.3843,-0.3476,138243199.0,166962801.8074
000905.SH,2021-01-18,6514.4644,6414.8298,6529.4125,6392.0653,6417.5011,96.9633,1.5109,136832807.0,169891546.0691
000905.SH,2021-01-19,6476.3736,6510.4785,6532.6474,6456.1154,6514.4644,-38.0908,-0.5847,147616716.0,174545108.2662
000905.SH,2021-01-20,6535.4185,6477.6683,6535.4751,6449.2835,6476.3736,59.0449,0.9117,128525432.0,153378909.1116
000905.SH,2021-01-21,6622.4959,6552.0345,6649.8633,6550.8802,6535.4185,87.0774,1.3324,156809587.0,189208745.5408
000905.SH,2021-01-22,6637.8052,6619.8603,6643.6653,6573.8204,6622.4959,15.3093,0.2312,158062310.0,202861676.2719
000905.SH,2021-01-25,6645.3137,6636.2196,6711.5711,6599.9742,6637.8052,7.5085,0.1131,165623103.0,223556746.416
000905.SH,2021-01-26,6532.961,6621.1481,6624.4493,6515.2584,6645.3137,-112.3527,-1.6907,143371311.0,191892389.9292
000905.SH,2021-01-27,6557.1608,6527.6804,6564.2855,6481.1571,6532.961,24.1998,0.3704,139760049.0,174776064.7694
000905.SH,2021-01-28,6414.3811,6475.8609,6529.8416,6405.8135,6557.1608,-142.7797,-2.1775,144825406.0,174817693.9993
000905.SH,2021-01-29,6346.1371,6448.6697,6462.3739,6255.7033,6414.3811,-68.244,-1.0639,146041581.0,172077242.7104
000905.SH,2021-02-01,6393.278,6338.6445,6397.0135,6328.3355,6346.1371,47.1409,0.7428,137325183.0,157579284.9242
000905.SH,2021-02-02,6454.7853,6404.853,6459.4797,6361.0882,6393.278,61.5073,0.9621,132394313.0,161720464.8513
000905.SH,2021-02-03,6399.3315,6459.6641,6484.4931,6399.3315,6454.7853,-55.4538,-0.8591,145457155.0,175699413.2692
000905.SH,2021-02-04,6328.7881,6375.6723,6414.2983,6249.5311,6399.3315,-70.5434,-1.1024,148861330.0,173708935.4887
000905.SH,2021-02-05,6239.8709,6343.8303,6382.9572,6236.2674,6328.7881,-88.9172,-1.405,135132879.0,162500626.7082
000905.SH,2021-02-08,6323.1622,6247.919,6354.0199,6215.7284,6239.8709,83.2913,1.3348,116134004.0,141592202.7228
000905.SH,2021-02-09,6457.8814,6334.4163,6468.4281,6330.792,6323.1622,134.7192,2.1306,119319110.0,146850922.9479
000905.SH,2021-02-10,6525.1658,6474.7495,6542.745,6424.7212,6457.8814,67.2844,1.0419,119042659.0,150035763.5399
000905.SH,2021-02-18,6614.5443,6657.3065,6678.6126,6564.3061,6525.1658,89.3785,1.3698,166892392.0,194996422.146
000905.SH,2021-02-19,6703.4821,6600.2459,6706.3901,6542.7821,6614.5443,88.9378,1.3446,178767817.0,201468755.5095
000905.SH,2021-02-22,6657.056,6731.5054,6810.9223,6657.056,6703.4821,-46.4261,-0.6926,237065585.0,259948295.7251
000905.SH,2021-02-23,6631.2286,6613.6014,6701.4296,6609.0782,6657.056,-25.8274,-0.388,192656866.0,206144665.0961
000905.SH,2021-02-24,6536.1861,6633.2823,6661.4326,6477.7512,6631.2286,-95.0425,-1.4333,173718832.0,196797835.5302
000905.SH,2021-02-25,6499.1528,6600.2054,6609.5637,6484.5547,6536.1861,-37.0333,-0.5666,162068182.0,171451163.3689
000905.SH,2021-02-26,6364.3529,6365.7385,6446.9461,6346.1326,6499.1528,-134.7999,-2.0741,150760206.0,163655502.841
000905.SH,2021-03-01,6488.4388,6407.1642,6491.9367,6404.8885,6364.3529,124.0859,1.9497,158608437.0,165792208.05
000905.SH,2021-03-02,6433.3282,6514.0213,6514.0213,6386.4903,6488.4388,-55.1106,-0.8494,165877069.0,174025453.3827
000905.SH,2021-03-03,6524.7513,6426.0369,6528.2217,6420.2068,6433.3282,91.4231,1.4211,171017524.0,169667464.343
000905.SH,2021-03-04,6401.9917,6482.7869,6485.1639,6371.7302,6524.7513,-122.7596,-1.8814,194334616.0,192657769.8648
000905.SH,2021-03-05,6403.4964,6325.7517,6442.0155,6319.5318,6401.9917,1.5047,0.0235,166504885.0,163666502.4043
000905.SH,2021-03-08,6256.4092,6453.7799,6488.819,6253.6974,6403.4964,-147.0872,-2.297,168546339.0,177120047.0004
000905.SH,2021-03-09,6108.0027,6235.3139,6250.9352,6033.4082,6256.4092,-148.4065,-2.3721,196432686.0,181888459.3972
000905.SH,2021-03-10,6062.2552,6164.7682,6179.8543,6053.0186,6108.0027,-45.7475,-0.749,142554279.0,135611236.3257
000905.SH,2021-03-11,6213.8319,6074.3345,6213.9343,6045.5492,6062.2552,151.5767,2.5003,160814643.0,149412660.8627
000905.SH,2021-03-12,6222.3802,6231.4849,6232.5006,6137.9903,6213.8319,8.5483,0.1376,175746178.0,160346945.9876
000905.SH,2021-03-15,6173.8721,6192.299,6229.5721,6111.3575,6222.3802,-48.5081,-0.7796,170799691.0,150564929.1072
000905.SH,2021-03-16,6195.2438,6176.0685,6222.1819,6124.777,6173.8721,21.3717,0.3462,152845992.0,138852788.6002
000905.SH,2021-03-17,6225.3588,6180.8928,6230.559,6124.0498,6195.2438,30.115,0.4861,134840396.0,125106921.6448
000905.SH,2021-03-18,6273.8556,6231.1932,6300.9446,6227.1926,6225.3588,48.4968,0.779,140725665.0,137984965.631
000905.SH,2021-03-19,6206.6023,6195.2534,6258.1321,6167.507,6273.8556,-67.2533,-1.072,143238275.0,143898488.1427
000905.SH,2021-03-22,6305.6919,6208.9317,6307.5479,6206.081,6206.6023,99.0896,1.5965,143041445.0,138484393.0485
000905.SH,2021-03-23,6219.1666,6307.9803,6307.9803,6181.1338,6305.6919,-86.5253,-1.3722,150964052.0,144085644.4795
000905.SH,2021-03-24,6142.5439,6180.3124,6232.1309,6131.8232,6219.1666,-76.6227,-1.232,147673111.0,137684570.6218
000905.SH,2021-03-25,6157.4072,6118.8697,6190.9381,6108.2613,6142.5439,14.8633,0.242,129307093.0,122101589.1247
000905.SH,2021-03-26,6251.7941,6164.8237,6264.5552,6164.8237,6157.4072,94.3869,1.5329,128887610.0,130405073.0585
000905.SH,2021-03-29,6254.9426,6269.9988,6277.7649,6215.798,6251.7941,3.1485,0.0504,139633894.0,137607136.7065
000905.SH,2021-03-30,6280.359,6239.4695,6287.8738,6217.3269,6254.9426,25.4164,0.4063,134409584.0,138902652.2609
000905.SH,2021-03-31,6254.0695,6277.696,6277.696,6205.9386,6280.359,-26.2895,-0.4186,125128492.0,124539602.4046
000905.SH,2021-04-01,6311.6644,6259.4135,6321.5796,6238.3074,6254.0695,57.5949,0.9209,130374818.0,124971608.8096
000905.SH,2021-04-02,6326.6059,6316.5561,6341.6545,6291.7144,6311.6644,14.9415,0.2367,123938871.0,125309449.7439
000905.SH,2021-04-06,6343.0962,6345.8913,6367.7849,6323.2422,6326.6059,16.4903,0.2607,111489158.0,115979707.861
000905.SH,2021-04-07,6348.0761,6350.3783,6350.3783,6289.0653,6343.0962,4.9799,0.0785,150016775.0,139659141.2245
000905.SH,2021-04-08,6356.7526,6332.9263,6385.1951,6309.1232,6348.0761,8.6765,0.1367,173741278.0,147432805.2573
000905.SH,2021-04-09,6335.2393,6345.2896,6360.4497,6307.6558,6356.7526,-21.5133,-0.3384,141306900.0,127539220.3874
000905.SH,2021-04-12,6226.4182,6325.2643,6344.1623,6203.569,6335.2393,-108.8211,-1.7177,155441439.0,142018338.6743
000905.SH,2021-04-13,6209.7801,6210.2229,6254.897,6193.8091,6226.4182,-16.6381,-0.2672,130387709.0,116032381.9712
000905.SH,2021-04-14,6277.2111,6206.6373,6287.8377,6206.6373,6209.7801,67.431,1.0859,117438217.0,107282816.4158
000905.SH,2021-04-15,6276.4609,6263.6281,6281.4258,6211.6602,6277.2111,-0.7502,-0.012,119776176.0,111582123.9985
000905.SH,2021-04-16,6339.5906,6283.8616,6344.9465,6276.4319,6276.4609,63.1297,1.0058,126764653.0,119984627.6776
000905.SH,2021-04-19,6425.2606,6331.7097,6431.7772,6315.0828,6339.5906,85.67,1.3513,142200930.0,144720530.8418
000905.SH,2021-04-20,6428.5411,6419.7312,6467.3806,6410.2782,6425.2606,3.2805,0.0511,134674523.0,143364748.8641
000905.SH,2021-04-21,6420.2587,6396.2721,6434.6303,6369.7696,6428.5411,-8.2824,-0.1288,121051733.0,128354894.3233
000905.SH,2021-04-22,6445.4657,6444.2841,6472.8037,6424.7538,6420.2587,25.207,0.3926,124923877.0,131906162.2342
000905.SH,2021-04-23,6462.7558,6445.5162,6463.9749,6412.9875,6445.4657,17.2901,0.2683,126117306.0,135170990.9075
000905.SH,2021-04-26,6442.6451,6480.3,6546.6427,6437.1905,6462.7558,-20.1107,-0.3112,144964139.0,166586765.8115
000905.SH,2021-04-27,6446.2822,6434.6133,6466.252,6399.4358,6442.6451,3.6371,0.0565,125894712.0,138320089.612
000905.SH,2021-04-28,6489.7441,6433.0989,6489.7441,6410.3174,6446.2822,43.4619,0.6742,117234943.0,136377845.9458
000905.SH,2021-04-29,6491.9281,6495.6457,6502.425,6453.5198,6489.7441,2.184,0.0337,128305439.0,145502311.7771
000905.SH,2021-04-30,6485.7075,6470.3528,6503.1544,6434.7302,6491.9281,-6.2206,-0.0958,144254239.0,163746329.8547
000905.SH,2021-05-06,6489.3485,6503.6009,6548.0656,6440.3308,6485.7075,3.641,0.0561,154141981.0,167436128.821
000905.SH,2021-05-07,6444.4429,6505.5752,6524.1804,6439.8945,6489.3485,-44.9056,-0.692,177518749.0,177915642.4059
000905.SH,2021-05-10,6475.9938,6461.4184,6493.4965,6437.1068,6444.4429,31.5509,0.4896,189080134.0,180906623.6741
000905.SH,2021-05-11,6456.0376,6436.2918,6472.8694,6349.7869,6475.9938,-19.9562,-0.3082,187263611.0,175350134.1248
000905.SH,2021-05-12,6512.0501,6434.9139,6521.4879,6419.7374,6456.0376,56.0125,0.8676,156490930.0,150127199.4391
000905.SH,2021-05-13,6439.0273,6448.9598,6496.9964,6426.5758,6512.0501,-73.0228,-1.1213,159658646.0,155853650.9596
000905.SH,2021-05-14,6525.8036,6454.6791,6525.8036,6421.2082,6439.0273,86.7763,1.3477,166243407.0,163611264.4032
000905.SH,2021-05-17,6578.1402,6521.8855,6613.8947,6521.8855,6525.8036,52.3366,0.802,159363758.0,172029261.9412
000905.SH,2021-05-18,6599.5985,6578.971,6604.6852,6558.7784,6578.1402,21.4583,0.3262,132505491.0,141986530.241
000905.SH,2021-05-19,6584.3869,6582.1042,6590.9811,6544.8406,6599.5985,-15.2116,-0.2305,135181255.0,146346354.1893
000905.SH,2021-05-20,6548.7111,6541.0926,6580.4366,6506.4075,6584.3869,-35.6758,-0.5418,162329923.0,167135804.3613
000905.SH,2021-05-21,6527.864,6557.4884,6570.4572,6512.8063,6548.7111,-20.8471,-0.3183,134350695.0,145990149.0522
000905.SH,2021-05-24,6544.1218,6515.8325,6564.0707,6494.6163,6527.864,16.2578,0.2491,137226612.0,150739211.8972
000905.SH,2021-05-25,6619.6707,6549.3436,6628.6931,6524.3027,6544.1218,75.5489,1.1545,144692036.0,158035570.9482
000905.SH,2021-05-26,6628.2065,6631.3657,6642.3799,6612.4227,6619.6707,8.5358,0.1289,156237003.0,169904624.51
000905.SH,2021-05-27,6685.4054,6629.2373,6685.4829,6620.7204,6628.2065,57.1989,0.863,145166676.0,164642448.2421
000905.SH,2021-05-28,6668.1696,6699.284,6718.0899,6643.6437,6685.4054,-17.2358,-0.2578,157318385.0,176611765.48
000905.SH,2021-05-31,6728.9906,6681.5496,6729.0737,6667.2578,6668.1696,60.821,0.9121,146929493.0,176728706.9041
000905.SH,2021-06-01,6739.7624,6718.6433,6742.9797,6656.6634,6728.9906,10.7718,0.1601,161091957.0,185038576.025
000905.SH,2021-06-02,6681.4285,6740.5032,6748.151,6662.7512,6739.7624,-58.3339,-0.8655,157365320.0,174265553.7584
000905.SH,2021-06-03,6667.7264,6680.1048,6744.5182,6654.4553,6681.4285,-13.7021,-0.2051,154885691.0,167598938.4004
000905.SH,2021-06-04,6693.0574,6642.0602,6725.6862,6628.0059,6667.7264,25.331,0.3799,137866404.0,161257142.655
000905.SH,2021-06-07,6721.5019,6705.7364,6729.8451,6689.7015,6693.0574,28.4445,0.425,140560896.0,174154017.2663
000905.SH,2021-06-08,6684.5626,6726.0868,6752.6266,6652.3908,6721.5019,-36.9393,-0.5496,138684947.0,169906611.6397
000905.SH,2021-06-09,6692.9049,6677.1376,6712.252,6656.0547,6684.5626,8.3423,0.1248,136511034.0,155486113.4507
000905.SH,2021-06-10,6765.6436,6688.8192,6773.4555,6683.4936,6692.9049,72.7387,1.0868,154280964.0,177003017.3724
000905.SH,2021-06-11,6725.9152,6773.6422,6775.8628,6717.2725,6765.6436,-39.7284,-0.5872,169569607.0,194413370.189
000905.SH,2021-06-15,6663.6623,6734.0952,6736.5371,6649.2043,6725.9152,-62.2529,-0.9256,152209250.0,166359279.9299
000905.SH,2021-06-16,6566.286,6659.4935,6662.7783,6554.8926,6663.6623,-97.3763,-1.4613,136807877.0,152269456.2511
000905.SH,2021-06-17,6616.174,6554.3012,6618.5036,6554.3012,6566.286,49.888,0.7598,124492562.0,143795950.5007
000905.SH,2021-06-18,6657.7635,6610.2661,6671.8815,6587.0346,6616.174,41.5895,0.6286,138022581.0,161540069.4865
000905.SH,2021-06-21,6707.1762,6652.6527,6722.9843,6638.517,6657.7635,49.4127,0.7422,143031172.0,174776560.6667
000905.SH,2021-06-22,6739.7939,6723.2981,6748.9655,6691.8215,6707.1762,32.6177,0.4863,146543497.0,170147487.1085
000905.SH,2021-06-23,6789.9464,6741.577,6803.9743,6720.5819,6739.7939,50.1525,0.7441,155309609.0,184582044.261
000905.SH,2021-06-24,6754.8657,6791.8613,6791.8613,6743.3265,6789.9464,-35.0807,-0.5167,145046522.0,172627659.5658
000905.SH,2021-06-25,6813.4138,6748.8658,6824.8583,6739.0158,6754.8657,58.5481,0.8668,151485659.0,174329254.8342
000905.SH,2021-06-28,6828.5162,6814.317,6843.5186,6802.8584,6813.4138,15.1024,0.2217,145504050.0,175447981.6069
000905.SH,2021-06-29,6765.4201,6833.0565,6835.0483,6756.9158,6828.5162,-63.0961,-0.924,136625722.0,167622236.9419
000905.SH,2021-06-30,6808.1831,6767.7419,6812.3797,6757.3403,6765.4201,42.763,0.6321,125406161.0,155031841.2227
000905.SH,2021-07-01,6716.6658,6827.6968,6827.6968,6716.6658,6808.1831,-91.5173,-1.3442,138350811.0,168199910.2618
000905.SH,2021-07-02,6658.0451,6701.0642,6718.5052,6651.4849,6716.6658,-58.6207,-0.8728,136472287.0,162302314.3846
000905.SH,2021-07-05,6711.0136,6670.1262,6716.147,6663.5441,6658.0451,52.9685,0.7956,134734721.0,165135856.9541
000905.SH,2021-07-06,6709.4983,6727.9674,6747.8474,6633.6146,6711.0136,-1.5153,-0.0226,145017954.0,183569347.5682
000905.SH,2021-07-07,6764.1319,6661.8535,6765.4341,6642.5714,6709.4983,54.6336,0.8143,147646952.0,176266750.6383
000905.SH,2021-07-08,6748.654,6774.8448,6797.0765,6740.8503,6764.1319,-15.4779,-0.2288,159564543.0,203043021.6914
000905.SH,2021-07-09,6804.5389,6721.6089,6814.6529,6683.7857,6748.654,55.8849,0.8281,166107004.0,204576733.4185
000905.SH,2021-07-12,6904.3818,6852.4754,6926.7584,6840.0176,6804.5389,99.8429,1.4673,193561044.0,239883545.7122
000905.SH,2021-07-13,6961.8475,6901.8116,6961.9744,6889.0257,6904.3818,57.4657,0.8323,179620843.0,223831191.0461
000905.SH,2021-07-14,6898.7502,6953.8224,6973.6146,6898.7502,6961.8475,-63.0973,-0.9063,171735448.0,214904536.798
000905.SH,2021-07-15,6932.406,6874.8047,6936.5787,6828.4823,6898.7502,33.6558,0.4879,173221108.0,205199287.2727
000905.SH,2021-07-16,6925.1232,6931.0514,6992.8342,6922.3462,6932.406,-7.2828,-0.1051,184907858.0,221559303.9973
000905.SH,2021-07-19,6889.3375,6912.098,6931.1438,6856.6499,6925.1232,-35.7857,-0.5168,169734818.0,208077102.4328
000905.SH,2021-07-20,6901.1318,6831.0513,6901.1329,6825.8225,6889.3375,11.7943,0.1712,140140630.0,171140493.6928
000905.SH,2021-07-21,6984.5418,6923.6119,6998.2849,6922.9205,6901.1318,83.41,1.2086,163009271.0,204939577.7527
000905.SH,2021-07-22,7026.5482,6996.2552,7026.7337,6960.2973,6984.5418,42.0064,0.6014,190233316.0,219500277.0164
000905.SH,2021-07-23,6985.7499,7036.2979,7061.6675,6968.3065,7026.5482,-40.7983,-0.5806,225079074.0,253751241.8966
000905.SH,2021-07-26,6868.2074,6974.1092,6986.497,6778.4971,6985.7499,-117.5425,-1.6826,208197239.0,242702241.7551
000905.SH,2021-07-27,6719.2557,6877.4423,6925.9705,6719.2557,6868.2074,-148.9517,-2.1687,228614339.0,266957981.7254
000905.SH,2021-07-28,6621.9845,6650.1519,6709.2256,6534.9179,6719.2557,-97.2712,-1.4476,197267166.0,222466408.7992
000905.SH,2021-07-29,6758.8869,6720.6164,6773.5669,6682.1185,6621.9845,136.9024,2.0674,171017885.0,209142006.6937
000905.SH,2021-07-30,6767.316,6739.7545,6775.0062,6702.5114,6758.8869,8.4291,0.1247,189711734.0,222514805.2861
000905.SH,2021-08-02,6872.0004,6756.8132,6875.4159,6731.7761,6767.316,104.6844,1.5469,206205173.0,249640208.61
000905.SH,2021-08-03,6816.0107,6844.3695,6879.5933,6792.7117,6872.0004,-55.9897,-0.8148,194189432.0,237723020.657
000905.SH,2021-08-04,6931.3365,6814.0846,6931.7808,6813.228,6816.0107,115.3258,1.692,174064347.0,216189753.2294
000905.SH,2021-08-05,6911.8292,6920.9393,6946.3354,6880.6905,6931.3365,-19.5073,-0.2814,179371885.0,226672383.8977
000905.SH,2021-08-06,6938.8679,6929.0226,6947.5356,6885.6471,6911.8292,27.0387,0.3912,172356912.0,214958730.4567
000905.SH,2021-08-09,6979.5256,6914.3218,6989.7057,6877.1951,6938.8679,40.6577,0.5859,173833371.0,210955642.8862
000905.SH,2021-08-10,7019.2284,6970.8257,7019.6854,6958.8054,6979.5256,39.7028,0.5688,173087962.0,222660420.4097
000905.SH,2021-08-11,7073.5219,7024.7685,7076.3726,6999.9332,7019.2284,54.2935,0.7735,188357906.0,221759523.1904
000905.SH,2021-08-12,7095.2024,7059.4673,7115.8874,7051.0132,7073.5219,21.6805,0.3065,194079125.0,226074875.2425
000905.SH,2021-08-13,7088.8876,7070.4711,7124.9216,7050.3051,7095.2024,-6.3148,-0.089,192190604.0,221865974.676
000905.SH,2021-08-16,7052.4876,7087.5802,7102.3958,7039.1029,7088.8876,-36.4,-0.5135,188178886.0,222080461.698
000905.SH,2021-08-17,6894.4042,7045.7547,7063.0175,6876.4991,7052.4876,-158.0834,-2.2415,201936372.0,226553000.2975
000905.SH,2021-08-18,6941.008,6883.2663,6950.8846,6865.0658,6894.4042,46.6038,0.676,175367331.0,191997407.3279
000905.SH,2021-08-19,6947.0564,6917.5093,6978.9832,6869.2927,6941.008,6.0484,0.0871,171813589.0,194992915.1744
000905.SH,2021-08-20,6920.0248,6915.0178,6952.5192,6843.0023,6947.0564,-27.0316,-0.3891,175627139.0,205135637.76
000905.SH,2021-08-23,7024.5647,6949.3323,7031.884,6949.3323,6920.0248,104.5399,1.5107,189456608.0,216299530.6932
000905.SH,2021-08-24,7090.7817,7031.6481,7098.0287,7009.6901,7024.5647,66.217,0.9426,202726895.0,236479323.5115
000905.SH,2021-08-25,7153.0043,7092.1469,7153.274,7058.5714,7090.7817,62.2226,0.8775,198126890.0,228737398.9002
000905.SH,2021-08-26,7118.8442,7151.5304,7175.5115,7115.8445,7153.0043,-34.1601,-0.4776,230176196.0,255363535.5004
000905.SH,2021-08-27,7180.1088,7096.6546,7185.7274,7083.2112,7118.8442,61.2646,0.8606,223830463.0,258997827.2298
000905.SH,2021-08-30,7226.8823,7202.6263,7262.6044,7190.6143,7180.1088,46.7735,0.6514,250649148.0,301015443.9124
000905.SH,2021-08-31,7255.3418,7202.5239,7255.3418,7159.3023,7226.8823,28.4595,0.3938,245108342.0,288657326.0563
000905.SH,2021-09-01,7193.1,7271.0338,7278.1558,7100.307,7255.3418,-62.2418,-0.8579,295520140.0,331023151.8396
000905.SH,2021-09-02,7307.0084,7172.3989,7309.3317,7172.3989,7193.1,113.9084,1.5836,253411698.0,271544871.4152
000905.SH,2021-09-03,7278.6809,7335.6955,7385.2425,7227.0348,7307.0084,-28.3275,-0.3877,288801240.0,315016807.3417
000905.SH,2021-09-06,7355.4013,7297.3609,7359.5367,7231.7285,7278.6809,76.7204,1.054,255875153.0,273720337.7868
000905.SH,2021-09-07,7498.9255,7360.3829,7501.1262,7350.6962,7355.4013,143.5242,1.9513,260727541.0,280403353.971
000905.SH,2021-09-08,7544.0411,7496.3344,7549.4542,7483.8711,7498.9255,45.1156,0.6016,272847808.0,287850948.3708
000905.SH,2021-09-09,7617.4505,7534.9816,7617.6574,7526.9689,7544.0411,73.4094,0.9731,287204068.0,302380048.5279
000905.SH,2021-09-10,7607.6749,7613.604,7661.4261,7564.2611,7617.4505,-9.7756,-0.1283,293468642.0,322687990.8112
000905.SH,2021-09-13,7648.7481,7613.5404,7650.8787,7566.7758,7607.6749,41.0732,0.5399,263618610.0,298956061.7168
000905.SH,2021-09-14,7556.6157,7630.7153,7688.6036,7544.0161,7648.7481,-92.1324,-1.2045,271501512.0,306464420.1192
000905.SH,2021-09-15,7592.3059,7535.2511,7627.6702,7521.8772,7556.6157,35.6902,0.4723,233398416.0,274072796.5674
000905.SH,2021-09-16,7446.9353,7616.8813,7657.2251,7445.2326,7592.3059,-145.3706,-1.9147,267649779.0,301162982.0301
000905.SH,2021-09-17,7395.5645,7421.805,7471.419,7275.9829,7446.9353,-51.3708,-0.6898,233604226.0,259019107.902
000905.SH,2021-09-22,7453.6247,7305.0785,7453.9319,7298.0267,7395.5645,58.0602,0.7851,196794534.0,221838873.4085
000905.SH,2021-09-23,7502.8391,7512.3311,7543.6595,7467.2021,7453.6247,49.2144,0.6603,241158694.0,267659234.0371
000905.SH,2021-09-24,7380.3843,7490.5645,7490.5645,7373.2854,7502.8391,-122.4548,-1.6321,231715582.0,248983141.4882
000905.SH,2021-09-27,7170.5899,7400.0047,7410.4669,7128.5116,7380.3843,-209.7944,-2.8426,239542407.0,255096916.2806
000905.SH,2021-09-28,7198.8966,7158.6203,7227.4568,7155.2737,7170.5899,28.3067,0.3948,202800567.0,196202379.0376
000905.SH,2021-09-29,7010.2192,7142.7611,7161.2117,6996.5724,7198.8966,-188.6774,-2.6209,210570702.0,207830603.4058
000905.SH,2021-09-30,7103.6076,7034.6937,7116.037,7034.6937,7010.2192,93.3884,1.3322,202482612.0,186185669.9317
000905.SH,2021-10-08,7091.3356,7191.2254,7198.9614,7058.831,7103.6076,-12.272,-0.1728,205467705.0,202877493.5325
000905.SH,2021-10-11,7090.4673,7102.882,7123.7457,7048.8733,7091.3356,-0.8683,-0.0122,195420839.0,194709504.3747
000905.SH,2021-10-12,6952.1903,7069.3516,7079.7053,6891.8448,7090.4673,-138.277,-1.9502,201666723.0,194146539.0176
000905.SH,2021-10-13,6981.5947,6957.7292,6991.2444,6887.3389,6952.1903,29.4044,0.423,162604655.0,163678284.3342
000905.SH,2021-10-14,7008.3326,6970.6469,7033.3956,6949.4809,6981.5947,26.7379,0.383,154764668.0,162946739.4268
000905.SH,2021-10-15,7024.1596,6996.1199,7034.0279,6975.2395,7008.3326,15.827,0.2258,174108339.0,188999735.572
000905.SH,2021-10-18,7068.1048,7027.1401,7071.8702,6983.7158,7024.1596,43.9452,0.6256,175627014.0,194312992.6348
000905.SH,2021-10-19,7120.3794,7060.7748,7127.2362,7051.779,7068.1048,52.2746,0.7396,168135764.0,182701165.1549
000905.SH,2021-10-20,7118.7959,7081.9851,7154.9089,7067.1346,7120.3794,-1.5835,-0.0222,170511341.0,186276501.1342
000905.SH,2021-10-21,7098.2542,7127.6351,7145.5837,7069.4508,7118.7959,-20.5417,-0.2886,167971967.0,184364872.6565
000905.SH,2021-10-22,7026.0676,7089.1349,7110.657,7020.8705,7098.2542,-72.1866,-1.017,171615151.0,184191958.0904
000905.SH,2021-10-25,7103.9856,7019.0224,7105.9767,7003.7789,7026.0676,77.918,1.109,159004603.0,184607289.1636
000905.SH,2021-10-26,7102.4335,7120.0662,7155.628,7085.0685,7103.9856,-1.5521,-0.0218,175032205.0,204998019.6649
000905.SH,2021-10-27,7048.604,7093.1238,7097.8574,7017.8618,7102.4335,-53.8295,-0.7579,179020887.0,212523899.5473
000905.SH,2021-10-28,6950.2768,7026.2937,7043.4168,6930.5413,7048.604,-98.3272,-1.395,188075338.0,210380519.313
000905.SH,2021-10-29,7022.4992,6955.8473,7022.7535,6920.3074,6950.2768,72.2224,1.0391,170779533.0,207011899.8537
000905.SH,2021-11-01,7060.756,7005.0693,7087.2923,6993.27,7022.4992,38.2568,0.5448,184142991.0,226533562.7547
000905.SH,2021-11-02,6985.0998,7061.0022,7093.6115,6921.8496,7060.756,-75.6562,-1.0715,196114728.0,230633597.7389
000905.SH,2021-11-03,7017.8541,6975.0635,7034.0916,6962.8685,6985.0998,32.7543,0.4689,150814648.0,183530630.3962
000905.SH,2021-11-04,7073.8522,7031.9467,7073.8522,7018.6086,7017.8541,55.9981,0.7979,152652049.0,188533361.3877
000905.SH,2021-11-05,6991.9077,7071.0831,7073.8516,6991.1519,7073.8522,-81.9445,-1.1584,177241392.0,207299701.331
000905.SH,2021-11-08,7026.9715,6986.4961,7034.141,6984.8099,6991.9077,35.0638,0.5015,146360857.0,176810356.7544
000905.SH,2021-11-09,7081.7539,7037.5733,7087.0231,7028.3131,7026.9715,54.7824,0.7796,141696847.0,175620424.7102
000905.SH,2021-11-10,7062.3313,7061.6357,7072.1479,6965.8634,7081.7539,-19.4226,-0.2743,162138354.0,187121573.6881
000905.SH,2021-11-11,7119.8589,7048.8625,7121.9221,7033.0881,7062.3313,57.5276,0.8146,165400693.0,186637770.9293
000905.SH,2021-11-12,7156.6127,7118.9925,7165.1056,7112.5819,7119.8589,36.7538,0.5162,168513423.0,195249975.661
000905.SH,2021-11-15,7098.2129,7166.0372,7176.7701,7083.7783,7156.6127,-58.3998,-0.816,161148202.0,201939758.4948
000905.SH,2021-11-16,7045.9387,7083.9214,7121.7443,7040.5069,7098.2129,-52.2742,-0.7364,162370316.0,192032230.4056
000905.SH,2021-11-17,7104.5344,7043.633,7106.0537,7033.9529,7045.9387,58.5957,0.8316,140347107.0,168875300.0393
000905.SH,2021-11-18,7084.6827,7108.7797,7130.2877,7066.4894,7104.5344,-19.8517,-0.2794,162714860.0,185152969.0611
000905.SH,2021-11-19,7169.8759,7083.0066,7174.2512,7073.717,7084.6827,85.1932,1.2025,178185854.0,193601338.4018
000905.SH,2021-11-22,7255.0736,7177.4005,7259.5317,7177.4005,7169.8759,85.1977,1.1883,180522480.0,222986228.0385
000905.SH,2021-11-23,7261.3791,7245.9455,7292.917,7239.0001,7255.0736,6.3055,0.0869,189595033.0,218299011.1234
000905.SH,2021-11-24,7256.1117,7260.2161,7278.3963,7229.604,7261.3791,-5.2674,-0.0725,177674072.0,209537055.3081
000905.SH,2021-11-25,7233.5423,7262.7934,7262.7934,7228.2913,7256.1117,-22.5694,-0.311,164068098.0,190327760.9433
000905.SH,2021-11-26,7219.8622,7216.6383,7249.1985,7201.1952,7233.5423,-13.6801,-0.1891,159423137.0,192093829.8003
000905.SH,2021-11-29,7221.8978,7129.9393,7226.3391,7125.4296,7219.8622,2.0356,0.0282,166941406.0,198551719.0619
000905.SH,2021-11-30,7252.7552,7252.3323,7281.1339,7210.8352,7221.8978,30.8574,0.4273,186336163.0,213217510.8143
000905.SH,2021-12-01,7272.837,7239.1277,7272.9398,7215.6723,7252.7552,20.0818,0.2769,171806295.0,196111868.4992
000905.SH,2021-12-02,7229.988,7256.4241,7279.9456,7221.3624,7272.837,-42.849,-0.5892,176555544.0,198627048.4585
000905.SH,2021-12-03,7301.9173,7233.5723,7310.2748,7223.7957,7229.988,71.9293,0.9949,186222738.0,200791224.1289
000905.SH,2021-12-06,7240.4558,7308.9885,7330.4685,7235.4479,7301.9173,-61.4615,-0.8417,213069952.0,218322693.7997
000905.SH,2021-12-07,7206.8257,7274.1261,7284.6445,7148.0679,7240.4558,-33.6301,-0.4645,192243854.0,206136079.2869
000905.SH,2021-12-08,7302.9905,7224.9995,7302.9905,7214.2588,7206.8257,96.1648,1.3344,169280453.0,190279976.2191
000905.SH,2021-12-09,7320.3177,7298.7955,7331.5838,7290.268,7302.9905,17.3272,0.2373,196087168.0,211492054.4412
000905.SH,2021-12-10,7306.646,7285.9735,7317.2658,7276.6134,7320.3177,-13.6717,-0.1868,187230695.0,209397677.7381
000905.SH,2021-12-13,7353.0306,7334.11,7371.31,7322.4381,7306.646,46.3846,0.6348,185363061.0,210741544.0418
000905.SH,2021-12-14,7324.1331,7330.236,7349.8781,7314.4295,7353.0306,-28.8975,-0.393,159583753.0,183555994.7438
000905.SH,2021-12-15,7314.2586,7319.6641,7352.379,7302.3831,7324.1331,-9.8745,-0.1348,159923923.0,183859414.382
000905.SH,2021-12-16,7380.9974,7323.4117,7380.9974,7323.4117,7314.2586,66.7388,0.9124,177690340.0,187008756.3693
000905.SH,2021-12-17,7314.5601,7380.7202,7384.0175,7308.7215,7380.9974,-66.4373,-0.9001,196265336.0,203439633.9029
000905.SH,2021-12-20,7195.9732,7290.9488,7313.4816,7191.0499,7314.5601,-118.5869,-1.6212,181727853.0,190350688.407
000905.SH,2021-12-21,7275.4675,7190.9728,7285.7209,7190.9728,7195.9732,79.4943,1.1047,176216746.0,164258060.8819
000905.SH,2021-12-22,7302.463,7289.9065,7318.605,7271.8182,7275.4675,26.9955,0.371,174117190.0,171088399.9384
000905.SH,2021-12-23,7337.19,7306.1587,7349.9951,7290.3792,7302.463,34.727,0.4756,169131760.0,180467002.8019
000905.SH,2021-12-24,7278.7556,7335.9996,7339.9405,7257.5267,7337.19,-58.4344,-0.7964,169418702.0,182681103.3581
000905.SH,2021-12-27,7272.7493,7269.37,7323.876,7255.7163,7278.7556,-6.0063,-0.0825,148618789.0,165585648.4937
000905.SH,2021-12-28,7286.0336,7281.0041,7290.5389,7240.9278,7272.7493,13.2843,0.1827,143262040.0,164782846.8527
000905.SH,2021-12-29,7247.7741,7275.6736,7290.8597,7242.3024,7286.0336,-38.2595,-0.5251,136209552.0,155743984.4284
000905.SH,2021-12-30,7310.96,7246.0313,7324.4981,7244.2221,7247.7741,63.1859,0.8718,141651111.0,158448274.3896
000905.SH,2021-12-31,7359.4024,7320.9363,7368.1297,7317.7047,7310.96,48.4424,0.6626,149909003.0,169456916.3098
000905.SH,2022-01-04,7354.4562,7387.8055,7392.1023,7317.5011,7359.4024,-4.9462,-0.0672,200810018.0,219175107.6181
000905.SH,2022-01-05,7222.6747,7343.8995,7346.2621,7200.7314,7354.4562,-131.7815,-1.7919,194002404.0,209809761.8038
000905.SH,2022-01-06,7229.9601,7187.9499,7242.766,7167.8078,7222.6747,7.2854,0.1009,173335765.0,179907539.895
000905.SH,2022-01-07,7175.676,7232.4087,7262.805,7168.0396,7229.9601,-54.2841,-0.7508,200018011.0,202498452.6219
000905.SH,2022-01-10,7191.4511,7161.4375,7193.9224,7122.0892,7175.676,15.7751,0.2198,165748878.0,176717915.8918
000905.SH,2022-01-11,7135.2232,7187.0155,7206.9187,7118.8378,7191.4511,-56.2279,-0.7819,169494565.0,179645357.7987
000905.SH,2022-01-12,7196.9327,7160.1762,7196.9327,7148.6276,7135.2232,61.7095,0.8649,156051483.0,170334290.9866
000905.SH,2022-01-13,7097.7594,7203.2434,7203.2434,7096.3251,7196.9327,-99.1733,-1.378,169148968.0,174599014.1403
000905.SH,2022-01-14,7081.1408,7063.4231,7125.092,7052.6348,7097.7594,-16.6186,-0.2341,175591198.0,181513954.2433
000905.SH,2022-01-17,7157.8593,7080.6157,7169.3446,7078.6629,7081.1408,76.7185,1.0834,161779719.0,183490792.9534
000905.SH,2022-01-18,7163.1586,7163.1284,7191.0046,7133.1954,7157.8593,5.2993,0.074,179235391.0,195000211.9599
000905.SH,2022-01-19,7118.762,7144.4768,7182.0623,7078.3609,7163.1586,-44.3966,-0.6198,163178368.0,174675276.0586
000905.SH,2022-01-20,7056.7854,7119.5101,7135.7759,7040.0143,7118.762,-61.9766,-0.8706,168666282.0,172753201.5848
000905.SH,2022-01-21,6976.6155,7037.9389,7040.425,6965.333,7056.7854,-80.1699,-1.1361,144679789.0,158204017.3406
000905.SH,2022-01-24,6979.2456,6942.9178,7006.7008,6925.7709,6976.6155,2.6301,0.0377,122679564.0,135920720.7965
000905.SH,2022-01-25,6743.9566,6959.995,6979.483,6743.9566,6979.2456,-235.289,-3.3713,150337244.0,154265494.9104
000905.SH,2022-01-26,6782.5763,6762.3509,6799.8129,6721.8961,6743.9566,38.6197,0.5727,120615310.0,130234705.546
000905.SH,2022-01-27,6605.9159,6781.6081,6785.7265,6605.9159,6782.5763,-176.6604,-2.6046,125243756.0,132244728.2762
000905.SH,2022-01-28,6580.53,6690.1755,6690.1755,6510.1811,6605.9159,-25.3859,-0.3843,127088819.0,130258015.9866
000905.SH,2022-02-07,6676.6122,6664.5682,6702.3323,6656.1312,6580.53,96.0822,1.4601,145092619.0,138641531.8406
000905.SH,2022-02-08,6742.1921,6678.9894,6742.4015,6599.3668,6676.6122,65.5799,0.9822,159598575.0,145458655.7211
000905.SH,2022-02-09,6843.0271,6736.7511,6848.6947,6725.7983,6742.1921,100.835,1.4956,162822721.0,155362517.482
000905.SH,2022-02-10,6840.485,6841.1608,6864.6863,6797.0071,6843.0271,-2.5421,-0.0371,154916565.0,147064848.2377
000905.SH,2022-02-11,6745.0235,6811.7797,6840.7212,6735.894,6840.485,-95.4615,-1.3955,159801354.0,156700185.5514
000905.SH,2022-02-14,6695.6958,6711.5875,6765.5158,6667.4898,6745.0235,-49.3277,-0.7313,137082459.0,132192013.5484
000905.SH,2022-02-15,6760.2776,6700.8179,6762.8586,6686.9491,6695.6958,64.5818,0.9645,112805760.0,121268405.3552
000905.SH,2022-02-16,6772.0336,6779.2077,6788.3641,6751.8001,6760.2776,11.756,0.1739,108414003.0,114685136.2076
000905.SH,2022-02-17,6768.7888,6764.3343,6797.6154,6730.1804,6772.0336,-3.2448,-0.0479,122985089.0,130706760.9471
000905.SH,2022-02-18,6835.0217,6734.519,6835.2033,6727.8158,6768.7888,66.2329,0.9785,139952638.0,134406668.6713
000905.SH,2022-02-21,6867.1129,6843.0844,6871.9925,6822.8758,6835.0217,32.0912,0.4695,145146313.0,150072396.9112
000905.SH,2022-02-22,6784.7622,6827.0469,6827.0469,6743.8487,6867.1129,-82.3507,-1.1992,148609915.0,152906258.3145
000905.SH,2022-02-23,6887.4236,6785.1032,6889.6961,6785.1032,6784.7622,102.6614,1.5131,144116620.0,159413008.1852
000905.SH,2022-02-24,6764.8756,6861.4115,6898.4143,6688.7529,6887.4236,-122.548,-1.7793,210849755.0,218057095.1323
000905.SH,2022-02-25,6819.4311,6805.6374,6895.0443,6801.3265,6764.8756,54.5555,0.8065,156429139.0,164105581.7555
000905.SH,2022-02-28,6853.3081,6831.4875,6853.3427,6770.0507,6819.4311,33.877,0.4968,139601388.0,148585345.164
000905.SH,2022-03-01,6874.0447,6868.6218,6889.3312,6837.2469,6853.3081,20.7366,0.3026,137717218.0,147535308.4355
000905.SH,2022-03-02,6875.2404,6853.0715,6878.35,6828.0631,6874.0447,1.1957,0.0174,137114978.0,140871322.0898
000905.SH,2022-03-03,6859.5522,6900.9773,6907.4088,6843.9865,6875.2404,-15.6882,-0.2282,189091781.0,173516746.093
000905.SH,2022-03-04,6803.8337,6823.8348,6871.0857,6779.414,6859.5522,-55.7185,-0.8123,177411882.0,165852587.3055
000905.SH,2022-03-07,6659.3902,6800.7674,6800.8159,6628.4825,6803.8337,-144.4435,-2.123,166484594.0,164636761.947
000905.SH,2022-03-08,6429.8888,6650.5797,6665.9467,6416.8002,6659.3902,-229.5014,-3.4463,186296079.0,184444202.7605
000905.SH,2022-03-09,6305.6093,6443.2024,6462.4778,6066.7635,6429.8888,-124.2795,-1.9328,197802740.0,188335592.5548
000905.SH,2022-03-10,6414.9402,6424.9121,6475.1435,6390.7252,6305.6093,109.3309,1.7339,153152355.0,158971825.3268
000905.SH,2022-03-11,6474.1269,6343.1858,6479.7207,6270.0233,6414.9402,59.1867,0.9226,152114503.0,158771247.7661
000905.SH,2022-03-14,6323.5779,6419.2391,6490.6124,6323.5779,6474.1269,-150.549,-2.3254,137954005.0,153706453.6598
000905.SH,2022-03-15,5964.9813,6272.4432,6278.0688,5964.9813,6323.5779,-358.5966,-5.6708,194713745.0,184102450.7875
000905.SH,2022-03-16,6156.2714,6068.8999,6173.7875,5824.3301,5964.9813,191.2901,3.2069,178826847.0,178613442.534
000905.SH,2022-03-17,6267.5244,6233.6437,6369.8884,6225.9795,6156.2714,111.253,1.8071,170438541.0,184845065.4432
000905.SH,2022-03-18,6332.2166,6249.476,6338.2235,6231.7261,6267.5244,64.6922,1.0322,152620214.0,153302421.2719
000905.SH,2022-03-21,6358.943,6340.5589,6389.2103,6284.8526,6332.2166,26.7264,0.4221,159653723.0,161774094.3294
000905.SH,2022-03-22,6358.1093,6343.4004,6404.827,6313.2741,6358.943,-0.8337,-0.0131,151107874.0,145705387.8445
000905.SH,2022-03-23,6398.1009,6368.3126,6420.1586,6353.3361,6358.1093,39.9916,0.629,143179358.0,141684925.8647
000905.SH,2022-03-24,6344.115,6370.971,6384.4046,6315.1424,6398.1009,-53.9859,-0.8438,137749086.0,139175992.8392
000905.SH,2022-03-25,6268.2376,6346.7106,6373.4658,6268.2376,6344.115,-75.8774,-1.196,134972256.0,135181835.6198
000905.SH,2022-03-28,6283.2814,6230.1211,6322.1284,6176.2482,6268.2376,15.0438,0.24,144857887.0,136991737.3991
000905.SH,2022-03-29,6253.0692,6289.4756,6316.3129,6233.2822,6283.2814,-30.2122,-0.4808,141362124.0,140401394.9676
000905.SH,2022-03-30,6377.8744,6272.0017,6377.8744,6261.8037,6253.0692,124.8052,1.9959,164014575.0,155600799.5111
000905.SH,2022-03-31,6324.9609,6361.1036,6383.0744,6313.9663,6377.8744,-52.9135,-0.8296,176903948.0,167072822.8909
000905.SH,2022-04-01,6364.5206,6289.39,6373.2603,6274.0006,6324.9609,39.5597,0.6255,175128596.0,154551712.3326
000905.SH,2022-04-06,6356.9271,6363.002,6363.002,6279.0719,6364.5206,-7.5935,-0.1193,196853584.0,169525010.204
000905.SH,2022-04-07,6221.5908,6321.8086,6364.6276,6221.5908,6356.9271,-135.3363,-2.129,190762192.0,163735810.2574
000905.SH,2022-04-08,6224.1167,6227.1952,6237.9145,6117.0139,6221.5908,2.5259,0.0406,183954892.0,159245297.2922
000905.SH,2022-04-11,6029.8935,6202.0226,6202.0226,6001.5658,6224.1167,-194.2232,-3.1205,178384812.0,162201440.5922
000905.SH,2022-04-12,6126.9065,6019.6735,6135.5702,5964.3887,6029.8935,97.013,1.6089,173180188.0,151432386.3702
000905.SH,2022-04-13,6044.3263,6094.6845,6129.6592,6039.9234,6126.9065,-82.5802,-1.3478,167043060.0,147270109.7119
000905.SH,2022-04-14,6126.4902,6074.1342,6156.4962,6060.6813,6044.3263,82.1639,1.3594,159033106.0,147089465.7598
000905.SH,2022-04-15,6070.7489,6094.1219,6122.2895,6048.1602,6126.4902,-55.7413,-0.9098,184627000.0,162170121.5621
000905.SH,2022-04-18,6074.0069,6019.5305,6094.6714,5975.4455,6070.7489,3.258,0.0537,149186380.0,131553629.165
000905.SH,2022-04-19,6092.3963,6067.4795,6106.9313,6052.0964,6074.0069,18.3894,0.3028,141997534.0,129227432.6365
000905.SH,2022-04-20,5956.9208,6082.8122,6093.7827,5942.0045,6092.3963,-135.4755,-2.2237,151055603.0,134720863.2509
000905.SH,2022-04-21,5759.8013,5933.7886,5971.1943,5742.4182,5956.9208,-197.1195,-3.3091,157854505.0,135625763.5854
000905.SH,2022-04-22,5740.9844,5728.193,5794.3351,5667.3384,5759.8013,-18.8169,-0.3267,139997598.0,120243690.1136
000905.SH,2022-04-25,5369.7171,5656.3939,5656.3939,5369.7171,5740.9844,-371.2673,-6.467,186753480.0,150663973.3025
000905.SH,2022-04-26,5234.0059,5374.2548,5434.7038,5225.2065,5369.7171,-135.7112,-2.5273,171299433.0,139143826.428
000905.SH,2022-04-27,5437.0374,5179.0311,5440.0693,5158.476,5234.0059,203.0315,3.8791,179693384.0,148165593.3314
000905.SH,2022-04-28,5418.7641,5398.9043,5472.8233,5339.6085,5437.0374,-18.2733,-0.3361,155039773.0,133023979.699
000905.SH,2022-04-29,5627.9021,5458.9146,5630.9326,5443.6651,5418.7641,209.138,3.8595,181289512.0,157723206.2978
000905.SH,2022-05-05,5686.7023,5612.4964,5728.6163,5606.9405,5627.9021,58.8002,1.0448,168643208.0,153614014.8644
000905.SH,2022-05-06,5563.7693,5560.9758,5629.647,5542.1811,5686.7023,-122.933,-2.1618,152993341.0,128084917.4416
000905.SH,2022-05-09,5608.5162,5552.4756,5626.5906,5537.9754,5563.7693,44.7469,0.8043,131553929.0,114555068.564
000905.SH,2022-05-10,5690.0868,5532.6001,5698.5144,5519.4721,5608.5162,81.5706,1.4544,165329613.0,141136837.6835
000905.SH,2022-05-11,5737.8173,5697.4294,5856.1924,5696.7023,5690.0868,47.7305,0.8388,185163627.0,172855135.6225
000905.SH,2022-05-12,5743.1007,5707.5559,5779.3195,5687.175,5737.8173,5.2834,0.0921,139216169.0,125952896.2306
000905.SH,2022-05-13,5796.8014,5765.3172,5796.8014,5731.8598,5743.1007,53.7007,0.935,136559775.0,116785287.1323
000905.SH,2022-05-16,5791.0809,5840.243,5855.7226,5767.5448,5796.8014,-5.7205,-0.0987,151387275.0,132450886.5995
000905.SH,2022-05-17,5816.3379,5789.9157,5816.3379,5724.4448,5791.0809,25.257,0.4361,130829391.0,119260447.9552
000905.SH,2022-05-18,5797.4896,5815.6052,5846.844,5785.4545,5816.3379,-18.8483,-0.3241,127243845.0,114319973.9447
000905.SH,2022-05-19,5838.4074,5708.8006,5838.4074,5700.1061,5797.4896,40.9178,0.7058,136623740.0,122730054.522
000905.SH,2022-05-20,5929.4882,5854.014,5929.5421,5849.7614,5838.4074,91.0808,1.56,165727329.0,151890808.3534
000905.SH,2022-05-23,5965.7277,5941.1422,5968.851,5908.6589,5929.4882,36.2395,0.6112,153876017.0,143376161.124
000905.SH,2022-05-24,5745.6751,5962.1488,5967.2326,5745.6751,5965.7277,-220.0526,-3.6886,177540834.0,161859191.3925
000905.SH,2022-05-25,5844.2546,5741.2348,5844.282,5736.1388,5745.6751,98.5795,1.7157,143590635.0,126687497.2935
000905.SH,2022-05-26,5911.5607,5848.0259,5928.7066,5780.9701,5844.2546,67.3061,1.1517,162350362.0,142667052.8211
000905.SH,2022-05-27,5899.915,5921.3316,5952.615,5854.61,5911.5607,-11.6457,-0.197,143406862.0,128502607.0158
000905.SH,2022-05-30,5942.8317,5918.2429,5942.9969,5867.1924,5899.915,42.9167,0.7274,133852647.0,124183592.9465
000905.SH,2022-05-31,6026.2373,5940.3724,6033.4732,5902.2751,5942.8317,83.4056,1.4035,155944918.0,147825250.5523
000905.SH,2022-06-01,6023.644,6008.7519,6042.3715,5970.493,6026.2373,-2.5933,-0.043,155365773.0,143127245.3052
000905.SH,2022-06-02,6078.4349,6000.6176,6084.3166,5987.6409,6023.644,54.7909,0.9096,159571675.0,150036301.4644
000905.SH,2022-06-06,6187.4441,6079.8854,6194.4258,6070.707,6078.4349,109.0092,1.7934,182679963.0,180119370.8746
000905.SH,2022-06-07,6186.5672,6186.5768,6199.7233,6136.0388,6187.4441,-0.8769,-0.0142,177311718.0,169115475.1736
000905.SH,2022-06-08,6217.8276,6184.9604,6227.3285,6110.0604,6186.5672,31.2604,0.5053,186428864.0,176670594.4089
000905.SH,2022-06-09,6130.6862,6207.7272,6209.1099,6088.4637,6217.8276,-87.1414,-1.4015,172129775.0,160399014.3768
000905.SH,2022-06-10,6240.1032,6083.5009,6250.3633,6078.7845,6130.6862,109.417,1.7847,192541340.0,178686545.0113
000905.SH,2022-06-13,6233.6194,6188.7655,6250.6808,6172.9148,6240.1032,-6.4838,-0.1039,188132397.0,197652384.5883
000905.SH,2022-06-14,6275.5652,6161.6197,6278.9724,6061.1905,6233.6194,41.9458,0.6729,197403165.0,196166211.1579
000905.SH,2022-06-15,6261.0613,6275.3708,6398.3587,6261.0394,6275.5652,-14.5039,-0.2311,238140765.0,231704740.9139
000905.SH,2022-06-16,6264.822,6262.2871,6330.3502,6242.3287,6261.0613,3.7607,0.0601,194615083.0,200890496.403
000905.SH,2022-06-17,6316.3092,6220.5832,6328.3614,6181.8541,6264.822,51.4872,0.8218,167859129.0,188555335.2838
000905.SH,2022-06-20,6330.3942,6323.4058,6359.0,6277.2155,6316.3092,14.085,0.223,175207146.0,202463104.7165
000905.SH,2022-06-21,6277.0014,6324.8405,6337.0828,6215.292,6330.3942,-53.3928,-0.8434,164461630.0,178813382.2484
000905.SH,2022-06-22,6179.57,6281.8672,6285.6521,6176.8507,6277.0014,-97.4314,-1.5522,154094318.0,164240856.1318
000905.SH,2022-06-23,6300.4746,6186.9871,6300.4746,6142.9367,6179.57,120.9046,1.9565,168266044.0,179525605.6657
000905.SH,2022-06-24,6368.2827,6306.829,6378.498,6304.0817,6300.4746,67.8081,1.0762,157712704.0,181995576.9167
000905.SH,2022-06-27,6407.7447,6398.3596,6449.3379,6390.2849,6368.2827,39.462,0.6197,168918191.0,201652930.7309
000905.SH,2022-06-28,6501.352,6412.44,6506.665,6392.1091,6407.7447,93.6073,1.4608,170582711.0,196479374.8735
000905.SH,2022-06-29,6374.2974,6479.1702,6501.3927,6370.0158,6501.352,-127.0546,-1.9543,190728308.0,215976296.5863
000905.SH,2022-06-30,6454.0778,6385.2145,6493.0905,6385.2145,6374.2974,79.7804,1.2516,163846775.0,193598970.72
000905.SH,2022-07-01,6438.5375,6450.7504,6481.1493,6423.8571,6454.0778,-15.5403,-0.2408,144204643.0,172657742.4242
000905.SH,2022-07-04,6523.1311,6445.0746,6524.295,6405.3788,6438.5375,84.5936,1.3139,157819969.0,193784450.9739
000905.SH,2022-07-05,6511.5297,6535.4543,6548.3018,6435.7372,6523.1311,-11.6014,-0.1779,186625469.0,206724929.0471
000905.SH,2022-07-06,6418.5453,6489.0207,6496.972,6359.4656,6511.5297,-92.9844,-1.428,177104502.0,188283101.8737
000905.SH,2022-07-07,6452.9863,6414.4083,6482.4181,6380.1669,6418.5453,34.441,0.5366,157351123.0,176906222.1677
000905.SH,2022-07-08,6404.4393,6478.2911,6490.1491,6404.1612,6452.9863,-48.547,-0.7523,150986698.0,171162738.8867
000905.SH,2022-07-11,6319.1402,6387.4493,6387.4493,6274.7378,6404.4393,-85.2991,-1.3319,151993666.0,169420490.4992
000905.SH,2022-07-12,6241.4793,6317.8781,6346.514,6238.5626,6319.1402,-77.6609,-1.229,144513092.0,162745221.3713
000905.SH,2022-07-13,6268.4943,6238.6803,6287.6398,6207.7219,6241.4793,27.015,0.4328,142710723.0,148941203.9511
000905.SH,2022-07-14,6302.4319,6267.4723,6339.4222,6254.6817,6268.4943,33.9376,0.5414,140354050.0,156034965.3272
000905.SH,2022-07-15,6196.7999,6279.6767,6323.5345,6196.7999,6302.4319,-105.632,-1.6761,158386828.0,169165272.8369
000905.SH,2022-07-18,6312.3557,6216.0998,6315.6563,6200.5203,6196.7999,115.5558,1.8648,159144624.0,163899480.5049
000905.SH,2022-07-19,6335.7093,6318.8373,6347.2428,6283.4024,6312.3557,23.3536,0.37,146384780.0,163012682.4906
000905.SH,2022-07-20,6410.7088,6353.0031,6416.8716,6351.8184,6335.7093,74.9995,1.1838,142932573.0,157782312.749
000905.SH,2022-07-21,6347.5984,6400.0661,6408.458,6347.5984,6410.7088,-63.1104,-0.9845,148210184.0,163172754.1788
000905.SH,2022-07-22,6289.5325,6353.9247,6371.3183,6236.343,6347.5984,-58.0659,-0.9148,130620669.0,143788393.8675
000905.SH,2022-07-25,6231.2355,6297.0995,6319.1797,6213.4739,6289.5325,-58.297,-0.9269,129458029.0,139714096.6795
000905.SH,2022-07-26,6307.956,6239.2088,6319.2494,6213.8365,6231.2355,76.7205,1.2312,117276541.0,129165891.6479
000905.SH,2022-07-27,6332.2327,6301.6083,6344.207,6286.3516,6307.956,24.2767,0.3849,120435127.0,133249678.6383
000905.SH,2022-07-28,6348.1655,6361.2729,6393.7268,6339.5502,6332.2327,15.9328,0.2516,138473429.0,152662265.3426
000905.SH,2022-07-29,6294.1144,6356.5204,6365.2595,6285.7193,6348.1655,-54.0511,-0.8514,137925792.0,152961332.8128
000905.SH,2022-08-01,6347.2211,6293.3831,6350.0383,6253.0553,6294.1144,53.1067,0.8438,128679012.0,151348904.6969
000905.SH,2022-08-02,6169.9961,6288.6064,6288.6064,6095.0566,6347.2211,-177.225,-2.7922,182902539.0,192873382.5705
000905.SH,2022-08-03,6124.3146,6171.6172,6261.9097,6111.2198,6169.9961,-45.6815,-0.7404,147213409.0,175544841.7936
000905.SH,2022-08-04,6158.7346,6160.4864,6177.6166,6080.101,6124.3146,34.42,0.562,113646381.0,137805652.8016
000905.SH,2022-08-05,6270.5113,6175.4805,6274.2729,6163.5051,6158.7346,111.7767,1.8149,124284448.0,150450721.916
000905.SH,2022-08-08,6323.0746,6266.5673,6324.3401,6249.6163,6270.5113,52.5633,0.8383,116132934.0,149909676.4641
000905.SH,2022-08-09,6341.4806,6314.1043,6344.84,6290.8724,6323.0746,18.406,0.2911,116966653.0,148682025.6318
000905.SH,2022-08-10,6322.0558,6331.4129,6362.2914,6298.8613,6341.4806,-19.4248,-0.3063,118899928.0,153411737.8596
000905.SH,2022-08-11,6439.3586,6349.4961,6439.3586,6341.7215,6322.0558,117.3028,1.8555,142038284.0,168399100.7075
000905.SH,2022-08-12,6420.853,6425.1102,6463.0667,6416.2908,6439.3586,-18.5056,-0.2874,140399917.0,158383471.7634
000905.SH,2022-08-15,6442.8093,6405.7169,6462.5378,6394.2182,6420.853,21.9563,0.342,133627482.0,151481917.2683
000905.SH,2022-08-16,6465.1866,6446.7604,6492.5396,6440.3764,6442.8093,22.3773,0.3473,135841495.0,150950901.2818
000905.SH,2022-08-17,6493.5047,6473.2526,6501.362,6428.9652,6465.1866,28.3181,0.438,146220319.0,165336992.3781
000905.SH,2022-08-18,6468.8056,6481.3704,6483.6928,6448.7455,6493.5047,-24.6991,-0.3804,130451759.0,151581053.1149
000905.SH,2022-08-19,6391.7159,6468.8233,6477.3137,6390.9328,6468.8056,-77.0897,-1.1917,142590851.0,161777617.6036
000905.SH,2022-08-22,6472.6799,6381.3397,6472.7936,6363.218,6391.7159,80.964,1.2667,133735500.0,155429477.9474
000905.SH,2022-08-23,6466.4045,6460.1716,6475.8227,6436.081,6472.6799,-6.2754,-0.097,133676377.0,152812386.3929
000905.SH,2022-08-24,6284.5769,6470.6864,6472.6832,6277.9892,6466.4045,-181.8276,-2.8119,158103872.0,171922926.7656
000905.SH,2022-08-25,6322.6961,6303.1445,6327.0917,6225.6756,6284.5769,38.1192,0.6066,141946367.0,152348524.2893
000905.SH,2022-08-26,6298.3739,6331.079,6381.4834,6286.5227,6322.6961,-24.3222,-0.3847,130405837.0,145604215.4693
000905.SH,2022-08-29,6310.402,6213.4016,6310.9932,6205.1266,6298.3739,12.0281,0.191,125268849.0,132966408.2904
000905.SH,2022-08-30,6285.9273,6309.5791,6319.1701,6248.1377,6310.402,-24.4747,-0.3878,132109200.0,136583215.3118
000905.SH,2022-08-31,6155.7455,6265.5934,6280.1856,6132.2326,6285.9273,-130.1818,-2.071,147275408.0,153776542.7366
000905.SH,2022-09-01,6126.7685,6153.287,6207.244,6118.5774,6155.7455,-28.977,-0.4707,118575054.0,124670857.6774
000905.SH,2022-09-02,6149.4273,6135.2957,6176.1706,6117.7266,6126.7685,22.6588,0.3698,106564384.0,114216217.3682
000905.SH,2022-09-05,6182.6465,6147.7062,6184.8042,6122.619,6149.4273,33.2192,0.5402,117479244.0,119757999.919
000905.SH,2022-09-06,6291.5707,6198.4868,6292.5319,6187.9517,6182.6465,108.9242,1.7618,129846040.0,135891977.5583
000905.SH,2022-09-07,6301.5644,6269.9911,6314.1182,6256.6131,6291.5707,9.9937,0.1588,120160292.0,130718396.2466
000905.SH,2022-09-08,6272.5752,6299.9068,6309.8969,6266.5175,6301.5644,-28.9892,-0.46,116164269.0,120970235.4921
000905.SH,2022-09-09,6316.9724,6275.8978,6321.8229,6254.2611,6272.5752,44.3972,0.7078,121389228.0,124658337.6392
000905.SH,2022-09-13,6300.422,6334.8609,6343.7743,6291.4445,6316.9724,-16.5504,-0.262,118106314.0,123861798.2972
000905.SH,2022-09-14,6249.963,6214.9119,6273.6335,6206.9248,6300.422,-50.459,-0.8009,109121160.0,114644793.2689
000905.SH,2022-09-15,6107.7964,6280.4462,6282.6932,6053.7988,6249.963,-142.1666,-2.2747,141643500.0,148202355.0248
000905.SH,2022-09-16,5954.5037,6091.4195,6102.5416,5954.5037,6107.7964,-153.2927,-2.5098,137172115.0,131508079.9878
000905.SH,2022-09-19,5913.1493,5947.8566,5967.6548,5880.4941,5954.5037,-41.3544,-0.6945,104025412.0,104609796.776
000905.SH,2022-09-20,5958.2922,5949.3355,6002.792,5940.5814,5913.1493,45.1429,0.7634,88813000.0,96795084.9561
000905.SH,2022-09-21,5978.581,5943.0935,5998.7001,5876.5156,5958.2922,20.2888,0.3405,103463644.0,100001264.1028
000905.SH,2022-09-22,5965.8854,5938.0989,6015.1192,5931.7309,5978.581,-12.6956,-0.2124,99867602.0,102285806.6547
000905.SH,2022-09-23,5889.6019,5961.0615,5986.8209,5839.9316,5965.8854,-76.2835,-1.2787,100609437.0,104706616.4053
000905.SH,2022-09-26,5806.3181,5841.5777,5922.3202,5798.2786,5889.6019,-83.2838,-1.4141,103244360.0,102568347.0407
000905.SH,2022-09-27,5920.0531,5823.5478,5920.0531,5808.2522,5806.3181,113.735,1.9588,97418022.0,103953587.0476
000905.SH,2022-09-28,5769.5198,5910.0494,5910.0494,5769.5198,5920.0531,-150.5333,-2.5428,93694853.0,99052683.1111
000905.SH,2022-09-29,5771.8812,5823.2724,5856.1602,5741.0175,5769.5198,2.3614,0.0409,95385798.0,97557854.8623
000905.SH,2022-09-30,5714.0629,5764.1521,5804.2022,5714.0629,5771.8812,-57.8183,-1.0017,85545168.0,87143078.8647
000905.SH,2022-10-10,5635.7109,5729.7548,5758.0415,5618.8038,5714.0629,-78.352,-1.3712,97469345.0,97320936.443
000905.SH,2022-10-11,5684.5063,5642.4791,5703.2705,5606.9944,5635.7109,48.7954,0.8658,86571469.0,88733098.1586
000905.SH,2022-10-12,5820.4537,5680.3641,5820.4537,5594.2971,5684.5063,135.9474,2.3915,106101757.0,110816368.2588
000905.SH,2022-10-13,5830.3355,5789.661,5876.4759,5780.1758,5820.4537,9.8818,0.1698,105722268.0,114922152.7698
000905.SH,2022-10-14,5973.4389,5866.8591,5996.044,5866.8591,5830.3355,143.1034,2.4545,118212245.0,138463009.2858
000905.SH,2022-10-17,6015.5963,5952.3801,6023.5259,5945.4277,5973.4389,42.1574,0.7057,111461869.0,127160232.9409
000905.SH,2022-10-18,6035.6737,6031.047,6074.3734,5996.3927,6015.5963,20.0774,0.3338,105750195.0,127130541.9308
000905.SH,2022-10-19,5972.7226,6021.8,6037.4429,5970.4371,6035.6737,-62.9511,-1.043,93881065.0,112290658.6531
000905.SH,2022-10-20,5948.8621,5943.4767,6035.5523,5886.3955,5972.7226,-23.8605,-0.3995,103388245.0,121766931.0237
000905.SH,2022-10-21,5956.8811,5959.2074,5993.8762,5928.9185,5948.8621,8.019,0.1348,96826295.0,112261082.7447
000905.SH,2022-10-24,5896.9031,5968.5417,6061.2078,5857.8584,5956.8811,-59.978,-1.0069,119501081.0,137328967.809
000905.SH,2022-10-25,5869.781,5864.0249,5926.5683,5785.4086,5896.9031,-27.1221,-0.4599,107045854.0,123655965.0442
000905.SH,2022-10-26,5971.6009,5871.0773,6016.9172,5871.0773,5869.781,101.8199,1.7346,116530079.0,143742557.2698
000905.SH,2022-10-27,5963.0037,5978.2847,6020.893,5962.9743,5971.6009,-8.5972,-0.144,117088219.0,147969762.4021
000905.SH,2022-10-28,5781.7972,5922.8193,5934.7974,5760.0452,5963.0037,-181.2065,-3.0388,131676332.0,147373418.2244
000905.SH,2022-10-31,5807.1063,5745.0776,5859.5968,5743.5552,5781.7972,25.3091,0.4377,127016064.0,150059218.566
000905.SH,2022-11-01,5941.1451,5814.2148,5942.1356,5786.8711,5807.1063,134.0388,2.3082,136616776.0,165176134.8168
000905.SH,2022-11-02,5997.8038,5925.6508,6028.767,5916.0613,5941.1451,56.6587,0.9537,142330286.0,183166205.2343
000905.SH,2022-11-03,5996.7187,5944.5114,6018.4176,5937.605,5997.8038,-1.0851,-0.0181,106386906.0,145162731.6598
000905.SH,2022-11-04,6133.4629,5996.3054,6157.4279,5996.3054,5996.7187,136.7442,2.2803,138707111.0,174457116.0389
000905.SH,2022-11-07,6141.4088,6133.2389,6166.1908,6100.6056,6133.4629,7.9459,0.1295,138092409.0,167294752.7668
000905.SH,2022-11-08,6134.2564,6139.8902,6141.0231,6095.4447,6141.4088,-7.1524,-0.1165,108267531.0,134372666.2414
000905.SH,2022-11-09,6120.8286,6140.5417,6182.3383,6118.7288,6134.2564,-13.4278,-0.2189,104762250.0,127037472.145
000905.SH,2022-11-10,6089.6951,6085.2848,6119.0345,6061.8078,6120.8286,-31.1335,-0.5086,116401928.0,129142711.4834
000905.SH,2022-11-11,6138.6211,6223.228,6249.3487,6134.6815,6089.6951,48.926,0.8034,176492121.0,198177118.3981
000905.SH,2022-11-14,6129.5129,6140.1875,6189.3825,6104.9304,6138.6211,-9.1082,-0.1484,159486725.0,174064714.5067
000905.SH,2022-11-15,6236.3838,6125.1067,6236.3838,6112.6193,6129.5129,106.8709,1.7435,149860965.0,171481798.6072
000905.SH,2022-11-16,6203.9174,6238.5838,6263.1555,6190.0123,6236.3838,-32.4664,-0.5206,129770376.0,151854939.9797
000905.SH,2022-11-17,6217.2052,6182.6909,6217.2052,6148.6148,6203.9174,13.2878,0.2142,123430196.0,152683752.6582
000905.SH,2022-11-18,6191.6477,6213.0909,6251.1066,6181.5541,6217.2052,-25.5575,-0.4111,131181093.0,164591218.4274
000905.SH,2022-11-21,6189.7092,6147.7174,6196.6472,6116.2957,6191.6477,-1.9385,-0.0313,112854387.0,141789496.0209
000905.SH,2022-11-22,6125.3999,6178.1632,6196.1962,6100.1131,6189.7092,-64.3093,-1.039,116086024.0,137587008.2558
000905.SH,2022-11-23,6115.6049,6114.2692,6140.1142,6045.0243,6125.3999,-9.795,-0.1599,115193517.0,128686794.2017
000905.SH,2022-11-24,6120.0659,6126.5982,6149.9599,6099.7498,6115.6049,4.461,0.0729,100200699.0,117480438.9503
000905.SH,2022-11-25,6087.8591,6095.1259,6107.0725,6062.0028,6120.0659,-32.2068,-0.5262,107742345.0,110059809.7525
000905.SH,2022-11-28,6055.2843,5999.8546,6059.0163,5970.0861,6087.8591,-32.5748,-0.5351,117940107.0,125697913.8925
000905.SH,2022-11-29,6163.8214,6071.4494,6173.849,6071.2244,6055.2843,108.5371,1.7924,155324471.0,159512108.8284
000905.SH,2022-11-30,6156.1465,6156.7719,6175.6824,6118.902,6163.8214,-7.6749,-0.1245,154647972.0,153125576.7281
000905.SH,2022-12-01,6186.1021,6211.2911,6229.834,6186.1021,6156.1465,29.9556,0.4866,152523325.0,171479199.8666
000905.SH,2022-12-02,6168.0127,6177.9231,6206.9855,6154.2094,6186.1021,-18.0894,-0.2924,115500975.0,133339764.5751
000905.SH,2022-12-05,6215.1244,6201.9803,6227.2141,6182.9759,6168.0127,47.1117,0.7638,170477211.0,177698737.2753
000905.SH,2022-12-06,6211.2515,6202.5242,6244.6382,6185.494,6215.1244,-3.8729,-0.0623,149372815.0,164215807.0037
000905.SH,2022-12-07,6204.0051,6198.0532,6243.9022,6183.3338,6211.2515,-7.2464,-0.1167,137821246.0,155238837.7266
000905.SH,2022-12-08,6186.2835,6199.164,6206.1408,6168.7805,6204.0051,-17.7216,-0.2856,131051325.0,149348401.3897
000905.SH,2022-12-09,6192.3009,6185.7939,6213.5165,6159.5043,6186.2835,6.0174,0.0973,167806825.0,180239306.5471
000905.SH,2022-12-12,6154.8092,6181.2441,6182.0784,6146.2547,6192.3009,-37.4917,-0.6055,134098310.0,162420257.1959
000905.SH,2022-12-13,6121.6615,6153.7384,6154.2972,6113.4142,6154.8092,-33.1477,-0.5386,104857515.0,131515610.8024
000905.SH,2022-12-14,6096.3856,6122.4318,6139.7384,6084.0799,6121.6615,-25.2759,-0.4129,95089916.0,125346101.0987
000905.SH,2022-12-15,6101.8787,6090.1178,6108.9595,6078.0039,6096.3856,5.4931,0.0901,88190454.0,113088367.6304
000905.SH,2022-12-16,6072.8627,6071.9564,6087.4579,6036.0507,6101.8787,-29.016,-0.4755,93910672.0,113412125.964
000905.SH,2022-12-19,5936.4751,6058.8941,6081.4436,5911.8803,6072.8627,-136.3876,-2.2459,105106201.0,121083184.7665
000905.SH,2022-12-20,5878.0314,5919.0267,5920.9868,5857.8575,5936.4751,-58.4437,-0.9845,78623273.0,96369670.9282
000905.SH,2022-12-21,5845.835,5879.2722,5892.907,5819.6676,5878.0314,-32.1964,-0.5477,69783431.0,85257777.7091
000905.SH,2022-12-22,5779.0555,5867.724,5875.4736,5761.9836,5845.835,-66.7795,-1.1423,82231873.0,97446795.2324
000905.SH,2022-12-23,5763.3458,5751.9489,5805.5101,5732.4711,5779.0555,-15.7097,-0.2718,66556865.0,81911192.6979
000905.SH,2022-12-26,5843.2555,5769.0686,5850.9115,5769.0686,5763.3458,79.9097,1.3865,75424133.0,93646097.2549
000905.SH,2022-12-27,5885.6622,5857.7543,5891.3544,5832.2697,5843.2555,42.4067,0.7257,81780423.0,101272091.294
000905.SH,2022-12-28,5862.0967,5869.4556,5889.318,5848.2421,5885.6622,-23.5655,-0.4004,90098898.0,102679233.2032
000905.SH,2022-12-29,5857.4021,5843.9431,5895.9811,5835.3337,5862.0967,-4.6946,-0.0801,79510794.0,94429698.6664
000905.SH,2022-12-30,5864.4669,5875.2787,5885.8903,5848.9547,5857.4021,7.0648,0.1206,75345032.0,86117939.6256
000905.SH,2023-01-03,5955.8969,5861.5504,5964.8185,5848.1461,5864.4669,91.43,1.5591,99557837.0,119271237.7642
000905.SH,2023-01-04,5952.4538,5952.5062,5970.5758,5922.8646,5955.8969,-3.4431,-0.0578,97160441.0,114358731.4404
000905.SH,2023-01-05,6010.4641,5959.4378,6017.3406,5950.0896,5952.4538,58.0103,0.9746,96629979.0,117479981.1509
000905.SH,2023-01-06,6012.8152,6004.1731,6050.8874,5998.8349,6010.4641,2.3511,0.0391,99244877.0,121596399.7793
000905.SH,2023-01-09,6040.0193,6028.399,6070.1614,6023.6388,6012.8152,27.2041,0.4524,100696829.0,124921325.5809
000905.SH,2023-01-10,6048.2968,6044.641,6053.5849,6017.1524,6040.0193,8.2775,0.137,96393351.0,113967056.4022
000905.SH,2023-01-11,6014.1565,6049.0393,6070.4478,6004.2194,6048.2968,-34.1403,-0.5645,94406389.0,112879598.0375
000905.SH,2023-01-12,6015.2871,6022.561,6048.1893,5995.9111,6014.1565,1.1306,0.0188,92900124.0,104902996.9939
000905.SH,2023-01-13,6057.6902,6030.93,6058.2249,6015.218,6015.2871,42.4031,0.7049,90025020.0,102449872.5635
000905.SH,2023-01-16,6126.1772,6068.9115,6168.7448,6068.14,6057.6902,68.487,1.1306,129619730.0,146526749.7553
000905.SH,2023-01-17,6132.6391,6129.7345,6138.1742,6107.7606,6126.1772,6.4619,0.1055,95921699.0,109180206.7011
000905.SH,2023-01-18,6151.4557,6139.6912,6168.3735,6136.9704,6132.6391,18.8166,0.3068,94555836.0,103052545.4016
000905.SH,2023-01-19,6204.3261,6145.6211,6204.3261,6130.424,6151.4557,52.8704,0.8595,99777793.0,114472416.0144
000905.SH,2023-01-20,6251.4337,6214.0251,6253.269,6214.0251,6204.3261,47.1076,0.7593,113904542.0,128362190.6604
000905.SH,2023-01-30,6283.3272,6331.8759,6342.4494,6279.4508,6251.4337,31.8935,0.5102,146517920.0,173697713.88
000905.SH,2023-01-31,6289.15,6266.2956,6303.9117,6259.5275,6283.3272,5.8228,0.0927,135302093.0,146630404.0054
000905.SH,2023-02-01,6365.9051,6300.4997,6368.7906,6293.4917,6289.15,76.7551,1.2204,152442220.0,166449081.7439
000905.SH,2023-02-02,6370.1411,6383.298,6402.2639,6347.7289,6365.9051,4.236,0.0665,149292811.0,166213113.9115
000905.SH,2023-02-03,6343.6861,6354.7135,6354.7135,6267.4377,6370.1411,-26.455,-0.4153,121507182.0,138714379.5842
000905.SH,2023-02-06,6302.3349,6314.5995,6330.7929,6274.5427,6343.6861,-41.3512,-0.6518,108485308.0,127652063.4252
000905.SH,2023-02-07,6317.2377,6309.2209,6318.8407,6273.5954,6302.3349,14.9028,0.2365,109662683.0,125078065.0348
000905.SH,2023-02-08,6268.2759,6319.5164,6323.8492,6263.7627,6317.2377,-48.9618,-0.7751,105994895.0,116986269.9074
000905.SH,2023-02-09,6354.562,6256.3124,6354.8028,6250.4545,6268.2759,86.2861,1.3766,109031119.0,129044254.1638
000905.SH,2023-02-10,6334.252,6348.9994,6368.4882,6296.5476,6354.562,-20.31,-0.3196,120100829.0,134994907.3995
000905.SH,2023-02-13,6383.8279,6333.2194,6386.7243,6331.3687,6334.252,49.5759,0.7827,131566227.0,151374560.9948
000905.SH,2023-02-14,6397.2146,6394.6196,6408.5508,6369.5727,6383.8279,13.3867,0.2097,124674389.0,143967118.9612
000905.SH,2023-02-15,6384.3479,6398.8735,6407.753,6365.3107,6397.2146,-12.8667,-0.2011,115907022.0,143472324.4214
000905.SH,2023-02-16,6289.4786,6384.2145,6429.0531,6244.4787,6384.3479,-94.8693,-1.486,168388416.0,190791364.4744
000905.SH,2023-02-17,6237.4053,6284.9225,6308.568,6237.4053,6289.4786,-52.0733,-0.8279,117210985.0,143422448.1677
000905.SH,2023-02-20,6346.0678,6248.2555,6349.4074,6227.3489,6237.4053,108.6625,1.7421,140334075.0,157289265.1288
000905.SH,2023-02-21,6383.4248,6349.9071,6396.742,6337.5976,6346.0678,37.357,0.5887,141824714.0,153705795.8211
000905.SH,2023-02-22,6375.0684,6352.0275,6397.1452,6344.9861,6383.4248,-8.3564,-0.1309,109083029.0,128341320.025
000905.SH,2023-02-23,6360.3202,6377.2925,6396.6563,6328.644,6375.0684,-14.7482,-0.2313,116064654.0,135992246.8811
000905.SH,2023-02-24,6340.8435,6367.6311,6372.4918,6308.2213,6360.3202,-19.4767,-0.3062,96957281.0,119877925.5834
000905.SH,2023-02-27,6307.2057,6318.6393,6349.091,6288.2994,6340.8435,-33.6378,-0.5305,101082738.0,124887490.1516
000905.SH,2023-02-28,6357.5352,6323.8417,6357.5352,6293.1792,6307.2057,50.3295,0.798,96603163.0,119094834.7151
000905.SH,2023-03-01,6402.1411,6356.5035,6410.5217,6340.0045,6357.5352,44.6059,0.7016,123907639.0,144327640.1009
000905.SH,2023-03-02,6382.2322,6398.2563,6410.2306,6375.0068,6402.1411,-19.9089,-0.311,125349297.0,147597102.7741
000905.SH,2023-03-03,6390.3177,6384.0636,6398.4707,6346.9593,6382.2322,8.0855,0.1267,123234775.0,140273359.3544
000905.SH,2023-03-06,6395.2191,6398.1023,6405.8199,6362.4723,6390.3177,4.9014,0.0767,126845634.0,155123686.0312
000905.SH,2023-03-07,6284.2986,6389.8109,6396.5414,6284.2198,6395.2191,-110.9205,-1.7344,137928869.0,149308292.189
000905.SH,2023-03-08,6301.5157,6264.4315,6303.7106,6258.3174,6284.2986,17.2171,0.274,98698357.0,114463801.0029
000905.SH,2023-03-09,6285.9521,6311.0424,6311.3353,6258.4498,6301.5157,-15.5636,-0.247,92688914.0,111866575.5035
000905.SH,2023-03-10,6204.8989,6251.56,6261.3301,6202.6117,6285.9521,-81.0532,-1.2894,108052290.0,129144574.7186
000905.SH,2023-03-13,6245.0029,6189.9761,6245.0029,6178.672,6204.8989,40.104,0.6463,108006552.0,132474098.3523
000905.SH,2023-03-14,6189.3969,6237.7306,6243.4184,6127.6878,6245.0029,-55.606,-0.8904,121200145.0,149977754.662
000905.SH,2023-03-15,6224.64,6210.928,6254.4857,6210.928,6189.3969,35.2431,0.5694,112948528.0,129455795.1403
000905.SH,2023-03-16,6140.8317,6191.2955,6209.9732,6133.8328,6224.64,-83.8083,-1.3464,127632685.0,143759016.8621
000905.SH,2023-03-17,6183.1843,6174.1919,6233.7534,6169.8441,6140.8317,42.3526,0.6897,137108334.0,157222487.3651
000905.SH,2023-03-20,6160.3541,6195.3506,6201.9742,6152.8083,6183.1843,-22.8302,-0.3692,145580891.0,167826184.3667
000905.SH,2023-03-21,6234.6793,6171.8856,6235.0064,6171.2834,6160.3541,74.3252,1.2065,123025331.0,144174739.3054
000905.SH,2023-03-22,6269.7384,6244.3623,6271.5228,6242.157,6234.6793,35.0591,0.5623,128266386.0,149867921.1974
000905.SH,2023-03-23,6305.7585,6253.5774,6305.7585,6245.9826,6269.7384,36.0201,0.5745,129179648.0,164124553.0745
000905.SH,2023-03-24,6310.0979,6312.4308,6315.6795,6279.5407,6305.7585,4.3394,0.0688,141020989.0,179449338.4056
000905.SH,2023-03-27,6311.5998,6304.4792,6320.6622,6265.0053,6310.0979,1.5019,0.0238,144664863.0,184209306.4698
000905.SH,2023-03-28,6279.9217,6314.5821,6331.5584,6272.7168,6311.5998,-31.6781,-0.5019,139156104.0,174935282.6098
000905.SH,2023-03-29,6260.551,6285.9539,6294.2951,6239.9373,6279.9217,-19.3707,-0.3085,131548284.0,166565424.0242
000905.SH,2023-03-30,6286.1773,6257.6398,6287.4396,6213.9745,6260.551,25.6263,0.4093,123218599.0,155158644.7678
000905.SH,2023-03-31,6339.8183,6284.8522,6343.2299,6282.1402,6286.1773,53.641,0.8533,129489835.0,164138969.0775
000905.SH,2023-04-03,6413.8073,6346.6925,6419.8686,6346.6925,6339.8183,73.989,1.1671,163921048.0,215330527.3972
000905.SH,2023-04-04,6408.8994,6414.8177,6423.3058,6377.5322,6413.8073,-4.9079,-0.0765,157491755.0,218740913.5314
000905.SH,2023-04-06,6416.8456,6387.2289,6428.7215,6382.0333,6408.8994,7.9462,0.124,144064448.0,207002794.7596
000905.SH,2023-04-07,6464.4664,6418.2601,6470.0888,6416.6812,6416.8456,47.6208,0.7421,127964625.0,177737436.54
000905.SH,2023-04-10,6410.5218,6474.9415,6476.2165,6395.3745,6464.4664,-53.9446,-0.8345,145134187.0,203397862.9364
000905.SH,2023-04-11,6420.877,6405.6279,6421.4857,6381.0566,6410.5218,10.3552,0.1615,142399109.0,188800337.8433
000905.SH,2023-04-12,6443.4391,6415.7038,6450.3488,6407.1996,6420.877,22.5621,0.3514,149447956.0,188164796.5835
000905.SH,2023-04-13,6404.6463,6438.1638,6451.7864,6396.0167,6443.4391,-38.7928,-0.6021,156199573.0,196031015.0212
000905.SH,2023-04-14,6431.0688,6420.3118,6444.886,6390.9182,6404.6463,26.4225,0.4126,145300668.0,190743030.851
000905.SH,2023-04-17,6459.2396,6422.8669,6459.2396,6421.3936,6431.0688,28.1708,0.438,168823079.0,196752268.3081
000905.SH,2023-04-18,6449.8531,6448.7565,6462.2489,6422.053,6459.2396,-9.3865,-0.1453,143471341.0,184598154.2256
000905.SH,2023-04-19,6416.9696,6444.8726,6456.1491,6404.9942,6449.8531,-32.8835,-0.5098,148699774.0,192403574.1627
000905.SH,2023-04-20,6411.7564,6408.8077,6413.0794,6376.3489,6416.9696,-5.2132,-0.0812,150501294.0,196199845.2385
000905.SH,2023-04-21,6250.5446,6411.5137,6411.5137,6250.5446,6411.7564,-161.2118,-2.5143,162313297.0,210802112.2282
000905.SH,2023-04-24,6208.7797,6250.9635,6260.5395,6184.7122,6250.5446,-41.7649,-0.6682,147694845.0,191204975.1648
000905.SH,2023-04-25,6118.1526,6205.6184,6208.4027,6042.6423,6208.7797,-90.6271,-1.4597,162459277.0,200847244.8306
000905.SH,2023-04-26,6142.1541,6095.1335,6178.1675,6093.1976,6118.1526,24.0015,0.3923,152166354.0,197699832.9553
000905.SH,2023-04-27,6157.936,6127.6444,6190.2503,6121.6098,6142.1541,15.7819,0.2569,143136116.0,179308956.5504
000905.SH,2023-04-28,6241.2441,6151.6433,6245.55,6151.6433,6157.936,83.3081,1.3529,167876482.0,199335712.3258
000905.SH,2023-05-04,6262.3891,6223.2261,6264.5158,6218.7822,6241.2441,21.145,0.3388,202487970.0,215098748.1011
000905.SH,2023-05-05,6200.5759,6255.7044,6256.2287,6172.6931,6262.3891,-61.8132,-0.9871,178261017.0,192217857.4677
000905.SH,2023-05-08,6248.5828,6202.6787,6259.6869,6200.1467,6200.5759,48.0069,0.7742,202718255.0,198162493.5861
000905.SH,2023-05-09,6181.9757,6242.6615,6274.898,6177.6544,6248.5828,-66.6071,-1.066,224389467.0,215437054.342
000905.SH,2023-05-10,6173.8093,6167.1346,6199.1609,6137.1536,6181.9757,-8.1664,-0.1321,175453727.0,180485291.5781
000905.SH,2023-05-11,6154.4703,6185.6686,6190.3906,6151.0696,6173.8093,-19.339,-0.3132,146064946.0,152275213.6044
000905.SH,2023-05-12,6091.6464,6138.9404,6173.9124,6088.2239,6154.4703,-62.8239,-1.0208,140410664.0,142316419.3284
000905.SH,2023-05-15,6159.3888,6094.6758,6159.3888,6036.8139,6091.6464,67.7424,1.1121,149843583.0,159620224.62
000905.SH,2023-05-16,6110.8271,6159.1693,6159.1693,6095.6879,6159.3888,-48.5617,-0.7884,121841116.0,142447474.647
000905.SH,2023-05-17,6122.0518,6097.9771,6137.0165,6090.8823,6110.8271,11.2247,0.1837,107266349.0,125585549.0467
000905.SH,2023-05-18,6128.1762,6132.5182,6153.992,6101.2437,6122.0518,6.1244,0.1,122942111.0,144557618.0525
000905.SH,2023-05-19,6117.0833,6116.8432,6149.1426,6085.0442,6128.1762,-11.0929,-0.181,119304896.0,147524516.0284
000905.SH,2023-05-22,6115.3151,6111.8445,6136.8627,6086.233,6117.0833,-1.7682,-0.0289,112715682.0,126363418.3636
000905.SH,2023-05-23,6052.4297,6114.2135,6117.3597,6052.4297,6115.3151,-62.8854,-1.0283,111104244.0,120628486.6617
000905.SH,2023-05-24,6005.7913,6032.689,6058.3946,5988.0278,6052.4297,-46.6384,-0.7706,107223414.0,116914166.4026
000905.SH,2023-05-25,5988.1885,6000.2187,6028.6386,5926.2038,6005.7913,-17.6028,-0.2931,109922832.0,126769237.2045
000905.SH,2023-05-26,6034.9834,5983.1367,6045.1292,5953.8807,5988.1885,46.7949,0.7815,106381588.0,123263014.8376
000905.SH,2023-05-29,6025.1552,6046.5431,6058.9211,6012.4012,6034.9834,-9.8282,-0.1629,125139417.0,146808330.6376
000905.SH,2023-05-30,6061.3089,6008.4621,6061.3089,5960.3372,6025.1552,36.1537,0.6,127312017.0,151849134.8596
000905.SH,2023-05-31,6047.8021,6044.02,6063.1925,6009.2476,6061.3089,-13.5068,-0.2228,117476106.0,144653727.4775
000905.SH,2023-06-01,6051.4603,6028.8032,6094.2403,6008.2705,6047.8021,3.6582,0.0605,126250315.0,154907281.9207
000905.SH,2023-06-02,6105.2181,6061.911,6115.0679,6061.911,6051.4603,53.7578,0.8883,122306738.0,142073539.923
000905.SH,2023-06-05,6097.1059,6102.1295,6107.1211,6075.5921,6105.2181,-8.1122,-0.1329,115747953.0,131118706.6478
000905.SH,2023-06-06,5983.4202,6088.6625,6089.0746,5969.2945,6097.1059,-113.6857,-1.8646,123045387.0,133636232.8354
000905.SH,2023-06-07,5987.011,5982.3085,6010.0304,5969.1593,5983.4202,3.5908,0.06,93597892.0,113593743.5577
000905.SH,2023-06-08,5966.1477,5971.7247,5992.9692,5922.3872,5987.011,-20.8633,-0.3485,108981632.0,124387889.6833
000905.SH,2023-06-09,6009.5826,5968.7001,6017.2812,5960.106,5966.1477,43.4349,0.728,127553432.0,158760400.6885
000905.SH,2023-06-12,6027.7122,5999.6174,6045.6593,5987.2682,6009.5826,18.1296,0.3017,113612471.0,151203107.2912
000905.SH,2023-06-13,6044.0371,6016.6857,6047.06,6014.0625,6027.7122,16.3249,0.2708,98680298.0,134425849.5491
000905.SH,2023-06-14,6044.0766,6046.4375,6064.2896,6034.4718,6044.0371,0.0395,0.0007,109689021.0,148046160.0937
000905.SH,2023-06-15,6096.8075,6049.4683,6100.2336,6046.1621,6044.0766,52.7309,0.8724,118417734.0,165700035.0831
000905.SH,2023-06-16,6148.0125,6094.8437,6154.9321,6091.1847,6096.8075,51.205,0.8399,115349568.0,165690149.2185
000905.SH,2023-06-19,6131.3849,6148.8548,6148.8548,6126.3881,6148.0125,-16.6276,-0.2705,113787209.0,164780447.1409
000905.SH,2023-06-20,6126.1133,6122.7448,6144.0071,6100.1435,6131.3849,-5.2716,-0.086,106630832.0,161419763.3068
000905.SH,2023-06-21,5990.8455,6104.2468,6104.2468,5990.7866,6126.1133,-135.2678,-2.2081,106447766.0,154200972.2203
000905.SH,2023-06-26,5887.0324,5947.57,5970.6114,5875.9378,5990.8455,-103.8131,-1.7329,111081791.0,148203624.5021
000905.SH,2023-06-27,5948.0029,5897.6948,5956.181,5884.9486,5887.0324,60.9705,1.0357,93039155.0,118625135.5359
000905.SH,2023-06-28,5942.3112,5945.6446,5951.1273,5857.1313,5948.0029,-5.6917,-0.0957,93944302.0,128454934.6627
000905.SH,2023-06-29,5940.5782,5928.709,5964.8577,5924.2783,5942.3112,-1.733,-0.0292,88376857.0,123484005.8468
000905.SH,2023-06-30,5998.7293,5931.8714,6016.4459,5927.9362,5940.5782,58.1511,0.9789,94504668.0,133367471.5169
000905.SH,2023-07-03,6042.3122,6009.2697,6056.1632,5997.8471,5998.7293,43.5829,0.7265,113075905.0,153065229.5216
000905.SH,2023-07-04,6055.2577,6042.7217,6059.5729,6027.2909,6042.3122,12.9455,0.2142,105583765.0,144484638.91
000905.SH,2023-07-05,6020.8212,6050.3461,6059.3789,6011.87,6055.2577,-34.4365,-0.5687,104129041.0,142198505.8172
000905.SH,2023-07-06,5988.5525,6010.6552,6042.2947,5983.4842,6020.8212,-32.2687,-0.536,93965038.0,131979482.5626
000905.SH,2023-07-07,5961.6057,5973.9756,5994.2828,5936.2272,5988.5525,-26.9468,-0.45,94118346.0,121687700.019
000905.SH,2023-07-10,5984.2814,5980.6083,6003.4018,5958.7306,5961.6057,22.6757,0.3804,85168564.0,113940191.9695
000905.SH,2023-07-11,6029.2318,5991.0207,6029.2318,5972.1378,5984.2814,44.9504,0.7511,84531897.0,117919697.0463
000905.SH,2023-07-12,5962.7938,6030.6447,6033.5832,5960.431,6029.2318,-66.438,-1.1019,96692241.0,134419386.3227
000905.SH,2023-07-13,6044.0583,5986.2518,6049.0626,5986.2518,5962.7938,81.2645,1.3629,99656398.0,138941870.295
000905.SH,2023-07-14,6030.5188,6052.9495,6055.5275,6026.3263,6044.0583,-13.5395,-0.224,94963197.0,137880575.9519
000905.SH,2023-07-17,6012.6895,6012.7648,6018.0694,5985.4382,6030.5188,-17.8293,-0.2957,88420212.0,124991560.8813
000905.SH,2023-07-18,6001.7998,6015.9819,6027.6063,5984.0598,6012.6895,-10.8897,-0.1811,87719910.0,121310187.8872
000905.SH,2023-07-19,5993.4126,5998.3813,6017.4492,5962.9863,6001.7998,-8.3872,-0.1397,77791034.0,104054562.5811
000905.SH,2023-07-20,5925.4843,5996.838,6009.4266,5920.151,5993.4126,-67.9283,-1.1334,91195368.0,123684933.4572
000905.SH,2023-07-21,5925.6255,5914.3541,5961.0501,5904.7877,5925.4843,0.1412,0.0024,81975307.0,107065413.9039
000905.SH,2023-07-24,5916.7141,5913.5709,5954.2372,5896.4481,5925.6255,-8.9114,-0.1504,75928001.0,99623302.7111
000905.SH,2023-07-25,6016.6312,5976.9683,6016.7544,5971.7319,5916.7141,99.9171,1.6887,131896392.0,145732847.1417
000905.SH,2023-07-26,6001.5402,6014.7614,6015.5833,5984.3913,6016.6312,-15.091,-0.2508,121825219.0,120547387.6298
000905.SH,2023-07-27,5961.1843,5998.8485,6017.6706,5952.8932,6001.5402,-40.3559,-0.6724,123000825.0,117272101.5653
000905.SH,2023-07-28,6043.2438,5945.9139,6049.7643,5932.0603,5961.1843,82.0595,1.3766,163171871.0,149147477.7035
000905.SH,2023-07-31,6088.2431,6059.1096,6133.718,6059.1096,6043.2438,44.9993,0.7446,186551103.0,179595743.483
000905.SH,2023-08-01,6098.8789,6086.8982,6113.9839,6077.1053,6088.2431,10.6358,0.1747,187588600.0,166628364.6734
000905.SH,2023-08-02,6077.4645,6088.1355,6111.2437,6059.8653,6098.8789,-21.4144,-0.3511,147154529.0,135758673.3446
000905.SH,2023-08-03,6098.6868,6062.6427,6101.8106,6047.676,6077.4645,21.2223,0.3492,146479011.0,138777463.9296
000905.SH,2023-08-04,6128.556,6126.1504,6164.1552,6105.6391,6098.6868,29.8692,0.4898,196943501.0,186850093.5685
000905.SH,2023-08-07,6090.7307,6115.8362,6117.9163,6072.5354,6128.556,-37.8253,-0.6172,145319137.0,154416328.5431
000905.SH,2023-08-08,6066.1019,6077.3032,6088.0983,6044.2376,6090.7307,-24.6288,-0.4044,121545728.0,131357351.5263
000905.SH,2023-08-09,6021.7506,6049.449,6062.0243,6012.247,6066.1019,-44.3513,-0.7311,98809174.0,116294678.3539
000905.SH,2023-08-10,6031.7105,6013.3501,6040.4605,5999.5626,6021.7506,9.9599,0.1654,99842638.0,103950301.3693
000905.SH,2023-08-11,5913.3502,6030.0453,6030.0453,5913.3502,6031.7105,-118.3603,-1.9623,113072007.0,115393420.3363
000905.SH,2023-08-14,5916.8029,5864.4821,5919.8035,5833.4629,5913.3502,3.4527,0.0584,103675706.0,116321082.1921
000905.SH,2023-08-15,5879.7782,5919.7688,5926.4197,5830.9695,5916.8029,-37.0247,-0.6258,92417381.0,107626210.8419
000905.SH,2023-08-16,5833.2155,5858.5966,5891.8116,5833.2155,5879.7782,-46.5627,-0.7919,104950425.0,114013689.38
000905.SH,2023-08-17,5874.3609,5808.9095,5882.1512,5778.5287,5833.2155,41.1454,0.7054,113576384.0,120852973.4766
000905.SH,2023-08-18,5777.7972,5875.1097,5891.3976,5777.7972,5874.3609,-96.5637,-1.6438,102931845.0,109766358.5944
000905.SH,2023-08-21,5710.7783,5764.6679,5802.5119,5710.7783,5777.7972,-67.0189,-1.1599,92835698.0,96691987.1256
000905.SH,2023-08-22,5741.0606,5733.2548,5754.5746,5646.5119,5710.7783,30.2823,0.5303,106175193.0,120035178.9241
000905.SH,2023-08-23,5629.4999,5732.3943,5732.3943,5629.4999,5741.0606,-111.5607,-1.9432,94186725.0,101871329.1628
000905.SH,2023-08-24,5652.6729,5650.3593,5701.3208,5619.333,5629.4999,23.173,0.4116,108086771.0,120640882.8876
000905.SH,2023-08-25,5581.2116,5624.7697,5648.624,5560.2171,5652.6729,-71.4613,-1.2642,106241602.0,114730298.3164
000905.SH,2023-08-28,5644.1405,5885.8843,5887.5085,5631.694,5581.2116,62.9289,1.1275,185745619.0,181457042.3754
000905.SH,2023-08-29,5770.3155,5631.006,5789.9623,5626.5175,5644.1405,126.175,2.2355,160851895.0,165476278.7667
000905.SH,2023-08-30,5775.1534,5780.2848,5817.7342,5753.2161,5770.3155,4.8379,0.0838,136004384.0,145078565.4058
000905.SH,2023-08-31,5739.3984,5770.9531,5777.422,5728.4729,5775.1534,-35.755,-0.6191,116335134.0,121252796.1609
000905.SH,2023-09-01,5750.8027,5746.4128,5775.1769,5732.9674,5739.3984,11.4043,0.1987,104179103.0,107061408.5806
000905.SH,2023-09-04,5829.784,5772.0266,5829.784,5758.0309,5750.8027,78.9813,1.3734,135648873.0,135994054.1811
000905.SH,2023-09-05,5788.7149,5819.9667,5822.0615,5779.3725,5829.784,-41.0691,-0.7045,106517658.0,114971726.1027
000905.SH,2023-09-06,5790.3806,5771.849,5800.9647,5748.6467,5788.7149,1.6657,0.0288,90480502.0,106512753.3846
000905.SH,2023-09-07,5702.7008,5782.0706,5782.0706,5701.7975,5790.3806,-87.6798,-1.5142,92920518.0,105713167.2758
000905.SH,2023-09-08,5708.6227,5684.6558,5732.3747,5683.3973,5702.7008,5.9219,0.1038,79520028.0,93059123.3252
000905.SH,2023-09-11,5774.7305,5723.0181,5802.2053,5704.7003,5708.6227,66.1078,1.158,112837137.0,132425678.0945
000905.SH,2023-09-12,5770.9259,5774.4661,5793.829,5763.2995,5774.7305,-3.8046,-0.0659,86041207.0,105032116.5979
000905.SH,2023-09-13,5715.3973,5764.8241,5770.4141,5681.5003,5770.9259,-55.5286,-0.9622,91472473.0,101933192.5415
000905.SH,2023-09-14,5702.102,5714.6748,5721.2073,5679.199,5715.3973,-13.2953,-0.2326,90247792.0,97979765.5408
000905.SH,2023-09-15,5704.6632,5716.2937,5741.0711,5680.8954,5702.102,2.5612,0.0449,98375964.0,110557876.2001
000905.SH,2023-09-18,5719.6887,5685.8527,5734.1861,5665.579,5704.6632,15.0255,0.2634,92305722.0,109249767.4556
000905.SH,2023-09-19,5687.9007,5713.4945,5713.6003,5670.4201,5719.6887,-31.788,-0.5558,85112102.0,94544819.4851
000905.SH,2023-09-20,5651.0062,5677.9249,5689.8254,5651.0062,5687.9007,-36.8945,-0.6486,77634158.0,84080282.5604
000905.SH,2023-09-21,5611.9186,5638.4406,5666.6958,5609.2143,5651.0062,-39.0876,-0.6917,81931509.0,84847061.9876
000905.SH,2023-09-22,5698.8168,5606.8347,5700.323,5603.8126,5611.9186,86.8982,1.5485,104118982.0,120276386.0234
000905.SH,2023-09-25,5666.6642,5694.9025,5699.1544,5659.3191,5698.8168,-32.1526,-0.5642,93340719.0,114172282.948
000905.SH,2023-09-26,5646.6544,5661.0321,5682.2786,5646.6544,5666.6642,-20.0098,-0.3531,74309615.0,100424427.6898
000905.SH,2023-09-27,5674.3451,5642.3852,5701.5084,5641.8508,5646.6544,27.6907,0.4904,81086240.0,102149151.6736
000905.SH,2023-09-28,5690.7697,5687.6411,5704.6228,5677.531,5674.3451,16.4246,0.2895,79477338.0,101456952.3177
000905.SH,2023-10-09,5658.0832,5679.6412,5680.9516,5634.3532,5690.7697,-32.6865,-0.5744,90029836.0,109095282.3879
000905.SH,2023-10-10,5630.3714,5665.6622,5678.4631,5627.4139,5658.0832,-27.7118,-0.4898,87726425.0,104621240.8109
000905.SH,2023-10-11,5629.7886,5639.0722,5674.2543,5617.8727,5630.3714,-0.5828,-0.0104,90644826.0,112202131.1876
000905.SH,2023-10-12,5671.6419,5655.6129,5677.8191,5642.4931,5629.7886,41.8533,0.7434,100502986.0,119947478.3833
000905.SH,2023-10-13,5633.3831,5645.4366,5646.0737,5616.8508,5671.6419,-38.2588,-0.6746,89391702.0,110878380.4127
000905.SH,2023-10-16,5580.6666,5633.3012,5636.3194,5559.4212,5633.3831,-52.7165,-0.9358,89867550.0,107684372.8258
000905.SH,2023-10-17,5595.3423,5585.1448,5599.424,5556.5739,5580.6666,14.6757,0.263,92516737.0,105060399.6685
000905.SH,2023-10-18,5524.5988,5586.0206,5586.0206,5519.4562,5595.3423,-70.7435,-1.2643,98953562.0,110310590.7205
000905.SH,2023-10-19,5464.027,5496.7574,5529.8697,5463.6516,5524.5988,-60.5718,-1.0964,108078335.0,117347195.293
000905.SH,2023-10-20,5423.6748,5443.4557,5473.2111,5413.0233,5464.027,-40.3522,-0.7385,94936115.0,107713531.6257
000905.SH,2023-10-23,5290.3343,5400.5436,5400.7943,5269.8274,5423.6748,-133.3405,-2.4585,103083126.0,112227737.4773
000905.SH,2023-10-24,5352.0123,5311.6694,5363.1951,5290.5047,5290.3343,61.678,1.1659,114745729.0,126190795.9809
000905.SH,2023-10-25,5375.9983,5386.4255,5423.0139,5375.9983,5352.0123,23.986,0.4482,114921244.0,129741397.0877
000905.SH,2023-10-26,5398.934,5351.1628,5404.9918,5337.4926,5375.9983,22.9357,0.4266,102485044.0,116893043.6851
000905.SH,2023-10-27,5492.0274,5387.2742,5514.3081,5380.9409,5398.934,93.0934,1.7243,112542804.0,132776259.3202
000905.SH,2023-10-30,5546.3881,5484.624,5559.7847,5483.1591,5492.0274,54.3607,0.9898,123034185.0,153066651.4041
000905.SH,2023-10-31,5528.2385,5547.3243,5554.1902,5505.9335,5546.3881,-18.1496,-0.3272,105679375.0,127527068.5589
000905.SH,2023-11-01,5509.9662,5534.8883,5534.9432,5496.8278,5528.2385,-18.2723,-0.3305,87185785.0,105639439.6025
000905.SH,2023-11-02,5459.4517,5514.5172,5532.8505,5457.7453,5509.9662,-50.5145,-0.9168,90202645.0,101795786.0041
000905.SH,2023-11-03,5510.357,5462.144,5537.7293,5462.144,5459.4517,50.9053,0.9324,97990576.0,114009935.8323
000905.SH,2023-11-06,5605.0621,5549.2909,5609.2576,5549.2909,5510.357,94.7051,1.7187,139241046.0,156664899.0214
000905.SH,2023-11-07,5611.0983,5594.4667,5631.1001,5578.5126,5605.0621,6.0362,0.1077,120579321.0,139898836.824
000905.SH,2023-11-08,5608.0173,5602.9707,5633.9706,5577.3911,5611.0983,-3.081,-0.0549,122994558.0,139708501.0312
000905.SH,2023-11-09,5592.0568,5602.49,5638.0805,5582.1194,5608.0173,-15.9605,-0.2846,106362800.0,123039510.7384
000905.SH,2023-11-10,5573.0999,5577.3371,5585.2123,5550.8219,5592.0568,-18.9569,-0.339,94324024.0,109671917.9676
000905.SH,2023-11-13,5605.5688,5589.0595,5605.5688,5565.0914,5573.0999,32.4689,0.5826,102158932.0,117833772.3986
000905.SH,2023-11-14,5630.5534,5602.9829,5639.188,5600.7841,5605.5688,24.9846,0.4457,101073136.0,116072656.3811
000905.SH,2023-11-15,5664.617,5677.5503,5684.7473,5649.7168,5630.5534,34.0636,0.605,113087937.0,131864342.6206
000905.SH,2023-11-16,5609.3607,5647.0613,5652.4004,5609.3607,5664.617,-55.2563,-0.9755,94662677.0,105765074.9608
000905.SH,2023-11-17,5631.4233,5598.953,5632.3894,5593.4903,5609.3607,22.0626,0.3933,89422342.0,101443839.2234
000905.SH,2023-11-20,5659.7727,5635.5867,5669.3846,5609.2691,5631.4233,28.3494,0.5034,103105072.0,119885024.7834
000905.SH,2023-11-21,5641.0844,5669.1651,5696.0944,5634.2723,5659.7727,-18.6883,-0.3302,114861205.0,126740611.0375
000905.SH,2023-11-22,5572.8986,5622.8615,5639.0036,5572.8986,5641.0844,-68.1858,-1.2087,104718408.0,109971792.0088
000905.SH,2023-11-23,5622.9891,5566.7332,5627.7947,5548.972,5572.8986,50.0905,0.8988,98042432.0,101151204.6296
000905.SH,2023-11-24,5570.4205,5619.3187,5619.3187,5556.7138,5622.9891,-52.5686,-0.9349,101248044.0,100701104.7721
000905.SH,2023-11-27,5566.5069,5562.7486,5579.7151,5531.6548,5570.4205,-3.9136,-0.0703,98218653.0,107690772.1178
000905.SH,2023-11-28,5591.4955,5561.5765,5594.718,5529.5352,5566.5069,24.9886,0.4489,89373272.0,98930980.6183
000905.SH,2023-11-29,5553.3349,5588.7739,5593.3712,5547.8408,5591.4955,-38.1606,-0.6825,89509151.0,96924084.4002
000905.SH,2023-11-30,5545.0504,5548.524,5560.3283,5509.9646,5553.3349,-8.2845,-0.1492,87841505.0,95350481.5991
000905.SH,2023-12-01,5566.8689,5541.226,5576.7275,5521.0558,5545.0504,21.8185,0.3935,93371708.0,107454844.3217
000905.SH,2023-12-04,5559.0682,5578.4205,5590.8353,5559.0682,5566.8689,-7.8007,-0.1401,99306543.0,119628388.2884
000905.SH,2023-12-05,5460.4088,5542.8669,5542.8669,5460.4088,5559.0682,-98.6594,-1.7747,91298248.0,103824359.5717
000905.SH,2023-12-06,5481.824,5448.4575,5513.0858,5443.0738,5460.4088,21.4152,0.3922,88373997.0,102084528.9034
000905.SH,2023-12-07,5481.1355,5475.2678,5501.4783,5443.2936,5481.824,-0.6885,-0.0126,89048687.0,103621973.8208
000905.SH,2023-12-08,5497.9897,5484.6829,5522.0575,5477.5286,5481.1355,16.8542,0.3075,118123774.0,140788027.7121
000905.SH,2023-12-11,5564.8538,5473.6514,5574.1237,5429.443,5497.9897,66.8641,1.2162,118605911.0,140631297.8223
000905.SH,2023-12-12,5566.1778,5560.4355,5576.0089,5545.1624,5564.8538,1.324,0.0238,84232331.0,110639096.839
000905.SH,2023-12-13,5507.5128,5557.0463,5558.0572,5507.5128,5566.1778,-58.665,-1.054,75929894.0,96464641.3023
000905.SH,2023-12-14,5489.3267,5532.9861,5557.3719,5487.7542,5507.5128,-18.1861,-0.3302,74118097.0,89999982.3062
000905.SH,2023-12-15,5449.7864,5499.3692,5516.2199,5438.5282,5489.3267,-39.5403,-0.7203,80125418.0,94631897.3596
000905.SH,2023-12-18,5385.2702,5436.9888,5448.0772,5374.5881,5449.7864,-64.5162,-1.1838,78022493.0,88053828.5338
000905.SH,2023-12-19,5379.8735,5380.7346,5406.9585,5344.0325,5385.2702,-5.3967,-0.1002,70323722.0,82191407.6602
000905.SH,2023-12-20,5309.2865,5385.9956,5388.463,5308.5727,5379.8735,-70.587,-1.3121,75387097.0,86209163.2972
000905.SH,2023-12-21,5338.762,5286.4531,5352.5049,5253.3152,5309.2865,29.4755,0.5552,81522318.0,96981042.3774
000905.SH,2023-12-22,5311.6902,5337.3807,5366.2345,5293.2193,5338.762,-27.0718,-0.5071,90387004.0,108918439.6079
000905.SH,2023-12-25,5315.3746,5301.5735,5339.6644,5288.4665,5311.6902,3.6844,0.0694,65918772.0,81018151.9185
000905.SH,2023-12-26,5258.2841,5312.7999,5313.9193,5238.0417,5315.3746,-57.0905,-1.0741,67532007.0,80910364.8958
000905.SH,2023-12-27,5285.5301,5261.5699,5293.7973,5235.4559,5258.2841,27.246,0.5182,75397918.0,84253444.7054
000905.SH,2023-12-28,5382.7966,5280.6904,5400.2364,5275.4028,5285.5301,97.2665,1.8402,107699239.0,126896204.8013
000905.SH,2023-12-29,5429.2288,5376.9768,5437.1538,5374.6877,5382.7966,46.4322,0.8626,90931766.0,112533613.0544
000905.SH,2024-01-02,5409.4554,5431.4784,5439.4778,5409.4554,5429.2288,-19.7734,-0.3642,92964747.0,106839922.6894
000905.SH,2024-01-03,5401.395,5398.2939,5428.5204,5373.8317,5409.4554,-8.0604,-0.149,86705229.0,99883598.9181
000905.SH,2024-01-04,5355.3216,5395.1428,5395.1428,5331.892,5401.395,-46.0734,-0.853,78846568.0,91011406.0563
000905.SH,2024-01-05,5281.8711,5347.0727,5373.6788,5260.5939,5355.3216,-73.4505,-1.3715,89538884.0,101084569.5965
000905.SH,2024-01-08,5167.6997,5268.2339,5268.9787,5167.6997,5281.8711,-114.1714,-2.1616,83785155.0,92792791.3795
000905.SH,2024-01-09,5180.653,5176.1129,5220.4578,5152.9987,5167.6997,12.9533,0.2507,78740418.0,90959823.7515
000905.SH,2024-01-10,5158.0784,5167.7319,5211.8158,5118.4332,5180.653,-22.5746,-0.4357,71173946.0,84227807.6444
000905.SH,2024-01-11,5223.8633,5152.359,5243.1387,5146.8978,5158.0784,65.7849,1.2754,85041295.0,106151947.1917
000905.SH,2024-01-12,5206.178,5213.1356,5262.6165,5206.1607,5223.8633,-17.6853,-0.3385,76619831.0,93271394.8801
000905.SH,2024-01-15,5193.2956,5189.5279,5238.9581,5171.2399,5206.178,-12.8824,-0.2474,73925097.0,88027788.8497
000905.SH,2024-01-16,5190.3975,5188.3692,5210.0834,5124.0823,5193.2956,-2.8981,-0.0558,83070371.0,92337607.3047
000905.SH,2024-01-17,5061.5395,5180.9251,5180.9251,5061.5395,5190.3975,-128.858,-2.4826,78741849.0,87930639.3045
000905.SH,2024-01-18,5066.9579,5033.1032,5069.2295,4924.6815,5061.5395,5.4184,0.1071,118751055.0,123436419.7252
000905.SH,2024-01-19,5018.4332,5056.4765,5084.2902,5014.7667,5066.9579,-48.5247,-0.9577,78467383.0,92039421.2744
000905.SH,2024-01-22,4780.9748,5008.6804,5008.7672,4753.6302,5018.4332,-237.4584,-4.7317,109708492.0,115622857.135
000905.SH,2024-01-23,4865.743,4771.4963,4889.4223,4727.8806,4780.9748,84.7682,1.773,99944718.0,107808853.1423
000905.SH,2024-01-24,4933.7009,4886.2037,4941.4403,4766.8035,4865.743,67.9579,1.3967,114025805.0,112683270.4948
000905.SH,2024-01-25,5073.1779,4931.6273,5074.4943,4910.9591,4933.7009,139.477,2.827,132307766.0,134822852.0272
000905.SH,2024-01-26,5027.0932,5055.2878,5086.129,5009.9729,5073.1779,-46.0847,-0.9084,117009836.0,119232918.9778
000905.SH,2024-01-29,4927.9137,5032.1113,5050.1092,4927.9137,5027.0932,-99.1795,-1.9729,116876657.0,117835011.0909
000905.SH,2024-01-30,4814.9908,4898.3613,4939.3511,4810.099,4927.9137,-112.9229,-2.2915,99675811.0,95474113.5256
000905.SH,2024-01-31,4696.9796,4786.8128,4832.401,4690.9429,4814.9908,-118.0112,-2.4509,121093158.0,116592536.7731
000905.SH,2024-02-01,4678.7308,4667.9126,4771.0465,4629.9901,4696.9796,-18.2488,-0.3885,111471910.0,107508825.5876
000905.SH,2024-02-02,4563.2221,4686.0999,4724.0488,4435.5569,4678.7308,-115.5087,-2.4688,137501832.0,124953077.7888
000905.SH,2024-02-05,4460.2635,4527.7091,4598.0608,4281.2399,4563.2221,-102.9586,-2.2563,165958337.0,143547017.4124
000905.SH,2024-02-06,4805.9013,4411.298,4817.1179,4405.3085,4460.2635,345.6378,7.7493,173058335.0,156485198.8292
000905.SH,2024-02-07,5109.5685,4813.9545,5110.8041,4813.2326,4805.9013,303.6672,6.3186,227198934.0,212618286.1278
000905.SH,2024-02-08,5150.2288,5131.8032,5367.2243,5129.7843,5109.5685,40.6603,0.7958,213676123.0,212255665.0938
000905.SH,2024-02-19,5141.6037,5225.1379,5225.1379,5074.7611,5150.2288,-8.6251,-0.1675,162949893.0,172805832.8996
000905.SH,2024-02-20,5140.9575,5107.5677,5151.7201,5072.8837,5141.6037,-0.6462,-0.0126,121646379.0,133242205.6435
000905.SH,2024-02-21,5139.0372,5101.4113,5252.8785,5074.8224,5140.9575,-1.9203,-0.0374,150872501.0,155561259.4217
000905.SH,2024-02-22,5176.3431,5133.5478,5184.6228,5117.6799,5139.0372,37.3059,0.7259,116614806.0,127546517.8893
000905.SH,2024-02-23,5197.7115,5190.6466,5197.7115,5118.568,5176.3431,21.3684,0.4128,135265004.0,145442447.1768
000905.SH,2024-02-26,5195.4642,5194.737,5255.3615,5162.9504,5197.7115,-2.2473,-0.0432,144018944.0,152600869.3819
000905.SH,2024-02-27,5307.8043,5174.8194,5307.8043,5160.8782,5195.4642,112.3401,2.1623,138971751.0,157201596.7304
000905.SH,2024-02-28,5184.0471,5311.4253,5383.3193,5184.0471,5307.8043,-123.7572,-2.3316,202560985.0,214135426.954
000905.SH,2024-02-29,5346.7929,5154.1487,5349.7678,5154.1487,5184.0471,162.7458,3.1394,160790165.0,178975999.9132
000905.SH,2024-03-01,5379.0482,5350.8566,5387.7839,5321.5587,5346.7929,32.2553,0.6033,142298395.0,171103270.101
000905.SH,2024-03-04,5388.82,5386.9441,5400.1227,5325.9642,5379.0482,9.7718,0.1817,143928469.0,175906403.369
000905.SH,2024-03-05,5351.8268,5358.2206,5382.9834,5329.9702,5388.82,-36.9932,-0.6865,140816479.0,174282675.0025
000905.SH,2024-03-06,5350.1016,5332.8328,5405.4908,5293.9518,5351.8268,-1.7252,-0.0322,121099564.0,146843351.5948
000905.SH,2024-03-07,5277.2988,5354.3337,5384.6567,5277.2988,5350.1016,-72.8028,-1.3608,139831342.0,157442183.149
000905.SH,2024-03-08,5349.595,5282.4077,5361.7104,5268.5296,5277.2988,72.2962,1.3699,121467978.0,144003562.0059
000905.SH,2024-03-11,5441.0507,5342.1778,5443.0421,5339.2607,5349.595,91.4557,1.7096,142981732.0,173588864.7505
000905.SH,2024-03-12,5423.7183,5445.8776,5473.2901,5385.1402,5441.0507,-17.3324,-0.3185,147072536.0,178848761.3779
000905.SH,2024-03-13,5415.1126,5430.0437,5459.3222,5389.5251,5423.7183,-8.6057,-0.1587,129746301.0,164526330.8611
000905.SH,2024-03-14,5392.9267,5415.1499,5447.5416,5352.1195,5415.1126,-22.1859,-0.4097,131887357.0,157337167.7757
000905.SH,2024-03-15,5454.1463,5380.019,5456.7336,5357.1797,5392.9267,61.2196,1.1352,136405030.0,158718756.6172
000905.SH,2024-03-18,5528.447,5472.3147,5528.447,5459.5453,5454.1463,74.3007,1.3623,159862638.0,190794115.1313
000905.SH,2024-03-19,5478.2248,5514.55,5533.639,5477.1172,5528.447,-50.2222,-0.9084,146777240.0,176661748.3276
000905.SH,2024-03-20,5493.414,5469.606,5499.2382,5455.7613,5478.2248,15.1892,0.2773,126273262.0,157036230.4218
000905.SH,2024-03-21,5465.8286,5505.6985,5517.4566,5454.2313,5493.414,-27.5854,-0.5022,129489458.0,159252387.8018
000905.SH,2024-03-22,5384.5656,5454.4143,5463.5407,5356.108,5465.8286,-81.263,-1.4867,137096029.0,163185963.7485
000905.SH,2024-03-25,5294.7463,5369.7761,5401.5975,5292.6372,5384.5656,-89.8193,-1.6681,130778254.0,156251665.7267
000905.SH,2024-03-26,5284.4188,5291.5227,5318.8757,5237.8993,5294.7463,-10.3275,-0.1951,116468112.0,145296216.6799
000905.SH,2024-03-27,5156.684,5280.7332,5282.6954,5156.684,5284.4188,-127.7348,-2.4172,110107142.0,129828707.6093
000905.SH,2024-03-28,5223.806,5156.4803,5276.6382,5156.4803,5156.684,67.122,1.3017,116318192.0,140612607.1123
000905.SH,2024-03-29,5286.1612,5220.5524,5287.0376,5211.1946,5223.806,62.3552,1.1937,109047149.0,126574031.3771
000905.SH,2024-04-01,5401.2249,5309.8325,5401.7799,5309.8325,5286.1612,115.0637,2.1767,136734854.0,166553105.4093
000905.SH,2024-04-02,5381.2291,5395.4811,5402.1597,5353.3119,5401.2249,-19.9958,-0.3702,132148642.0,155779915.0858
000905.SH,2024-04-03,5374.5954,5373.5021,5386.3422,5350.1601,5381.2291,-6.6337,-0.1233,133628053.0,154114398.1659
000905.SH,2024-04-08,5298.5912,5358.9565,5383.6587,5297.559,5374.5954,-76.0042,-1.4141,148588559.0,161260958.59
000905.SH,2024-04-09,5342.8982,5294.4743,5342.8982,5284.9557,5298.5912,44.307,0.8362,113300745.0,133262737.2775
000905.SH,2024-04-10,5275.4727,5335.7302,5335.7302,5242.863,5342.8982,-67.4255,-1.262,117908618.0,132251020.9736
000905.SH,2024-04-11,5301.8094,5244.0544,5353.8091,5240.5101,5275.4727,26.3367,0.4992,127745143.0,141290912.8574
000905.SH,2024-04-12,5277.219,5307.7225,5336.4477,5270.4618,5301.8094,-24.5904,-0.4638,118524933.0,136145117.631
000905.SH,2024-04-15,5339.7223,5270.0415,5376.0484,5219.4286,5277.219,62.5033,1.1844,159217624.0,169269295.7119
000905.SH,2024-04-16,5191.554,5309.1005,5346.7615,5184.6535,5339.7223,-148.1683,-2.7748,162583973.0,168778499.3417
000905.SH,2024-04-17,5339.7467,5211.2486,5339.7467,5211.2486,5191.554,148.1927,2.8545,147594552.0,155660732.9295
000905.SH,2024-04-18,5349.8361,5317.7986,5410.6963,5299.2288,5339.7467,10.0894,0.1889,153497682.0,167338860.159
000905.SH,2024-04-19,5314.8667,5322.3588,5369.9543,5292.0162,5349.8361,-34.9694,-0.6537,142134216.0,156010347.1359
000905.SH,2024-04-22,5267.5811,5289.4066,5340.6307,5264.1859,5314.8667,-47.2856,-0.8897,135266882.0,150190436.4877
000905.SH,2024-04-23,5208.2712,5257.766,5280.0593,5196.955,5267.5811,-59.3099,-1.1259,125801120.0,139018868.1102
000905.SH,2024-04-24,5263.0391,5210.1831,5263.0391,5183.7005,5208.2712,54.7679,1.0516,117297220.0,139471094.8065
000905.SH,2024-04-25,5259.3354,5240.4817,5297.1627,5229.8248,5263.0391,-3.7037,-0.0704,110833929.0,127544603.2853
000905.SH,2024-04-26,5372.1209,5258.3847,5379.6707,5258.3847,5259.3354,112.7855,2.1445,173777701.0,193788859.1922
000905.SH,2024-04-29,5478.4908,5371.2122,5488.2776,5371.2122,5372.1209,106.3699,1.98,190936055.0,212148850.2466
000905.SH,2024-04-30,5441.1411,5471.1676,5478.0353,5436.5752,5478.4908,-37.3497,-0.6818,162797344.0,175143689.5762
000905.SH,2024-05-06,5528.6036,5498.4442,5535.9488,5496.9071,5441.1411,87.4625,1.6074,165791626.0,187906843.8622
000905.SH,2024-05-07,5527.0847,5532.323,5543.1251,5507.5008,5528.6036,-1.5189,-0.0275,136535402.0,162155744.8602
000905.SH,2024-05-08,5458.7559,5516.4477,5516.4477,5454.8735,5527.0847,-68.3288,-1.2363,123955621.0,139472996.7863
000905.SH,2024-05-09,5556.7712,5461.36,5568.7324,5461.36,5458.7559,98.0153,1.7956,131121230.0,153999870.7523
000905.SH,2024-05-10,5535.3954,5562.1931,5570.5652,5497.4972,5556.7712,-21.3758,-0.3847,128688030.0,144026969.9409
000905.SH,2024-05-13,5505.2595,5503.1286,5527.2001,5462.5075,5535.3954,-30.1359,-0.5444,131627588.0,146159918.9621
000905.SH,2024-05-14,5500.7379,5508.4663,5538.7434,5484.964,5505.2595,-4.5216,-0.0821,118994399.0,132592062.4656
000905.SH,2024-05-15,5446.6557,5495.5571,5497.0842,5441.3548,5500.7379,-54.0822,-0.9832,110124989.0,121525793.558
000905.SH,2024-05-16,5424.6652,5461.1077,5475.3735,5408.1251,5446.6557,-21.9905,-0.4037,122108119.0,133148761.562
000905.SH,2024-05-17,5491.8944,5418.6575,5493.2007,5409.7047,5424.6652,67.2292,1.2393,126916168.0,139244609.2649
000905.SH,2024-05-20,5523.5013,5496.7904,5536.662,5484.358,5491.8944,31.6069,0.5755,144971448.0,163572079.8733
000905.SH,2024-05-21,5478.9131,5511.4838,5513.4235,5460.975,5523.5013,-44.5882,-0.8072,108691192.0,123832374.6586
000905.SH,2024-05-22,5468.6068,5472.0098,5486.3049,5455.0766,5478.9131,-10.3063,-0.1881,113057782.0,126572719.1993
000905.SH,2024-05-23,5362.3053,5448.9403,5448.9403,5352.3934,5468.6068,-106.3015,-1.9438,126657569.0,135749197.02
000905.SH,2024-05-24,5313.4546,5348.51,5400.1594,5311.4888,5362.3053,-48.8507,-0.911,106564175.0,117396142.0249
000905.SH,2024-05-27,5371.3693,5325.8508,5373.1116,5284.5055,5313.4546,57.9147,1.09,115643229.0,124785634.5048
000905.SH,2024-05-28,5316.1286,5363.33,5365.473,5310.3183,5371.3693,-55.2407,-1.0284,110965373.0,120979080.988
000905.SH,2024-05-29,5328.3064,5308.593,5361.744,5305.9631,5316.1286,12.1778,0.2291,104361267.0,112762595.7716
000905.SH,2024-05-30,5308.66,5316.3983,5349.688,5296.4925,5328.3064,-19.6464,-0.3687,107350187.0,114757614.2174
000905.SH,2024-05-31,5308.5403,5310.7218,5357.021,5308.5403,5308.66,-0.1197,-0.0023,104151147.0,113019704.3351
000905.SH,2024-06-03,5274.0687,5300.7869,5316.3352,5232.688,5308.5403,-34.4716,-0.6494,126968515.0,129543758.9777
000905.SH,2024-06-04,5341.9496,5263.2256,5352.2839,5247.5837,5274.0687,67.8809,1.2871,108083144.0,117835610.7689
000905.SH,2024-06-05,5277.9405,5328.8678,5347.4297,5277.9405,5341.9496,-64.0091,-1.1982,105792757.0,111608396.273
000905.SH,2024-06-06,5228.8002,5291.5208,5305.878,5213.6618,5277.9405,-49.1403,-0.9311,133368231.0,135739981.4704
000905.SH,2024-06-07,5208.9798,5247.1462,5258.818,5172.0505,5228.8002,-19.8204,-0.3791,113527478.0,118553769.5192
000905.SH,2024-06-11,5217.4702,5182.4129,5232.8495,5159.334,5208.9798,8.4904,0.163,116437116.0,119660626.6594
000905.SH,2024-06-12,5232.9534,5209.1344,5245.9909,5205.5716,5217.4702,15.4832,0.2968,103065569.0,111341271.7037
000905.SH,2024-06-13,5194.59,5231.9096,5233.7954,5182.7423,5232.9534,-38.3634,-0.7331,118232764.0,123194241.6791
000905.SH,2024-06-14,5213.0927,5180.2887,5235.8781,5163.384,5194.59,18.5027,0.3562,133998620.0,146009261.4006
000905.SH,2024-06-17,5207.128,5189.284,5223.5894,5184.5987,5213.0927,-5.9647,-0.1144,107970664.0,135704407.617
000905.SH,2024-06-18,5230.8913,5207.9777,5243.5867,5204.9707,5207.128,23.7633,0.4564,94090903.0,120391272.8344
000905.SH,2024-06-19,5168.8204,5235.4758,5236.3018,5168.8204,5230.8913,-62.0709,-1.1866,87849590.0,111740529.8231
000905.SH,2024-06-20,5094.5653,5162.1609,5184.747,5092.2867,5168.8204,-74.2551,-1.4366,95609003.0,113062777.4267
000905.SH,2024-06-21,5102.3292,5079.9226,5128.1378,5071.6547,5094.5653,7.7639,0.1524,83838907.0,98090349.4393
000905.SH,2024-06-24,4992.9097,5072.8028,5078.955,4986.7679,5102.3292,-109.4195,-2.1445,100186646.0,113108464.9817
000905.SH,2024-06-25,4948.6343,4989.0713,5007.3355,4918.0393,4992.9097,-44.2754,-0.8868,91636779.0,104683752.5064
000905.SH,2024-06-26,5020.4318,4942.1652,5024.7679,4915.6644,4948.6343,71.7975,1.4509,93394621.0,102152255.03
000905.SH,2024-06-27,4928.0514,4998.9936,5000.1752,4925.1601,5020.4318,-92.3804,-1.8401,88537187.0,97364975.3993
000905.SH,2024-06-28,4942.7817,4914.6693,5003.4091,4914.5467,4928.0514,14.7303,0.2989,106308342.0,114743251.7989
000905.SH,2024-07-01,5003.1608,4943.7867,5017.6099,4929.0871,4942.7817,60.3791,1.2216,97312793.0,110821074.0659
000905.SH,2024-07-02,4949.4771,5000.5757,5002.7424,4934.1169,5003.1608,-53.6837,-1.073,96209334.0,105902911.013
000905.SH,2024-07-03,4910.9245,4945.3994,4950.5148,4905.3897,4949.4771,-38.5526,-0.7789,84528331.0,96121126.342
000905.SH,2024-07-04,4834.4982,4917.4414,4935.6055,4827.342,4910.9245,-76.4263,-1.5563,91008466.0,98771611.0067
000905.SH,2024-07-05,4866.2647,4828.8628,4877.9326,4794.1292,4834.4982,31.7665,0.6571,83133279.0,93724633.8268
000905.SH,2024-07-08,4783.6165,4857.0245,4857.2655,4768.5636,4866.2647,-82.6482,-1.6984,90254500.0,96789200.2265
000905.SH,2024-07-09,4876.899,4775.3131,4888.4822,4745.3165,4783.6165,93.2825,1.95,111401968.0,126704548.3393
000905.SH,2024-07-10,4844.1624,4857.483,4891.3725,4836.17,4876.899,-32.7366,-0.6713,100953186.0,117244916.014
000905.SH,2024-07-11,4939.7318,4902.8106,4941.7015,4871.172,4844.1624,95.5694,1.9729,115275494.0,133127527.3425
000905.SH,2024-07-12,4919.3639,4926.9812,4937.3471,4905.7967,4939.7318,-20.3679,-0.4123,97175106.0,115594261.2996
000905.SH,2024-07-15,4883.8971,4903.5161,4903.5161,4868.743,4919.3639,-35.4668,-0.721,86824312.0,102734711.4173
000905.SH,2024-07-16,4898.3626,4877.601,4907.8321,4850.4315,4883.8971,14.4655,0.2962,87267978.0,113648284.3975
000905.SH,2024-07-17,4856.5794,4893.4137,4900.3599,4853.603,4898.3626,-41.7832,-0.853,96909547.0,117932902.5937
000905.SH,2024-07-18,4877.6916,4822.1303,4879.6927,4793.4294,4856.5794,21.1122,0.4347,96654750.0,115283847.8161
000905.SH,2024-07-19,4872.0532,4853.0422,4900.3787,4842.9297,4877.6916,-5.6384,-0.1156,93290746.0,111989382.4683
000905.SH,2024-07-22,4865.9778,4872.6362,4885.3641,4839.1121,4872.0532,-6.0754,-0.1247,92710458.0,110307683.1612
000905.SH,2024-07-23,4722.7994,4862.9705,4862.9705,4722.7994,4865.9778,-143.1784,-2.9424,102403712.0,110578297.6033
000905.SH,2024-07-24,4668.0621,4712.287,4738.762,4661.8271,4722.7994,-54.7373,-1.159,112674635.0,103026731.862
000905.SH,2024-07-25,4665.4488,4644.4217,4710.4627,4635.244,4668.0621,-2.6133,-0.056,88600074.0,95885153.8702
000905.SH,2024-07-26,4736.3771,4670.4463,4744.4537,4670.4463,4665.4488,70.9283,1.5203,86472049.0,94118612.207
000905.SH,2024-07-29,4708.8443,4740.499,4742.1481,4702.9803,4736.3771,-27.5328,-0.5813,81102039.0,90979232.032
000905.SH,2024-07-30,4699.282,4694.5247,4712.0417,4650.5592,4708.8443,-9.5623,-0.2031,83353382.0,86181033.6136
000905.SH,2024-07-31,4886.4136,4694.7288,4887.9192,4687.0458,4699.282,187.1316,3.9821,143180919.0,146601666.1778
000905.SH,2024-08-01,4852.9725,4893.8709,4928.2412,4834.6536,4886.4136,-33.4411,-0.6844,113213393.0,119765528.7887
000905.SH,2024-08-02,4788.6159,4816.9369,4874.7114,4783.115,4852.9725,-64.3566,-1.3261,98529844.0,105654740.5774
000905.SH,2024-08-05,4693.8478,4756.0755,4846.542,4693.8165,4788.6159,-94.7681,-1.979,113338148.0,123487463.6514
000905.SH,2024-08-06,4750.776,4740.4539,4774.9279,4699.1769,4693.8478,56.9282,1.2128,107774770.0,105286322.2381
000905.SH,2024-08-07,4751.9408,4747.9803,4783.4202,4719.938,4750.776,1.1648,0.0245,96989481.0,96834771.2032
000905.SH,2024-08-08,4755.8149,4737.0927,4791.6592,4701.7856,4751.9408,3.8741,0.0815,104309253.0,95364149.202
000905.SH,2024-08-09,4720.3104,4778.2568,4805.0992,4720.3104,4755.8149,-35.5045,-0.7465,108819586.0,88057504.6822
000905.SH,2024-08-12,4714.1586,4716.9605,4737.1908,4696.0525,4720.3104,-6.1518,-0.1303,89100832.0,76375856.5801
000905.SH,2024-08-13,4731.8353,4713.9598,4731.8353,4680.5879,4714.1586,17.6767,0.375,81365173.0,71101413.4515
000905.SH,2024-08-14,4667.0731,4729.8146,4730.2369,4667.0731,4731.8353,-64.7622,-1.3686,74588030.0,68308163.8862
000905.SH,2024-08-15,4698.375,4656.695,4746.4095,4647.7947,4667.0731,31.3019,0.6707,90973293.0,83712897.6221
000905.SH,2024-08-16,4670.3789,4703.6042,4708.0187,4662.1132,4698.375,-27.9961,-0.5959,87379580.0,81927269.8128
000905.SH,2024-08-19,4682.9628,4666.3308,4729.8742,4666.2577,4670.3789,12.5839,0.2694,87136867.0,80742361.4261
000905.SH,2024-08-20,4602.0095,4684.2948,4686.3633,4590.3913,4682.9628,-80.9533,-1.7287,91846146.0,81351685.1849
000905.SH,2024-08-21,4587.1218,4589.0885,4610.8666,4582.2653,4602.0095,-14.8877,-0.3235,83526910.0,74809964.8191
000905.SH,2024-08-22,4533.3695,4589.4956,4595.0496,4526.2499,4587.1218,-53.7523,-1.1718,85856868.0,78202476.7188
000905.SH,2024-08-23,4537.0872,4523.9907,4549.3026,4513.2038,4533.3695,3.7177,0.082,75778364.0,71369991.6957
000905.SH,2024-08-26,4544.3594,4542.8564,4558.5917,4523.7274,4537.0872,7.2722,0.1603,87118296.0,84365247.7669
000905.SH,2024-08-27,4495.2856,4532.4861,4532.4861,4487.0915,4544.3594,-49.0738,-1.0799,82529205.0,78742868.6447
000905.SH,2024-08-28,4500.0088,4486.4311,4527.7686,4482.0324,4495.2856,4.7232,0.1051,82681199.0,74244549.2327
000905.SH,2024-08-29,4557.9006,4483.5534,4577.7919,4475.2228,4500.0088,57.8918,1.2865,103115562.0,96829969.8854
000905.SH,2024-08-30,4639.1144,4557.5014,4704.3407,4548.3827,4557.9006,81.2138,1.7818,151593361.0,144749168.2333
000905.SH,2024-09-02,4546.8832,4631.9003,4632.3107,4546.8393,4639.1144,-92.2312,-1.9881,126368517.0,115893027.8481
000905.SH,2024-09-03,4596.4819,4543.2198,4612.2826,4543.2198,4546.8832,49.5987,1.0908,98589686.0,92749159.6725
000905.SH,2024-09-04,4582.084,4567.6858,4623.3782,4552.3037,4596.4819,-14.3979,-0.3132,92435685.0,88646018.0954
000905.SH,2024-09-05,4601.0911,4585.1677,4630.6388,4582.0535,4582.084,19.0071,0.4148,80583723.0,80148632.7807
000905.SH,2024-09-06,4537.4544,4609.3419,4613.3097,4535.3486,4601.0911,-63.6367,-1.3831,90147596.0,80215749.1032
000905.SH,2024-09-09,4507.1866,4517.5658,4541.7935,4487.8427,4537.4544,-30.2678,-0.6671,91944608.0,81907584.8347
000905.SH,2024-09-10,4507.7074,4509.3236,4528.6691,4432.9128,4507.1866,0.5208,0.0116,98529542.0,87011759.8117
000905.SH,2024-09-11,4514.9158,4490.1867,4529.3452,4479.0306,4507.7074,7.2084,0.1599,85206842.0,81707868.0599
000905.SH,2024-09-12,4496.5919,4518.9882,4568.7462,4496.5919,4514.9158,-18.3239,-0.4059,86654304.0,80916511.3755
000905.SH,2024-09-13,4450.9587,4500.3949,4509.072,4450.9587,4496.5919,-45.6332,-1.0148,92533757.0,85710614.2599
000905.SH,2024-09-18,4462.8701,4450.089,4474.722,4397.161,4450.9587,11.9114,0.2676,90989683.0,79102523.6477
000905.SH,2024-09-19,4520.3939,4481.4635,4565.3899,4437.5363,4462.8701,57.5238,1.2889,115611868.0,105405904.2046
000905.SH,2024-09-20,4498.3901,4514.9598,4515.8064,4471.9438,4520.3939,-22.0038,-0.4868,94312044.0,89084435.7547
000905.SH,2024-09-23,4494.6878,4495.7805,4545.5411,4483.13,4498.3901,-3.7023,-0.0823,89935227.0,85104838.086
000905.SH,2024-09-24,4689.5964,4524.2214,4690.5736,4503.1245,4494.6878,194.9086,4.3364,177144703.0,159947071.6829
000905.SH,2024-09-25,4731.4755,4743.6343,4847.2034,4724.4301,4689.5964,41.8791,0.893,204593519.0,182209573.7513
000905.SH,2024-09-26,4938.1839,4725.996,4938.1839,4719.3492,4731.4755,206.7084,4.3688,229930323.0,196122560.3091
000905.SH,2024-09-27,5201.6656,5027.2644,5227.9577,5021.5148,4938.1839,263.4817,5.3356,230177508.0,232646658.0125
000905.SH,2024-09-30,5743.217,5449.7889,5757.9213,5387.338,5201.6656,541.5514,10.4111,388703200.0,418784669.5685
000905.SH,2024-10-08,6155.5817,6417.8142,6417.8142,5868.8525,5743.217,412.3647,7.18,493546420.0,579263323.6218
000905.SH,2024-10-09,5735.641,6013.7015,6088.0804,5704.4779,6155.5817,-419.9407,-6.8221,431156416.0,529447530.3637
000905.SH,2024-10-10,5690.8822,5768.6107,5875.9358,5597.4766,5735.641,-44.7588,-0.7804,353480245.0,390814224.053
000905.SH,2024-10-11,5470.8133,5650.0488,5652.852,5408.8696,5690.8822,-220.0689,-3.867,244383373.0,266749263.112
000905.SH,2024-10-14,5608.153,5503.6461,5623.9685,5408.3917,5470.8133,137.3397,2.5104,250608541.0,279231292.4886
000905.SH,2024-10-15,5472.56,5578.2611,5661.0749,5471.8807,5608.153,-135.593,-2.4178,238997019.0,276816614.6307
000905.SH,2024-10-16,5461.0877,5393.6657,5546.1764,5393.6657,5472.56,-11.4723,-0.2096,205450926.0,222425749.3194
000905.SH,2024-10-17,5418.9883,5499.7659,5541.0331,5417.881,5461.0877,-42.0994,-0.7709,202768685.0,234458932.4834
000905.SH,2024-10-18,5640.0198,5416.0319,5774.1408,5404.2035,5418.9883,221.0315,4.0788,287114219.0,352062136.7871
000905.SH,2024-10-21,5704.225,5680.5648,5797.8808,5631.2316,5640.0198,64.2052,1.1384,266885186.0,359965731.4396
000905.SH,2024-10-22,5753.8497,5703.3196,5779.2983,5673.7901,5704.225,49.6247,0.87,237023624.0,312584329.1198
000905.SH,2024-10-23,5776.383,5745.1069,5853.4555,5727.7736,5753.8497,22.5333,0.3916,273412640.0,336167749.4584
000905.SH,2024-10-24,5726.7041,5747.5577,5759.8651,5694.7789,5776.383,-49.6789,-0.86,207690046.0,257232250.8895
000905.SH,2024-10-25,5809.6879,5735.2853,5855.2647,5729.4384,5726.7041,82.9838,1.4491,236725708.0,299590180.5333
000905.SH,2024-10-28,5883.7203,5816.3296,5883.7203,5787.4843,5809.6879,74.0324,1.2743,270653787.0,312663682.6638
000905.SH,2024-10-29,5812.5286,5903.3065,5917.2149,5807.29,5883.7203,-71.1917,-1.21,275371143.0,332481504.8869
000905.SH,2024-10-30,5837.9338,5793.8326,5869.1113,5777.43,5812.5286,25.4052,0.4371,252021275.0,315956554.4962
000905.SH,2024-10-31,5901.2904,5839.9766,5935.1827,5812.0324,5837.9338,63.3566,1.0853,313549202.0,377454102.5847
000905.SH,2024-11-01,5831.8217,5893.3192,5934.2031,5795.0805,5901.2904,-69.4687,-1.1772,369840641.0,429257467.07
000905.SH,2024-11-04,5928.9085,5835.3918,5928.9085,5835.3918,5831.8217,97.0868,1.6648,286552294.0,342776867.7799
000905.SH,2024-11-05,6111.9707,5925.8652,6119.2536,5910.8887,5928.9085,183.0622,3.0876,366344492.0,441462863.2944
000905.SH,2024-11-06,6125.7868,6134.9236,6204.5331,6081.8065,6111.9707,13.8161,0.226,415187737.0,502324104.677
000905.SH,2024-11-07,6239.5598,6061.7349,6240.7574,6049.587,6125.7868,113.773,1.8573,418413323.0,465814955.8292
000905.SH,2024-11-08,6222.445,6306.7986,6333.6792,6206.2949,6239.5598,-17.1148,-0.2743,385648347.0,470080201.6089
000905.SH,2024-11-11,6330.6152,6211.0328,6330.8046,6199.0563,6222.445,108.1702,1.7384,334096921.0,453328339.5527
000905.SH,2024-11-12,6263.883,6349.2295,6382.9784,6205.0988,6330.6152,-66.7322,-1.0541,332856919.0,452685440.809
000905.SH,2024-11-13,6259.8412,6234.1577,6282.2777,6162.8979,6263.883,-4.0418,-0.0645,260400673.0,347812976.3268
000905.SH,2024-11-14,6078.3051,6240.6093,6240.6093,6068.6584,6259.8412,-181.5361,-2.9,239743138.0,317335892.1745
000905.SH,2024-11-15,5924.4834,6055.5354,6093.4226,5924.35,6078.3051,-153.8217,-2.5307,236226042.0,309679795.1808
000905.SH,2024-11-18,5833.0358,5940.4862,5977.4919,5799.9082,5924.4834,-91.4476,-1.5436,282527224.0,296423264.1344
000905.SH,2024-11-19,5936.6015,5836.6108,5936.9347,5776.2017,5833.0358,103.5657,1.7755,241404215.0,262477730.5997
000905.SH,2024-11-20,5992.3904,5920.3229,6015.2339,5909.106,5936.6015,55.7889,0.9397,217345224.0,261005441.61
000905.SH,2024-11-21,5985.3128,5973.1547,6009.6285,5937.8052,5992.3904,-7.0776,-0.1181,206198941.0,252722313.8951
000905.SH,2024-11-22,5750.2457,5969.0753,5983.3393,5750.2457,5985.3128,-235.0671,-3.9274,225066737.0,267675732.2924
000905.SH,2024-11-25,5735.6493,5754.5473,5774.8166,5662.0946,5750.2457,-14.5964,-0.2538,186005060.0,215261571.6711
000905.SH,2024-11-26,5690.4792,5727.3734,5773.3559,5688.5764,5735.6493,-45.1701,-0.7875,147562865.0,170186745.3188
000905.SH,2024-11-27,5804.9368,5669.5549,5805.635,5603.9955,5690.4792,114.4576,2.0114,175313302.0,204528721.5805
000905.SH,2024-11-28,5757.5965,5802.797,5826.4882,5749.2874,5804.9368,-47.3403,-0.8155,172183537.0,204358289.2111
000905.SH,2024-11-29,5851.9385,5748.1665,5899.873,5736.4093,5757.5965,94.342,1.6386,204255544.0,243571196.9437
000905.SH,2024-12-02,5943.6245,5853.7053,5956.5981,5848.4235,5851.9385,91.686,1.5668,236181308.0,257212815.5251
000905.SH,2024-12-03,5932.1207,5946.7352,5954.6607,5877.8012,5943.6245,-11.5038,-0.1935,209870509.0,229346951.9267
000905.SH,2024-12-04,5879.2695,5929.4763,5940.8545,5850.9094,5932.1207,-52.8512,-0.8909,215991634.0,234212942.7589
000905.SH,2024-12-05,5901.9859,5855.7419,5923.6243,5853.527,5879.2695,22.7164,0.3864,198542236.0,212251881.677
000905.SH,2024-12-06,5979.197,5903.4988,6011.7691,5877.0434,5901.9859,77.2111,1.3082,265329536.0,255600553.0683
000905.SH,2024-12-09,5947.1089,5983.3343,6004.2343,5911.3619,5979.197,-32.0881,-0.5367,284462209.0,237294662.3915
000905.SH,2024-12-10,5992.0937,6132.291,6141.0655,5982.5833,5947.1089,44.9848,0.7564,320527823.0,324711288.4313
000905.SH,2024-12-11,6047.105,5973.326,6051.4718,5972.2696,5992.0937,55.0113,0.9181,253883941.0,250011474.4891
000905.SH,2024-12-12,6100.3945,6048.7814,6107.7146,6023.2343,6047.105,53.2895,0.8812,243653690.0,258380795.5708
000905.SH,2024-12-13,5988.292,6065.9542,6065.9542,5988.292,6100.3945,-112.1025,-1.8376,286328198.0,307316221.178
000905.SH,2024-12-16,5912.6014,5983.1598,5991.5772,5888.0426,5988.292,-75.6906,-1.264,214647441.0,241790858.8772
000905.SH,2024-12-17,5848.1628,5896.9676,5924.6244,5837.2514,5912.6014,-64.4386,-1.0899,193108547.0,204630242.3377
000905.SH,2024-12-18,5888.6162,5861.2624,5921.9798,5853.1628,5848.1628,40.4534,0.6917,187996290.0,193282038.369
000905.SH,2024-12-19,5901.9155,5829.2631,5918.4895,5816.4729,5888.6162,13.2993,0.2258,196531194.0,211287492.2644
000905.SH,2024-12-20,5917.1751,5889.946,5962.4154,5889.946,5901.9155,15.2596,0.2586,178090399.0,221132517.2656
000905.SH,2024-12-23,5818.551,5917.6939,5935.1523,5815.3415,5917.1751,-98.6241,-1.6667,177315486.0,217347047.1875
000905.SH,2024-12-24,5895.2595,5827.1597,5897.1946,5827.1597,5818.551,76.7085,1.3183,167365824.0,196112525.3457
000905.SH,2024-12-25,5840.2889,5896.4295,5897.5101,5796.6475,5895.2595,-54.9706,-0.9325,157279132.0,191269446.3683
000905.SH,2024-12-26,5887.0605,5830.7212,5897.4827,5830.7212,5840.2889,46.7716,0.8008,145319444.0,201723277.5822
000905.SH,2024-12-27,5899.1665,5892.6943,5975.7919,5881.7173,5887.0605,12.106,0.2056,179085498.0,236680633.7357
000905.SH,2024-12-30,5898.884,5890.4633,5928.5718,5867.8538,5899.1665,-0.2825,-0.0048,155565586.0,196182578.9703
000905.SH,2024-12-31,5725.7324,5902.033,5905.463,5725.7324,5898.884,-173.1516,-2.9353,182158855.0,217194009.0788
000905.SH,2025-01-02,5545.8174,5717.9157,5722.1107,5498.8216,5725.7324,-179.915,-3.1422,193763157.0,220078999.057
000905.SH,2025-01-03,5427.8041,5552.75,5581.3978,5419.7429,5545.8174,-118.0133,-2.128,174077310.0,187233075.2709
000905.SH,2025-01-06,5427.1007,5421.0653,5482.6253,5384.3326,5427.8041,-0.7034,-0.013,146265658.0,156743673.3761
000905.SH,2025-01-07,5484.6847,5429.1729,5485.5848,5405.1327,5427.1007,57.584,1.061,145065278.0,159836326.8782
000905.SH,2025-01-08,5461.5861,5462.324,5501.6555,5326.9259,5484.6847,-23.0986,-0.4211,163849915.0,181141237.0759
000905.SH,2025-01-09,5456.5863,5437.8128,5493.6799,5436.7036,5461.5861,-4.9998,-0.0915,129832627.0,156798867.8206
000905.SH,2025-01-10,5369.2811,5449.0014,5496.3833,5369.2811,5456.5863,-87.3052,-1.6,130179553.0,159984103.6332
000905.SH,2025-01-13,5381.6974,5319.7013,5422.0115,5319.2741,5369.2811,12.4163,0.2312,119682937.0,139406540.969
000905.SH,2025-01-14,5572.2722,5393.763,5582.835,5378.5875,5381.6974,190.5748,3.5412,172142860.0,208083727.9362
000905.SH,2025-01-15,5522.459,5559.5785,5569.1895,5509.5757,5572.2722,-49.8132,-0.8939,138393243.0,169060453.0134
000905.SH,2025-01-16,5545.6336,5546.6997,5633.8547,5508.9146,5522.459,23.1746,0.4196,149318085.0,182995873.6317
000905.SH,2025-01-17,5587.2939,5524.205,5621.9367,5519.4109,5545.6336,41.6603,0.7512,126691174.0,164437435.7272
000905.SH,2025-01-20,5614.3311,5621.9247,5665.183,5598.1584,5587.2939,27.0372,0.4839,135712507.0,173426107.6324
000905.SH,2025-01-21,5633.9249,5639.6037,5642.9168,5573.5002,5614.3311,19.5938,0.349,126491300.0,170909135.2028
000905.SH,2025-01-22,5607.0594,5606.8472,5618.581,5567.7793,5633.9249,-26.8655,-0.4769,115374996.0,158106585.5486
000905.SH,2025-01-23,5584.2548,5659.3685,5717.6887,5584.2548,5607.0594,-22.8046,-0.4067,163419987.0,203633761.2492
000905.SH,2025-01-24,5649.9504,5570.48,5660.4337,5570.48,5584.2548,65.6956,1.1764,139438058.0,180858845.316
000905.SH,2025-01-27,5589.3432,5660.4848,5676.0261,5589.3432,5649.9504,-60.6072,-1.0727,136546056.0,163085841.5477
000905.SH,2025-02-05,5614.3872,5643.1747,5646.0366,5588.5558,5589.3432,25.044,0.4481,155674141.0,214999512.2448
000905.SH,2025-02-06,5747.9012,5606.8707,5749.0232,5597.3246,5614.3872,133.514,2.3781,181428193.0,257122087.0396
000905.SH,2025-02-07,5833.9883,5750.2887,5889.4279,5741.7326,5747.9012,86.0871,1.4977,232718863.0,327949184.7905
000905.SH,2025-02-10,5888.5509,5858.2425,5895.4055,5836.1713,5833.9883,54.5626,0.9353,209300905.0,286253277.5305
000905.SH,2025-02-11,5858.2805,5890.3732,5890.3732,5827.3777,5888.5509,-30.2704,-0.5141,181920508.0,260281069.6405
000905.SH,2025-02-12,5940.5299,5841.3618,5940.5374,5841.3188,5858.2805,82.2494,1.404,195446155.0,285438865.8789
000905.SH,2025-02-13,5898.2611,5938.2034,5957.5798,5889.6952,5940.5299,-42.2688,-0.7115,228281839.0,313080162.9062
000905.SH,2025-02-14,5947.796,5893.9342,5954.477,5886.9501,5898.2611,49.5349,0.8398,211914261.0,306627494.2641
000905.SH,2025-02-17,5948.7197,5979.8446,5985.3644,5906.2661,5947.796,0.9237,0.0155,233901689.0,356940293.7238
000905.SH,2025-02-18,5840.7112,5935.4993,5947.9342,5816.0511,5948.7197,-108.0085,-1.8157,214941482.0,306905660.9288
000905.SH,2025-02-19,5943.8823,5834.9547,5945.3461,5831.4815,5840.7112,103.1711,1.7664,205298305.0,313960331.5765
000905.SH,2025-02-20,5957.5465,5941.599,5977.7301,5920.5681,5943.8823,13.6642,0.2299,198207411.0,305885399.073
000905.SH,2025-02-21,6057.0648,5969.6462,6061.824,5943.1948,5957.5465,99.5183,1.6705,252317128.0,396960769.3537
000905.SH,2025-02-24,6044.973,6057.3801,6079.0169,6007.1786,6057.0648,-12.0918,-0.1996,243813798.0,382362648.2706
000905.SH,2025-02-25,5979.9653,5967.0367,6044.7559,5956.1761,6044.973,-65.0077,-1.0754,206833953.0,340316449.158
000905.SH,2025-02-26,6051.7401,5990.2901,6055.8727,5973.8574,5979.9653,71.7748,1.2003,210860898.0,327265336.672
000905.SH,2025-02-27,6028.9856,6050.1864,6064.491,5940.3354,6051.7401,-22.7545,-0.376,216652930.0,328254761.4427
000905.SH,2025-02-28,5859.8708,5997.9175,6007.4724,5847.1512,6028.9856,-169.1148,-2.805,205223814.0,298290643.7291
000905.SH,2025-03-03,5885.7696,5875.9522,5964.2684,5851.56,5859.8708,25.8988,0.442,185024581.0,266955659.8758
000905.SH,2025-03-04,5937.6302,5845.4712,5943.0837,5843.4633,5885.7696,51.8606,0.8811,153922211.0,231145314.8045
000905.SH,2025-03-05,5950.7034,5937.1074,5955.8988,5892.5332,5937.6302,13.0732,0.2202,163071500.0,241738025.0927
000905.SH,2025-03-06,6047.7734,5980.3798,6062.5412,5972.6039,5950.7034,97.07,1.6312,213042852.0,320542701.8635
000905.SH,2025-03-07,6013.7747,6029.3813,6067.3481,5989.3206,6047.7734,-33.9987,-0.5622,207437149.0,301122130.0593
000905.SH,2025-03-10,6013.6191,6022.6814,6041.5219,5971.8131,6013.7747,-0.1556,-0.0026,173044336.0,248513462.2994
000905.SH,2025-03-11,6044.9742,5944.4197,6044.9742,5942.9124,6013.6191,31.3551,0.5214,173855643.0,245205106.2193
000905.SH,2025-03-12,6040.4965,6068.3762,6098.2352,6038.8221,6044.9742,-4.4777,-0.0741,184763537.0,267906301.2066
000905.SH,2025-03-13,5993.967,6032.8545,6050.1782,5947.7816,6040.4965,-46.5295,-0.7703,193710717.0,253622427.4364
000905.SH,2025-03-14,6099.9809,5993.9702,6099.9809,5978.5321,5993.967,106.0139,1.7687,219245834.0,289038080.526
000905.SH,2025-03-17,6108.0176,6119.6064,6129.8543,6098.5079,6099.9809,8.0367,0.1317,184317273.0,250160671.1079
000905.SH,2025-03-18,6133.3018,6126.0357,6161.2281,6114.2064,6108.0176,25.2842,0.414,166023043.0,236342189.3942
000905.SH,2025-03-19,6101.4369,6117.4233,6128.2297,6076.5643,6133.3018,-31.8649,-0.5195,153893780.0,218871992.193
000905.SH,2025-03-20,6059.4859,6094.8426,6109.1829,6055.3811,6101.4369,-41.951,-0.6876,147187865.0,203849586.1959
000905.SH,2025-03-21,5971.9302,6038.9899,6071.0846,5951.7952,6059.4859,-87.5557,-1.4449,174103785.0,225801003.4147
000905.SH,2025-03-24,5969.0789,5973.0466,5987.0606,5882.878,5971.9302,-2.8513,-0.0477,169192435.0,220094329.2556
000905.SH,2025-03-25,5946.951,5969.4164,5993.9312,5929.6734,5969.0789,-22.1279,-0.3707,147483948.0,192227014.821
000905.SH,2025-03-26,5948.4986,5935.8537,5983.4739,5935.8537,5946.951,1.5476,0.026,136702111.0,171695842.0165
000905.SH,2025-03-27,5957.6017,5932.5165,6000.6615,5891.7664,5948.4986,9.1031,0.153,134708904.0,176590477.346
000905.SH,2025-03-28,5916.0314,5954.7297,5973.8015,5904.9159,5957.6017,-41.5703,-0.6978,134261927.0,168899478.6193
000905.SH,2025-03-31,5857.7721,5886.956,5908.3026,5802.4187,5916.0314,-58.2593,-0.9848,154256090.0,189563392.1812
000905.SH,2025-04-01,5892.8502,5870.9424,5931.5038,5867.848,5857.7721,35.0781,0.5988,136448602.0,179327950.5249
000905.SH,2025-04-02,5899.0865,5884.8925,5936.6467,5884.1126,5892.8502,6.2363,0.1058,112159960.0,140642079.4513
000905.SH,2025-04-03,5845.5045,5842.6167,5906.7057,5817.9662,5899.0865,-53.582,-0.9083,134938625.0,173662140.1918
000905.SH,2025-04-07,5287.0333,5523.9636,5587.8502,5212.6773,5845.5045,-558.4712,-9.5539,236522656.0,267397400.6094
000905.SH,2025-04-08,5326.914,5279.7566,5371.1834,5249.2318,5287.0333,39.8807,0.7543,223840665.0,261875349.4004
000905.SH,2025-04-09,5439.7716,5249.6841,5465.1449,5135.9655,5326.914,112.8576,2.1186,245118027.0,288257435.8039
000905.SH,2025-04-10,5544.0646,5534.559,5610.1895,5513.9544,5439.7716,104.293,1.9172,211963035.0,268666431.2765
000905.SH,2025-04-11,5581.3184,5514.188,5631.5954,5510.8949,5544.0646,37.2538,0.672,164411663.0,227659789.6958
000905.SH,2025-04-14,5627.1375,5633.7792,5661.8049,5608.7297,5581.3184,45.8191,0.8209,155487077.0,207470466.6905
000905.SH,2025-04-15,5602.534,5625.0005,5626.677,5567.0271,5627.1375,-24.6035,-0.4372,123273708.0,161900884.8125
000905.SH,2025-04-16,5556.8642,5589.7769,5592.6741,5492.6546,5602.534,-45.6698,-0.8152,132537224.0,163751037.6499
000905.SH,2025-04-17,5557.0105,5527.5905,5604.6198,5526.8881,5556.8642,0.1463,0.0026,113652382.0,148283242.2434
000905.SH,2025-04-18,5560.7207,5546.9666,5579.4791,5525.4046,5557.0105,3.7102,0.0668,111644258.0,139804146.8119
000905.SH,2025-04-21,5642.3805,5556.5126,5646.2179,5535.6994,5560.7207,81.6598,1.4685,123111883.0,160264813.2339
000905.SH,2025-04-22,5624.209,5634.8936,5651.5541,5617.8786,5642.3805,-18.1715,-0.3221,124666689.0,164464321.3265
000905.SH,2025-04-23,5634.9487,5647.9148,5670.2595,5614.7677,5624.209,10.7397,0.191,127007764.0,177991292.7652
000905.SH,2025-04-24,5605.8796,5633.024,5651.5343,5583.4302,5634.9487,-29.0691,-0.5159,122696696.0,157899194.3406
000905.SH,2025-04-25,5627.1804,5613.1407,5661.5869,5596.5266,5605.8796,21.3008,0.38,140000800.0,171933817.2734
000905.SH,2025-04-28,5598.2951,5624.4166,5628.0778,5587.7857,5627.1804,-28.8853,-0.5133,136218094.0,167616287.0773
000905.SH,2025-04-29,5604.9057,5583.7186,5622.022,5571.2363,5598.2951,6.6106,0.1181,126742927.0,158033003.9398
000905.SH,2025-04-30,5631.8249,5604.6537,5647.7821,5603.1718,5604.9057,26.9192,0.4803,138386621.0,181616584.5225
000905.SH,2025-05-06,5740.3338,5668.8762,5740.3338,5666.4698,5631.8249,108.5089,1.9267,162773606.0,217059975.7853
000905.SH,2025-05-07,5750.2911,5805.656,5819.2422,5713.2734,5740.3338,9.9573,0.1735,171011757.0,227566204.8181
000905.SH,2025-05-08,5773.8056,5731.7157,5783.7915,5724.9511,5750.2911,23.5145,0.4089,136140322.0,187032631.4588
000905.SH,2025-05-09,5721.7225,5770.441,5770.441,5705.1654,5773.8056,-52.0831,-0.9021,123939007.0,178162276.6795
000905.SH,2025-05-12,5793.6743,5751.4372,5794.5161,5737.4622,5721.7225,71.9518,1.2575,135824367.0,199426833.7212
000905.SH,2025-05-13,5781.6683,5838.0341,5838.0341,5772.0723,5793.6743,-12.006,-0.2072,138271081.0,194252270.5267
000905.SH,2025-05-14,5799.1191,5778.0791,5835.4912,5750.5367,5781.6683,17.4508,0.3018,156279994.0,188145126.8403
000905.SH,2025-05-15,5715.2966,5786.7833,5786.7833,5715.2938,5799.1191,-83.8225,-1.4454,135160768.0,165136693.9639
000905.SH,2025-05-16,5715.8491,5703.7354,5735.0121,5703.7354,5715.2966,0.5525,0.0097,116709136.0,141882122.8955
000905.SH,2025-05-19,5720.7949,5719.4381,5729.0703,5669.7208,5715.8491,4.9458,0.0865,115384939.0,141098692.0091
000905.SH,2025-05-20,5747.367,5723.5055,5759.4582,5707.8101,5720.7949,26.5721,0.4645,116896615.0,151751185.8536
000905.SH,2025-05-21,5757.9225,5741.6885,5763.0788,5733.8275,5747.367,10.5555,0.1837,115804542.0,155147378.0064
000905.SH,2025-05-22,5703.2797,5739.1909,5757.7946,5701.1614,5757.9225,-54.6428,-0.949,109057720.0,141620883.8243
000905.SH,2025-05-23,5653.0436,5697.1362,5738.0829,5653.0436,5703.2797,-50.2361,-0.8808,114361198.0,148123602.8709
000905.SH,2025-05-26,5669.4609,5653.2063,5693.625,5644.5794,5653.0436,16.4173,0.2904,97170989.0,127343603.4938
000905.SH,2025-05-27,5652.1454,5666.3027,5667.871,5629.1343,5669.4609,-17.3155,-0.3054,95149363.0,125275690.0022
000905.SH,2025-05-28,5637.2378,5651.8755,5660.4696,5628.4165,5652.1454,-14.9076,-0.2638,94908883.0,119959827.369
000905.SH,2025-05-29,5719.9101,5637.0633,5724.5185,5637.0633,5637.2378,82.6723,1.4665,114682484.0,148095092.9662
000905.SH,2025-05-30,5671.0723,5704.771,5704.771,5665.5177,5719.9101,-48.8378,-0.8538,109900707.0,137670579.2539
000905.SH,2025-06-03,5694.8385,5653.6747,5710.4203,5653.2978,5671.0723,23.7662,0.4191,122853903.0,159996843.5001
000905.SH,2025-06-04,5739.0058,5696.5692,5744.4543,5696.5692,5694.8385,44.1673,0.7756,116196077.0,150314940.3981
000905.SH,2025-06-05,5769.9675,5741.0298,5778.0959,5719.5466,5739.0058,30.9617,0.5395,125223584.0,174970104.1562
000905.SH,2025-06-06,5762.0778,5768.3989,5771.7558,5750.6592,5769.9675,-7.8897,-0.1367,108217660.0,148022372.1051
000905.SH,2025-06-09,5805.6543,5772.7792,5823.899,5765.3547,5762.0778,43.5765,0.7563,128188619.0,171482411.2259
000905.SH,2025-06-10,5757.9921,5809.8283,5810.9224,5715.9712,5805.6543,-47.6622,-0.821,138269181.0,182980299.9921
000905.SH,2025-06-11,5792.9464,5758.5287,5818.5734,5758.5287,5757.9921,34.9543,0.6071,123716707.0,161353672.422
000905.SH,2025-06-12,5799.9319,5780.967,5808.8047,5766.5212,5792.9464,6.9855,0.1206,125615846.0,165393538.3631
000905.SH,2025-06-13,5740.2397,5783.156,5794.6698,5728.2114,5799.9319,-59.6922,-1.0292,167613374.0,216010351.5629
000905.SH,2025-06-16,5767.8083,5725.0029,5775.9487,5725.0029,5740.2397,27.5686,0.4803,128242658.0,170989175.8291
000905.SH,2025-06-17,5750.9122,5772.296,5776.6325,5734.829,5767.8083,-16.8961,-0.2929,121526624.0,160121673.8817
000905.SH,2025-06-18,5745.8714,5740.1556,5753.7124,5709.8031,5750.9122,-5.0408,-0.0877,112703844.0,154540142.7826
000905.SH,2025-06-19,5676.8317,5733.8068,5750.4643,5660.0504,5745.8714,-69.0397,-1.2016,125531134.0,162657974.7882
000905.SH,2025-06-20,5639.513,5669.0901,5688.7362,5636.7846,5676.8317,-37.3187,-0.6574,101794766.0,135042595.0059
000905.SH,2025-06-23,5674.1704,5613.2813,5684.3973,5613.2813,5639.513,34.6574,0.6145,111601802.0,146034994.4349
000905.SH,2025-06-24,5765.8373,5683.4622,5766.0189,5683.4622,5674.1704,91.6669,1.6155,142082256.0,191935453.6046
000905.SH,2025-06-25,5862.5529,5777.7404,5866.5246,5776.1237,5765.8373,96.7156,1.6774,184632310.0,239260448.5275
000905.SH,2025-06-26,5838.2454,5868.2924,5885.2508,5835.3395,5862.5529,-24.3075,-0.4146,180164163.0,235223723.2018
000905.SH,2025-06-27,5863.7282,5850.4252,5905.6962,5839.5775,5838.2454,25.4828,0.4365,199389725.0,243302989.2997
000905.SH,2025-06-30,5915.3876,5877.6748,5918.3068,5872.2251,5863.7282,51.6594,0.881,166275147.0,226516690.5634
000905.SH,2025-07-01,5934.67,5915.8043,5936.9237,5890.114,5915.3876,19.2824,0.326,154192365.0,213595657.4334
000905.SH,2025-07-02,5892.9505,5922.5407,5922.5407,5873.8918,5934.67,-41.7195,-0.703,162500485.0,194981070.9072
000905.SH,2025-07-03,5922.66,5896.2403,5929.7268,5885.943,5892.9505,29.7095,0.5042,130070046.0,174689067.3939
000905.SH,2025-07-04,5911.4352,5917.753,5969.3028,5889.7303,5922.66,-11.2248,-0.1895,164941060.0,211373135.6862
000905.SH,2025-07-07,5900.4056,5901.4018,5910.8036,5889.6023,5911.4352,-11.0296,-0.1866,137207362.0,165759099.3358
000905.SH,2025-07-08,5977.7437,5903.1017,5979.6273,5903.1017,5900.4056,77.3381,1.3107,168681142.0,216966438.8978
000905.SH,2025-07-09,5953.4871,5980.6451,5992.1349,5940.1761,5977.7437,-24.2566,-0.4058,164914402.0,207864435.8428
000905.SH,2025-07-10,5983.0505,5950.9657,6000.6858,5942.2901,5953.4871,29.5634,0.4966,176242607.0,207636636.9852
000905.SH,2025-07-11,6027.0789,5985.8236,6057.6225,5963.2571,5983.0505,44.0284,0.7359,222363098.0,263484519.3942
000905.SH,2025-07-14,6020.8585,6033.1782,6042.8856,6011.6872,6027.0789,-6.2204,-0.1032,189277444.0,226290847.208
000905.SH,2025-07-15,6018.7583,6018.6274,6049.7867,5973.7969,6020.8585,-2.1002,-0.0349,189736234.0,246076758.437
000905.SH,2025-07-16,6017.1947,6019.5765,6061.199,5997.1633,6018.7583,-1.5636,-0.026,148610062.0,213065134.8524
000905.SH,2025-07-17,6082.4644,6013.7141,6082.4644,6013.0436,6017.1947,65.2697,1.0847,149692658.0,235042939.349
000905.SH,2025-07-18,6099.6104,6092.2296,6112.1098,6073.6384,6082.4644,17.146,0.2819,153152204.0,236482711.042
000905.SH,2025-07-21,6161.3086,6115.0255,6162.4401,6110.988,6099.6104,61.6982,1.0115,207350507.0,272008062.6809
000905.SH,2025-07-22,6213.4072,6166.6164,6215.4058,6152.8142,6161.3086,52.0986,0.8456,246211642.0,313661670.8741
000905.SH,2025-07-23,6196.7577,6218.2069,6256.1516,6187.0121,6213.4072,-16.6495,-0.268,258377896.0,311060238.982
000905.SH,2025-07-24,6293.5984,6197.8532,6293.5984,6197.8532,6196.7577,96.8407,1.5628,268355564.0,320187942.6456
000905.SH,2025-07-25,6299.5908,6297.6255,6311.1687,6276.4156,6293.5984,5.9924,0.0952,237055328.0,304368073.0444
000905.SH,2025-07-28,6323.4198,6305.2247,6329.0304,6271.93,6299.5908,23.829,0.3783,214448267.0,305210098.0113
000905.SH,2025-07-29,6356.1327,6308.1228,6356.1497,6272.3139,6323.4198,32.7129,0.5173,201757629.0,292526917.5956
000905.SH,2025-07-30,6314.6873,6345.3737,6368.2693,6269.5128,6356.1327,-41.4454,-0.6521,212128411.0,304778465.2916
000905.SH,2025-07-31,6226.3432,6297.9122,6322.0651,6206.1902,6314.6873,-88.3441,-1.399,224214237.0,322273638.1019
000905.SH,2025-08-01,6213.2014,6221.0505,6253.6575,6177.4781,6226.3432,-13.1418,-0.2111,165907191.0,254479551.5907
000905.SH,2025-08-04,6261.7313,6190.3443,6261.9617,6187.6219,6213.2014,48.5299,0.7811,148591480.0,236649250.1576
000905.SH,2025-08-05,6303.2359,6277.0114,6303.2359,6272.5062,6261.7313,41.5046,0.6628,154206665.0,235654712.1499
000905.SH,2025-08-06,6357.3769,6298.9291,6357.5899,6293.2247,6303.2359,54.141,0.8589,166027638.0,263770937.8904
000905.SH,2025-08-07,6337.5425,6356.3322,6366.2138,6299.4929,6357.3769,-19.8344,-0.312,170446400.0,274900586.3793
000905.SH,2025-08-08,6323.4999,6324.1746,6351.3348,6308.1478,6337.5425,-14.0426,-0.2216,172507526.0,259175300.0683
000905.SH,2025-08-11,6391.7595,6335.4267,6404.8331,6335.4267,6323.4999,68.2596,1.0795,174909199.0,277034087.552
000905.SH,2025-08-12,6418.1595,6392.4021,6418.1595,6360.1093,6391.7595,26.4,0.413,168351918.0,290495345.6452
000905.SH,2025-08-13,6508.0978,6422.7889,6514.4558,6422.2147,6418.1595,89.9383,1.4013,216022423.0,353506820.8183
000905.SH,2025-08-14,6429.8462,6509.2085,6519.7938,6411.9209,6508.0978,-78.2516,-1.2024,228953168.0,367959844.6039
000905.SH,2025-08-15,6568.57,6417.3889,6570.4994,6417.3889,6429.8462,138.7238,2.1575,245217240.0,381378599.7374
000905.SH,2025-08-18,6668.1726,6612.9878,6709.7812,6580.4373,6568.57,99.6026,1.5164,302448229.0,491491240.8683
000905.SH,2025-08-19,6655.3105,6663.157,6707.1139,6631.1193,6668.1726,-12.8621,-0.1929,252839276.0,444629213.6125
000905.SH,2025-08-20,6728.0692,6623.6138,6728.0692,6598.5506,6655.3105,72.7587,1.0932,244233907.0,409671381.116
000905.SH,2025-08-21,6704.1657,6739.6899,6767.3225,6673.0608,6728.0692,-23.9035,-0.3553,242540164.0,404122614.4028
000905.SH,2025-08-22,6822.8469,6704.0297,6823.3626,6704.0297,6704.1657,118.6812,1.7703,256783820.0,446681185.8685
000905.SH,2025-08-25,6951.8955,6886.2682,6967.7963,6863.9322,6822.8469,129.0486,1.8914,333828945.0,574922701.2365
000905.SH,2025-08-26,6964.0653,6928.2862,7008.9627,6910.4055,6951.8955,12.1698,0.1751,281532382.0,490812217.4406
000905.SH,2025-08-27,6862.5624,6964.7697,7074.6302,6862.5624,6964.0653,-101.5029,-1.4575,328060183.0,583863938.867
000905.SH,2025-08-28,7011.1602,6858.5028,7011.1602,6798.9335,6862.5624,148.5978,2.1653,308061786.0,563651749.0908
000905.SH,2025-08-29,7043.9416,7030.2741,7078.923,6990.7532,7011.1602,32.7814,0.4676,280915814.0,523041433.9849
000905.SH,2025-09-01,7110.2882,7087.7337,7110.687,7038.3444,7043.9416,66.3466,0.9419,285908311.0,536161179.9314
000905.SH,2025-09-02,6961.6894,7108.9446,7108.9446,6909.7234,7110.2882,-148.5988,-2.0899,294036539.0,541493734.5293
000905.SH,2025-09-03,6868.4615,6988.0205,7003.2681,6846.1814,6961.6894,-93.2279,-1.3392,259083266.0,449579909.5587
000905.SH,2025-09-04,6698.4474,6884.3577,6906.6919,6607.9849,6868.4615,-170.0141,-2.4753,270341894.0,471991424.482
000905.SH,2025-09-05,6913.9532,6709.145,6919.336,6678.5997,6698.4474,215.5058,3.2173,240857457.0,431958521.6995
000905.SH,2025-09-08,6992.1169,6927.4071,6995.7178,6896.6601,6913.9532,78.1637,1.1305,244174304.0,455360584.1139
000905.SH,2025-09-09,6928.9651,6959.9373,6999.7308,6895.5091,6992.1169,-63.1518,-0.9032,225843557.0,394761613.1862
000905.SH,2025-09-10,6932.1092,6911.1119,6977.7671,6870.4039,6928.9651,3.1441,0.0454,189922867.0,359667340.648
000905.SH,2025-09-11,7122.7051,6924.3036,7123.0523,6889.5863,6932.1092,190.5959,2.7495,243951061.0,469498304.0027
000905.SH,2025-09-12,7147.7489,7115.6102,7200.1556,7112.4216,7122.7051,25.0438,0.3516,266567508.0,499359865.6902
000905.SH,2025-09-15,7137.3627,7170.4123,7174.8905,7126.8293,7147.7489,-10.3862,-0.1453,238265724.0,441828732.8161
000905.SH,2025-09-16,7190.9928,7152.1887,7195.4246,7080.427,7137.3627,53.6301,0.7514,242349183.0,435210189.3935
000905.SH,2025-09-17,7260.0353,7184.2638,7265.3931,7159.6665,7190.9928,69.0425,0.9601,258264449.0,445549244.6768
000905.SH,2025-09-18,7199.8828,7248.2786,7350.9772,7115.6308,7260.0353,-60.1525,-0.8285,348589541.0,604238742.3668
000905.SH,2025-09-19,7170.3488,7200.692,7231.9992,7142.061,7199.8828,-29.534,-0.4102,271507193.0,450654116.2746
000905.SH,2025-09-22,7225.1281,7182.8876,7225.8581,7143.0754,7170.3488,54.7793,0.764,231858069.0,421916002.3888
000905.SH,2025-09-23,7180.7137,7240.8466,7250.8156,7045.5606,7225.1281,-44.4144,-0.6147,281283634.0,495068970.6759
000905.SH,2025-09-24,7323.7093,7140.3128,7327.0207,7133.4321,7180.7137,142.9956,1.9914,240064938.0,477262274.2804
000905.SH,2025-09-25,7341.3238,7325.6602,7379.6109,7312.3508,7323.7093,17.6145,0.2405,236175030.0,493046787.2198
000905.SH,2025-09-26,7240.9114,7311.8433,7351.7931,7237.0459,7341.3238,-100.4124,-1.3678,211444148.0,430197601.817
000905.SH,2025-09-29,7350.5599,7251.5221,7377.2217,7216.7357,7240.9114,109.6485,1.5143,233539418.0,433864489.6945
000905.SH,2025-09-30,7412.3684,7372.524,7428.0307,7372.0634,7350.5599,61.8085,0.8409,220707502.0,444956374.5941
000905.SH,2025-10-09,7548.9226,7470.0474,7559.092,7437.3242,7412.3684,136.5542,1.8422,283130784.0,535756806.8318
000905.SH,2025-10-10,7398.2241,7499.3917,7509.1161,7373.9841,7548.9226,-150.6985,-1.9963,262256646.0,502127435.1375
000905.SH,2025-10-13,7376.5636,7135.104,7391.8246,7135.104,7398.2241,-21.6605,-0.2928,258027817.0,473285532.8188
000905.SH,2025-10-14,7194.8509,7434.1149,7459.0156,7166.0822,7376.5636,-181.7127,-2.4634,277358873.0,505838515.4426
000905.SH,2025-10-15,7294.0014,7205.7367,7294.0014,7153.4185,7194.8509,99.1505,1.3781,217559777.0,397458970.8018
000905.SH,2025-10-16,7231.5336,7269.2587,7305.9472,7206.4433,7294.0014,-62.4678,-0.8564,194936370.0,359837530.0258
000905.SH,2025-10-17,7016.0661,7226.4214,7254.5786,7009.8906,7231.5336,-215.4675,-2.9796,200044113.0,348113892.8172
000905.SH,2025-10-20,7069.6412,7092.8836,7129.9939,7033.3835,7016.0661,53.5751,0.7636,176834192.0,314675076.9016
000905.SH,2025-10-21,7185.624,7095.6159,7193.73,7082.2995,7069.6412,115.9828,1.6406,205973829.0,344991294.9926
000905.SH,2025-10-22,7128.4776,7135.2084,7166.5571,7101.8265,7185.624,-57.1464,-0.7953,169743254.0,286200266.6922
000905.SH,2025-10-23,7142.9536,7108.8545,7153.6555,7022.2945,7128.4776,14.476,0.2031,188933732.0,286304409.8564
000905.SH,2025-10-24,7258.5343,7175.9233,7258.5343,7174.351,7142.9536,115.5807,1.6181,195323933.0,366061817.4717
000905.SH,2025-10-27,7379.3941,7336.2041,7391.2121,7302.0165,7258.5343,120.8598,1.6651,232051821.0,471762068.0461
000905.SH,2025-10-28,7341.0304,7344.4539,7404.756,7308.2722,7379.3941,-38.3637,-0.5199,202118463.0,422068633.8845
000905.SH,2025-10-29,7480.9666,7350.7566,7480.9666,7350.7566,7341.0304,139.9362,1.9062,223844133.0,443141380.2504
000905.SH,2025-10-30,7385.7109,7462.4326,7463.6529,7375.2391,7480.9666,-95.2557,-1.2733,243412036.0,473832269.8283
000905.SH,2025-10-31,7331.0031,7385.7423,7430.8564,7331.0031,7385.7109,-54.7078,-0.7407,232041676.0,434918176.6546
000905.SH,2025-11-03,7333.6013,7327.12,7336.5108,7214.8331,7331.0031,2.5982,0.0354,221687060.0,390397102.1658
000905.SH,2025-11-04,7210.8253,7315.1888,7323.7044,7167.3474,7333.6013,-122.776,-1.6742,193325842.0,326392392.6884
000905.SH,2025-11-05,7229.341,7098.9557,7257.84,7098.9557,7210.8253,18.5157,0.2568,195580243.0,311844646.1473
000905.SH,2025-11-06,7345.723,7243.1959,7352.1766,7243.1959,7229.341,116.382,1.6099,201722967.0,352809569.4302
000905.SH,2025-11-07,7327.9108,7307.2959,7371.4378,7285.8192,7345.723,-17.8122,-0.2425,192920578.0,336398935.5203
000905.SH,2025-11-10,7343.8017,7357.3392,7384.7854,7289.7682,7327.9108,15.8909,0.2169,204501330.0,371310636.9817
000905.SH,2025-11-11,7291.6084,7364.9251,7379.806,7281.9746,7343.8017,-52.1933,-0.7107,191660313.0,338597660.8481
000905.SH,2025-11-12,7243.2483,7264.792,7305.8564,7187.8685,7291.6084,-48.3601,-0.6632,185507010.0,313840341.3242
000905.SH,2025-11-13,7355.2911,7243.64,7366.4121,7243.64,7243.2483,112.0428,1.5469,199890230.0,339596060.5558
000905.SH,2025-11-14,7235.4617,7283.6993,7329.5958,7235.4617,7355.2911,-119.8294,-1.6292,205864910.0,310485059.9324
000905.SH,2025-11-17,7235.3512,7248.9216,7262.3306,7202.5932,7235.4617,-0.1105,-0.0015,203050602.0,310823159.3997
000905.SH,2025-11-18,7151.0176,7215.0302,7230.5416,7118.4085,7235.3512,-84.3336,-1.1656,202214121.0,306540024.6216
000905.SH,2025-11-19,7122.7465,7141.2641,7178.1495,7086.1232,7151.0176,-28.2711,-0.3953,162786602.0,256755086.038
000905.SH,2025-11-20,7061.9497,7174.1046,7180.732,7056.9003,7122.7465,-60.7968,-0.8536,159618746.0,254158167.5021
000905.SH,2025-11-21,6817.4103,6955.7485,6986.7784,6817.4103,7061.9497,-244.5394,-3.4628,208933384.0,310968718.1513
000905.SH,2025-11-24,6868.9664,6856.7546,6905.9229,6797.4956,6817.4103,51.5561,0.7562,166363913.0,270213254.3895
000905.SH,2025-11-25,6954.6034,6915.1233,7018.4695,6912.3198,6868.9664,85.637,1.2467,162712530.0,289204914.9418
000905.SH,2025-11-26,6965.0453,6946.0812,7024.8824,6936.8765,6954.6034,10.4419,0.1501,148943526.0,274858341.7245
000905.SH,2025-11-27,6951.2844,6970.7329,7045.8447,6943.4443,6965.0453,-13.7609,-0.1976,137841103.0,253013152.9245
000905.SH,2025-11-28,7031.5505,6947.2369,7031.7124,6941.4833,6951.2844,80.2661,1.1547,140211184.0,243255194.5782
000905.SH,2025-12-01,7101.8323,7053.8471,7101.8323,7040.8033,7031.5505,70.2818,0.9995,178973432.0,308533693.6138
000905.SH,2025-12-02,7040.3008,7084.799,7085.3031,7022.6102,7101.8323,-61.5315,-0.8664,149518197.0,247360273.4056
000905.SH,2025-12-03,6996.3552,7044.8568,7064.16,6975.0888,7040.3008,-43.9456,-0.6242,157838867.0,251308651.4629
000905.SH,2025-12-04,7012.8061,7001.6423,7039.7157,6958.6322,6996.3552,16.4509,0.2351,141038338.0,239912559.988
000905.SH,2025-12-05,7097.8389,7008.6492,7104.0208,6965.8064,7012.8061,85.0328,1.2125,168738274.0,275108399.6905
000905.SH,2025-12-08,7172.3671,7119.051,7193.723,7114.3234,7097.8389,74.5282,1.05,192611750.0,347244592.7835
000905.SH,2025-12-09,7121.3256,7150.9729,7185.1071,7103.8325,7172.3671,-51.0415,-0.7116,166901066.0,305522303.6231
000905.SH,2025-12-10,7155.9944,7111.5705,7171.9733,7070.4751,7121.3256,34.6688,0.4868,153967827.0,280495257.2184
000905.SH,2025-12-11,7082.8932,7171.2079,7179.4249,7082.8932,7155.9944,-73.1012,-1.0215,181848554.0,300744575.8861
000905.SH,2025-12-12,7169.791,7088.1001,7187.0997,7063.8407,7082.8932,86.8978,1.2269,198402473.0,373144936.6822
000905.SH,2025-12-15,7113.962,7121.3805,7177.1541,7110.6781,7169.791,-55.829,-0.7787,172174064.0,301023637.0303
000905.SH,2025-12-16,7001.3188,7101.6696,7102.7717,6962.6451,7113.962,-112.6432,-1.5834,172065874.0,284968704.3938
000905.SH,2025-12-17,7137.8339,7002.5064,7160.7763,6988.871,7001.3188,136.5151,1.9498,174413136.0,302410118.5227
000905.SH,2025-12-18,7100.8359,7096.9815,7172.9624,7094.5396,7137.8339,-36.998,-0.5183,154896123.0,275510779.2705
000905.SH,2025-12-19,7169.5511,7124.4045,7197.0681,7117.1583,7100.8359,68.7152,0.9677,178843146.0,292738015.3225
000905.SH,2025-12-22,7255.6607,7205.489,7277.386,7205.489,7169.5511,86.1096,1.201,178242881.0,327207674.8243
000905.SH,2025-12-23,7256.7864,7257.9076,7297.7034,7228.7225,7255.6607,1.1257,0.0155,173476002.0,328559029.5219
000905.SH,2025-12-24,7352.0396,7257.615,7362.5704,7247.4054,7256.7864,95.2532,1.3126,168837713.0,331930929.3147
000905.SH,2025-12-25,7410.7119,7341.9223,7426.1367,7334.3404,7352.0396,58.6723,0.798,168414201.0,336366985.2288
000905.SH,2025-12-26,7458.8386,7422.6014,7484.9158,7397.4255,7410.7119,48.1267,0.6494,199276884.0,386914288.4113
000905.SH,2025-12-29,7430.6147,7467.5042,7491.6926,7411.4472,7458.8386,-28.2239,-0.3784,198844338.0,390446087.0659
000905.SH,2025-12-30,7458.936,7390.1398,7495.0606,7389.8691,7430.6147,28.3213,0.3811,196203615.0,407623516.1398
000905.SH,2025-12-31,7465.5742,7473.7519,7488.0663,7435.0664,7458.936,6.6382,0.089,194427743.0,380369638.0187
000905.SH,2026-01-05,7651.1981,7523.8754,7651.2383,7523.2477,7465.5742,185.6239,2.4864,251853863.0,504690493.732
000905.SH,2026-01-06,7814.1356,7663.9415,7814.6506,7663.6621,7651.1981,162.9375,2.1296,313125102.0,571675102.9911
000905.SH,2026-01-07,7875.0822,7838.9115,7909.6559,7828.3941,7814.1356,60.9466,0.78,293903440.0,582740692.9426
000905.SH,2026-01-08,7894.5447,7853.2089,7938.5946,7849.0679,7875.0822,19.4625,0.2471,293561735.0,564453373.6826
000905.SH,2026-01-09,8056.6858,7907.8485,8064.7584,7907.8485,7894.5447,162.1411,2.0538,314624674.0,631145879.4115
000905.SH,2026-01-12,8249.1275,8141.6262,8261.3544,8103.2382,8056.6858,192.4417,2.3886,335236286.0,685824116.9766
000905.SH,2026-01-13,8143.28,8270.4224,8270.4224,8106.6099,8249.1275,-105.8475,-1.2831,364131033.0,735218804.6889
000905.SH,2026-01-14,8227.697,8165.352,8368.2215,8123.4045,8143.28,84.417,1.0366,422766002.0,815959272.0954
000905.SH,2026-01-15,8223.2683,8170.3486,8249.0307,8148.7884,8227.697,-4.4287,-0.0538,313595830.0,600802134.8394
000905.SH,2026-01-16,8232.674,8241.6934,8292.7409,8204.5254,8223.2683,9.4057,0.1144,281979042.0,616185542.2964
000905.SH,2026-01-19,8287.947,8199.4986,8318.3703,8195.089,8232.674,55.273,0.6714,261497382.0,560926083.7672
000905.SH,2026-01-20,8247.8049,8307.6416,8342.8738,8142.1424,8287.947,-40.1421,-0.4843,289864460.0,588171478.6681
000905.SH,2026-01-21,8340.1133,8196.5565,8351.4545,8196.5565,8247.8049,92.3084,1.1192,243304381.0,517592184.7575
000905.SH,2026-01-22,8387.595,8355.6781,8396.1328,8337.195,8340.1133,47.4817,0.5693,268805243.0,546138129.6539
000905.SH,2026-01-23,8590.1659,8422.3561,8590.1659,8417.752,8387.595,202.5709,2.4151,319690069.0,639421447.042
000905.SH,2026-01-26,8506.6932,8624.8883,8671.3461,8453.4762,8590.1659,-83.4727,-0.9717,349285597.0,692104522.3997
000905.SH,2026-01-27,8548.9321,8464.6504,8581.1049,8368.1751,8506.6932,42.2389,0.4965,302852606.0,610885915.2692
000905.SH,2026-01-28,8601.1644,8565.3388,8633.1468,8526.5335,8548.9321,52.2323,0.611,311774257.0,612731517.8495
000905.SH,2026-01-29,8517.8429,8584.6806,8658.9445,8503.0945,8601.1644,-83.3215,-0.9687,354198387.0,666256871.1483
000905.SH,2026-01-30,8370.5203,8439.6524,8496.3367,8194.5842,8517.8429,-147.3226,-1.7296,328947170.0,600497374.4705
000905.SH,2026-02-02,8037.0456,8279.7152,8324.4341,8032.35,8370.5203,-333.4747,-3.9839,299646022.0,546055656.7178
000905.SH,2026-02-03,8286.7005,8135.8699,8286.7005,8075.3738,8037.0456,249.6549,3.1063,272227136.0,543264486.1911
000905.SH,2026-02-04,8299.0574,8270.842,8309.8579,8179.3522,8286.7005,12.3569,0.1491,268860277.0,501886746.8357
000905.SH,2026-02-05,8146.1073,8203.0627,8224.7847,8081.4283,8299.0574,-152.9501,-1.843,231840515.0,435277701.0637
000905.SH,2026-02-06,8146.4128,8054.218,8247.2968,8014.6599,8146.1073,0.3055,0.0038,218642144.0,418373434.7809
000905.SH,2026-02-09,8311.2829,8280.1088,8313.4692,8229.0026,8146.4128,164.8701,2.0238,211667566.0,427982319.2516
000905.SH,2026-02-10,8306.4448,8318.5325,8331.9858,8258.1519,8311.2829,-4.8381,-0.0582,195806220.0,394283311.159
000905.SH,2026-02-11,8325.8107,8295.3326,8373.5033,8295.1223,8306.4448,19.3659,0.2331,204019703.0,388612429.4043
000905.SH,2026-02-12,8423.5695,8342.365,8437.4202,8341.7705,8325.8107,97.7588,1.1742,212138318.0,438320451.2041
000905.SH,2026-02-13,8299.585,8366.3327,8419.7618,8290.8388,8423.5695,-123.9845,-1.4719,202785725.0,406320461.0616
000905.SH,2026-02-24,8392.9098,8403.3106,8444.1283,8328.5678,8299.585,93.3248,1.1245,224629278.0,449713840.3442
000905.SH,2026-02-25,8527.5593,8412.08,8551.5345,8401.5965,8392.9098,134.6495,1.6043,277893389.0,506848669.8293
000905.SH,2026-02-26,8557.216,8542.8324,8582.7633,8490.9215,8527.5593,29.6567,0.3478,254111765.0,513984663.1507
000905.SH,2026-02-27,8658.4503,8499.7957,8658.4503,8499.7957,8557.216,101.2343,1.183,280361167.0,512821943.0807
000905.SH,2026-03-02,8658.3336,8585.8534,8683.9816,8551.4601,8658.4503,-0.1167,-0.0013,339032296.0,619505358.9946
000905.SH,2026-03-03,8281.6139,8651.06,8654.5678,8267.1091,8658.3336,-376.7197,-4.3509,346153906.0,634660475.3726
000905.SH,2026-03-04,8248.945,8167.9811,8377.1743,8167.9811,8281.6139,-32.6689,-0.3945,272107714.0,471470145.3189
000905.SH,2026-03-05,8309.1713,8383.5464,8391.0367,8251.1062,8248.945,60.2263,0.7301,256343454.0,472940762.5988
000905.SH,2026-03-06,8360.3347,8273.1829,8394.3341,8258.6447,8309.1713,51.1634,0.6157,234514960.0,427695132.1132
000905.SH,2026-03-09,8279.4811,8234.1927,8305.9247,8066.1408,8360.3347,-80.8536,-0.9671,286518510.0,523828528.0671
000905.SH,2026-03-10,8410.303,8341.1447,8412.9325,8330.9345,8279.4811,130.8219,1.5801,239941358.0,465082278.9868
000905.SH,2026-03-11,8403.3296,8419.3105,8439.6188,8379.0332,8410.303,-6.9734,-0.0829,264487389.0,495752480.8304
000905.SH,2026-03-12,8359.4721,8396.7222,8433.0374,8290.5879,8403.3296,-43.8575,-0.5219,282436504.0,478413662.7333
000905.SH,2026-03-13,8239.798,8317.7799,8371.7157,8217.9686,8359.4721,-119.6741,-1.4316,288130990.0,482367288.6754
000905.SH,2026-03-16,8185.152,8227.6932,8233.6551,8060.7824,8239.798,-54.646,-0.6632,256205982.0,460796897.3775
000905.SH,2026-03-17,8016.0262,8199.9926,8207.4607,8016.002,8185.152,-169.1258,-2.0663,230132800.0,406247342.9069
000905.SH,2026-03-18,8096.4276,8044.9186,8105.9551,7958.4504,8016.0262,80.4014,1.003,206493923.0,391242647.4815
000905.SH,2026-03-19,7877.09,7975.8477,8000.4297,7844.1519,8096.4276,-219.3376,-2.7091,219744866.0,394855039.9422
000905.SH,2026-03-20,7760.0365,7913.4854,7941.5857,7757.8333,7877.09,-117.0535,-1.486,219448788.0,417113691.3109
000905.SH,2026-03-23,7440.7451,7623.2446,7708.4298,7399.0423,7760.0365,-319.2914,-4.1146,271561024.0,451938508.5095
000905.SH,2026-03-24,7597.3732,7555.0818,7597.3732,7379.8608,7440.7451,156.6281,2.105,228966418.0,388538162.3835
000905.SH,2026-03-25,7767.6654,7660.4009,7806.9106,7660.4009,7597.3732,170.2922,2.2415,240711554.0,423378163.9519
000905.SH,2026-03-26,7642.1302,7757.0185,7777.29,7620.7773,7767.6654,-125.5352,-1.6161,206216126.0,355916679.3111
000905.SH,2026-03-27,7737.6144,7539.1959,7785.3777,7539.1959,7642.1302,95.4842,1.2494,188205066.0,344204684.3208
000905.SH,2026-03-30,7753.7234,7655.1534,7766.1107,7610.5492,7737.6144,16.109,0.2082,197838569.0,361442205.0727
000905.SH,2026-03-31,7617.3262,7740.5787,7788.8928,7617.3262,7753.7234,-136.3972,-1.7591,199086035.0,376502133.0105
000905.SH,2026-04-01,7750.0924,7764.3363,7778.9878,7689.5897,7617.3262,132.7662,1.743,175960670.0,354799494.8009
000905.SH,2026-04-02,7605.2932,7726.4451,7740.0952,7562.2104,7750.0924,-144.7992,-1.8684,172084873.0,325589868.2028
000905.SH,2026-04-03,7534.938,7636.6633,7640.8412,7518.3455,7605.2932,-70.3552,-0.9251,151637356.0,283332454.8786
000905.SH,2026-04-07,7571.1106,7562.1371,7630.1357,7529.3992,7534.938,36.1726,0.4801,146961357.0,279371106.6771
000905.SH,2026-04-08,7945.1527,7741.6345,7945.1527,7741.6345,7571.1106,374.0421,4.9404,231936612.0,460383859.3209
000905.SH,2026-04-09,7898.6329,7865.2051,7947.6782,7845.9575,7945.1527,-46.5198,-0.5855,190555650.0,398032241.4103
000905.SH,2026-04-10,7969.3646,7958.8149,8070.6482,7953.4969,7898.6329,70.7317,0.8955,203404351.0,433921803.7321
000905.SH,2026-04-13,7967.697,7917.9194,7990.9809,7917.9194,7969.3646,-1.6676,-0.0209,194948695.0,409703666.1983
000905.SH,2026-04-14,8088.5687,8039.0737,8088.5687,8002.6484,7967.697,120.8717,1.517,214295672.0,460131213.095
000905.SH,2026-04-15,8044.0773,8144.8093,8150.622,8020.868,8088.5687,-44.4914,-0.5501,203656066.0,456985404.0688
000905.SH,2026-04-16,8180.0815,8068.1536,8189.1751,8056.781,8044.0773,136.0042,1.6907,188455683.0,429996215.5017
000905.SH,2026-04-17,8214.1939,8155.3958,8230.1072,8149.938,8180.0815,34.1124,0.417,191578840.0,453410855.6514
000905.SH,2026-04-20,8290.0224,8223.5842,8310.9444,8214.2626,8214.1939,75.8285,0.9231,213764020.0,507388177.4132
000905.SH,2026-04-21,8270.3266,8263.3791,8281.3207,8189.7576,8290.0224,-19.6958,-0.2376,201836317.0,441523125.4716
000905.SH,2026-04-22,8376.1808,8226.8516,8377.3362,8226.8516,8270.3266,105.8542,1.2799,213337236.0,501951553.1192
000905.SH,2026-04-23,8295.207,8387.7647,8401.4992,8220.9526,8376.1808,-80.9738,-0.9667,249486989.0,565097207.1069
000905.SH,2026-04-24,8247.8759,8244.7784,8299.8778,8165.8037,8295.207,-47.3311,-0.5706,222311893.0,518618099.348
000905.SH,2026-04-27,8299.0486,8236.4336,8326.1546,8219.943,8247.8759,51.1727,0.6204,224595802.0,524219030.9704
000905.SH,2026-04-28,8203.9614,8274.6312,8275.328,8173.4448,8299.0486,-95.0872,-1.1458,220109130.0,494514573.5125
000905.SH,2026-04-29,8342.4217,8157.3548,8356.7152,8157.3548,8203.9614,138.4603,1.6877,230872017.0,489715085.6542
000905.SH,2026-04-30,8349.5081,8331.4394,8375.1934,8300.5019,8342.4217,7.0864,0.0849,247554652.0,535036483.4805
000905.SH,2026-05-06,8588.4399,8441.3419,8621.3457,8441.3419,8349.5081,238.9318,2.8616,274647452.0,635607537.7825
000905.SH,2026-05-07,8696.7989,8637.8414,8700.3353,8598.7116,8588.4399,108.359,1.2617,270994179.0,620440650.7481
000905.SH,2026-05-08,8694.1709,8638.8383,8706.333,8616.2233,8696.7989,-2.628,-0.0302,271143535.0,609002654.328
000905.SH,2026-05-11,8839.7415,8771.1761,8863.769,8716.4515,8694.1709,145.5706,1.6743,288330196.0,709124529.1474
000905.SH,2026-05-12,8785.9791,8856.1797,8856.1797,8736.4171,8839.7415,-53.7624,-0.6082,269870968.0,633557984.263
000905.SH,2026-05-13,8918.239,8730.913,8925.877,8730.913,8785.9791,132.2599,1.5054,254096888.0,637052785.9575
000905.SH,2026-05-14,8670.1574,8952.9502,8956.6619,8670.1574,8918.239,-248.0816,-2.7817,289502566.0,658225134.8612
000905.SH,2026-05-15,8536.3444,8676.621,8717.0924,8473.0421,8670.1574,-133.813,-1.5434,270961762.0,643023956.6181
000905.SH,2026-05-18,8554.2372,8493.0157,8606.4096,8472.4244,8536.3444,17.8928,0.2096,231093417.0,559260917.3402
000905.SH,2026-05-19,8627.9461,8524.1543,8633.0613,8416.515,8554.2372,73.7089,0.8617,243868820.0,571306974.464
000905.SH,2026-05-20,8656.3062,8581.3938,8681.7226,8552.4273,8627.9461,28.3601,0.3287,230418697.0,574479528.7273
000905.SH,2026-05-21,8419.8373,8703.1742,8790.3751,8406.2885,8656.3062,-236.4689,-2.7318,279489158.0,687607693.4492
000905.SH,2026-05-22,8576.9402,8473.6091,8591.1549,8414.9398,8419.8373,157.1029,1.8659,221610391.0,556432683.5019
000905.SH,2026-05-25,8703.8901,8631.2078,8705.1965,8543.8916,8576.9402,126.9499,1.4801,235052890.0,629332990.0937
000905.SH,2026-05-26,8658.6192,8665.4355,8673.2096,8529.666,8703.8901,-45.2709,-0.5201,247107844.0,647239450.0105
000905.SH,2026-05-27,8530.9802,8659.2188,8722.5814,8491.3163,8658.6192,-127.639,-1.4741,259116734.0,676927953.5028
000905.SH,2026-05-28,8563.2218,8503.6714,8596.4487,8424.449,8530.9802,32.2416,0.3779,242240006.0,596276737.1613
000905.SH,2026-05-29,8359.5596,8589.818,8597.9839,8296.2406,8563.2218,-203.6622,-2.3783,281190616.0,661406695.2033
000905.SH,2026-06-01,8274.212,8358.4866,8442.5323,8259.6,8359.5596,-85.3476,-1.021,258175027.0,584223622.4135
000905.SH,2026-06-02,8321.4347,8290.8329,8378.4341,8142.5071,8274.212,47.2227,0.5707,239589696.0,548050911.6525
000905.SH,2026-06-03,8362.156,8317.0025,8462.67,8294.2881,8321.4347,40.7213,0.4894,253576531.0,608167868.4001
000905.SH,2026-06-04,8356.7444,8279.8632,8391.0521,8279.8632,8362.156,-5.4116,-0.0647,230821976.0,570131396.5025
000905.SH,2026-06-05,8251.1407,8317.6415,8399.4084,8218.1415,8356.7444,-105.6037,-1.2637,247089347.0,612246476.401
000905.SH,2026-06-08,7963.4529,7978.6598,8142.3354,7889.3991,8251.1407,-287.6878,-3.4866,244793198.0,562548949.6972
000905.SH,2026-06-09,8176.1785,8059.339,8181.1277,7965.4851,7963.4529,212.7256,2.6713,209292978.0,506484788.5459
000905.SH,2026-06-10,8063.8637,8094.1367,8148.255,7973.547,8176.1785,-112.3148,-1.3737,210910098.0,509158413.5519
000905.SH,2026-06-11,8035.7788,8025.608,8091.6829,7965.0233,8063.8637,-28.0849,-0.3483,196857776.0,512698921.0929
000905.SH,2026-06-12,8106.203,8189.2103,8258.9084,8098.7805,8035.7788,70.4242,0.8764,266244080.0,668679920.7236
000905.SH,2026-06-15,8406.7479,8175.0523,8406.7793,8174.5906,8106.203,300.5449,3.7076,255562638.0,624419626.262
000905.SH,2026-06-16,8507.9799,8430.9157,8538.1941,8413.5082,8406.7479,101.232,1.2042,231495094.0,637593605.9197
000905.SH,2026-06-17,8627.0862,8451.6325,8630.5156,8451.6325,8507.9799,119.1063,1.3999,224646015.0,655611276.4926
000905.SH,2026-06-18,8673.0899,8590.4987,8716.3417,8587.9818,8627.0862,46.0037,0.5332,239467579.0,667474010.7449
000905.SH,2026-06-22,8868.782,8709.664,8870.485,8605.223,8673.0899,195.6921,2.2563,280023119.0,759846035.6271
000905.SH,2026-06-23,8688.5923,8831.5916,8895.3398,8629.0106,8868.782,-180.1897,-2.0317,272403149.0,713885739.5581
000905.SH,2026-06-24,8842.9378,8638.6561,8850.7909,8613.0845,8688.5923,154.3455,1.7764,245311473.0,684019604.1571
000905.SH,2026-06-25,8938.0113,8844.849,8940.9587,8803.5962,8842.9378,95.0735,1.0751,260102086.0,744120017.7376
000905.SH,2026-06-26,8703.5652,8891.0312,8926.7514,8647.7678,8938.0113,-234.4461,-2.623,258558296.0,745538234.8943
000905.SH,2026-06-29,8821.0944,8731.5763,8837.0312,8587.8817,8703.5652,117.5292,1.3504,251461066.0,741568075.8826
000905.SH,2026-06-30,9031.3788,8815.1067,9040.1322,8771.6552,8821.0944,210.2844,2.3839,224330809.0,695096018.6339
000905.SH,2026-07-01,9028.9326,9052.0429,9147.5592,8956.1848,9031.3788,-2.4462,-0.0271,263104578.0,757642507.5754
000905.SH,2026-07-02,8694.1756,8829.6208,8932.6466,8667.4191,9028.9326,-334.757,-3.7076,261281407.0,732955232.2183
000905.SH,2026-07-03,8745.2607,8702.3265,8860.4157,8636.1503,8694.1756,51.0851,0.5876,230148424.0,661131228.3728
000905.SH,2026-07-06,8651.1339,8790.9674,8823.0502,8570.8924,8745.2607,-94.1268,-1.0763,230152910.0,647313365.6098
000905.SH,2026-07-07,8508.7885,8604.0756,8663.6652,8457.5756,8651.1339,-142.3454,-1.6454,199639190.0,530938136.0924
000905.SH,2026-07-08,8390.0194,8539.0155,8571.5247,8343.9232,8508.7885,-118.7691,-1.3958,197220165.0,550698180.8109
000905.SH,2026-07-09,8652.787,8437.1473,8659.6504,8281.9533,8390.0194,262.7676,3.1319,215080488.0,602726823.2964
000905.SH,2026-07-10,8503.9705,8672.3631,8783.249,8503.2448,8652.787,-148.8165,-1.7199,251414388.0,713405548.5125
000905.SH,2026-07-13,8138.1443,8409.1434,8457.6923,8106.2688,8503.9705,-365.8262,-4.3018,224037631.0,572975762.1039
000905.SH,2026-07-14,8275.9388,8135.0456,8275.9601,7955.3082,8138.1443,137.7945,1.6932,215841090.0,562942515.9659
000905.SH,2026-07-15,8147.5786,8294.1422,8305.2723,8117.4588,8275.9388,-128.3602,-1.551,209115524.0,512588772.7253
000905.SH,2026-07-16,7955.6635,8006.4489,8148.0419,7907.0974,8147.5786,-191.9151,-2.3555,193110603.0,474607241.0548
000905.SH,2026-07-17,7513.7627,7900.097,7908.7387,7474.1508,7955.6635,-441.9008,-5.5545,236745743.0,511959798.3269
000905.SH,2026-07-20,7411.3134,7597.7694,7626.489,7253.5179,7513.7627,-102.4493,-1.3635,253763302.0,537630257.7699
000905.SH,2026-07-21,7800.6085,7437.4524,7802.7549,7270.9541,7411.3134,389.2951,5.2527,268381453.0,606955225.2011
000905.SH,2026-07-22,7751.6618,7741.9063,7889.4455,7701.2212,7800.6085,-48.9467,-0.6275,230747285.0,569079906.3334
000905.SH,2026-07-23,7734.31,7750.8521,7795.3499,7658.9994,7751.6618,-17.3518,-0.2238,204974420.0,453036704.9599
000905.SH,2026-07-24,7532.7006,7625.2021,7703.5986,7532.6682,7734.31,-201.6094,-2.6067,186624835.0,402009190.3404
