ts_code,trade_date,close,open,high,low,pre_close,change,pct_chg,vol,amount
399006.SZ,2014-01-02,1333.003,1302.298,1333.103,1299.336,1304.444,28.559,2.1894,5471068.5,12373349.33761
399006.SZ,2014-01-03,1352.84,1332.352,1355.121,1331.973,1333.003,19.837,1.4881,6209396.57,14652635.27421
399006.SZ,2014-01-06,1323.328,1350.312,1354.15,1322.716,1352.84,-29.512,-2.1815,5563493.3,13020214.79151
399006.SZ,2014-01-07,1352.276,1315.436,1355.4,1312.269,1323.328,28.948,2.1875,5318760.84,11909722.11355
399006.SZ,2014-01-08,1405.023,1363.306,1409.21,1363.306,1352.276,52.747,3.9006,8685217.41,20914439.08971
399006.SZ,2014-01-09,1380.244,1401.797,1423.837,1379.648,1405.023,-24.779,-1.7636,7628716.2,19105793.50064
399006.SZ,2014-01-10,1353.302,1373.517,1385.855,1347.61,1380.244,-26.942,-1.952,4390992.47,10147330.11249
399006.SZ,2014-01-13,1362.788,1352.007,1374.145,1349.246,1353.302,9.486,0.701,4461048.92,9954594.47201
399006.SZ,2014-01-14,1400.916,1364.801,1400.916,1364.801,1362.788,38.128,2.7978,4810748.21,10996665.51982
399006.SZ,2014-01-15,1415.323,1399.666,1417.416,1397.945,1400.916,14.407,1.0284,4763004.38,11114450.20922
399006.SZ,2014-01-16,1395.163,1415.568,1423.118,1392.006,1415.323,-20.16,-1.4244,4798139.92,11304549.59268
399006.SZ,2014-01-17,1395.509,1395.029,1411.547,1391.619,1395.163,0.346,0.0248,4793895.27,11697049.3801
399006.SZ,2014-01-20,1372.736,1393.876,1400.944,1362.45,1395.509,-22.773,-1.6319,5146414.08,12453815.30773
399006.SZ,2014-01-21,1407.152,1370.686,1407.452,1370.686,1372.736,34.416,2.5071,5210025.71,12839981.81197
399006.SZ,2014-01-22,1431.741,1407.464,1431.997,1407.464,1407.152,24.589,1.7474,6398492.71,15783544.5481
399006.SZ,2014-01-23,1461.525,1433.701,1472.336,1433.171,1431.741,29.784,2.0803,7375285.82,19158428.74809
399006.SZ,2014-01-24,1484.432,1458.206,1493.637,1455.95,1461.525,22.907,1.5673,6753368.57,16981022.47487
399006.SZ,2014-01-27,1477.669,1477.46,1500.457,1465.144,1484.432,-6.763,-0.4556,7042767.78,17673619.53058
399006.SZ,2014-01-28,1471.34,1476.589,1486.423,1448.474,1477.669,-6.329,-0.4283,5508402.1,14174593.33481
399006.SZ,2014-01-29,1496.527,1472.542,1497.716,1469.583,1471.34,25.187,1.7118,5530405.51,14363992.87744
399006.SZ,2014-01-30,1495.978,1494.117,1507.874,1486.821,1496.527,-0.549,-0.0367,5429595.35,14066711.74968
399006.SZ,2014-02-07,1532.687,1489.054,1532.817,1483.685,1495.978,36.709,2.4538,5603172.7,14086550.34133
399006.SZ,2014-02-10,1553.415,1536.991,1557.029,1525.94,1532.687,20.728,1.3524,7266272.25,18373981.25101
399006.SZ,2014-02-11,1527.151,1550.618,1559.774,1506.04,1553.415,-26.264,-1.6907,7856495.87,19895924.6169
399006.SZ,2014-02-12,1539.966,1527.1,1540.329,1513.91,1527.151,12.815,0.8391,6622435.77,16456750.00225
399006.SZ,2014-02-13,1485.131,1537.26,1539.657,1484.423,1539.966,-54.835,-3.5608,7661786.27,18506255.22442
399006.SZ,2014-02-14,1515.784,1484.563,1516.426,1475.953,1485.131,30.653,2.064,5816737.47,14242913.49005
399006.SZ,2014-02-17,1558.616,1521.166,1559.124,1521.166,1515.784,42.832,2.8257,7200833.5,17826243.15416
399006.SZ,2014-02-18,1545.341,1558.742,1561.773,1539.209,1558.616,-13.275,-0.8517,6613089.8,16101304.44962
399006.SZ,2014-02-19,1544.402,1544.642,1551.883,1524.391,1545.341,-0.939,-0.0608,6674200.94,15786537.76333
399006.SZ,2014-02-20,1515.164,1545.255,1545.506,1504.167,1544.402,-29.238,-1.8932,6141650.41,14703612.99524
399006.SZ,2014-02-21,1519.665,1512.168,1526.026,1503.813,1515.164,4.501,0.2971,4849036.3,11928684.69978
399006.SZ,2014-02-24,1540.026,1517.966,1542.307,1510.457,1519.665,20.361,1.3398,5599467.92,14425583.01321
399006.SZ,2014-02-25,1472.691,1543.966,1571.398,1460.412,1540.026,-67.335,-4.3723,8773971.35,22434815.75793
399006.SZ,2014-02-26,1465.985,1452.056,1468.003,1415.246,1472.691,-6.706,-0.4554,6203060.44,15556867.45162
399006.SZ,2014-02-27,1414.657,1467.272,1496.619,1410.966,1465.985,-51.328,-3.5013,6585857.61,17174500.34629
399006.SZ,2014-02-28,1434.894,1410.399,1436.876,1393.002,1414.657,20.237,1.4305,5034207.47,12343402.63537
399006.SZ,2014-03-03,1465.139,1433.901,1466.234,1431.141,1434.894,30.245,2.1078,4836034.36,11592826.85195
399006.SZ,2014-03-04,1460.452,1462.261,1475.502,1446.272,1465.139,-4.687,-0.3199,4802637.35,12200815.08698
399006.SZ,2014-03-05,1464.578,1467.062,1471.04,1454.936,1460.452,4.126,0.2825,4698540.1,11725782.94734
399006.SZ,2014-03-06,1462.528,1461.115,1464.413,1426.997,1464.578,-2.05,-0.14,5024244.38,13050445.82019
399006.SZ,2014-03-07,1460.611,1463.933,1477.96,1453.625,1462.528,-1.917,-0.1311,5030434.32,12654964.83134
399006.SZ,2014-03-10,1407.073,1446.063,1446.063,1404.586,1460.611,-53.538,-3.6655,5040936.65,11430475.2931
399006.SZ,2014-03-11,1395.813,1399.9,1410.382,1380.967,1407.073,-11.26,-0.8002,4148921.32,9310371.39955
399006.SZ,2014-03-12,1399.266,1390.86,1418.612,1378.89,1395.813,3.453,0.2474,4515111.11,10537115.4243
399006.SZ,2014-03-13,1436.856,1401.549,1437.148,1401.431,1399.266,37.59,2.6864,3438718.94,8522477.13543
399006.SZ,2014-03-14,1434.021,1433.463,1450.383,1424.008,1436.856,-2.835,-0.1973,3261496.5,7907242.51507
399006.SZ,2014-03-17,1477.415,1436.105,1477.68,1435.32,1434.021,43.394,3.026,3803460.11,9722157.42994
399006.SZ,2014-03-18,1485.64,1479.38,1493.392,1478.721,1477.415,8.225,0.5567,4848273.72,12296133.30232
399006.SZ,2014-03-19,1466.217,1481.493,1482.302,1456.898,1485.64,-19.423,-1.3074,4188301.2,10458789.32028
399006.SZ,2014-03-20,1417.658,1463.072,1466.415,1417.17,1466.217,-48.559,-3.3119,4678306.23,11688145.40672
399006.SZ,2014-03-21,1419.84,1405.9,1427.923,1379.739,1417.658,2.182,0.1539,4461097.24,10617668.26799
399006.SZ,2014-03-24,1397.294,1411.776,1416.858,1392.511,1419.84,-22.546,-1.5879,3925648.71,9375322.26383
399006.SZ,2014-03-25,1394.824,1392.143,1410.478,1385.003,1397.294,-2.47,-0.1768,3099488.66,7662902.27811
399006.SZ,2014-03-26,1417.614,1396.907,1424.254,1396.907,1394.824,22.79,1.6339,3874384.41,9446895.83008
399006.SZ,2014-03-27,1367.964,1415.551,1417.358,1367.964,1417.614,-49.65,-3.5024,4085539.26,9696362.65864
399006.SZ,2014-03-28,1330.5,1363.873,1364.257,1317.412,1367.964,-37.464,-2.7387,4579607.01,10285817.07734
399006.SZ,2014-03-31,1327.8,1327.234,1340.47,1315.492,1330.5,-2.7,-0.2029,2827273.93,6558679.18765
399006.SZ,2014-04-01,1355.051,1327.175,1355.735,1326.248,1327.8,27.251,2.0523,3114187.57,7571684.26473
399006.SZ,2014-04-02,1327.983,1356.679,1360.883,1316.903,1355.051,-27.068,-1.9976,3245949.6,8229360.47225
399006.SZ,2014-04-03,1326.1764,1326.8091,1344.3182,1318.8233,1327.983,-1.8066,-0.136,3019842.97,7259364.27912
399006.SZ,2014-04-04,1346.738,1323.413,1347.053,1316.949,1326.1764,20.5616,1.5504,2770356.3,6783324.04348
399006.SZ,2014-04-08,1351.183,1335.392,1351.827,1327.799,1346.738,4.445,0.3301,3794370.84,8426291.68863
399006.SZ,2014-04-09,1370.462,1355.366,1376.694,1355.366,1351.183,19.279,1.4268,4088731.78,9680880.84686
399006.SZ,2014-04-10,1381.142,1374.612,1395.036,1374.612,1370.462,10.68,0.7793,4708382.3,11443213.52184
399006.SZ,2014-04-11,1363.899,1370.398,1370.398,1352.129,1381.142,-17.243,-1.2485,3510937.36,8371571.16914
399006.SZ,2014-04-14,1372.728,1367.746,1378.321,1367.746,1363.899,8.829,0.6473,3350384.06,8171230.10102
399006.SZ,2014-04-15,1369.889,1375.693,1380.863,1367.227,1372.728,-2.839,-0.2068,3358859.08,8311137.2818
399006.SZ,2014-04-16,1359.304,1365.831,1367.91,1353.777,1369.889,-10.585,-0.7727,2601784.01,6322007.09076
399006.SZ,2014-04-17,1367.591,1360.749,1373.848,1360.749,1359.304,8.287,0.6097,2834631.05,6531450.26987
399006.SZ,2014-04-18,1377.419,1365.357,1377.842,1362.613,1367.591,9.828,0.7186,3052557.96,6672935.64771
399006.SZ,2014-04-21,1363.851,1367.927,1384.685,1363.008,1377.419,-13.568,-0.985,3524365.56,8091582.3464
399006.SZ,2014-04-22,1336.187,1361.578,1367.63,1317.102,1363.851,-27.664,-2.0284,3667130.6,8574791.6191
399006.SZ,2014-04-23,1326.438,1332.93,1338.67,1318.235,1336.187,-9.749,-0.7296,2958990.34,6913915.10739
399006.SZ,2014-04-24,1319.505,1325.856,1326.959,1303.228,1326.438,-6.933,-0.5227,3180701.44,7312661.72203
399006.SZ,2014-04-25,1291.903,1316.374,1318.067,1290.356,1319.505,-27.602,-2.0918,2849979.09,6375471.14314
399006.SZ,2014-04-28,1257.263,1283.639,1283.866,1256.123,1291.903,-34.64,-2.6813,3288092.88,7010455.25324
399006.SZ,2014-04-29,1266.543,1253.237,1274.207,1248.318,1257.263,9.28,0.7381,2702525.89,5984819.88584
399006.SZ,2014-04-30,1283.209,1266.344,1287.768,1266.344,1266.543,16.666,1.3159,2729920.22,6029471.08309
399006.SZ,2014-05-05,1302.146,1281.163,1302.675,1279.31,1283.209,18.937,1.4758,2650564.49,6038806.1359
399006.SZ,2014-05-06,1316.858,1301.594,1327.799,1301.594,1302.146,14.712,1.1298,3426177.23,8042255.96552
399006.SZ,2014-05-07,1290.025,1313.377,1313.377,1289.562,1316.858,-26.833,-2.0377,3029026.91,6556442.44923
399006.SZ,2014-05-08,1279.837,1284.438,1300.829,1279.292,1290.025,-10.188,-0.7898,2677583.37,5889260.54573
399006.SZ,2014-05-09,1258.584,1279.678,1282.82,1249.564,1279.837,-21.253,-1.6606,3010293.27,6184544.09755
399006.SZ,2014-05-12,1278.282,1263.915,1281.097,1250.942,1258.584,19.698,1.5651,3196732.64,6582061.54167
399006.SZ,2014-05-13,1276.244,1274.57,1293.818,1273.328,1278.282,-2.038,-0.1594,3152614.23,6615129.85846
399006.SZ,2014-05-14,1278.661,1273.207,1282.345,1269.241,1276.244,2.417,0.1894,2602917.72,5514824.47115
399006.SZ,2014-05-15,1253.879,1276.642,1283.429,1253.616,1278.661,-24.782,-1.9381,3355680.41,7300209.33117
399006.SZ,2014-05-16,1226.473,1250.375,1252.387,1210.812,1253.879,-27.406,-2.1857,3474926.32,7427889.64932
399006.SZ,2014-05-19,1228.371,1224.649,1233.84,1213.991,1226.473,1.898,0.1548,2679088.69,5737982.92796
399006.SZ,2014-05-20,1244.647,1239.65,1261.943,1239.65,1228.371,16.276,1.325,3442952.71,7461895.75426
399006.SZ,2014-05-21,1257.796,1241.017,1257.796,1231.865,1244.647,13.149,1.0564,2859746.75,5660461.78101
399006.SZ,2014-05-22,1269.513,1259.874,1287.87,1259.874,1257.796,11.717,0.9316,4370130.82,9227696.01829
399006.SZ,2014-05-23,1295.998,1269.176,1296.835,1262.102,1269.513,26.485,2.0862,4643110.46,8996110.63628
399006.SZ,2014-05-26,1320.759,1301.865,1323.843,1301.865,1295.998,24.761,1.9106,6025381.52,11787086.23659
399006.SZ,2014-05-27,1306.284,1319.664,1319.664,1303.148,1320.759,-14.475,-1.096,4551053.8,8712570.9426
399006.SZ,2014-05-28,1338.971,1306.285,1339.032,1306.285,1306.284,32.687,2.5023,6178721.84,12328658.48663
399006.SZ,2014-05-29,1314.212,1338.299,1341.574,1312.421,1338.971,-24.759,-1.8491,4997244.13,10522171.12791
399006.SZ,2014-05-30,1318.127,1312.303,1323.594,1300.092,1314.212,3.915,0.2979,4542101.78,8734820.95733
399006.SZ,2014-06-03,1319.625,1317.99,1332.783,1317.99,1318.127,1.498,0.1136,4731118.91,9446390.19389
399006.SZ,2014-06-04,1321.718,1318.327,1321.718,1303.364,1319.625,2.093,0.1586,5190900.97,10019232.62467
399006.SZ,2014-06-05,1355.482,1320.143,1356.531,1317.532,1321.718,33.764,2.5546,6996637.05,14171135.9682
399006.SZ,2014-06-06,1350.447,1354.905,1362.978,1340.826,1355.482,-5.035,-0.3715,6391925.67,12896996.68575
399006.SZ,2014-06-09,1326.675,1348.765,1349.915,1326.629,1350.447,-23.772,-1.7603,5076008.52,10025088.70597
399006.SZ,2014-06-10,1353.871,1327.105,1356.967,1316.84,1326.675,27.196,2.0499,6258184.97,12577692.4638
399006.SZ,2014-06-11,1367.388,1350.375,1371.246,1348.404,1353.871,13.517,0.9984,6386047.63,13255196.79939
399006.SZ,2014-06-12,1363.739,1364.414,1375.975,1358.083,1367.388,-3.649,-0.2669,6252621.2,12635738.73357
399006.SZ,2014-06-13,1382.733,1361.087,1386.348,1359.652,1363.739,18.994,1.3928,6785669.21,13573212.80022
399006.SZ,2014-06-16,1395.611,1384.157,1397.63,1384.157,1382.733,12.878,0.9313,7087250.72,13936388.77887
399006.SZ,2014-06-17,1377.431,1396.38,1396.38,1377.404,1395.611,-18.18,-1.3027,6155892.15,12533244.42872
399006.SZ,2014-06-18,1363.991,1377.577,1384.866,1363.749,1377.431,-13.44,-0.9757,5369211.64,10792369.25843
399006.SZ,2014-06-19,1320.655,1363.453,1370.31,1310.492,1363.991,-43.336,-3.1771,6169263.21,12015228.53308
399006.SZ,2014-06-20,1333.982,1319.108,1335.646,1313.139,1320.655,13.327,1.0091,4306846.78,8625787.23195
399006.SZ,2014-06-23,1361.283,1335.18,1366.591,1335.18,1333.982,27.301,2.0466,5181033.94,10388247.06324
399006.SZ,2014-06-24,1369.439,1360.078,1372.155,1359.13,1361.283,8.156,0.5991,4984334.94,9779788.72688
399006.SZ,2014-06-25,1358.708,1368.664,1368.664,1347.819,1369.439,-10.731,-0.7836,4691084.12,9265275.82385
399006.SZ,2014-06-26,1386.273,1360.199,1391.295,1360.199,1358.708,27.565,2.0288,6215072.76,12248024.50142
399006.SZ,2014-06-27,1388.815,1388.38,1397.965,1382.071,1386.273,2.542,0.1834,6332964.04,12671808.48604
399006.SZ,2014-06-30,1404.71,1388.474,1404.71,1374.298,1388.815,15.895,1.1445,6949853.67,13822494.92006
399006.SZ,2014-07-01,1411.736,1405.439,1415.331,1398.148,1404.71,7.026,0.5002,6717446.81,13634589.34502
399006.SZ,2014-07-02,1419.937,1413.173,1425.297,1402.217,1411.736,8.201,0.5809,6868491.05,13818653.78764
399006.SZ,2014-07-03,1422.603,1419.814,1428.672,1412.155,1419.937,2.666,0.1878,8500083.21,15677632.24293
399006.SZ,2014-07-04,1411.638,1421.677,1423.89,1406.207,1422.603,-10.965,-0.7708,7316971.0,13917659.07924
399006.SZ,2014-07-07,1393.889,1411.989,1411.989,1381.941,1411.638,-17.749,-1.2573,7084421.57,13858251.21578
399006.SZ,2014-07-08,1410.725,1392.347,1410.725,1379.493,1393.889,16.836,1.2078,7016326.21,13972379.08787
399006.SZ,2014-07-09,1384.579,1410.393,1418.682,1384.256,1410.725,-26.146,-1.8534,8070078.57,15818213.61318
399006.SZ,2014-07-10,1363.882,1384.454,1387.889,1362.352,1384.579,-20.697,-1.4948,6647832.95,13060601.85524
399006.SZ,2014-07-11,1359.342,1361.569,1372.124,1351.77,1363.882,-4.54,-0.3329,5975015.29,11362385.48715
399006.SZ,2014-07-14,1367.07,1358.173,1367.818,1342.564,1359.342,7.728,0.5685,6850127.55,12926075.42765
399006.SZ,2014-07-15,1341.269,1364.081,1366.163,1332.874,1367.07,-25.801,-1.8873,6879634.28,13091590.9384
399006.SZ,2014-07-16,1318.615,1338.921,1344.364,1310.861,1341.269,-22.654,-1.689,6365693.12,12066598.54434
399006.SZ,2014-07-17,1312.809,1315.093,1323.238,1304.579,1318.615,-5.806,-0.4403,4655989.56,9045449.80042
399006.SZ,2014-07-18,1305.922,1309.957,1321.928,1300.757,1312.809,-6.887,-0.5246,4258228.1,7859152.47225
399006.SZ,2014-07-21,1306.965,1304.721,1313.557,1287.235,1305.922,1.043,0.0799,4751454.22,9217685.78619
399006.SZ,2014-07-22,1329.349,1306.317,1330.291,1305.027,1306.965,22.384,1.7127,5221611.2,9951430.6986
399006.SZ,2014-07-23,1293.094,1330.139,1332.362,1287.644,1329.349,-36.255,-2.7273,5764228.84,11353747.16878
399006.SZ,2014-07-24,1271.879,1291.485,1291.485,1255.69,1293.094,-21.215,-1.6406,5836969.23,10943196.20911
399006.SZ,2014-07-25,1285.768,1271.427,1288.672,1270.365,1271.879,13.889,1.092,4254078.14,8069807.14196
399006.SZ,2014-07-28,1314.527,1289.103,1316.037,1286.66,1285.768,28.759,2.2367,5638570.47,10141773.21827
399006.SZ,2014-07-29,1331.764,1315.749,1337.53,1310.841,1314.527,17.237,1.3113,6079139.06,11613838.34886
399006.SZ,2014-07-30,1342.738,1330.191,1345.347,1329.074,1331.764,10.974,0.824,5648182.83,10785792.40014
399006.SZ,2014-07-31,1344.544,1342.734,1346.221,1334.264,1342.738,1.806,0.1345,5111416.05,9688430.29239
399006.SZ,2014-08-01,1325.938,1339.982,1343.581,1324.191,1344.544,-18.606,-1.3838,5827999.58,10665084.62551
399006.SZ,2014-08-04,1329.821,1325.009,1331.804,1324.256,1325.938,3.883,0.2928,4450591.08,8433378.9341
399006.SZ,2014-08-05,1360.692,1330.321,1363.12,1321.203,1329.821,30.871,2.3214,8187878.42,15664599.52681
399006.SZ,2014-08-06,1365.74,1357.528,1368.526,1353.949,1360.692,5.048,0.371,6297388.71,11990891.74732
399006.SZ,2014-08-07,1362.028,1365.184,1381.457,1361.333,1365.74,-3.712,-0.2718,6312172.12,12102315.02529
399006.SZ,2014-08-08,1377.445,1368.06,1381.441,1368.06,1362.028,15.417,1.1319,5634665.87,11391317.04652
399006.SZ,2014-08-11,1397.784,1379.473,1397.969,1379.473,1377.445,20.339,1.4766,6644964.07,13087014.42313
399006.SZ,2014-08-12,1396.438,1398.148,1402.75,1393.114,1397.784,-1.346,-0.0963,6211937.25,12026539.60706
399006.SZ,2014-08-13,1384.309,1396.262,1397.098,1370.077,1396.438,-12.129,-0.8686,6496260.0,12581556.84731
399006.SZ,2014-08-14,1380.303,1384.717,1394.516,1378.954,1384.309,-4.006,-0.2894,6046571.3,11316254.01899
399006.SZ,2014-08-15,1392.451,1382.872,1392.486,1377.932,1380.303,12.148,0.8801,6245268.03,10636625.28581
399006.SZ,2014-08-18,1428.739,1394.638,1429.001,1394.638,1392.451,36.288,2.6061,8789728.41,17259191.55357
399006.SZ,2014-08-19,1436.396,1436.424,1446.792,1427.055,1428.739,7.657,0.5359,9432676.07,19015894.98914
399006.SZ,2014-08-20,1427.404,1438.288,1438.288,1421.924,1436.396,-8.992,-0.626,6900496.87,13861863.77718
399006.SZ,2014-08-21,1447.881,1428.628,1447.912,1421.244,1427.404,20.477,1.4346,7908640.22,16589054.50321
399006.SZ,2014-08-22,1461.722,1450.101,1465.665,1446.038,1447.881,13.841,0.9559,8606144.59,17963329.04257
399006.SZ,2014-08-25,1443.806,1461.207,1461.492,1439.855,1461.722,-17.916,-1.2257,7983738.77,16379116.47652
399006.SZ,2014-08-26,1411.15,1440.704,1443.596,1406.336,1443.806,-32.656,-2.2618,6777489.93,13400065.9473
399006.SZ,2014-08-27,1420.54,1411.76,1427.315,1411.76,1411.15,9.39,0.6654,5295961.95,10766839.94584
399006.SZ,2014-08-28,1403.795,1423.343,1424.291,1398.56,1420.54,-16.745,-1.1788,5339348.99,11036738.22412
399006.SZ,2014-08-29,1424.469,1400.839,1424.469,1400.83,1403.795,20.674,1.4727,4291319.83,9115640.74453
399006.SZ,2014-09-01,1452.843,1428.365,1453.124,1427.927,1424.469,28.374,1.9919,6008886.36,12509973.59166
399006.SZ,2014-09-02,1465.033,1457.505,1465.038,1452.707,1452.843,12.19,0.839,7894489.03,16544034.57887
399006.SZ,2014-09-03,1477.673,1468.093,1479.832,1461.234,1465.033,12.64,0.8628,9037420.05,19027908.32645
399006.SZ,2014-09-04,1495.513,1478.328,1495.811,1472.894,1477.673,17.84,1.2073,9033361.6,19412967.32249
399006.SZ,2014-09-05,1489.835,1497.992,1498.257,1482.039,1495.513,-5.678,-0.3797,7758551.96,16101853.99854
399006.SZ,2014-09-09,1494.017,1492.445,1497.424,1479.055,1489.835,4.182,0.2807,7608182.38,15986303.33623
399006.SZ,2014-09-10,1504.914,1491.413,1506.473,1484.707,1494.017,10.897,0.7294,7241514.89,15395346.93571
399006.SZ,2014-09-11,1513.014,1506.004,1532.305,1502.389,1504.914,8.1,0.5382,9933642.69,20973008.38138
399006.SZ,2014-09-12,1524.121,1512.397,1524.325,1506.875,1513.014,11.107,0.7341,7805218.05,15756202.19681
399006.SZ,2014-09-15,1526.135,1522.57,1528.57,1517.304,1524.121,2.014,0.1321,8755358.34,18776451.41659
399006.SZ,2014-09-16,1473.13,1527.065,1529.397,1471.61,1526.135,-53.005,-3.4732,10281527.41,21520893.01337
399006.SZ,2014-09-17,1479.118,1473.522,1481.064,1456.502,1473.13,5.988,0.4065,6375396.26,13147422.03791
399006.SZ,2014-09-18,1490.787,1477.314,1492.614,1474.654,1479.118,11.669,0.7889,5775977.24,11463903.13055
399006.SZ,2014-09-19,1499.124,1492.099,1501.385,1486.283,1490.787,8.337,0.5592,5739032.7,11366754.68808
399006.SZ,2014-09-22,1483.353,1496.959,1496.959,1480.182,1499.124,-15.771,-1.052,6547808.24,13115301.414
399006.SZ,2014-09-23,1500.99,1485.505,1502.04,1483.037,1483.353,17.637,1.189,5867363.46,11971328.41102
399006.SZ,2014-09-24,1517.421,1501.039,1517.421,1497.889,1500.99,16.431,1.0947,7284822.15,14428324.18687
399006.SZ,2014-09-25,1508.416,1520.099,1523.25,1505.651,1517.421,-9.005,-0.5934,8395692.22,16240141.69976
399006.SZ,2014-09-26,1511.357,1506.313,1512.798,1502.498,1508.416,2.941,0.195,6589880.55,12693487.36175
399006.SZ,2014-09-29,1526.175,1515.376,1526.363,1515.376,1511.357,14.818,0.9804,7320545.04,14611957.28955
399006.SZ,2014-09-30,1540.874,1527.26,1540.952,1527.26,1526.175,14.699,0.9631,6685560.46,13502533.70009
399006.SZ,2014-10-08,1557.568,1543.593,1557.568,1537.01,1540.874,16.694,1.0834,7457259.11,16286158.59166
399006.SZ,2014-10-09,1561.166,1562.102,1569.055,1541.673,1557.568,3.598,0.231,8744940.12,19469084.9415
399006.SZ,2014-10-10,1554.217,1559.928,1563.874,1546.223,1561.166,-6.949,-0.4451,8037670.94,17618325.12653
399006.SZ,2014-10-13,1548.327,1548.177,1548.878,1527.704,1554.217,-5.89,-0.379,7501368.1,16306566.76653
399006.SZ,2014-10-14,1539.119,1546.666,1560.059,1532.444,1548.327,-9.208,-0.5947,7189510.58,15541589.90922
399006.SZ,2014-10-15,1545.623,1539.347,1545.754,1527.188,1539.119,6.504,0.4226,6510670.23,14413298.89555
399006.SZ,2014-10-16,1526.56,1539.858,1551.842,1526.537,1545.623,-19.063,-1.2334,6999899.17,15641660.98741
399006.SZ,2014-10-17,1511.054,1527.457,1529.548,1488.472,1526.56,-15.506,-1.0157,6580079.39,13986952.08701
399006.SZ,2014-10-20,1532.38,1513.422,1532.38,1513.422,1511.054,21.326,1.4113,4949387.94,10835818.24454
399006.SZ,2014-10-21,1517.483,1535.066,1537.673,1515.929,1532.38,-14.897,-0.9721,5896893.64,12988169.28662
399006.SZ,2014-10-22,1504.552,1518.803,1524.802,1503.817,1517.483,-12.931,-0.8521,5526244.39,12150656.60088
399006.SZ,2014-10-23,1477.837,1500.547,1501.724,1474.04,1504.552,-26.715,-1.7756,5499286.14,11638522.64142
399006.SZ,2014-10-24,1477.588,1478.339,1493.527,1473.059,1477.837,-0.249,-0.0168,4161694.86,8958852.56886
399006.SZ,2014-10-27,1492.01,1473.662,1492.01,1465.956,1477.588,14.422,0.9761,5325224.58,11254966.07921
399006.SZ,2014-10-28,1522.052,1495.694,1522.052,1495.694,1492.01,30.042,2.0135,6397386.19,13575918.81808
399006.SZ,2014-10-29,1530.084,1525.983,1535.797,1524.076,1522.052,8.032,0.5277,7395215.14,15609613.49073
399006.SZ,2014-10-30,1525.767,1532.909,1539.207,1522.637,1530.084,-4.317,-0.2821,6372165.19,13634490.71138
399006.SZ,2014-10-31,1513.267,1527.605,1529.553,1502.245,1525.767,-12.5,-0.8193,7055584.19,14565899.08825
399006.SZ,2014-11-03,1529.892,1513.253,1529.899,1513.199,1513.267,16.625,1.0986,5968475.02,12895397.13384
399006.SZ,2014-11-04,1516.396,1531.821,1538.175,1514.465,1529.892,-13.496,-0.8822,6341710.41,14248678.61601
399006.SZ,2014-11-05,1512.487,1514.77,1517.015,1505.978,1516.396,-3.909,-0.2578,5509058.1,11650673.86385
399006.SZ,2014-11-06,1532.52,1513.722,1532.868,1510.78,1512.487,20.033,1.3245,5793309.9,12731389.41948
399006.SZ,2014-11-07,1522.625,1535.494,1543.717,1517.286,1532.52,-9.895,-0.6457,7687742.89,17128694.8237
399006.SZ,2014-11-10,1514.818,1525.198,1526.375,1506.803,1522.625,-7.807,-0.5127,6105760.79,13229759.23324
399006.SZ,2014-11-11,1461.508,1513.529,1514.372,1452.032,1514.818,-53.31,-3.5192,7822258.09,16163519.1605
399006.SZ,2014-11-12,1475.753,1457.239,1476.03,1455.094,1461.508,14.245,0.9747,4657556.39,9668865.06039
399006.SZ,2014-11-13,1442.859,1473.739,1473.739,1434.269,1475.753,-32.894,-2.229,6611010.52,13476264.86848
399006.SZ,2014-11-14,1441.213,1438.966,1449.098,1435.5,1442.859,-1.646,-0.1141,4424866.37,8746362.45521
399006.SZ,2014-11-17,1471.685,1444.064,1474.36,1437.992,1441.213,30.472,2.1143,5206730.88,10522923.08966
399006.SZ,2014-11-18,1481.86,1471.082,1483.141,1470.509,1471.685,10.175,0.6914,5174422.28,10473513.11673
399006.SZ,2014-11-19,1505.552,1488.456,1509.728,1488.456,1481.86,23.692,1.5988,5962341.05,13058574.99197
399006.SZ,2014-11-20,1494.591,1504.584,1504.584,1491.646,1505.552,-10.961,-0.728,5896626.6,13520587.25212
399006.SZ,2014-11-21,1504.833,1493.159,1508.217,1493.159,1494.591,10.242,0.6853,5378335.79,11845412.24741
399006.SZ,2014-11-24,1507.811,1513.428,1515.843,1497.849,1504.833,2.978,0.1979,6760055.21,14604530.09778
399006.SZ,2014-11-25,1541.922,1510.622,1541.922,1510.247,1507.811,34.111,2.2623,8047757.18,18123054.06552
399006.SZ,2014-11-26,1554.22,1544.687,1561.304,1544.099,1541.922,12.298,0.7976,7977083.15,18415205.69257
399006.SZ,2014-11-27,1563.409,1557.771,1566.834,1548.287,1554.22,9.189,0.5912,7923711.43,18221710.91381
399006.SZ,2014-11-28,1570.851,1562.829,1582.483,1558.309,1563.409,7.442,0.476,9557240.18,21705573.24533
399006.SZ,2014-12-01,1552.306,1569.65,1569.65,1544.184,1570.851,-18.545,-1.1806,8887777.91,19653648.77651
399006.SZ,2014-12-02,1565.417,1554.464,1567.541,1552.126,1552.306,13.111,0.8446,8125991.98,19035556.2752
399006.SZ,2014-12-03,1604.447,1568.474,1604.88,1540.423,1565.417,39.03,2.4933,13363363.21,31190679.96556
399006.SZ,2014-12-04,1621.845,1604.891,1631.314,1604.891,1604.447,17.398,1.0844,11818100.2,28362070.61536
399006.SZ,2014-12-05,1581.907,1626.118,1626.118,1544.465,1621.845,-39.938,-2.4625,12453164.8,28606680.24181
399006.SZ,2014-12-08,1567.163,1575.303,1600.865,1554.785,1581.907,-14.744,-0.932,11905377.02,27493961.91727
399006.SZ,2014-12-09,1504.623,1557.017,1577.748,1504.227,1567.163,-62.54,-3.9907,13437291.17,30842828.61249
399006.SZ,2014-12-10,1572.685,1499.33,1576.888,1499.33,1504.623,68.062,4.5235,11645015.65,28047392.40544
399006.SZ,2014-12-11,1587.665,1572.605,1593.382,1563.315,1572.685,14.98,0.9525,10808212.07,25535591.85654
399006.SZ,2014-12-12,1623.569,1588.241,1626.339,1586.751,1587.665,35.904,2.2614,10250238.08,24450985.2343
399006.SZ,2014-12-15,1657.498,1623.603,1664.26,1619.702,1623.569,33.929,2.0898,10029890.24,24805460.85317
399006.SZ,2014-12-16,1649.582,1665.298,1674.977,1636.176,1657.498,-7.916,-0.4776,9025218.65,22480964.36787
399006.SZ,2014-12-17,1644.212,1639.154,1652.975,1623.696,1649.582,-5.37,-0.3255,8897669.64,22536643.52442
399006.SZ,2014-12-18,1634.052,1641.577,1663.667,1633.256,1644.212,-10.16,-0.6179,7890489.74,19728892.49115
399006.SZ,2014-12-19,1596.811,1627.8,1627.8,1568.983,1634.052,-37.241,-2.2791,8451846.21,19943629.17533
399006.SZ,2014-12-22,1517.928,1583.955,1583.955,1510.047,1596.811,-78.883,-4.94,9139626.2,20599063.60429
399006.SZ,2014-12-23,1496.534,1501.527,1543.348,1489.118,1517.928,-21.394,-1.4094,7374960.25,16670237.77376
399006.SZ,2014-12-24,1519.798,1502.667,1524.268,1501.228,1496.534,23.264,1.5545,5908522.5,13428859.16127
399006.SZ,2014-12-25,1529.468,1521.995,1531.636,1514.227,1519.798,9.67,0.6363,5972622.31,14283411.45063
399006.SZ,2014-12-26,1536.082,1531.2,1539.16,1524.008,1529.468,6.614,0.4324,6024367.11,14180960.0334
399006.SZ,2014-12-29,1499.4,1531.117,1531.117,1491.21,1536.082,-36.682,-2.388,8416279.97,18724891.14874
399006.SZ,2014-12-30,1460.108,1491.1,1493.437,1450.049,1499.4,-39.292,-2.6205,7632859.8,17382715.91013
399006.SZ,2014-12-31,1471.764,1455.679,1479.856,1451.287,1460.108,11.656,0.7983,6278563.16,14167671.95885
399006.SZ,2015-01-05,1464.774,1470.578,1470.578,1429.084,1471.764,-6.99,-0.4749,8048809.75,17995232.34255
399006.SZ,2015-01-06,1539.828,1458.573,1542.151,1454.137,1464.774,75.054,5.1239,11002410.72,25733227.71131
399006.SZ,2015-01-07,1523.387,1542.4,1547.249,1517.371,1539.828,-16.441,-1.0677,8511065.82,20628091.69588
399006.SZ,2015-01-08,1541.887,1516.833,1565.774,1516.833,1523.387,18.5,1.2144,8472050.71,21107580.01585
399006.SZ,2015-01-09,1553.239,1535.328,1583.75,1534.607,1541.887,11.352,0.7362,9200110.92,23172562.89314
399006.SZ,2015-01-12,1586.124,1552.054,1587.182,1550.62,1553.239,32.885,2.1172,7788307.85,20654042.00842
399006.SZ,2015-01-13,1601.168,1587.691,1611.125,1578.398,1586.124,15.044,0.9485,8482573.69,21454689.59962
399006.SZ,2015-01-14,1588.007,1598.723,1605.155,1579.554,1601.168,-13.161,-0.822,6797307.48,17064236.93432
399006.SZ,2015-01-15,1586.335,1584.677,1606.558,1578.224,1588.007,-1.672,-0.1053,6413981.57,16419340.63728
399006.SZ,2015-01-16,1639.555,1586.71,1641.533,1586.636,1586.335,53.22,3.3549,8001356.06,21366624.62255
399006.SZ,2015-01-19,1630.065,1608.251,1691.136,1599.661,1639.555,-9.49,-0.5788,11434059.57,29066088.51326
399006.SZ,2015-01-20,1700.852,1635.572,1700.941,1635.572,1630.065,70.787,4.3426,11651172.78,28679842.78157
399006.SZ,2015-01-21,1722.581,1704.101,1729.84,1701.871,1700.852,21.729,1.2775,13657857.54,33999540.7665
399006.SZ,2015-01-22,1744.037,1723.244,1744.082,1716.389,1722.581,21.456,1.2456,11741562.57,30489282.95271
399006.SZ,2015-01-23,1697.288,1742.087,1742.087,1693.52,1744.037,-46.749,-2.6805,10102309.54,26720720.2374
399006.SZ,2015-01-26,1739.79,1698.985,1740.366,1698.985,1697.288,42.502,2.5041,8859796.3,23757191.15493
399006.SZ,2015-01-27,1743.675,1742.465,1754.207,1715.525,1739.79,3.885,0.2233,9485715.57,25284222.41264
399006.SZ,2015-01-28,1731.413,1741.07,1759.003,1727.923,1743.675,-12.262,-0.7032,9005078.26,23672653.03616
399006.SZ,2015-01-29,1711.372,1717.398,1733.631,1709.36,1731.413,-20.041,-1.1575,7044475.69,18172638.06162
399006.SZ,2015-01-30,1680.58,1712.854,1721.143,1679.692,1711.372,-30.792,-1.7993,7542110.41,18491278.20153
399006.SZ,2015-02-02,1696.829,1667.119,1708.706,1660.046,1680.58,16.249,0.9669,7051525.75,18946184.09828
399006.SZ,2015-02-03,1750.906,1703.927,1762.728,1703.927,1696.829,54.077,3.1869,10309984.7,28132061.30483
399006.SZ,2015-02-04,1757.739,1753.769,1770.2,1743.024,1750.906,6.833,0.3903,9854424.97,25477202.97268
399006.SZ,2015-02-05,1774.312,1757.234,1809.719,1741.959,1757.739,16.573,0.9429,12803030.14,34192474.83507
399006.SZ,2015-02-06,1730.966,1772.352,1783.618,1725.642,1774.312,-43.346,-2.443,9614324.48,24813333.60365
399006.SZ,2015-02-09,1708.845,1727.223,1753.5,1702.562,1730.966,-22.121,-1.278,7492941.5,19399232.00387
399006.SZ,2015-02-10,1747.675,1707.262,1747.862,1700.875,1708.845,38.83,2.2723,6188872.95,16166225.13552
399006.SZ,2015-02-11,1772.845,1748.23,1783.237,1748.23,1747.675,25.17,1.4402,7442504.14,20802498.62843
399006.SZ,2015-02-12,1788.809,1777.216,1799.455,1776.347,1772.845,15.964,0.9005,8295701.35,22092852.29892
399006.SZ,2015-02-13,1825.488,1798.54,1828.235,1796.41,1788.809,36.679,2.0505,9687092.57,26118763.10871
399006.SZ,2015-02-16,1896.628,1836.714,1897.661,1836.714,1825.488,71.14,3.897,12084083.29,33149749.90507
399006.SZ,2015-02-17,1894.306,1908.183,1909.906,1873.17,1896.628,-2.322,-0.1224,9332695.79,26347600.03471
399006.SZ,2015-02-25,1876.745,1899.389,1909.653,1872.103,1894.306,-17.561,-0.927,11076894.11,29409927.40349
399006.SZ,2015-02-26,1880.388,1875.332,1891.782,1847.73,1876.745,3.643,0.1941,10216133.88,27577506.77072
399006.SZ,2015-02-27,1928.044,1880.63,1928.044,1880.63,1880.388,47.656,2.5344,11591398.34,33075663.21098
399006.SZ,2015-03-02,1986.986,1944.106,1987.798,1940.32,1928.044,58.942,3.0571,15740467.97,44559580.03912
399006.SZ,2015-03-03,1961.743,1987.332,2004.033,1961.006,1986.986,-25.243,-1.2704,16073667.95,45219418.5269
399006.SZ,2015-03-04,2009.827,1960.536,2011.078,1960.536,1961.743,48.084,2.4511,13639177.64,38762507.22179
399006.SZ,2015-03-05,2014.786,2015.703,2032.218,1997.457,2009.827,4.959,0.2467,13729280.92,40497958.68419
399006.SZ,2015-03-06,1951.398,2016.813,2018.182,1949.287,2014.786,-63.388,-3.1461,11680900.0,33028801.11705
399006.SZ,2015-03-09,1994.39,1941.42,1996.895,1932.82,1951.398,42.992,2.2031,9924177.01,30038668.10075
399006.SZ,2015-03-10,2045.322,2001.185,2048.302,2001.185,1994.39,50.932,2.5538,11513562.14,34781367.38393
399006.SZ,2015-03-11,2035.829,2050.76,2054.774,2022.319,2045.322,-9.493,-0.4641,12121049.32,36518956.87064
399006.SZ,2015-03-12,2018.132,2034.621,2054.392,1984.914,2035.829,-17.697,-0.8693,12554152.03,36474065.46443
399006.SZ,2015-03-13,2069.072,2020.656,2070.953,2011.172,2018.132,50.94,2.5241,11454139.72,33289259.15012
399006.SZ,2015-03-16,2142.672,2088.199,2144.777,2088.199,2069.072,73.6,3.5572,15609051.6,47903344.8516
399006.SZ,2015-03-17,2137.462,2149.369,2164.49,2117.78,2142.672,-5.21,-0.2432,15488669.6,46584786.66589
399006.SZ,2015-03-18,2182.919,2138.366,2186.023,2124.979,2137.462,45.457,2.1267,14615347.38,43729517.44596
399006.SZ,2015-03-19,2183.878,2184.763,2192.553,2160.986,2182.919,0.959,0.0439,13173261.83,39413445.75239
399006.SZ,2015-03-20,2213.766,2187.468,2232.078,2187.013,2183.878,29.888,1.3686,14970050.08,46361445.68649
399006.SZ,2015-03-23,2293.649,2225.848,2293.918,2221.713,2213.766,79.883,3.6085,16063278.82,52226678.22877
399006.SZ,2015-03-24,2357.969,2310.513,2363.055,2253.203,2293.649,64.32,2.8043,19795133.73,67572214.68819
399006.SZ,2015-03-25,2385.014,2364.941,2405.559,2344.109,2357.969,27.045,1.147,17105895.67,60342142.37527
399006.SZ,2015-03-26,2291.789,2362.446,2370.295,2270.787,2385.014,-93.225,-3.9088,16920001.81,60297434.88923
399006.SZ,2015-03-27,2323.818,2274.677,2326.418,2267.868,2291.789,32.029,1.3976,12111399.43,42235711.24614
399006.SZ,2015-03-30,2290.476,2319.307,2332.603,2266.846,2323.818,-33.342,-1.4348,12196593.78,41050894.67916
399006.SZ,2015-03-31,2335.171,2294.317,2358.206,2288.311,2290.476,44.695,1.9513,12866257.98,44804381.01444
399006.SZ,2015-04-01,2404.909,2346.996,2407.49,2345.75,2335.171,69.738,2.9864,12903991.95,46113103.25084
399006.SZ,2015-04-02,2475.325,2434.764,2475.325,2420.187,2404.909,70.416,2.928,15562804.21,57585347.50099
399006.SZ,2015-04-03,2510.16,2469.847,2515.575,2460.938,2475.325,34.835,1.4073,14909877.2,56807919.31733
399006.SZ,2015-04-07,2556.698,2530.072,2557.874,2522.262,2510.16,46.538,1.854,14980177.53,57733310.19689
399006.SZ,2015-04-08,2488.158,2566.937,2568.087,2442.816,2556.698,-68.54,-2.6808,16881039.69,63963052.78419
399006.SZ,2015-04-09,2496.487,2481.688,2501.296,2346.888,2488.158,8.329,0.3347,16435609.84,60506253.81437
399006.SZ,2015-04-10,2552.829,2475.555,2567.683,2457.821,2496.487,56.342,2.2569,13792206.88,54183459.88326
399006.SZ,2015-04-13,2577.776,2558.186,2596.922,2545.258,2552.829,24.947,0.9772,15415818.02,60047934.74817
399006.SZ,2015-04-14,2558.848,2584.586,2593.7,2539.938,2577.776,-18.928,-0.7343,14653230.29,56915223.73718
399006.SZ,2015-04-15,2441.739,2548.992,2548.992,2441.739,2558.848,-117.109,-4.5766,14275998.88,54078741.49991
399006.SZ,2015-04-16,2484.33,2420.931,2532.305,2407.851,2441.739,42.591,1.7443,12556890.45,47538063.42474
399006.SZ,2015-04-17,2463.99,2507.472,2511.981,2453.281,2484.33,-20.34,-0.8187,13950361.6,50623382.11936
399006.SZ,2015-04-20,2424.848,2462.406,2493.196,2411.34,2463.99,-39.142,-1.5886,14085498.08,49207064.91067
399006.SZ,2015-04-21,2566.091,2443.12,2566.091,2443.12,2424.848,141.243,5.8248,13370884.27,49992745.36024
399006.SZ,2015-04-22,2634.931,2610.738,2655.373,2610.738,2566.091,68.84,2.6827,15618091.77,59533767.9403
399006.SZ,2015-04-23,2706.185,2656.177,2718.263,2656.177,2634.931,71.254,2.7042,15689520.93,61948606.51347
399006.SZ,2015-04-24,2734.75,2689.907,2747.624,2672.203,2706.185,28.565,1.0555,14680573.86,58968956.46757
399006.SZ,2015-04-27,2747.497,2781.597,2806.755,2737.148,2734.75,12.747,0.4661,13642036.07,55466052.08481
399006.SZ,2015-04-28,2687.974,2764.406,2779.2,2650.425,2747.497,-59.523,-2.1664,14416597.35,55172760.3233
399006.SZ,2015-04-29,2797.524,2693.481,2798.515,2674.757,2687.974,109.55,4.0756,13890635.4,61866078.26046
399006.SZ,2015-04-30,2857.89,2825.161,2918.745,2825.161,2797.524,60.366,2.1578,15267242.63,65691701.18584
399006.SZ,2015-05-04,2845.252,2868.102,2884.442,2803.817,2857.89,-12.638,-0.4422,13214880.61,56751287.71932
399006.SZ,2015-05-05,2783.443,2830.794,2845.711,2753.87,2845.252,-61.809,-2.1724,11942582.96,49492142.44768
399006.SZ,2015-05-06,2846.558,2806.299,2927.026,2806.299,2783.443,63.115,2.2675,14806440.14,65058665.8521
399006.SZ,2015-05-07,2806.047,2824.82,2879.682,2801.465,2846.558,-40.511,-1.4232,12371650.13,52550576.3118
399006.SZ,2015-05-08,2973.596,2838.97,2974.367,2838.97,2806.047,167.549,5.971,16931097.79,69171093.20582
399006.SZ,2015-05-11,3146.83,3015.433,3150.492,2991.328,2973.596,173.234,5.8257,21111859.28,91339566.28827
399006.SZ,2015-05-12,3250.296,3176.543,3254.99,3133.964,3146.83,103.466,3.2879,20718039.28,91757737.40716
399006.SZ,2015-05-13,3192.147,3185.342,3271.175,3123.918,3250.296,-58.149,-1.789,19555483.82,86700531.68211
399006.SZ,2015-05-14,3141.593,3174.448,3228.031,3137.275,3192.147,-50.554,-1.5837,18214778.62,80170203.02849
399006.SZ,2015-05-15,3145.335,3109.114,3176.115,3059.859,3141.593,3.742,0.1191,16278742.15,65892688.25791
399006.SZ,2015-05-18,3278.483,3178.369,3286.408,3178.369,3145.335,133.148,4.2332,16579559.07,71977352.09499
399006.SZ,2015-05-19,3322.774,3310.091,3340.42,3206.778,3278.483,44.291,1.351,16484612.53,72058360.81277
399006.SZ,2015-05-20,3406.284,3339.17,3471.949,3339.17,3322.774,83.51,2.5133,18483625.16,80861227.78709
399006.SZ,2015-05-21,3527.413,3421.611,3531.842,3421.447,3406.284,121.129,3.556,17986736.34,80805927.52919
399006.SZ,2015-05-22,3516.627,3594.589,3618.236,3438.566,3527.413,-10.786,-0.3058,22957869.05,100277336.15529
399006.SZ,2015-05-25,3467.916,3415.668,3499.535,3370.836,3516.627,-48.711,-1.3852,17747191.25,75232026.55506
399006.SZ,2015-05-26,3618.231,3471.795,3619.485,3471.795,3467.916,150.315,4.3344,18796695.24,83027944.48085
399006.SZ,2015-05-27,3628.673,3638.21,3662.98,3546.584,3618.231,10.442,0.2886,19933554.93,89055095.65644
399006.SZ,2015-05-28,3432.982,3618.339,3677.325,3432.982,3628.673,-195.691,-5.3929,20439582.12,91108360.14926
399006.SZ,2015-05-29,3542.844,3444.062,3595.168,3328.457,3432.982,109.862,3.2002,17368776.88,76249518.03087
399006.SZ,2015-06-01,3718.753,3580.077,3722.864,3580.077,3542.844,175.909,4.9652,15686812.86,73632760.85316
399006.SZ,2015-06-02,3901.543,3757.104,3912.481,3756.092,3718.753,182.79,4.9154,18436131.69,87683157.08321
399006.SZ,2015-06-03,3982.251,3949.284,4011.039,3838.224,3901.543,80.708,2.0686,19103063.74,96307066.1382
399006.SZ,2015-06-04,3943.467,3991.797,4015.203,3695.826,3982.251,-38.784,-0.9739,18215643.69,91615721.66975
399006.SZ,2015-06-05,3885.832,3994.44,4037.959,3841.415,3943.467,-57.635,-1.4615,18124737.71,87228578.45292
399006.SZ,2015-06-08,3704.553,3862.801,3862.801,3643.035,3885.832,-181.279,-4.6651,17872656.46,79702857.97515
399006.SZ,2015-06-09,3705.536,3664.372,3793.365,3633.724,3704.553,0.983,0.0265,16251062.73,69426570.80136
399006.SZ,2015-06-10,3834.699,3695.064,3876.851,3676.761,3705.536,129.163,3.4857,17571078.89,74257474.54817
399006.SZ,2015-06-11,3862.138,3843.98,3884.371,3815.06,3834.699,27.439,0.7155,17807537.24,73333231.86328
399006.SZ,2015-06-12,3899.705,3889.155,3922.698,3850.591,3862.138,37.567,0.9727,17990346.65,77219650.22121
399006.SZ,2015-06-15,3696.027,3919.356,3919.356,3688.89,3899.705,-203.678,-5.2229,18918533.34,79765702.41493
399006.SZ,2015-06-16,3590.669,3636.787,3669.818,3475.354,3696.027,-105.358,-2.8506,18433278.07,76590003.2747
399006.SZ,2015-06-17,3741.357,3586.371,3754.369,3511.11,3590.669,150.688,4.1967,17017692.86,71681391.2633
399006.SZ,2015-06-18,3504.554,3734.91,3752.179,3497.732,3741.357,-236.803,-6.3293,15820255.88,66804000.33617
399006.SZ,2015-06-19,3314.976,3408.526,3476.033,3304.65,3504.554,-189.578,-5.4095,16048859.03,61642363.17724
399006.SZ,2015-06-23,3393.94,3314.885,3397.266,3154.602,3314.976,78.964,2.382,16332555.39,61085836.95292
399006.SZ,2015-06-24,3383.404,3425.569,3459.46,3304.672,3393.94,-10.536,-0.3104,15831177.48,60619593.70196
399006.SZ,2015-06-25,3206.381,3403.628,3408.232,3172.368,3383.404,-177.023,-5.2321,15386743.11,58358377.19778
399006.SZ,2015-06-26,2920.703,3078.398,3078.398,2915.939,3206.381,-285.678,-8.9097,14602157.87,48608302.93668
399006.SZ,2015-06-29,2689.76,2943.504,2950.129,2663.438,2920.703,-230.943,-7.9071,16987213.19,53486110.87021
399006.SZ,2015-06-30,2858.606,2566.017,2875.09,2485.456,2689.76,168.846,6.2774,23935743.9,74681453.67321
399006.SZ,2015-07-01,2759.408,2842.166,3008.194,2743.606,2858.606,-99.198,-3.4702,23090569.4,82992208.37405
399006.SZ,2015-07-02,2649.316,2756.245,2825.153,2591.05,2759.408,-110.092,-3.9897,20405232.84,67562737.28515
399006.SZ,2015-07-03,2605.276,2559.025,2788.763,2458.285,2649.316,-44.04,-1.6623,22300357.96,70734256.09861
399006.SZ,2015-07-06,2493.828,2795.671,2795.671,2417.558,2605.276,-111.448,-4.2778,23671806.8,74225344.12222
399006.SZ,2015-07-07,2352.01,2398.103,2415.681,2350.966,2493.828,-141.818,-5.6868,9891903.47,28209140.64701
399006.SZ,2015-07-08,2364.049,2304.761,2364.08,2304.761,2352.01,12.039,0.5119,15828310.88,42430046.91903
399006.SZ,2015-07-09,2435.755,2338.109,2435.755,2338.109,2364.049,71.706,3.0332,9349042.31,33269963.76561
399006.SZ,2015-07-10,2535.889,2487.388,2535.889,2478.865,2435.755,100.134,4.111,6957865.81,31943866.79333
399006.SZ,2015-07-13,2683.074,2612.768,2683.074,2592.196,2535.889,147.185,5.8041,11165850.26,54545877.09665
399006.SZ,2015-07-14,2726.048,2725.043,2827.551,2715.975,2683.074,42.974,1.6017,15534560.89,63349369.12274
399006.SZ,2015-07-15,2590.031,2750.655,2750.655,2583.462,2726.048,-136.017,-4.9895,22188240.61,70847191.77233
399006.SZ,2015-07-16,2627.076,2526.647,2698.155,2439.239,2590.031,37.045,1.4303,21895141.15,63784894.38467
399006.SZ,2015-07-17,2783.324,2651.44,2805.798,2646.501,2627.076,156.248,5.9476,20353927.44,64570149.15721
399006.SZ,2015-07-20,2848.303,2820.723,2907.148,2777.914,2783.324,64.979,2.3346,24973319.19,83758483.33517
399006.SZ,2015-07-21,2882.897,2802.022,2917.407,2779.533,2848.303,34.594,1.2145,20576327.66,70726988.47754
399006.SZ,2015-07-22,2897.373,2882.061,2932.06,2828.447,2882.897,14.476,0.5021,21116863.88,70395190.02261
399006.SZ,2015-07-23,2967.952,2896.249,2969.347,2864.428,2897.373,70.579,2.436,20453251.0,68371843.21187
399006.SZ,2015-07-24,2897.824,2976.935,3014.177,2879.264,2967.952,-70.128,-2.3628,22685881.81,77606245.0419
399006.SZ,2015-07-27,2683.446,2822.374,2924.08,2683.051,2897.824,-214.378,-7.3979,23062916.72,76783766.49507
399006.SZ,2015-07-28,2581.962,2546.406,2705.184,2492.189,2683.446,-101.484,-3.7819,25486582.98,73756328.76041
399006.SZ,2015-07-29,2693.865,2617.938,2693.99,2483.916,2581.962,111.903,4.334,23028010.17,67867496.70982
399006.SZ,2015-07-30,2561.191,2671.455,2707.759,2556.093,2693.865,-132.674,-4.925,20107766.77,62002927.23637
399006.SZ,2015-07-31,2539.844,2507.265,2605.344,2499.245,2561.191,-21.347,-0.8335,16712346.74,50529748.48932
399006.SZ,2015-08-03,2399.273,2475.328,2494.801,2371.479,2539.844,-140.571,-5.5346,18499053.4,51979835.13962
399006.SZ,2015-08-04,2546.162,2396.408,2546.162,2380.281,2399.273,146.889,6.1222,17577913.63,49331682.49245
399006.SZ,2015-08-05,2502.041,2542.269,2584.191,2480.445,2546.162,-44.121,-1.7328,18245428.27,51827798.10038
399006.SZ,2015-08-06,2480.926,2441.955,2517.991,2430.53,2502.041,-21.115,-0.8439,12142613.96,33809555.27946
399006.SZ,2015-08-07,2576.993,2509.963,2586.529,2505.274,2480.926,96.067,3.8722,15553369.78,48174848.46282
399006.SZ,2015-08-10,2706.718,2606.735,2726.9,2593.414,2576.993,129.725,5.034,18239544.91,60165715.08816
399006.SZ,2015-08-11,2698.912,2705.037,2747.832,2675.147,2706.718,-7.806,-0.2884,18026769.97,61137046.20268
399006.SZ,2015-08-12,2622.188,2658.843,2700.401,2622.188,2698.912,-76.724,-2.8428,13864486.28,45392204.07229
399006.SZ,2015-08-13,2684.258,2608.74,2684.258,2578.907,2622.188,62.07,2.3671,13616737.88,43097650.26387
399006.SZ,2015-08-14,2674.022,2713.784,2725.466,2664.416,2684.258,-10.236,-0.3813,15087068.06,47682222.38633
399006.SZ,2015-08-17,2666.287,2665.373,2676.715,2613.784,2674.022,-7.735,-0.2893,13488686.1,42017461.51475
399006.SZ,2015-08-18,2504.172,2674.422,2720.575,2488.608,2666.287,-162.115,-6.0802,19159772.87,59776536.38135
399006.SZ,2015-08-19,2570.691,2427.937,2584.36,2359.166,2504.172,66.519,2.6563,16762195.2,48823320.39718
399006.SZ,2015-08-20,2508.817,2556.772,2610.895,2508.349,2570.691,-61.874,-2.4069,14996964.62,45451472.93257
399006.SZ,2015-08-21,2341.954,2452.615,2480.675,2340.917,2508.817,-166.863,-6.6511,13140844.32,37599902.52643
399006.SZ,2015-08-24,2152.614,2222.542,2246.55,2152.614,2341.954,-189.34,-8.0847,9725533.72,24698852.14748
399006.SZ,2015-08-25,1990.706,1996.043,2048.026,1987.124,2152.614,-161.908,-7.5215,12050757.31,27881834.53934
399006.SZ,2015-08-26,1890.036,1975.923,2044.656,1875.029,1990.706,-100.67,-5.057,19339682.7,43661265.16971
399006.SZ,2015-08-27,1959.494,1924.778,1959.982,1843.186,1890.036,69.458,3.675,17904960.7,38860735.21465
399006.SZ,2015-08-28,2082.124,1990.345,2086.872,1960.393,1959.494,122.63,6.2582,19047124.44,44345709.26093
399006.SZ,2015-08-31,1996.865,2056.286,2058.852,1987.576,2082.124,-85.259,-4.0948,14476517.23,34156847.67967
399006.SZ,2015-09-01,1889.491,1959.455,1959.455,1877.361,1996.865,-107.374,-5.3771,14093048.67,31776358.50366
399006.SZ,2015-09-02,1855.032,1787.709,1953.914,1779.181,1889.491,-34.459,-1.8237,17259359.9,36076618.71444
399006.SZ,2015-09-07,1893.521,1882.859,1953.397,1878.263,1855.032,38.489,2.0748,16568996.87,34208030.71742
399006.SZ,2015-09-08,2001.156,1875.674,2004.81,1859.205,1893.521,107.635,5.6844,15813931.13,32537807.70944
399006.SZ,2015-09-09,2071.717,2023.305,2102.225,2017.098,2001.156,70.561,3.526,22026872.29,51149604.05413
399006.SZ,2015-09-10,2039.118,2030.032,2078.423,2024.892,2071.717,-32.599,-1.5735,14392332.74,32225291.64619
399006.SZ,2015-09-11,2060.505,2039.012,2084.051,2029.811,2039.118,21.387,1.0488,12532679.22,28746833.04555
399006.SZ,2015-09-14,1906.214,2068.202,2075.671,1905.203,2060.505,-154.291,-7.488,12874799.92,28293175.90243
399006.SZ,2015-09-15,1797.557,1843.23,1892.809,1794.292,1906.214,-108.657,-5.7001,12642825.24,24922119.31804
399006.SZ,2015-09-16,1926.245,1813.727,1928.778,1808.748,1797.557,128.688,7.159,13649237.66,27934195.61788
399006.SZ,2015-09-17,1933.297,1943.285,2020.554,1922.799,1926.245,7.052,0.3661,17974047.09,39273613.90001
399006.SZ,2015-09-18,1983.298,1948.116,1995.497,1922.142,1933.297,50.001,2.5863,14501812.69,30741085.43568
399006.SZ,2015-09-21,2079.06,1950.328,2080.219,1945.354,1983.298,95.762,4.8284,17143501.68,37938284.79145
399006.SZ,2015-09-22,2078.718,2082.336,2108.559,2042.133,2079.06,-0.342,-0.0164,18312347.26,41594267.1226
399006.SZ,2015-09-23,2077.99,2039.487,2103.224,2036.063,2078.718,-0.728,-0.035,14922605.74,33203244.92472
399006.SZ,2015-09-24,2106.594,2090.557,2130.465,2084.31,2077.99,28.604,1.3765,17553473.58,39225773.6335
399006.SZ,2015-09-25,2020.972,2091.854,2106.954,2002.45,2106.594,-85.622,-4.0645,15507784.03,33223263.34911
399006.SZ,2015-09-28,2122.257,2024.892,2124.062,2007.916,2020.972,101.285,5.0117,14308872.27,31949266.18614
399006.SZ,2015-09-29,2098.567,2089.538,2135.512,2075.972,2122.257,-23.69,-1.1163,15204186.22,34248493.63581
399006.SZ,2015-09-30,2082.673,2111.987,2124.289,2049.425,2098.567,-15.894,-0.7574,11351639.54,26346712.33319
399006.SZ,2015-10-08,2190.311,2153.118,2210.035,2138.541,2082.673,107.638,5.1683,16881107.46,39122940.40071
399006.SZ,2015-10-09,2216.656,2190.839,2230.028,2184.552,2190.311,26.345,1.2028,17107822.54,39886486.24272
399006.SZ,2015-10-12,2316.782,2233.605,2344.207,2232.271,2216.656,100.126,4.517,21355823.09,53297212.79701
399006.SZ,2015-10-13,2342.039,2297.932,2351.521,2290.639,2316.782,25.257,1.0902,17896283.27,45035319.5297
399006.SZ,2015-10-14,2305.003,2330.083,2350.594,2295.597,2342.039,-37.036,-1.5814,17811336.68,45164222.48023
399006.SZ,2015-10-15,2404.533,2300.617,2406.208,2296.795,2305.003,99.53,4.318,21002799.27,54403802.81071
399006.SZ,2015-10-16,2449.03,2424.62,2452.94,2401.093,2404.533,44.497,1.8505,22128934.17,59776204.79221
399006.SZ,2015-10-19,2433.599,2465.11,2466.477,2398.34,2449.03,-15.431,-0.6301,20147793.05,55967038.20366
399006.SZ,2015-10-20,2511.164,2430.183,2520.084,2427.784,2433.599,77.565,3.1873,21095374.98,57068493.99215
399006.SZ,2015-10-21,2344.74,2504.784,2527.771,2335.663,2511.164,-166.424,-6.6274,26526039.31,71342026.74407
399006.SZ,2015-10-22,2458.138,2355.157,2465.104,2355.157,2344.74,113.398,4.8363,22092727.49,61890922.73231
399006.SZ,2015-10-23,2538.383,2488.306,2549.763,2461.492,2458.138,80.245,3.2645,25269488.62,72792974.35299
399006.SZ,2015-10-26,2527.477,2570.128,2570.128,2481.589,2538.383,-10.906,-0.4296,24660639.13,70664797.12224
399006.SZ,2015-10-27,2563.958,2497.155,2586.948,2423.597,2527.477,36.481,1.4434,20936166.66,62128595.94305
399006.SZ,2015-10-28,2485.235,2551.701,2583.819,2473.465,2563.958,-78.723,-3.0704,19012051.24,58622813.43683
399006.SZ,2015-10-29,2485.276,2504.854,2528.704,2436.777,2485.235,0.041,0.0016,14051444.0,43473846.07331
399006.SZ,2015-10-30,2478.277,2475.229,2534.472,2439.158,2485.276,-6.999,-0.2816,17408714.5,51300124.52204
399006.SZ,2015-11-02,2432.038,2416.1,2513.323,2408.779,2478.277,-46.239,-1.8658,15840041.23,45893022.73888
399006.SZ,2015-11-03,2429.27,2444.051,2461.331,2407.553,2432.038,-2.768,-0.1138,13646596.61,40273684.70669
399006.SZ,2015-11-04,2584.317,2451.227,2584.317,2451.227,2429.27,155.047,6.3825,22827965.25,66281513.78092
399006.SZ,2015-11-05,2564.722,2587.819,2630.826,2542.848,2584.317,-19.595,-0.7582,25809207.81,77257734.30765
399006.SZ,2015-11-06,2661.412,2571.656,2666.399,2571.656,2564.722,96.69,3.77,24149369.98,71296028.99711
399006.SZ,2015-11-09,2724.619,2653.309,2747.787,2612.263,2661.412,63.207,2.3749,25798448.15,79976259.35904
399006.SZ,2015-11-10,2746.609,2710.899,2783.118,2700.286,2724.619,21.99,0.8071,24161190.23,71799078.01623
399006.SZ,2015-11-11,2804.677,2738.584,2806.536,2730.52,2746.609,58.068,2.1142,27655097.73,73818609.76777
399006.SZ,2015-11-12,2783.298,2818.568,2827.711,2743.26,2804.677,-21.379,-0.7623,28310939.87,83094741.92796
399006.SZ,2015-11-13,2710.161,2751.386,2772.815,2681.606,2783.298,-73.137,-2.6277,25001146.55,68218121.60795
399006.SZ,2015-11-16,2797.162,2656.574,2797.162,2654.636,2710.161,87.001,3.2102,20974444.16,59082753.75669
399006.SZ,2015-11-17,2717.052,2834.98,2847.899,2711.583,2797.162,-80.11,-2.864,28119738.13,82923630.90396
399006.SZ,2015-11-18,2661.165,2727.61,2741.327,2655.061,2717.052,-55.887,-2.0569,19646365.88,56844600.47913
399006.SZ,2015-11-19,2770.752,2678.355,2770.752,2676.755,2661.165,109.587,4.118,22563937.66,64197541.189
399006.SZ,2015-11-20,2800.15,2783.036,2817.961,2757.839,2770.752,29.398,1.061,28888696.16,79683009.58323
399006.SZ,2015-11-23,2770.577,2797.122,2839.843,2759.306,2800.15,-29.573,-1.0561,25839668.59,72793084.00137
399006.SZ,2015-11-24,2816.048,2767.723,2816.048,2739.517,2770.577,45.471,1.6412,19467264.21,57396106.96445
399006.SZ,2015-11-25,2897.569,2813.51,2906.796,2806.819,2816.048,81.521,2.8949,24705878.22,78107330.30588
399006.SZ,2015-11-26,2833.198,2911.853,2915.95,2831.381,2897.569,-64.371,-2.2216,23759483.76,73789879.62801
399006.SZ,2015-11-27,2649.55,2819.364,2844.053,2629.125,2833.198,-183.648,-6.482,24403851.78,71124931.1994
399006.SZ,2015-11-30,2672.581,2658.972,2687.047,2507.381,2649.55,23.031,0.8692,22206195.12,62131175.87987
399006.SZ,2015-12-01,2655.345,2669.302,2700.346,2621.167,2672.581,-17.236,-0.6449,17104021.44,47434636.46703
399006.SZ,2015-12-02,2613.263,2653.237,2660.115,2525.342,2655.345,-42.082,-1.5848,15900285.91,42837347.00764
399006.SZ,2015-12-03,2708.123,2622.486,2710.807,2622.486,2613.263,94.86,3.6299,17065282.23,50985244.45407
399006.SZ,2015-12-04,2692.161,2702.563,2749.179,2679.351,2708.123,-15.962,-0.5894,17844633.06,57084647.77784
399006.SZ,2015-12-07,2738.149,2699.337,2751.239,2687.022,2692.161,45.988,1.7082,16420046.12,48309134.8508
399006.SZ,2015-12-08,2691.658,2723.619,2731.715,2678.661,2738.149,-46.491,-1.6979,18705171.96,53104323.75449
399006.SZ,2015-12-09,2667.912,2677.587,2699.636,2650.445,2691.658,-23.746,-0.8822,16154545.39,46008649.8779
399006.SZ,2015-12-10,2695.507,2665.275,2729.238,2663.374,2667.912,27.595,1.0343,16327733.37,50231724.7376
399006.SZ,2015-12-11,2671.292,2686.305,2701.686,2666.887,2695.507,-24.215,-0.8983,13643432.56,40853174.60946
399006.SZ,2015-12-14,2709.265,2642.817,2709.265,2622.473,2671.292,37.973,1.4215,13383006.53,41069947.66869
399006.SZ,2015-12-15,2745.7,2718.251,2764.795,2718.251,2709.265,36.435,1.3448,14459220.69,44835133.69516
399006.SZ,2015-12-16,2763.114,2760.256,2789.276,2749.795,2745.7,17.414,0.6342,15083848.18,46446126.51565
399006.SZ,2015-12-17,2835.701,2784.97,2835.701,2784.97,2763.114,72.587,2.627,20055959.53,60616142.37267
399006.SZ,2015-12-18,2830.259,2836.916,2850.693,2801.635,2835.701,-5.442,-0.1919,17824894.61,56327925.84477
399006.SZ,2015-12-21,2829.921,2825.315,2836.608,2800.349,2830.259,-0.338,-0.0119,14937293.06,46653540.29672
399006.SZ,2015-12-22,2839.852,2836.957,2849.36,2811.606,2829.921,9.931,0.3509,13134517.19,40474306.12214
399006.SZ,2015-12-23,2783.942,2845.434,2848.829,2779.926,2839.852,-55.91,-1.9688,16247176.07,48497398.55464
399006.SZ,2015-12-24,2795.78,2775.984,2801.565,2735.969,2783.942,11.838,0.4252,13241041.7,39336992.36864
399006.SZ,2015-12-25,2794.73,2807.514,2820.532,2777.457,2795.78,-1.05,-0.0376,12162058.81,37289008.18143
399006.SZ,2015-12-28,2735.485,2809.519,2823.748,2735.485,2794.73,-59.245,-2.1199,15497676.33,46071376.65474
399006.SZ,2015-12-29,2749.822,2732.554,2749.822,2710.199,2735.485,14.337,0.5241,12769369.85,37734860.73773
399006.SZ,2015-12-30,2779.513,2758.25,2781.84,2749.289,2749.822,29.691,1.0797,13512855.1,40557180.31871
399006.SZ,2015-12-31,2714.048,2780.539,2785.656,2713.689,2779.513,-65.465,-2.3553,12958631.82,38196425.37288
399006.SZ,2016-01-04,2491.24,2706.275,2710.299,2490.469,2714.048,-222.808,-8.2094,12240174.47,34690876.84809
399006.SZ,2016-01-05,2416.725,2353.233,2481.202,2333.608,2491.24,-74.515,-2.9911,18289330.5,48529951.84063
399006.SZ,2016-01-06,2468.366,2433.358,2472.19,2388.69,2416.725,51.641,2.1368,14194459.13,40120477.28187
399006.SZ,2016-01-07,2256.524,2415.329,2415.329,2254.496,2468.366,-211.842,-8.5823,3875525.59,10070549.92143
399006.SZ,2016-01-08,2248.99,2297.592,2318.123,2142.326,2256.524,-7.534,-0.3339,16502293.9,42326631.94266
399006.SZ,2016-01-11,2106.358,2188.188,2230.423,2105.771,2248.99,-142.632,-6.342,15208926.9,37731800.67952
399006.SZ,2016-01-12,2147.531,2117.251,2179.088,2087.272,2106.358,41.173,1.9547,14396596.54,36459528.2556
399006.SZ,2016-01-13,2059.776,2160.323,2174.227,2059.776,2147.531,-87.755,-4.0863,12465368.58,30616308.65749
399006.SZ,2016-01-14,2175.012,1991.232,2179.379,1989.865,2059.776,115.236,5.5946,15648666.41,37883978.78146
399006.SZ,2016-01-15,2112.902,2160.174,2184.563,2096.186,2175.012,-62.11,-2.8556,15910294.01,37021351.35168
399006.SZ,2016-01-18,2174.934,2074.858,2206.835,2074.858,2112.902,62.032,2.9359,16267626.9,37643016.06528
399006.SZ,2016-01-19,2241.696,2170.094,2244.785,2148.72,2174.934,66.762,3.0696,17700322.0,42165841.70798
399006.SZ,2016-01-20,2204.648,2222.601,2249.355,2190.505,2241.696,-37.048,-1.6527,15451188.53,36631031.68365
399006.SZ,2016-01-21,2112.404,2173.315,2241.471,2112.404,2204.648,-92.244,-4.1841,14945202.85,34236585.5422
399006.SZ,2016-01-22,2149.586,2140.281,2161.236,2078.117,2112.404,37.182,1.7602,13609891.45,29320081.80924
399006.SZ,2016-01-25,2158.824,2165.726,2185.213,2136.875,2149.586,9.238,0.4298,11334177.91,25068789.2883
399006.SZ,2016-01-26,1994.047,2132.217,2135.565,1990.514,2158.824,-164.777,-7.6327,13385707.62,28932546.76312
399006.SZ,2016-01-27,1997.465,1997.316,2012.296,1888.25,1994.047,3.418,0.1714,15926521.0,32691894.46195
399006.SZ,2016-01-28,1906.461,1969.309,1990.916,1900.882,1997.465,-91.004,-4.556,11454203.89,23351736.31709
399006.SZ,2016-01-29,1994.065,1908.262,2011.057,1907.289,1906.461,87.604,4.5951,12809874.93,26899449.77638
399006.SZ,2016-02-01,1992.695,1989.207,2011.679,1956.92,1994.065,-1.37,-0.0687,11156089.2,23757806.30925
399006.SZ,2016-02-02,2075.287,1996.594,2089.214,1996.594,1992.695,82.592,4.1447,13287649.25,29444891.25327
399006.SZ,2016-02-03,2090.513,2049.324,2105.38,2034.602,2075.287,15.226,0.7337,12089846.31,27067876.14159
399006.SZ,2016-02-04,2126.636,2095.617,2142.869,2095.617,2090.513,36.123,1.7279,13143008.22,30229997.51186
399006.SZ,2016-02-05,2096.986,2127.347,2141.556,2096.986,2126.636,-29.65,-1.3942,9064702.65,21097333.61831
399006.SZ,2016-02-15,2116.838,2029.556,2130.362,2029.556,2096.986,19.852,0.9467,10100667.95,22602402.13036
399006.SZ,2016-02-16,2201.925,2128.056,2208.572,2128.056,2116.838,85.087,4.0195,13912171.3,33527171.60801
399006.SZ,2016-02-17,2215.341,2197.925,2219.783,2170.998,2201.925,13.416,0.6093,14618497.34,33892026.43109
399006.SZ,2016-02-18,2190.911,2230.799,2239.91,2188.187,2215.341,-24.43,-1.1028,14019500.93,32817923.78032
399006.SZ,2016-02-19,2211.006,2186.015,2230.216,2182.959,2190.911,20.095,0.9172,13407241.52,31840088.87197
399006.SZ,2016-02-22,2245.564,2235.17,2245.564,2216.156,2211.006,34.558,1.563,15090614.9,37118424.01057
399006.SZ,2016-02-23,2218.119,2245.75,2249.691,2189.527,2245.564,-27.445,-1.2222,13926609.59,34508757.08209
399006.SZ,2016-02-24,2203.741,2212.589,2230.006,2154.274,2218.119,-14.378,-0.6482,12884021.69,31586512.33169
399006.SZ,2016-02-25,2037.143,2198.928,2198.928,2030.42,2203.741,-166.598,-7.5598,15298955.1,35410092.17777
399006.SZ,2016-02-26,2014.92,2045.51,2057.802,1980.166,2037.143,-22.223,-1.0909,12366693.47,27393046.85257
399006.SZ,2016-02-29,1880.146,2000.572,2000.572,1866.25,2014.92,-134.774,-6.6888,13247568.05,27442483.97412
399006.SZ,2016-03-01,1934.919,1881.321,1952.432,1841.224,1880.146,54.773,2.9132,13456661.17,28130045.24982
399006.SZ,2016-03-02,2017.604,1930.842,2022.863,1925.023,1934.919,82.685,4.2733,16949154.82,33986258.80014
399006.SZ,2016-03-03,2007.076,2014.179,2063.531,2006.707,2017.604,-10.528,-0.5218,16805473.6,35109123.11507
399006.SZ,2016-03-04,1907.041,1994.061,2003.689,1895.396,2007.076,-100.035,-4.9841,15220975.09,30180366.28694
399006.SZ,2016-03-07,1953.332,1935.093,1995.937,1935.093,1907.041,46.291,2.4274,11623160.7,23586936.62338
399006.SZ,2016-03-08,2002.191,1944.648,2002.191,1865.65,1953.332,48.859,2.5013,15627421.76,30777183.94942
399006.SZ,2016-03-09,1970.813,1962.277,2015.706,1947.045,2002.191,-31.378,-1.5672,13303672.37,26228076.24895
399006.SZ,2016-03-10,1936.968,1968.766,1991.357,1935.119,1970.813,-33.845,-1.7173,10508018.2,22314497.80533
399006.SZ,2016-03-11,1934.87,1911.325,1948.601,1903.924,1936.968,-2.098,-0.1083,8487655.64,17130416.71097
399006.SZ,2016-03-14,2023.128,1962.105,2048.497,1962.105,1934.87,88.258,4.5614,16134405.48,34589588.68932
399006.SZ,2016-03-15,1996.92,2016.807,2034.702,1995.456,2023.128,-26.208,-1.2954,12167059.89,25538884.27804
399006.SZ,2016-03-16,1977.538,2029.919,2039.486,1961.418,1996.92,-19.382,-0.9706,12220455.27,25677500.72834
399006.SZ,2016-03-17,2087.293,1986.144,2089.136,1986.144,1977.538,109.755,5.5501,21074139.27,46452580.28597
399006.SZ,2016-03-18,2177.87,2102.19,2194.355,2102.079,2087.293,90.577,4.3394,25596839.1,59078987.17975
399006.SZ,2016-03-21,2227.034,2214.913,2234.35,2191.662,2177.87,49.164,2.2574,25540998.14,62305308.35312
399006.SZ,2016-03-22,2221.702,2201.194,2248.186,2189.935,2227.034,-5.332,-0.2394,21060006.65,48735069.00752
399006.SZ,2016-03-23,2259.106,2214.87,2259.106,2205.072,2221.702,37.404,1.6836,19052794.26,47906638.72362
399006.SZ,2016-03-24,2219.77,2234.215,2277.917,2217.843,2259.106,-39.336,-1.7412,21400929.07,55211267.57213
399006.SZ,2016-03-25,2216.086,2209.26,2232.073,2183.601,2219.77,-3.684,-0.166,15154009.2,37179629.43779
399006.SZ,2016-03-28,2199.685,2233.131,2259.131,2192.35,2216.086,-16.401,-0.7401,16260472.48,40556829.59183
399006.SZ,2016-03-29,2152.548,2190.875,2194.885,2130.851,2199.685,-47.137,-2.1429,14170516.04,36286919.13673
399006.SZ,2016-03-30,2248.783,2172.741,2248.783,2172.741,2152.548,96.235,4.4707,17405975.02,45938026.80677
399006.SZ,2016-03-31,2238.286,2256.431,2271.964,2232.302,2248.783,-10.497,-0.4668,18124976.45,48357366.59026
399006.SZ,2016-04-01,2205.369,2223.377,2226.998,2171.341,2238.286,-32.917,-1.4706,15701246.07,40964810.77151
399006.SZ,2016-04-05,2279.52,2207.464,2285.201,2205.438,2205.369,74.151,3.3623,19764938.41,51013395.81283
399006.SZ,2016-04-06,2297.041,2274.772,2305.409,2271.502,2279.52,17.521,0.7686,20912036.21,53867287.01256
399006.SZ,2016-04-07,2248.684,2310.923,2316.629,2248.684,2297.041,-48.357,-2.1052,20302345.13,52062248.80397
399006.SZ,2016-04-08,2229.934,2230.951,2239.805,2194.234,2248.684,-18.75,-0.8338,17946971.66,44668861.37386
399006.SZ,2016-04-11,2283.143,2255.069,2301.412,2255.069,2229.934,53.209,2.3861,19946625.39,50305784.62929
399006.SZ,2016-04-12,2264.016,2283.211,2289.545,2236.442,2283.143,-19.127,-0.8377,17078210.48,43188526.15176
399006.SZ,2016-04-13,2294.015,2278.522,2330.055,2278.522,2264.016,29.999,1.325,21776634.76,57540166.96371
399006.SZ,2016-04-14,2324.394,2310.596,2325.378,2289.567,2294.015,30.379,1.3243,18334978.09,45817203.18426
399006.SZ,2016-04-15,2309.676,2328.312,2328.312,2297.675,2324.394,-14.718,-0.6332,14526977.06,37341335.62124
399006.SZ,2016-04-18,2265.593,2288.42,2288.42,2249.339,2309.676,-44.083,-1.9086,14309772.06,35185179.51947
399006.SZ,2016-04-19,2272.52,2278.307,2289.049,2253.592,2265.593,6.927,0.3057,13004320.38,31835138.05149
399006.SZ,2016-04-20,2145.239,2279.758,2284.104,2119.424,2272.52,-127.281,-5.6009,21667036.26,49474321.00951
399006.SZ,2016-04-21,2110.162,2135.932,2160.258,2106.968,2145.239,-35.077,-1.6351,12784062.96,28431867.63593
399006.SZ,2016-04-22,2136.924,2093.781,2136.924,2090.95,2110.162,26.762,1.2682,10471911.79,24543828.07126
399006.SZ,2016-04-25,2126.834,2128.655,2130.06,2083.635,2136.924,-10.09,-0.4722,9557990.94,21483142.67893
399006.SZ,2016-04-26,2155.697,2123.874,2155.697,2119.379,2126.834,28.863,1.3571,8911518.34,19957192.72594
399006.SZ,2016-04-27,2146.611,2162.762,2176.333,2142.462,2155.697,-9.086,-0.4215,10479199.6,23940155.40513
399006.SZ,2016-04-28,2155.229,2149.102,2158.492,2108.268,2146.611,8.618,0.4015,10123270.34,23283082.35367
399006.SZ,2016-04-29,2138.738,2141.58,2162.194,2138.738,2155.229,-16.491,-0.7652,8024639.86,19069602.05225
399006.SZ,2016-05-03,2217.23,2138.963,2217.23,2126.874,2138.738,78.492,3.67,14551231.61,33735215.32421
399006.SZ,2016-05-04,2211.018,2210.13,2233.591,2206.264,2217.23,-6.212,-0.2802,13671722.32,31455176.43079
399006.SZ,2016-05-05,2224.095,2208.397,2226.553,2198.762,2211.018,13.077,0.5914,10800328.13,25028413.7547
399006.SZ,2016-05-06,2129.194,2226.444,2235.959,2129.194,2224.095,-94.901,-4.2669,16054793.36,35514669.11864
399006.SZ,2016-05-09,2053.597,2107.333,2107.333,2045.122,2129.194,-75.597,-3.5505,12230330.98,25530884.6835
399006.SZ,2016-05-10,2054.222,2051.376,2067.617,2044.281,2053.597,0.625,0.0304,7658732.18,16100170.40214
399006.SZ,2016-05-11,2034.925,2067.69,2073.834,2032.296,2054.222,-19.297,-0.9394,9382617.25,19415467.305
399006.SZ,2016-05-12,2034.565,2006.258,2039.318,1975.065,2034.925,-0.36,-0.0177,9177545.93,18597274.72892
399006.SZ,2016-05-13,2025.223,2030.941,2058.656,2013.863,2034.565,-9.342,-0.4592,8301000.65,16850174.89582
399006.SZ,2016-05-16,2057.857,2017.843,2057.857,2008.54,2025.223,32.634,1.6114,9415721.15,18613618.84125
399006.SZ,2016-05-17,2081.44,2059.515,2107.731,2036.884,2057.857,23.583,1.146,13540442.12,27968828.90884
399006.SZ,2016-05-18,2020.475,2062.811,2062.811,2000.526,2081.44,-60.965,-2.929,12268130.49,23519678.23866
399006.SZ,2016-05-19,2037.403,2023.958,2076.484,2023.958,2020.475,16.928,0.8378,12323461.24,25803864.91248
399006.SZ,2016-05-20,2065.301,2018.382,2065.301,2013.532,2037.403,27.898,1.3693,10424853.37,21530347.37432
399006.SZ,2016-05-23,2098.234,2072.997,2107.049,2072.997,2065.301,32.933,1.5946,13928264.14,27890239.39061
399006.SZ,2016-05-24,2075.509,2094.21,2094.21,2061.517,2098.234,-22.725,-1.0831,12318602.85,25081602.61721
399006.SZ,2016-05-25,2067.253,2091.972,2111.26,2062.64,2075.509,-8.256,-0.3978,13310049.3,27209618.40065
399006.SZ,2016-05-26,2086.007,2060.427,2086.49,2019.297,2067.253,18.754,0.9072,13415969.64,26971464.98157
399006.SZ,2016-05-27,2069.885,2076.297,2090.168,2065.374,2086.007,-16.122,-0.7729,11795698.74,24367593.96721
399006.SZ,2016-05-30,2058.518,2054.617,2083.83,2033.665,2069.885,-11.367,-0.5492,10960379.35,20657236.10423
399006.SZ,2016-05-31,2159.8,2061.839,2160.527,2060.141,2058.518,101.282,4.9201,21485082.32,42841944.7393
399006.SZ,2016-06-01,2168.82,2164.727,2188.884,2163.049,2159.8,9.02,0.4176,20189498.51,41902801.9965
399006.SZ,2016-06-02,2188.558,2163.588,2188.558,2160.251,2168.82,19.738,0.9101,16283821.04,32817930.52308
399006.SZ,2016-06-03,2204.974,2176.358,2236.578,2175.815,2188.558,16.416,0.7501,22973700.75,56656391.75472
399006.SZ,2016-06-06,2199.301,2212.457,2219.275,2181.985,2204.974,-5.673,-0.2573,16256231.27,38763984.97826
399006.SZ,2016-06-07,2196.727,2202.041,2204.184,2181.295,2199.301,-2.574,-0.117,14432062.47,32737289.85443
399006.SZ,2016-06-08,2186.544,2191.27,2201.526,2166.965,2196.727,-10.183,-0.4636,15083478.33,34389993.42595
399006.SZ,2016-06-13,2054.707,2150.392,2165.283,2054.707,2186.544,-131.837,-6.0295,18354659.88,40002844.06239
399006.SZ,2016-06-14,2058.314,2045.211,2070.151,2032.437,2054.707,3.607,0.1755,12691213.25,27022809.3085
399006.SZ,2016-06-15,2128.799,2033.6,2143.453,2031.667,2058.314,70.485,3.4244,17777760.44,37675532.09159
399006.SZ,2016-06-16,2101.416,2124.156,2137.183,2097.346,2128.799,-27.383,-1.2863,17067785.12,36383752.82169
399006.SZ,2016-06-17,2122.89,2109.574,2154.517,2105.238,2101.416,21.474,1.0219,15627913.55,33656618.76935
399006.SZ,2016-06-20,2119.63,2117.986,2127.677,2088.286,2122.89,-3.26,-0.1536,11924627.52,25717878.97706
399006.SZ,2016-06-21,2092.001,2135.462,2153.228,2083.692,2119.63,-27.629,-1.3035,16048069.0,33401719.17184
399006.SZ,2016-06-22,2144.818,2085.98,2144.818,2085.65,2092.001,52.817,2.5247,14222178.43,29028670.28544
399006.SZ,2016-06-23,2137.485,2144.583,2153.58,2115.839,2144.818,-7.333,-0.3419,16837015.04,35197139.31022
399006.SZ,2016-06-24,2127.364,2131.154,2157.941,2060.196,2137.485,-10.121,-0.4735,19922672.68,40148721.13427
399006.SZ,2016-06-27,2191.806,2111.1,2194.128,2110.603,2127.364,64.442,3.0292,21030922.78,43735528.84389
399006.SZ,2016-06-28,2216.71,2181.412,2221.462,2173.532,2191.806,24.904,1.1362,23215990.41,49703326.19088
399006.SZ,2016-06-29,2209.788,2228.506,2238.353,2203.489,2216.71,-6.922,-0.3123,18443876.85,40867943.16075
399006.SZ,2016-06-30,2227.79,2213.602,2233.279,2206.805,2209.788,18.002,0.8146,17941508.73,41570735.44517
399006.SZ,2016-07-01,2211.177,2231.182,2241.628,2203.933,2227.79,-16.613,-0.7457,14668383.61,35983142.42267
399006.SZ,2016-07-04,2248.712,2195.622,2254.15,2193.844,2211.177,37.535,1.6975,17784634.06,42104756.40634
399006.SZ,2016-07-05,2246.024,2253.689,2259.287,2229.001,2248.712,-2.688,-0.1195,16139170.85,39044223.65806
399006.SZ,2016-07-06,2241.56,2239.758,2246.73,2229.266,2246.024,-4.464,-0.1988,13738409.59,32063861.39806
399006.SZ,2016-07-07,2233.922,2240.895,2247.584,2212.414,2241.56,-7.638,-0.3407,16795981.1,39053962.79539
399006.SZ,2016-07-08,2239.002,2231.969,2257.318,2220.205,2233.922,5.08,0.2274,15557363.19,35815971.55942
399006.SZ,2016-07-11,2218.588,2242.26,2252.664,2216.568,2239.002,-20.414,-0.9117,16477804.77,37897538.74675
399006.SZ,2016-07-12,2247.354,2218.019,2247.354,2182.03,2218.588,28.766,1.2966,18671280.35,41637219.32411
399006.SZ,2016-07-13,2285.369,2258.263,2299.859,2250.64,2247.354,38.015,1.6915,23655174.19,52376427.63653
399006.SZ,2016-07-14,2293.079,2282.157,2295.588,2273.421,2285.369,7.71,0.3374,20113199.62,44918665.39916
399006.SZ,2016-07-15,2263.784,2289.103,2293.085,2260.163,2293.079,-29.295,-1.2775,17670910.19,39851665.60772
399006.SZ,2016-07-18,2249.871,2257.418,2268.789,2234.209,2263.784,-13.913,-0.6146,14307801.5,33162767.88263
399006.SZ,2016-07-19,2273.719,2249.735,2273.719,2236.996,2249.871,23.848,1.06,15279340.8,36703444.12006
399006.SZ,2016-07-20,2268.535,2272.644,2288.647,2268.527,2273.719,-5.184,-0.228,14955571.31,36019575.94615
399006.SZ,2016-07-21,2265.128,2266.083,2289.668,2259.202,2268.535,-3.407,-0.1502,14547039.85,33640968.57009
399006.SZ,2016-07-22,2249.999,2262.102,2269.551,2248.303,2265.128,-15.129,-0.6679,13498454.94,31370424.32117
399006.SZ,2016-07-25,2245.885,2245.864,2264.438,2235.446,2249.999,-4.114,-0.1828,12398386.47,30160908.18602
399006.SZ,2016-07-26,2279.55,2245.937,2279.55,2245.937,2245.885,33.665,1.499,12447831.22,29309323.95115
399006.SZ,2016-07-27,2155.386,2282.066,2284.283,2138.781,2279.55,-124.164,-5.4469,22255143.49,49955712.19541
399006.SZ,2016-07-28,2139.744,2150.318,2166.603,2109.868,2155.386,-15.642,-0.7257,14281276.34,32021700.87247
399006.SZ,2016-07-29,2122.412,2144.272,2147.194,2109.132,2139.744,-17.332,-0.81,10217499.1,22713511.78636
399006.SZ,2016-08-01,2099.179,2113.674,2118.09,2066.175,2122.412,-23.233,-1.0947,11030561.97,24335230.98123
399006.SZ,2016-08-02,2113.214,2096.55,2114.953,2094.116,2099.179,14.035,0.6686,7552175.93,16599382.65662
399006.SZ,2016-08-03,2108.314,2110.234,2117.617,2096.731,2113.214,-4.9,-0.2319,7799222.32,16728208.34121
399006.SZ,2016-08-04,2129.652,2107.623,2133.176,2102.272,2108.314,21.338,1.0121,9103905.16,20181293.31636
399006.SZ,2016-08-05,2109.055,2128.74,2129.328,2107.438,2129.652,-20.597,-0.9672,8018038.86,17219839.53335
399006.SZ,2016-08-08,2130.594,2102.241,2130.594,2083.98,2109.055,21.539,1.0213,8364470.15,18259515.91617
399006.SZ,2016-08-09,2154.505,2128.64,2154.505,2128.218,2130.594,23.911,1.1223,10306897.38,22948922.87539
399006.SZ,2016-08-10,2137.001,2155.386,2164.625,2136.831,2154.505,-17.504,-0.8124,9273979.4,20939336.86055
399006.SZ,2016-08-11,2103.395,2134.604,2139.195,2103.395,2137.001,-33.606,-1.5726,8555220.72,19009668.4073
399006.SZ,2016-08-12,2123.841,2098.773,2123.865,2097.909,2103.395,20.446,0.972,7408592.75,16225169.39439
399006.SZ,2016-08-15,2193.211,2126.79,2200.918,2112.25,2123.841,69.37,3.2663,17899444.0,40208276.05947
399006.SZ,2016-08-16,2201.096,2195.024,2211.007,2192.969,2193.211,7.885,0.3595,14031463.56,33868206.17738
399006.SZ,2016-08-17,2208.195,2200.235,2218.289,2195.367,2201.096,7.099,0.3225,12322147.62,29598086.90115
399006.SZ,2016-08-18,2201.594,2204.954,2213.304,2191.933,2208.195,-6.601,-0.2989,12230952.35,29008994.403
399006.SZ,2016-08-19,2204.556,2200.681,2211.062,2194.111,2201.594,2.962,0.1345,10110201.24,22882470.95106
399006.SZ,2016-08-22,2167.4,2205.575,2213.41,2167.4,2204.556,-37.156,-1.6854,11157702.82,24896681.1304
399006.SZ,2016-08-23,2174.158,2168.338,2186.736,2160.296,2167.4,6.758,0.3118,8888141.28,19658660.55011
399006.SZ,2016-08-24,2192.17,2178.527,2204.798,2176.347,2174.158,18.012,0.8285,11938671.25,24340669.43828
399006.SZ,2016-08-25,2180.66,2179.014,2183.729,2152.113,2192.17,-11.51,-0.5251,12363500.74,25863438.70578
399006.SZ,2016-08-26,2189.749,2186.004,2211.628,2182.106,2180.66,9.089,0.4168,12324770.84,26498046.7186
399006.SZ,2016-08-29,2193.2,2187.723,2209.252,2183.811,2189.749,3.451,0.1576,10617016.59,23093370.46503
399006.SZ,2016-08-30,2195.531,2197.486,2210.397,2193.07,2193.2,2.331,0.1063,9195771.54,20433442.84751
399006.SZ,2016-08-31,2191.758,2194.606,2198.251,2175.839,2195.531,-3.773,-0.1718,8950788.03,20476842.4687
399006.SZ,2016-09-01,2181.326,2192.94,2201.284,2181.326,2191.758,-10.432,-0.476,9310263.74,20602369.84121
399006.SZ,2016-09-02,2170.857,2176.391,2187.694,2160.115,2181.326,-10.469,-0.4799,10194717.41,21793023.43239
399006.SZ,2016-09-05,2182.694,2178.634,2199.654,2178.094,2170.857,11.837,0.5453,8786130.61,19799559.08009
399006.SZ,2016-09-06,2222.837,2183.226,2225.255,2161.925,2182.694,40.143,1.8391,12993775.26,29278395.95555
399006.SZ,2016-09-07,2212.053,2223.019,2232.121,2208.833,2222.837,-10.784,-0.4851,12095709.3,26884715.8787
399006.SZ,2016-09-08,2223.468,2211.393,2223.468,2207.115,2212.053,11.415,0.516,9526196.11,21574375.39144
399006.SZ,2016-09-09,2202.967,2223.584,2228.537,2202.967,2223.468,-20.501,-0.922,10852276.02,24083882.32648
399006.SZ,2016-09-12,2145.563,2163.451,2179.982,2145.031,2202.967,-57.404,-2.6058,12429362.84,27589566.27984
399006.SZ,2016-09-13,2145.868,2157.945,2165.577,2139.339,2145.563,0.305,0.0142,8441238.07,20073068.15652
399006.SZ,2016-09-14,2144.557,2137.396,2156.976,2131.714,2145.868,-1.311,-0.0611,8118338.49,19544662.81024
399006.SZ,2016-09-19,2165.213,2149.372,2174.402,2149.372,2144.557,20.656,0.9632,7122703.99,17570539.96801
399006.SZ,2016-09-20,2158.432,2164.419,2167.641,2153.939,2165.213,-6.781,-0.3132,6226382.87,14650716.02621
399006.SZ,2016-09-21,2162.131,2158.061,2170.085,2157.38,2158.432,3.699,0.1714,6833986.02,15856300.6112
399006.SZ,2016-09-22,2168.422,2174.298,2178.532,2166.615,2162.131,6.291,0.291,7425830.94,17574379.49194
399006.SZ,2016-09-23,2156.51,2171.63,2173.494,2156.036,2168.422,-11.912,-0.5493,7139096.98,16221182.5344
399006.SZ,2016-09-26,2122.9,2154.399,2161.764,2122.9,2156.51,-33.61,-1.5585,8670568.48,18788827.73777
399006.SZ,2016-09-27,2140.803,2118.949,2140.803,2112.702,2122.9,17.903,0.8433,7277514.2,16123620.35581
399006.SZ,2016-09-28,2139.628,2143.724,2143.724,2132.547,2140.803,-1.175,-0.0549,6509292.39,14496126.88018
399006.SZ,2016-09-29,2146.184,2141.336,2155.416,2140.978,2139.628,6.556,0.3064,6285021.98,14484293.55353
399006.SZ,2016-09-30,2149.901,2144.472,2154.4,2143.343,2146.184,3.717,0.1732,5640391.06,12571583.65236
399006.SZ,2016-10-10,2208.469,2165.852,2208.469,2163.405,2149.901,58.568,2.7242,10937795.1,24723320.62047
399006.SZ,2016-10-11,2210.861,2207.434,2210.861,2201.31,2208.469,2.392,0.1083,8803487.63,20332054.0623
399006.SZ,2016-10-12,2209.685,2202.363,2216.521,2198.889,2210.861,-1.176,-0.0532,9728405.97,20171285.76956
399006.SZ,2016-10-13,2208.567,2211.755,2216.091,2200.524,2209.685,-1.118,-0.0506,9113846.04,20055095.74822
399006.SZ,2016-10-14,2194.227,2203.873,2203.873,2178.913,2208.567,-14.34,-0.6493,9080538.64,21174734.11239
399006.SZ,2016-10-17,2167.862,2199.182,2200.471,2160.005,2194.227,-26.365,-1.2016,9532774.73,21838540.73787
399006.SZ,2016-10-18,2198.141,2164.6,2198.141,2164.6,2167.862,30.279,1.3967,9628962.82,21928619.38665
399006.SZ,2016-10-19,2184.91,2200.531,2201.162,2180.468,2198.141,-13.231,-0.6019,9622045.08,20473863.75974
399006.SZ,2016-10-20,2193.255,2187.406,2199.064,2184.35,2184.91,8.345,0.3819,9644504.39,20683398.93345
399006.SZ,2016-10-21,2180.996,2196.845,2202.487,2167.829,2193.255,-12.259,-0.5589,11446980.47,24362763.03335
399006.SZ,2016-10-24,2200.803,2184.11,2204.357,2176.924,2180.996,19.807,0.9082,11116745.29,23786163.03141
399006.SZ,2016-10-25,2200.207,2202.792,2207.807,2196.568,2200.803,-0.596,-0.0271,9560979.58,21147956.08534
399006.SZ,2016-10-26,2184.493,2203.478,2204.842,2179.756,2200.207,-15.714,-0.7142,11389605.94,24198699.81908
399006.SZ,2016-10-27,2182.477,2182.905,2184.317,2171.242,2184.493,-2.016,-0.0923,9341353.26,18971283.97129
399006.SZ,2016-10-28,2165.433,2182.559,2192.902,2165.03,2182.477,-17.044,-0.7809,10451183.19,21630386.96341
399006.SZ,2016-10-31,2159.76,2158.565,2162.672,2145.574,2165.433,-5.673,-0.262,9005060.04,18706893.57877
399006.SZ,2016-11-01,2176.447,2160.39,2177.834,2159.707,2159.76,16.687,0.7726,8764775.75,18739307.56131
399006.SZ,2016-11-02,2146.399,2170.811,2171.662,2145.074,2176.447,-30.048,-1.3806,11109391.06,24047442.27094
399006.SZ,2016-11-03,2153.185,2137.131,2167.931,2135.284,2146.399,6.786,0.3162,11358573.88,24532832.06336
399006.SZ,2016-11-04,2145.229,2151.925,2168.341,2142.41,2153.185,-7.956,-0.3695,10557940.07,22350214.61488
399006.SZ,2016-11-07,2130.301,2141.299,2145.822,2126.952,2145.229,-14.928,-0.6959,9291182.35,20647557.91908
399006.SZ,2016-11-08,2150.302,2138.454,2154.571,2136.246,2130.301,20.001,0.9389,8908701.12,19286162.03496
399006.SZ,2016-11-09,2123.845,2150.623,2154.855,2098.56,2150.302,-26.457,-1.2304,11208038.08,23141580.08452
399006.SZ,2016-11-10,2143.321,2143.564,2149.088,2138.939,2123.845,19.476,0.917,9005558.94,18673948.49558
399006.SZ,2016-11-11,2147.107,2143.581,2147.107,2125.494,2143.321,3.786,0.1766,12340071.48,25956142.67125
399006.SZ,2016-11-14,2161.686,2146.83,2175.253,2146.83,2147.107,14.579,0.679,13823940.1,29480786.58693
399006.SZ,2016-11-15,2179.3,2161.573,2179.3,2152.375,2161.686,17.614,0.8148,13591229.41,27942909.45364
399006.SZ,2016-11-16,2182.467,2187.504,2208.98,2182.117,2179.3,3.167,0.1453,15704867.26,33182509.35972
399006.SZ,2016-11-17,2163.041,2176.122,2176.122,2157.545,2182.467,-19.426,-0.8901,9344910.55,19578863.01893
399006.SZ,2016-11-18,2157.96,2164.711,2170.79,2155.235,2163.041,-5.081,-0.2349,7756542.22,16998168.76762
399006.SZ,2016-11-21,2152.602,2156.461,2162.369,2147.049,2157.96,-5.358,-0.2483,8475311.07,18651414.73106
399006.SZ,2016-11-22,2177.651,2156.515,2177.651,2146.62,2152.602,25.049,1.1637,11125462.13,24124977.63955
399006.SZ,2016-11-23,2165.707,2182.098,2191.261,2163.001,2177.651,-11.944,-0.5485,15096671.69,33921986.24145
399006.SZ,2016-11-24,2146.626,2159.614,2172.176,2142.949,2165.707,-19.081,-0.8811,10549007.34,23374597.18069
399006.SZ,2016-11-25,2167.528,2145.97,2167.528,2123.738,2146.626,20.902,0.9737,13608575.37,27464728.32266
399006.SZ,2016-11-28,2166.045,2172.973,2175.51,2159.731,2167.528,-1.483,-0.0684,11846432.26,26340258.78541
399006.SZ,2016-11-29,2160.345,2161.775,2178.189,2153.721,2166.045,-5.7,-0.2632,14617536.92,29566529.15548
399006.SZ,2016-11-30,2183.049,2157.539,2201.555,2155.241,2160.345,22.704,1.0509,17791660.64,37118871.09492
399006.SZ,2016-12-01,2181.929,2181.73,2188.09,2175.495,2183.049,-1.12,-0.0513,12156105.38,26080302.35969
399006.SZ,2016-12-02,2143.452,2180.385,2186.689,2143.21,2181.929,-38.477,-1.7634,13119150.68,28245028.71864
399006.SZ,2016-12-05,2143.878,2129.245,2162.304,2124.753,2143.452,0.426,0.0199,10282946.34,21185629.51923
399006.SZ,2016-12-06,2122.259,2149.752,2156.693,2121.248,2143.878,-21.619,-1.0084,9733745.27,21205507.06921
399006.SZ,2016-12-07,2134.987,2123.552,2134.987,2116.541,2122.259,12.728,0.5997,8294181.78,15976721.05182
399006.SZ,2016-12-08,2114.711,2135.792,2136.259,2114.038,2134.987,-20.276,-0.9497,9250664.62,17836729.71899
399006.SZ,2016-12-09,2099.888,2114.447,2118.628,2097.094,2114.711,-14.823,-0.7009,10182685.09,20514018.03353
399006.SZ,2016-12-12,1984.395,2095.584,2096.401,1981.172,2099.888,-115.493,-5.5,16139221.77,30841868.74546
399006.SZ,2016-12-13,1985.043,1982.078,1995.351,1961.908,1984.395,0.648,0.0327,9784018.19,18317363.04877
399006.SZ,2016-12-14,1963.08,1982.98,1988.458,1958.038,1985.043,-21.963,-1.1064,8414288.61,15165144.35788
399006.SZ,2016-12-15,1975.853,1957.714,1991.319,1956.551,1963.08,12.773,0.6507,8835405.1,15915982.53373
399006.SZ,2016-12-16,1998.1134,1977.863,2005.276,1972.215,1975.853,22.2604,1.1266,7731468.94,14556427.28689
399006.SZ,2016-12-19,1980.4102,1995.0033,1995.0033,1976.7696,1998.1134,-17.7032,-0.886,6291467.48,11342350.54472
399006.SZ,2016-12-20,1982.2972,1981.6929,1989.9856,1974.9284,1980.4102,1.887,0.0953,5939141.0,10891817.33625
399006.SZ,2016-12-21,1991.6964,1987.758,1996.103,1985.054,1982.2972,9.3992,0.4742,6043199.07,11244138.44078
399006.SZ,2016-12-22,1986.2744,1993.0367,1993.0367,1978.7449,1991.6964,-5.422,-0.2722,5820064.16,10748850.10655
399006.SZ,2016-12-23,1964.5412,1987.7283,1992.2065,1964.2321,1986.2744,-21.7332,-1.0942,7195153.2,12980659.93973
399006.SZ,2016-12-26,1974.0101,1959.1852,1974.0101,1933.5231,1964.5412,9.4689,0.482,7708427.45,14485266.32312
399006.SZ,2016-12-27,1968.6195,1972.5056,1977.3149,1968.566,1974.0101,-5.3906,-0.2731,6347849.42,11561837.58191
399006.SZ,2016-12-28,1957.1545,1968.1465,1971.5137,1954.9565,1968.6195,-11.465,-0.5824,6005749.81,10801845.91313
399006.SZ,2016-12-29,1959.2396,1956.7197,1971.9425,1955.6237,1957.1545,2.0851,0.1065,6759930.89,12305332.76862
399006.SZ,2016-12-30,1962.0587,1961.218,1964.7011,1952.6842,1959.2396,2.8191,0.1439,7256585.28,13044957.87529
399006.SZ,2017-01-03,1963.255,1965.0408,1971.9135,1959.1393,1962.0587,1.1963,0.061,7327996.6,13493639.99128
399006.SZ,2017-01-04,1991.5652,1963.024,1992.759,1959.574,1963.255,28.3102,1.442,9966839.58,18604577.40521
399006.SZ,2017-01-05,1983.9713,1990.696,1993.709,1983.8399,1991.5652,-7.5939,-0.3813,7664510.7,14714233.59406
399006.SZ,2017-01-06,1965.03,1980.8396,1982.3996,1963.3229,1983.9713,-18.9413,-0.9547,7968772.11,15261526.28477
399006.SZ,2017-01-09,1961.6191,1962.205,1968.87,1951.486,1965.03,-3.4109,-0.1736,7127300.47,13731160.50832
399006.SZ,2017-01-10,1951.6773,1960.0973,1967.4742,1951.178,1961.6191,-9.9418,-0.5068,6318582.0,11965578.41221
399006.SZ,2017-01-11,1937.5466,1947.423,1959.297,1932.462,1951.6773,-14.1307,-0.724,7140994.17,12868287.4696
399006.SZ,2017-01-12,1930.1447,1935.516,1946.586,1929.048,1937.5466,-7.4019,-0.382,6744843.48,12676345.72271
399006.SZ,2017-01-13,1899.9428,1930.11,1934.478,1899.106,1930.1447,-30.2019,-1.5647,7458726.2,14308984.45609
399006.SZ,2017-01-16,1830.8477,1897.4465,1897.8177,1783.7398,1899.9428,-69.0951,-3.6367,11832231.88,22819526.13474
399006.SZ,2017-01-17,1867.8683,1824.0956,1875.799,1805.3901,1830.8477,37.0206,2.022,10685369.85,20614150.52889
399006.SZ,2017-01-18,1845.7875,1860.2443,1862.8262,1845.5728,1867.8683,-22.0808,-1.1821,7120459.82,13720432.93368
399006.SZ,2017-01-19,1844.14,1842.6612,1853.1109,1833.4963,1845.7875,-1.6475,-0.0893,5259778.26,9398836.54179
399006.SZ,2017-01-20,1880.7483,1844.367,1892.358,1842.623,1844.14,36.6083,1.9851,9893890.2,19102550.44636
399006.SZ,2017-01-23,1887.3245,1879.9739,1897.0991,1879.7057,1880.7483,6.5762,0.3497,7235846.16,13349919.86237
399006.SZ,2017-01-24,1861.2158,1885.2375,1885.9482,1859.7121,1887.3245,-26.1087,-1.3834,7576958.48,13535552.65279
399006.SZ,2017-01-25,1870.7028,1857.3184,1874.6284,1856.2168,1861.2158,9.487,0.5097,5672933.25,10364811.85192
399006.SZ,2017-01-26,1886.232,1872.142,1887.6661,1872.142,1870.7028,15.5292,0.8301,6104147.09,10965218.69681
399006.SZ,2017-02-03,1876.7607,1886.969,1888.806,1872.696,1886.232,-9.4713,-0.5021,5384174.69,9513798.09228
399006.SZ,2017-02-06,1900.4472,1877.1405,1903.3291,1874.7097,1876.7607,23.6865,1.2621,6581493.08,12228849.87313
399006.SZ,2017-02-07,1889.1337,1897.869,1900.349,1881.73,1900.4472,-11.3135,-0.5953,6329100.13,11948659.48003
399006.SZ,2017-02-08,1903.6279,1887.344,1903.629,1881.135,1889.1337,14.4942,0.7672,7381155.97,13250461.60766
399006.SZ,2017-02-09,1914.0823,1903.674,1916.405,1901.884,1903.6279,10.4544,0.5492,8668233.39,15683398.11115
399006.SZ,2017-02-10,1904.6849,1913.23,1915.427,1900.707,1914.0823,-9.3974,-0.491,8299373.47,14306121.67919
399006.SZ,2017-02-13,1913.6805,1902.4597,1919.2005,1894.1471,1904.6849,8.9956,0.4723,8643653.24,15479389.45197
399006.SZ,2017-02-14,1909.3954,1914.138,1918.795,1906.415,1913.6805,-4.2851,-0.2239,7436229.34,14774372.14049
399006.SZ,2017-02-15,1892.357,1911.0366,1920.2861,1890.0893,1909.3954,-17.0384,-0.8923,8416103.36,15667307.47791
399006.SZ,2017-02-16,1897.6297,1891.871,1900.974,1886.407,1892.357,5.2727,0.2786,6811759.56,12023022.06193
399006.SZ,2017-02-17,1882.8685,1896.697,1904.865,1881.001,1897.6297,-14.7612,-0.7779,7762939.64,13845759.35991
399006.SZ,2017-02-20,1894.9616,1884.992,1894.962,1876.669,1882.8685,12.0931,0.6423,7227233.09,12853998.79934
399006.SZ,2017-02-21,1921.0773,1896.86,1924.028,1895.429,1894.9616,26.1157,1.3782,10336038.41,18198262.88372
399006.SZ,2017-02-22,1919.9732,1921.546,1925.297,1909.123,1921.0773,-1.1041,-0.0575,8582111.6,15747331.99858
399006.SZ,2017-02-23,1925.9512,1919.243,1925.9512,1906.813,1919.9732,5.978,0.3114,9231558.47,15847411.178
399006.SZ,2017-02-24,1938.4445,1925.0977,1939.3933,1921.2987,1925.9512,12.4933,0.6487,10466619.29,18458150.48105
399006.SZ,2017-02-27,1926.7715,1937.5595,1943.982,1923.53,1938.4445,-11.673,-0.6022,9418535.28,16701310.73425
399006.SZ,2017-02-28,1927.1597,1926.1381,1931.8249,1918.3218,1926.7715,0.3882,0.0201,7828431.19,13906232.21096
399006.SZ,2017-03-01,1931.9682,1925.6964,1938.6777,1923.7541,1927.1597,4.8085,0.2495,8144560.83,15156819.81442
399006.SZ,2017-03-02,1920.4049,1936.0824,1937.9013,1919.7438,1931.9682,-11.5633,-0.5985,7851702.57,15923632.03437
399006.SZ,2017-03-03,1928.289,1916.1982,1932.2143,1908.3179,1920.4049,7.8841,0.4105,8173117.9,18105575.91006
399006.SZ,2017-03-06,1962.7697,1931.617,1962.77,1931.617,1928.289,34.4807,1.7882,11658066.4,24670755.98176
399006.SZ,2017-03-07,1977.8531,1967.179,1977.8531,1957.292,1962.7697,15.0834,0.7685,11318843.75,24136319.7954
399006.SZ,2017-03-08,1964.6284,1976.851,1976.851,1960.065,1977.8531,-13.2247,-0.6686,9326276.3,19425947.93608
399006.SZ,2017-03-09,1953.9425,1962.644,1962.644,1948.789,1964.6284,-10.6859,-0.5439,9738059.58,20556078.24461
399006.SZ,2017-03-10,1950.0077,1952.501,1957.714,1945.573,1953.9425,-3.9348,-0.2014,7840181.86,17217291.89812
399006.SZ,2017-03-13,1970.8788,1948.5181,1972.0791,1939.0316,1950.0077,20.8711,1.0703,10016149.93,20956568.67536
399006.SZ,2017-03-14,1958.023,1967.4727,1970.4775,1952.0972,1970.8788,-12.8558,-0.6523,10852573.59,25867626.68784
399006.SZ,2017-03-15,1957.8199,1951.708,1964.426,1943.609,1958.023,-0.2031,-0.0104,10108027.45,24306415.14757
399006.SZ,2017-03-16,1966.7266,1959.054,1968.435,1959.054,1957.8199,8.9067,0.4549,9717051.21,22063309.62071
399006.SZ,2017-03-17,1949.661,1968.1533,1981.6898,1949.3508,1966.7266,-17.0656,-0.8677,11771272.03,25445671.36365
399006.SZ,2017-03-20,1953.8158,1948.604,1953.816,1939.647,1949.661,4.1548,0.2131,8688772.63,18157486.22219
399006.SZ,2017-03-21,1961.0632,1953.5585,1961.6452,1948.8926,1953.8158,7.2474,0.3709,7760561.3,16992637.08607
399006.SZ,2017-03-22,1948.5799,1952.8002,1959.7149,1939.2867,1961.0632,-12.4833,-0.6366,9551361.89,20104594.52726
399006.SZ,2017-03-23,1948.3692,1951.873,1960.336,1930.44,1948.5799,-0.2107,-0.0108,9361952.24,19885498.17673
399006.SZ,2017-03-24,1965.1368,1948.27,1966.423,1946.121,1948.3692,16.7676,0.8606,9011715.46,18801989.56887
399006.SZ,2017-03-27,1947.5282,1964.625,1967.105,1947.528,1965.1368,-17.6086,-0.896,8137264.75,17835435.31096
399006.SZ,2017-03-28,1944.3626,1946.332,1953.239,1940.376,1947.5282,-3.1656,-0.1625,6893334.36,15400782.89074
399006.SZ,2017-03-29,1929.1958,1945.142,1948.723,1926.603,1944.3626,-15.1668,-0.78,8792451.86,18819388.40843
399006.SZ,2017-03-30,1893.7009,1924.5118,1926.5315,1893.2979,1929.1958,-35.4949,-1.8399,10451321.66,21774421.64502
399006.SZ,2017-03-31,1907.3381,1895.8118,1908.5267,1895.8118,1893.7009,13.6372,0.7201,7486344.17,16369764.84973
399006.SZ,2017-04-05,1943.1602,1914.9067,1943.4332,1914.9067,1907.3381,35.8221,1.8781,11149456.82,22990391.64586
399006.SZ,2017-04-06,1944.2345,1947.0853,1951.2259,1939.3722,1943.1602,1.0743,0.0553,10607317.69,22483319.57345
399006.SZ,2017-04-07,1946.0485,1942.1073,1953.5694,1939.3182,1944.2345,1.814,0.0933,12539154.29,24369188.46254
399006.SZ,2017-04-10,1912.4507,1940.3007,1940.3007,1911.1078,1946.0485,-33.5978,-1.7265,14345232.14,28429028.22161
399006.SZ,2017-04-11,1917.6329,1907.1043,1920.7756,1887.8889,1912.4507,5.1822,0.271,14962422.35,27188997.39964
399006.SZ,2017-04-12,1897.5065,1913.7833,1915.0171,1896.8537,1917.6329,-20.1264,-1.0495,11350367.45,19991038.73551
399006.SZ,2017-04-13,1910.476,1896.4861,1920.2328,1896.4861,1897.5065,12.9695,0.6835,9096025.66,16904612.25213
399006.SZ,2017-04-14,1887.4603,1910.992,1910.992,1887.349,1910.476,-23.0157,-1.2047,9807470.43,17748948.89254
399006.SZ,2017-04-17,1868.2814,1880.7696,1886.6066,1862.3643,1887.4603,-19.1789,-1.0161,8968460.47,16132764.63199
399006.SZ,2017-04-18,1848.2027,1867.5754,1878.0972,1847.2027,1868.2814,-20.0787,-1.0747,8955024.56,16290382.95998
399006.SZ,2017-04-19,1845.3821,1841.6011,1845.6431,1812.3899,1848.2027,-2.8206,-0.1526,11049253.19,19621675.38786
399006.SZ,2017-04-20,1850.39,1843.9661,1856.7289,1836.4368,1845.3821,5.0079,0.2714,9189912.03,17793002.11834
399006.SZ,2017-04-21,1839.0064,1849.281,1863.582,1836.524,1850.39,-11.3836,-0.6152,8098537.87,15883765.8433
399006.SZ,2017-04-24,1809.9113,1832.8229,1832.8229,1796.3576,1839.0064,-29.0951,-1.5821,8801702.73,15991825.55604
399006.SZ,2017-04-25,1818.8704,1809.5556,1829.2631,1807.667,1809.9113,8.9591,0.495,8494366.89,15085993.09225
399006.SZ,2017-04-26,1820.4805,1812.8649,1822.1203,1811.0434,1818.8704,1.6101,0.0885,9176560.05,16757917.22066
399006.SZ,2017-04-27,1842.9222,1815.1112,1847.9322,1794.3969,1820.4805,22.4417,1.2327,14644033.95,24222851.26101
399006.SZ,2017-04-28,1850.7336,1838.744,1856.403,1834.426,1842.9222,7.8114,0.4239,10288378.67,17893027.5122
399006.SZ,2017-05-02,1850.8493,1849.215,1855.342,1843.826,1850.7336,0.1157,0.0063,8958465.33,16254172.57158
399006.SZ,2017-05-03,1840.4534,1848.708,1854.68,1832.564,1850.8493,-10.3959,-0.5617,9368098.6,16101172.04029
399006.SZ,2017-05-04,1838.1038,1838.71,1858.558,1828.634,1840.4534,-2.3496,-0.1277,10754475.22,18775046.76649
399006.SZ,2017-05-05,1818.1911,1832.675,1839.648,1818.191,1838.1038,-19.9127,-1.0833,9445329.61,16190138.09661
399006.SZ,2017-05-08,1788.7083,1814.103,1825.76,1788.708,1818.1911,-29.4828,-1.6215,10557521.31,17929876.86418
399006.SZ,2017-05-09,1802.4908,1780.519,1803.208,1770.595,1788.7083,13.7825,0.7705,9556775.56,15782691.23105
399006.SZ,2017-05-10,1771.3195,1801.775,1815.8252,1771.3195,1802.4908,-31.1713,-1.7293,10187825.31,16910986.61376
399006.SZ,2017-05-11,1772.4131,1761.47,1772.47,1727.576,1771.3195,1.0936,0.0617,11606357.81,18383035.03171
399006.SZ,2017-05-12,1774.6277,1768.3047,1774.8989,1750.4026,1772.4131,2.2146,0.1249,9025548.89,14633242.94167
399006.SZ,2017-05-15,1778.6359,1778.181,1788.5631,1776.0081,1774.6277,4.0082,0.2259,8308693.41,13694549.87197
399006.SZ,2017-05-16,1814.9405,1774.3904,1814.9405,1764.2851,1778.6359,36.3046,2.0411,12049284.94,19806904.62267
399006.SZ,2017-05-17,1822.6389,1812.7093,1833.8703,1810.2144,1814.9405,7.6984,0.4242,14410051.1,22499672.04872
399006.SZ,2017-05-18,1813.5065,1807.175,1827.785,1803.86,1822.6389,-9.1324,-0.5011,11482763.98,18530268.21209
399006.SZ,2017-05-19,1801.0776,1812.7319,1815.8091,1793.0409,1813.5065,-12.4289,-0.6854,8676714.03,14115223.02245
399006.SZ,2017-05-22,1788.0753,1798.5646,1814.4069,1779.4745,1801.0776,-13.0023,-0.7219,9331071.36,14739938.17782
399006.SZ,2017-05-23,1758.2348,1784.5317,1790.1068,1757.3712,1788.0753,-29.8405,-1.6689,10680208.36,16358159.43631
399006.SZ,2017-05-24,1776.2778,1749.1629,1776.4416,1730.3631,1758.2348,18.043,1.0262,9673604.5,14804929.98115
399006.SZ,2017-05-25,1777.6939,1770.651,1785.665,1745.226,1776.2778,1.4161,0.0797,11326976.45,17905764.72737
399006.SZ,2017-05-26,1759.6318,1769.117,1772.932,1754.772,1777.6939,-18.0621,-1.016,9823247.06,16406548.91346
399006.SZ,2017-05-31,1763.7292,1777.6534,1783.1484,1762.0766,1759.6318,4.0974,0.2329,10782038.84,17590597.72302
399006.SZ,2017-06-01,1728.488,1757.8021,1757.886,1728.488,1763.7292,-35.2412,-1.9981,9686559.82,14483681.13089
399006.SZ,2017-06-02,1745.9265,1721.398,1754.211,1711.82,1728.488,17.4385,1.0089,10393653.56,15736470.39675
399006.SZ,2017-06-05,1761.2457,1747.527,1767.292,1747.527,1745.9265,15.3192,0.8774,10025840.93,15919261.22747
399006.SZ,2017-06-06,1766.3934,1759.293,1773.073,1758.321,1761.2457,5.1477,0.2923,8251101.4,12492196.32983
399006.SZ,2017-06-07,1799.8524,1764.957,1802.519,1762.732,1766.3934,33.459,1.8942,13000078.19,20072809.00604
399006.SZ,2017-06-08,1794.7496,1798.69,1804.662,1792.103,1799.8524,-5.1028,-0.2835,10467178.51,16359998.70995
399006.SZ,2017-06-09,1796.1348,1793.65,1797.638,1782.185,1794.7496,1.3852,0.0772,8828816.96,13708908.38832
399006.SZ,2017-06-12,1775.5508,1787.563,1787.563,1773.532,1796.1348,-20.584,-1.146,8169238.26,13029283.70058
399006.SZ,2017-06-13,1795.6316,1773.007,1800.197,1771.846,1775.5508,20.0808,1.131,9328354.45,14480438.52891
399006.SZ,2017-06-14,1790.6354,1794.035,1798.1978,1787.0601,1795.6316,-4.9962,-0.2782,9764440.9,15239749.47198
399006.SZ,2017-06-15,1816.2585,1788.8121,1823.4173,1788.4279,1790.6354,25.6231,1.431,15461795.25,22600103.165
399006.SZ,2017-06-16,1810.0526,1816.1612,1819.1043,1809.48,1816.2585,-6.2059,-0.3417,11577998.05,17941173.78373
399006.SZ,2017-06-19,1816.3997,1809.5135,1817.5002,1805.8821,1810.0526,6.3471,0.3507,8995978.49,14225452.54776
399006.SZ,2017-06-20,1820.9764,1818.688,1833.944,1818.688,1816.3997,4.5767,0.252,12275102.71,19580664.28164
399006.SZ,2017-06-21,1824.6908,1827.8898,1829.4003,1810.041,1820.9764,3.7144,0.204,12795547.16,17836350.65202
399006.SZ,2017-06-22,1798.3806,1821.8377,1828.8019,1798.3806,1824.6908,-26.3102,-1.4419,12056857.37,18319697.08248
399006.SZ,2017-06-23,1807.4288,1794.4966,1807.4288,1776.6036,1798.3806,9.0482,0.5031,10933763.23,16134296.92579
399006.SZ,2017-06-26,1821.2775,1805.884,1821.278,1801.212,1807.4288,13.8487,0.7662,9830731.3,14939596.11041
399006.SZ,2017-06-27,1819.9338,1821.37,1830.224,1816.663,1821.2775,-1.3437,-0.0738,9245740.48,14283587.10806
399006.SZ,2017-06-28,1808.1995,1817.425,1818.115,1802.381,1819.9338,-11.7343,-0.6448,9118170.12,13650077.26222
399006.SZ,2017-06-29,1813.5524,1808.295,1822.82,1807.616,1808.1995,5.3529,0.296,10193238.64,15898842.50609
399006.SZ,2017-06-30,1818.0668,1808.0765,1819.8848,1802.6076,1813.5524,4.5144,0.2489,8971234.6,14169328.79568
399006.SZ,2017-07-03,1835.9857,1818.204,1836.493,1816.032,1818.0668,17.9189,0.9856,14004246.64,21464201.41208
399006.SZ,2017-07-04,1829.5051,1833.894,1834.241,1823.853,1835.9857,-6.4806,-0.353,12212745.65,19454240.29867
399006.SZ,2017-07-05,1836.6309,1827.259,1836.66,1820.961,1829.5051,7.1258,0.3895,12241629.42,20251108.73454
399006.SZ,2017-07-06,1838.9952,1835.809,1844.204,1823.368,1836.6309,2.3643,0.1287,15330412.27,24670410.82283
399006.SZ,2017-07-07,1835.439,1833.8844,1836.7777,1828.7245,1838.9952,-3.5562,-0.1934,11288946.96,18711864.54385
399006.SZ,2017-07-10,1803.2473,1831.369,1831.369,1803.228,1835.439,-32.1917,-1.7539,12396344.54,19871266.59144
399006.SZ,2017-07-11,1783.9117,1799.52,1804.718,1783.9117,1803.2473,-19.3356,-1.0723,11591200.71,18367554.63648
399006.SZ,2017-07-12,1786.7462,1779.897,1788.693,1764.104,1783.9117,2.8345,0.1589,11319638.78,17532474.93236
399006.SZ,2017-07-13,1778.8626,1784.257,1786.219,1774.779,1786.7462,-7.8836,-0.4412,8973378.05,14210635.35262
399006.SZ,2017-07-14,1745.5672,1771.334,1771.334,1742.216,1778.8626,-33.2954,-1.8717,14360271.81,21739075.42586
399006.SZ,2017-07-17,1656.4333,1730.705,1730.705,1656.433,1745.5672,-89.1339,-5.1063,17070971.06,23397219.36213
399006.SZ,2017-07-18,1667.4881,1646.639,1672.715,1641.381,1656.4333,11.0548,0.6674,11295020.32,16103006.08345
399006.SZ,2017-07-19,1684.771,1663.16,1685.7386,1654.7683,1667.4881,17.2829,1.0365,10866782.04,15853666.04367
399006.SZ,2017-07-20,1688.6097,1684.264,1712.702,1683.106,1684.771,3.8387,0.2278,11402876.72,16792772.13066
399006.SZ,2017-07-21,1690.1454,1688.7935,1699.6727,1685.7934,1688.6097,1.5357,0.0909,9865388.75,14498222.19063
399006.SZ,2017-07-24,1686.4385,1685.7089,1689.3807,1674.7171,1690.1454,-3.7069,-0.2193,10241218.69,14410428.00791
399006.SZ,2017-07-25,1688.0945,1686.5746,1694.4,1680.9477,1686.4385,1.656,0.0982,10744236.44,14466287.05904
399006.SZ,2017-07-26,1681.3097,1689.48,1692.625,1674.223,1688.0945,-6.7848,-0.4019,11949021.25,17866433.22816
399006.SZ,2017-07-27,1742.1908,1678.8676,1742.9154,1675.2951,1681.3097,60.8811,3.6211,24887601.1,32998335.50018
399006.SZ,2017-07-28,1734.0736,1740.543,1746.541,1732.894,1742.1908,-8.1172,-0.4659,20034596.03,28814540.98103
399006.SZ,2017-07-31,1736.3,1731.9154,1744.0479,1725.4989,1734.0736,2.2264,0.1284,16674203.7,24891971.26139
399006.SZ,2017-08-01,1741.0741,1735.907,1742.011,1727.588,1736.3,4.7741,0.275,16481557.31,24860861.84455
399006.SZ,2017-08-02,1724.833,1740.3856,1744.299,1723.2292,1741.0741,-16.2411,-0.9328,16194575.3,24019817.23283
399006.SZ,2017-08-03,1733.1235,1723.026,1757.757,1716.534,1724.833,8.2905,0.4807,19404989.83,27351281.98168
399006.SZ,2017-08-04,1719.6172,1731.03,1734.1793,1718.9113,1733.1235,-13.5063,-0.7793,15802380.28,21949865.13853
399006.SZ,2017-08-07,1732.4341,1722.244,1743.617,1720.988,1719.6172,12.8169,0.7453,13605534.05,19050002.45415
399006.SZ,2017-08-08,1762.4211,1731.73,1762.44,1728.587,1732.4341,29.987,1.7309,18506324.01,26704504.03454
399006.SZ,2017-08-09,1763.0491,1756.4978,1770.7491,1751.8296,1762.4211,0.628,0.0356,17982809.07,26794241.02101
399006.SZ,2017-08-10,1753.6692,1761.4262,1777.1892,1741.4006,1763.0491,-9.3799,-0.532,16754991.0,24698349.8892
399006.SZ,2017-08-11,1742.1394,1741.9952,1763.9116,1738.1431,1753.6692,-11.5298,-0.6575,16826884.96,24414005.92587
399006.SZ,2017-08-14,1793.4818,1745.0084,1794.0734,1745.0084,1742.1394,51.3424,2.9471,20727375.86,31293417.42108
399006.SZ,2017-08-15,1798.5691,1796.2374,1803.1916,1785.6211,1793.4818,5.0873,0.2837,17411507.7,26920298.19147
399006.SZ,2017-08-16,1825.1869,1797.0455,1835.6233,1792.7197,1798.5691,26.6178,1.4799,27035458.58,39405522.91958
399006.SZ,2017-08-17,1833.3982,1819.4263,1845.2453,1816.1426,1825.1869,8.2113,0.4499,23840192.5,36452709.36029
399006.SZ,2017-08-18,1821.8032,1822.0699,1835.6719,1817.639,1833.3982,-11.595,-0.6324,18234819.52,27372034.04765
399006.SZ,2017-08-21,1829.2167,1823.3676,1834.663,1818.8605,1821.8032,7.4135,0.4069,16818456.5,24867732.56059
399006.SZ,2017-08-22,1814.9153,1829.3977,1831.6574,1811.9703,1829.2167,-14.3014,-0.7818,17076495.21,26234212.34548
399006.SZ,2017-08-23,1807.3663,1813.43,1818.653,1801.151,1814.9153,-7.549,-0.4159,15000369.06,22768644.88174
399006.SZ,2017-08-24,1795.7391,1807.846,1812.082,1792.698,1807.3663,-11.6272,-0.6433,13422944.87,20050759.46418
399006.SZ,2017-08-25,1812.8781,1794.704,1814.539,1794.704,1795.7391,17.139,0.9544,13773721.15,20509574.39875
399006.SZ,2017-08-28,1842.8285,1815.835,1856.215,1815.835,1812.8781,29.9504,1.6521,21303988.16,33596596.93152
399006.SZ,2017-08-29,1831.5912,1842.149,1850.818,1828.535,1842.8285,-11.2373,-0.6098,15777429.41,24167248.73204
399006.SZ,2017-08-30,1838.6308,1830.704,1849.24,1830.545,1831.5912,7.0396,0.3843,13770788.25,22192552.58411
399006.SZ,2017-08-31,1849.3789,1841.0,1850.809,1839.811,1838.6308,10.7481,0.5846,13583437.76,22081452.99326
399006.SZ,2017-09-01,1865.25,1850.0227,1865.8146,1840.5214,1849.3789,15.8711,0.8582,18585907.93,29459303.5566
399006.SZ,2017-09-04,1883.6179,1863.024,1888.98,1858.386,1865.25,18.3679,0.9847,22242990.88,35046796.47456
399006.SZ,2017-09-05,1885.1622,1881.674,1891.792,1873.164,1883.6179,1.5443,0.082,20123783.71,32264934.92956
399006.SZ,2017-09-06,1902.8567,1880.7007,1902.8567,1877.2723,1885.1622,17.6945,0.9386,22635680.21,37297156.43989
399006.SZ,2017-09-07,1890.3823,1904.5384,1917.9577,1889.3295,1902.8567,-12.4744,-0.6556,26541694.74,45636072.41076
399006.SZ,2017-09-08,1885.2737,1888.395,1895.8636,1872.9121,1890.3823,-5.1086,-0.2702,18138968.41,30401652.95189
399006.SZ,2017-09-11,1896.3754,1883.6543,1896.3754,1880.1391,1885.2737,11.1017,0.5889,17269176.89,30497159.91797
399006.SZ,2017-09-12,1884.4841,1897.5192,1904.3044,1882.5694,1896.3754,-11.8913,-0.6271,22782702.6,39463845.03195
399006.SZ,2017-09-13,1888.4324,1884.5371,1888.4388,1874.8714,1884.4841,3.9483,0.2095,16804556.33,27132989.33466
399006.SZ,2017-09-14,1879.2524,1887.3624,1892.9906,1874.2199,1888.4324,-9.18,-0.4861,16091422.05,26069092.11215
399006.SZ,2017-09-15,1875.6347,1877.17,1882.5324,1869.6297,1879.2524,-3.6177,-0.1925,16132091.13,26054738.53041
399006.SZ,2017-09-18,1894.8022,1874.45,1894.813,1873.966,1875.6347,19.1675,1.0219,15181688.19,24566621.67221
399006.SZ,2017-09-19,1880.2964,1896.62,1901.272,1877.145,1894.8022,-14.5058,-0.7656,15716484.67,25947440.73112
399006.SZ,2017-09-20,1892.6689,1878.5652,1892.6689,1876.6806,1880.2964,12.3725,0.658,14732082.19,23294144.71856
399006.SZ,2017-09-21,1872.7698,1892.946,1898.207,1872.652,1892.6689,-19.8991,-1.0514,15438807.42,24581515.92834
399006.SZ,2017-09-22,1866.4245,1869.109,1871.24,1854.939,1872.7698,-6.3453,-0.3388,13571189.18,21149740.02172
399006.SZ,2017-09-25,1843.6213,1864.864,1869.3851,1841.3636,1866.4245,-22.8032,-1.2218,12699118.46,20167516.74366
399006.SZ,2017-09-26,1839.4553,1840.4787,1848.1371,1826.9182,1843.6213,-4.166,-0.226,10913990.65,17300799.65947
399006.SZ,2017-09-27,1854.9428,1840.165,1857.3322,1840.165,1839.4553,15.4875,0.842,11555199.98,18341002.51205
399006.SZ,2017-09-28,1854.7341,1853.3769,1864.246,1852.4592,1854.9428,-0.2087,-0.0113,13246847.39,19767603.41103
399006.SZ,2017-09-29,1866.9817,1858.058,1866.982,1856.865,1854.7341,12.2476,0.6603,13144927.51,19788049.17029
399006.SZ,2017-10-09,1889.8381,1889.887,1894.906,1880.394,1866.9817,22.8564,1.2242,16990834.2,27202592.88315
399006.SZ,2017-10-10,1917.4576,1890.664,1917.458,1887.473,1889.8381,27.6195,1.4615,19610121.56,30822726.94669
399006.SZ,2017-10-11,1901.5506,1918.35,1924.0,1899.962,1917.4576,-15.907,-0.8296,18601974.28,29168515.69129
399006.SZ,2017-10-12,1899.9862,1900.873,1909.478,1889.44,1901.5506,-1.5644,-0.0823,14006645.39,22781909.4408
399006.SZ,2017-10-13,1926.0744,1901.1753,1927.0194,1898.3445,1899.9862,26.0882,1.3731,16499395.58,29260904.85319
399006.SZ,2017-10-16,1882.6861,1920.937,1921.639,1882.686,1926.0744,-43.3883,-2.2527,20207548.35,32065526.06763
399006.SZ,2017-10-17,1876.9913,1876.692,1888.617,1868.917,1882.6861,-5.6948,-0.3025,12119523.28,19980509.71426
399006.SZ,2017-10-18,1868.1586,1878.291,1890.322,1867.827,1876.9913,-8.8327,-0.4706,13032386.35,21542354.03046
399006.SZ,2017-10-19,1862.6112,1865.929,1876.671,1855.356,1868.1586,-5.5474,-0.2969,12549253.82,19024982.01777
399006.SZ,2017-10-20,1880.2142,1858.622,1880.2142,1856.101,1862.6112,17.603,0.9451,10542299.02,17686726.17919
399006.SZ,2017-10-23,1898.7594,1881.409,1900.376,1878.344,1880.2142,18.5452,0.9863,11865659.52,19610436.95957
399006.SZ,2017-10-24,1901.6928,1895.438,1901.693,1882.682,1898.7594,2.9334,0.1545,12563812.89,20385418.69609
399006.SZ,2017-10-25,1913.2643,1898.626,1913.2643,1893.943,1901.6928,11.5715,0.6085,11462834.64,18153136.19959
399006.SZ,2017-10-26,1910.7217,1911.8539,1918.7917,1902.2717,1913.2643,-2.5426,-0.1329,14308766.8,23270403.486
399006.SZ,2017-10-27,1896.2235,1909.5666,1910.9306,1895.2586,1910.7217,-14.4982,-0.7588,11757574.1,18893535.26119
399006.SZ,2017-10-30,1855.9863,1894.861,1902.053,1848.038,1896.2235,-40.2372,-2.122,16969890.57,26096960.78174
399006.SZ,2017-10-31,1869.7873,1855.9411,1869.7873,1855.2266,1855.9863,13.801,0.7436,11329218.21,17858404.78097
399006.SZ,2017-11-01,1872.7464,1867.987,1881.487,1866.521,1869.7873,2.9591,0.1583,12230927.92,19653377.30933
399006.SZ,2017-11-02,1847.565,1869.7223,1869.7223,1847.4079,1872.7464,-25.1814,-1.3446,12911244.66,20169595.67743
399006.SZ,2017-11-03,1832.9665,1843.797,1856.216,1825.292,1847.565,-14.5985,-0.7901,12665867.18,19729861.29782
399006.SZ,2017-11-06,1850.3028,1831.898,1850.303,1818.41,1832.9665,17.3363,0.9458,11749013.39,19190411.08397
399006.SZ,2017-11-07,1859.0682,1849.3195,1859.1114,1843.9178,1850.3028,8.7654,0.4737,13502498.24,22167363.54345
399006.SZ,2017-11-08,1866.1423,1858.6431,1881.0473,1856.39,1859.0682,7.0741,0.3805,17165896.53,27571368.66889
399006.SZ,2017-11-09,1884.1117,1864.2488,1884.1117,1858.7304,1866.1423,17.9694,0.9629,15463835.48,24064525.88286
399006.SZ,2017-11-10,1900.6308,1882.7248,1905.0594,1882.2778,1884.1117,16.5191,0.8768,16308566.12,26818514.43791
399006.SZ,2017-11-13,1906.4371,1904.584,1911.1699,1895.8732,1900.6308,5.8063,0.3055,16195122.89,27204234.2932
399006.SZ,2017-11-14,1896.721,1908.0429,1912.4873,1888.8617,1906.4371,-9.7161,-0.5096,16651160.6,27160020.51418
399006.SZ,2017-11-15,1868.0808,1892.653,1894.606,1861.587,1896.721,-28.6402,-1.51,14126364.65,23446874.6923
399006.SZ,2017-11-16,1878.2595,1865.72,1883.022,1859.773,1868.0808,10.1787,0.5449,13252341.18,22058589.64413
399006.SZ,2017-11-17,1833.8951,1879.426,1884.016,1831.012,1878.2595,-44.3644,-2.362,18731530.56,29936172.58646
399006.SZ,2017-11-20,1859.7498,1819.167,1859.75,1795.686,1833.8951,25.8547,1.4098,14222204.16,22841910.32027
399006.SZ,2017-11-21,1856.9607,1856.7295,1871.7052,1844.4153,1859.7498,-2.7891,-0.15,15270720.94,25438474.17766
399006.SZ,2017-11-22,1853.3781,1854.5806,1867.7881,1837.2973,1856.9607,-3.5826,-0.1929,16338811.74,26480251.12217
399006.SZ,2017-11-23,1794.7808,1848.2196,1848.2196,1793.4913,1853.3781,-58.5973,-3.1616,15392438.09,24832290.37466
399006.SZ,2017-11-24,1782.6567,1789.5139,1804.2136,1782.5968,1794.7808,-12.1241,-0.6755,12132671.97,18576568.14474
399006.SZ,2017-11-27,1760.8995,1781.222,1794.01,1758.45,1782.6567,-21.7572,-1.2205,12184450.91,18387143.3431
399006.SZ,2017-11-28,1793.8676,1761.525,1794.137,1761.525,1760.8995,32.9681,1.8722,11933506.69,17788023.71741
399006.SZ,2017-11-29,1787.3816,1793.2765,1795.5139,1767.6317,1793.8676,-6.486,-0.3616,11952167.6,18287292.03833
399006.SZ,2017-11-30,1770.3016,1783.2328,1792.141,1765.2961,1787.3816,-17.08,-0.9556,10991392.07,17526332.94846
399006.SZ,2017-12-01,1804.6224,1772.043,1808.6901,1771.889,1770.3016,34.3208,1.9387,13857311.45,21081612.95856
399006.SZ,2017-12-04,1797.7654,1803.0338,1812.4003,1795.1316,1804.6224,-6.857,-0.38,12298025.63,19112299.70623
399006.SZ,2017-12-05,1758.5897,1794.703,1799.875,1746.123,1797.7654,-39.1757,-2.1791,12989577.53,19928314.9602
399006.SZ,2017-12-06,1784.3148,1755.768,1784.822,1744.493,1758.5897,25.7251,1.4628,13375248.22,19955810.21057
399006.SZ,2017-12-07,1776.9899,1780.975,1791.055,1774.995,1784.3148,-7.3249,-0.4105,11345212.87,17367620.15485
399006.SZ,2017-12-08,1792.1554,1776.2646,1803.3621,1776.2646,1776.9899,15.1655,0.8534,11832505.0,18170826.77644
399006.SZ,2017-12-11,1816.9847,1800.133,1816.985,1800.133,1792.1554,24.8293,1.3854,13539678.96,20585779.75845
399006.SZ,2017-12-12,1798.6909,1818.409,1821.484,1798.6909,1816.9847,-18.2938,-1.0068,12278140.25,20233017.31027
399006.SZ,2017-12-13,1806.0902,1795.4745,1806.1876,1787.7058,1798.6909,7.3993,0.4114,10312687.29,17218761.29429
399006.SZ,2017-12-14,1794.3441,1804.1896,1809.6713,1787.6723,1806.0902,-11.7461,-0.6504,10741660.88,17052321.01419
399006.SZ,2017-12-15,1783.9732,1793.24,1801.414,1780.267,1794.3441,-10.3709,-0.578,11748463.87,18556961.06911
399006.SZ,2017-12-18,1780.6443,1784.415,1790.868,1773.319,1783.9732,-3.3289,-0.1866,10009225.51,16639874.02813
399006.SZ,2017-12-19,1798.5023,1781.8077,1802.577,1781.8077,1780.6443,17.858,1.0029,10922661.2,18148827.32293
399006.SZ,2017-12-20,1782.4132,1798.3571,1799.3646,1779.6815,1798.5023,-16.0891,-0.8946,10675307.53,17211305.30608
399006.SZ,2017-12-21,1789.7362,1776.4521,1796.5827,1762.9792,1782.4132,7.323,0.4108,11899456.96,19180750.55343
399006.SZ,2017-12-22,1779.3392,1788.6573,1795.0681,1778.6091,1789.7362,-10.397,-0.5809,11382035.08,18223124.17348
399006.SZ,2017-12-25,1755.806,1778.9591,1780.5172,1751.9064,1779.3392,-23.5332,-1.3226,12320747.09,18403153.37636
399006.SZ,2017-12-26,1758.8205,1755.144,1760.464,1742.258,1755.806,3.0145,0.1717,9869696.21,15317811.20608
399006.SZ,2017-12-27,1745.236,1756.0358,1760.424,1743.773,1758.8205,-13.5845,-0.7724,10633246.85,16593930.36817
399006.SZ,2017-12-28,1745.0175,1742.468,1759.104,1742.021,1745.236,-0.2185,-0.0125,11093408.19,16614121.71784
399006.SZ,2017-12-29,1752.652,1745.9477,1753.9842,1741.0006,1745.0175,7.6345,0.4375,10316100.47,15642735.41413
399006.SZ,2018-01-02,1769.6718,1759.02,1770.011,1748.531,1752.652,17.0198,0.9711,10578359.72,17667839.74977
399006.SZ,2018-01-03,1795.3831,1770.035,1798.78,1766.337,1769.6718,25.7113,1.4529,13587703.08,23708853.01503
399006.SZ,2018-01-04,1794.6087,1790.653,1795.253,1788.537,1795.3831,-0.7744,-0.0431,11293801.27,20410560.88712
399006.SZ,2018-01-05,1801.4185,1797.2577,1804.8781,1795.2551,1794.6087,6.8098,0.3795,12328931.17,22670739.85234
399006.SZ,2018-01-08,1806.1562,1801.1756,1806.1562,1785.38,1801.4185,4.7377,0.263,14423584.83,25167876.57897
399006.SZ,2018-01-09,1803.5858,1803.364,1808.6582,1799.4186,1806.1562,-2.5704,-0.1423,11712443.77,20472927.24658
399006.SZ,2018-01-10,1791.0845,1803.601,1804.727,1780.099,1803.5858,-12.5013,-0.6931,12842488.09,22500373.7786
399006.SZ,2018-01-11,1804.2349,1787.3847,1807.1505,1776.0085,1791.0845,13.1504,0.7342,14631391.3,24863597.76175
399006.SZ,2018-01-12,1785.705,1800.8856,1802.5222,1785.6081,1804.2349,-18.5299,-1.027,12183914.7,20602016.24065
399006.SZ,2018-01-15,1732.6225,1778.794,1780.195,1727.005,1785.705,-53.0825,-2.9726,16456135.38,25930842.29519
399006.SZ,2018-01-16,1729.5974,1729.5591,1740.8451,1720.6493,1732.6225,-3.0251,-0.1746,13314725.84,22015659.10956
399006.SZ,2018-01-17,1742.0344,1722.4515,1750.0626,1697.6244,1729.5974,12.437,0.7191,16089627.31,25410760.15384
399006.SZ,2018-01-18,1738.0019,1735.4592,1754.6164,1734.7749,1742.0344,-4.0325,-0.2315,11141885.07,17553593.53537
399006.SZ,2018-01-19,1728.1396,1735.0304,1745.5924,1726.5274,1738.0019,-9.8623,-0.5675,13453789.52,21963665.05218
399006.SZ,2018-01-22,1768.214,1726.3173,1776.1814,1715.4275,1728.1396,40.0744,2.3189,18912029.01,30346355.01046
399006.SZ,2018-01-23,1767.829,1767.33,1776.495,1760.339,1768.214,-0.385,-0.0218,13588538.08,23082959.80712
399006.SZ,2018-01-24,1813.2751,1763.686,1817.084,1752.304,1767.829,45.4461,2.5707,27494702.67,44774741.00952
399006.SZ,2018-01-25,1810.8346,1811.1143,1852.2259,1807.5149,1813.2751,-2.4405,-0.1346,29595388.79,46192526.24126
399006.SZ,2018-01-26,1816.8003,1809.1313,1830.5473,1809.1313,1810.8346,5.9657,0.3294,20204789.86,31592970.40266
399006.SZ,2018-01-29,1799.7709,1811.5422,1826.097,1791.578,1816.8003,-17.0294,-0.9373,22263944.77,34735723.83957
399006.SZ,2018-01-30,1782.399,1794.3275,1808.0106,1779.3301,1799.7709,-17.3719,-0.9652,17711707.39,26869541.02992
399006.SZ,2018-01-31,1735.057,1766.767,1767.777,1732.98,1782.399,-47.342,-2.6561,20113892.47,30368533.58387
399006.SZ,2018-02-01,1697.39,1735.663,1746.545,1697.39,1735.057,-37.667,-2.1709,19029541.78,28630084.64577
399006.SZ,2018-02-02,1702.4264,1683.179,1726.89,1676.243,1697.39,5.0364,0.2967,17717254.21,26715222.49194
399006.SZ,2018-02-05,1688.2724,1678.187,1698.281,1674.975,1702.4264,-14.154,-0.8314,14897309.02,22158856.71623
399006.SZ,2018-02-06,1598.1161,1653.447,1675.5631,1597.8857,1688.2724,-90.1563,-5.3402,20271778.1,29407277.27939
399006.SZ,2018-02-07,1616.4003,1632.8716,1637.7767,1571.4705,1598.1161,18.2842,1.1441,22702002.63,31783593.09276
399006.SZ,2018-02-08,1641.4307,1608.73,1651.586,1608.631,1616.4003,25.0304,1.5485,18260389.31,26057068.47245
399006.SZ,2018-02-09,1592.5102,1598.475,1629.356,1576.886,1641.4307,-48.9205,-2.9804,20876459.78,29316049.82812
399006.SZ,2018-02-12,1648.0721,1604.562,1654.654,1604.562,1592.5102,55.5619,3.489,16703878.1,24556171.26714
399006.SZ,2018-02-13,1648.5816,1657.128,1669.079,1644.866,1648.0721,0.5095,0.0309,14915166.55,23062872.04227
399006.SZ,2018-02-14,1646.7714,1649.573,1652.009,1633.762,1648.5816,-1.8102,-0.1098,10024377.95,14837087.75568
399006.SZ,2018-02-22,1677.7647,1661.559,1679.794,1650.875,1646.7714,30.9933,1.8821,14005315.39,21058909.19118
399006.SZ,2018-02-23,1668.8345,1674.624,1681.245,1656.953,1677.7647,-8.9302,-0.5323,12520091.97,19167872.75005
399006.SZ,2018-02-26,1729.1527,1683.146,1733.708,1673.954,1668.8345,60.3182,3.6144,19921364.97,31505927.86387
399006.SZ,2018-02-27,1743.5413,1729.937,1757.374,1728.311,1729.1527,14.3886,0.8321,22840752.41,35145173.0082
399006.SZ,2018-02-28,1753.6274,1730.152,1773.733,1723.395,1743.5413,10.0861,0.5785,21640763.06,33627712.85078
399006.SZ,2018-03-01,1789.8488,1744.341,1789.849,1741.028,1753.6274,36.2214,2.0655,23192765.68,35260652.18584
399006.SZ,2018-03-02,1772.0054,1777.4579,1804.2504,1767.9007,1789.8488,-17.8434,-0.9969,20722330.82,32519576.66369
399006.SZ,2018-03-05,1795.6928,1780.8221,1795.6928,1768.8814,1772.0054,23.6874,1.3368,16711339.7,26712809.31301
399006.SZ,2018-03-06,1797.6095,1798.0348,1810.2557,1790.5427,1795.6928,1.9167,0.1067,19531345.24,31983007.63075
399006.SZ,2018-03-07,1785.2696,1795.1742,1800.4506,1780.296,1797.6095,-12.3399,-0.6865,15820199.49,24795584.73452
399006.SZ,2018-03-08,1793.2216,1783.1036,1795.8172,1781.4561,1785.2696,7.952,0.4454,13919038.53,22716800.80871
399006.SZ,2018-03-09,1856.4554,1794.2543,1858.028,1793.924,1793.2216,63.2338,3.5263,27955147.42,43628201.55519
399006.SZ,2018-03-12,1882.409,1872.0283,1901.1509,1872.0283,1856.4554,25.9536,1.398,27855975.04,46815198.30832
399006.SZ,2018-03-13,1872.6782,1879.626,1896.504,1863.16,1882.409,-9.7308,-0.5169,21971604.99,37046306.37585
399006.SZ,2018-03-14,1841.2893,1863.573,1874.153,1840.349,1872.6782,-31.3889,-1.6762,17682396.05,30207200.51886
399006.SZ,2018-03-15,1848.7105,1833.7697,1848.7151,1812.4807,1841.2893,7.4212,0.403,18110718.38,29622752.97143
399006.SZ,2018-03-16,1821.3223,1847.1783,1857.1499,1821.3223,1848.7105,-27.3882,-1.4815,17797266.32,29199887.83144
399006.SZ,2018-03-19,1842.9199,1822.6029,1860.2019,1818.6202,1821.3223,21.5976,1.1858,19235058.84,31472233.71502
399006.SZ,2018-03-20,1864.6204,1828.006,1867.459,1825.675,1842.9199,21.7005,1.1775,17739147.21,29997277.90009
399006.SZ,2018-03-21,1829.9129,1866.81,1877.1343,1829.9129,1864.6204,-34.7075,-1.8614,20648269.54,34531470.57484
399006.SZ,2018-03-22,1817.2279,1830.5589,1841.4029,1814.6862,1829.9129,-12.685,-0.6932,18005138.19,28588172.37973
399006.SZ,2018-03-23,1726.0209,1751.7434,1792.2309,1710.4034,1817.2279,-91.207,-5.019,26928578.68,41229041.59273
399006.SZ,2018-03-26,1780.6093,1704.355,1781.837,1693.735,1726.0209,54.5884,3.1627,21541043.74,34053005.01684
399006.SZ,2018-03-27,1844.6929,1799.147,1846.541,1797.087,1780.6093,64.0836,3.599,26961230.74,43931110.64374
399006.SZ,2018-03-28,1835.1539,1819.656,1856.885,1816.437,1844.6929,-9.539,-0.5171,24392107.78,39953772.55336
399006.SZ,2018-03-29,1842.1872,1843.442,1857.325,1825.968,1835.1539,7.0333,0.3833,20528228.17,34133240.14305
399006.SZ,2018-03-30,1900.4817,1850.201,1900.957,1849.247,1842.1872,58.2945,3.1644,26234020.8,43964932.65799
399006.SZ,2018-04-02,1900.2546,1911.566,1918.218,1891.958,1900.4817,-0.2271,-0.0119,25412854.43,46471225.58595
399006.SZ,2018-04-03,1872.4701,1869.8724,1886.9747,1850.0103,1900.2546,-27.7845,-1.4621,21000340.78,36898835.49626
399006.SZ,2018-04-04,1836.8127,1880.3293,1887.1135,1834.6744,1872.4701,-35.6574,-1.9043,18745064.58,31731756.96882
399006.SZ,2018-04-09,1841.6531,1830.878,1862.966,1819.094,1836.8127,4.8404,0.2635,17622958.81,29258623.30864
399006.SZ,2018-04-10,1835.5201,1838.8845,1842.2198,1811.3477,1841.6531,-6.133,-0.333,19089260.38,31565172.31772
399006.SZ,2018-04-11,1834.6256,1840.0903,1857.9173,1832.4231,1835.5201,-0.8945,-0.0487,17014662.91,28635892.94379
399006.SZ,2018-04-12,1826.8897,1830.9082,1848.631,1826.6923,1834.6256,-7.7359,-0.4217,13785863.49,23865489.63099
399006.SZ,2018-04-13,1824.5943,1840.868,1848.9156,1822.6587,1826.8897,-2.2954,-0.1256,14069209.19,23789671.03293
399006.SZ,2018-04-16,1838.7088,1818.253,1852.082,1816.323,1824.5943,14.1145,0.7736,19130734.91,31883517.87333
399006.SZ,2018-04-17,1783.7407,1843.747,1849.687,1783.7407,1838.7088,-54.9681,-2.9895,20054649.03,33639826.30216
399006.SZ,2018-04-18,1822.2644,1793.829,1832.987,1757.391,1783.7407,38.5237,2.1597,22856327.61,38338720.33774
399006.SZ,2018-04-19,1820.2808,1815.4474,1839.1273,1812.9339,1822.2644,-1.9836,-0.1089,18856374.15,31146652.6197
399006.SZ,2018-04-20,1782.8085,1813.7544,1830.7256,1781.2147,1820.2808,-37.4723,-2.0586,20517748.39,32109180.60429
399006.SZ,2018-04-23,1753.0476,1784.146,1794.6819,1729.8992,1782.8085,-29.7609,-1.6693,19226567.78,29990602.73067
399006.SZ,2018-04-24,1806.8609,1753.643,1806.9018,1749.1794,1753.0476,53.8133,3.0697,19166450.59,30267082.12714
399006.SZ,2018-04-25,1819.4064,1798.0017,1825.2336,1795.7866,1806.8609,12.5455,0.6943,17577466.71,30015513.29095
399006.SZ,2018-04-26,1781.2761,1818.694,1819.428,1780.616,1819.4064,-38.1303,-2.0958,15737440.52,26133443.61979
399006.SZ,2018-04-27,1805.5958,1790.304,1813.569,1779.175,1781.2761,24.3197,1.3653,16989168.24,28471504.40118
399006.SZ,2018-05-02,1801.5708,1814.626,1833.27,1788.011,1805.5958,-4.025,-0.2229,15865571.58,26718354.31519
399006.SZ,2018-05-03,1826.7912,1797.117,1827.767,1767.604,1801.5708,25.2204,1.3999,18320907.12,29913567.05568
399006.SZ,2018-05-04,1814.8549,1821.022,1832.958,1812.069,1826.7912,-11.9363,-0.6534,14025634.66,23867269.13953
399006.SZ,2018-05-07,1852.3359,1819.665,1854.303,1819.015,1814.8549,37.481,2.0652,16159711.54,27656118.21275
399006.SZ,2018-05-08,1856.868,1852.6856,1857.9466,1842.6259,1852.3359,4.5321,0.2447,15375295.9,26284139.58521
399006.SZ,2018-05-09,1855.8086,1853.83,1861.936,1845.904,1856.868,-1.0594,-0.0571,13315099.49,22711778.57181
399006.SZ,2018-05-10,1865.3588,1857.9855,1866.8152,1846.1113,1855.8086,9.5502,0.5146,15127403.25,26276147.29447
399006.SZ,2018-05-11,1834.7797,1866.9314,1870.0042,1834.7797,1865.3588,-30.5791,-1.6393,15771494.65,27317335.23534
399006.SZ,2018-05-14,1830.9804,1835.6959,1844.6511,1825.6946,1834.7797,-3.7993,-0.2071,16665849.55,28471654.88139
399006.SZ,2018-05-15,1858.0114,1830.8365,1858.9856,1825.5047,1830.9804,27.031,1.4763,15362835.24,25981037.33468
399006.SZ,2018-05-16,1846.6748,1850.0086,1862.2881,1845.087,1858.0114,-11.3366,-0.6101,13391533.51,24261337.35313
399006.SZ,2018-05-17,1831.2045,1845.2776,1851.1203,1826.2322,1846.6748,-15.4703,-0.8377,10980008.05,19116438.9201
399006.SZ,2018-05-18,1836.7539,1829.0625,1839.0007,1812.6562,1831.2045,5.5494,0.303,12106338.2,20691469.6101
399006.SZ,2018-05-21,1862.4808,1845.7636,1870.5701,1845.7636,1836.7539,25.7269,1.4007,16815400.82,28683693.3077
399006.SZ,2018-05-22,1875.9994,1860.6309,1876.1561,1858.1144,1862.4808,13.5186,0.7258,14602566.72,24605985.11227
399006.SZ,2018-05-23,1845.9733,1869.4998,1876.2018,1845.8101,1875.9994,-30.0261,-1.6005,14570025.18,24772467.43998
399006.SZ,2018-05-24,1838.4028,1847.811,1855.988,1837.439,1845.9733,-7.5705,-0.4101,13607511.16,22051259.00181
399006.SZ,2018-05-25,1804.5488,1835.415,1841.639,1804.5488,1838.4028,-33.854,-1.8415,16111610.56,25162324.39039
399006.SZ,2018-05-28,1796.9134,1804.784,1815.221,1788.035,1804.5488,-7.6354,-0.4231,14093090.0,23059071.85046
399006.SZ,2018-05-29,1773.6458,1795.724,1815.201,1773.623,1796.9134,-23.2676,-1.2949,13830939.54,23269234.37658
399006.SZ,2018-05-30,1726.2188,1744.241,1758.866,1724.28,1773.6458,-47.427,-2.674,16605987.32,25816809.47007
399006.SZ,2018-05-31,1743.7426,1741.325,1748.528,1714.848,1726.2188,17.5238,1.0152,14120851.25,22141861.08298
399006.SZ,2018-06-01,1709.5476,1734.35,1744.011,1699.684,1743.7426,-34.195,-1.961,12174329.98,19237579.47785
399006.SZ,2018-06-04,1702.9297,1709.569,1715.415,1690.991,1709.5476,-6.6179,-0.3871,12355913.74,19141685.52031
399006.SZ,2018-06-05,1746.113,1702.3665,1747.7472,1702.3665,1702.9297,43.1833,2.5358,13695946.84,21571902.28506
399006.SZ,2018-06-06,1743.2475,1744.166,1751.97,1735.374,1746.113,-2.8655,-0.1641,13196366.07,21473439.1893
399006.SZ,2018-06-07,1730.375,1747.9323,1750.506,1728.0605,1743.2475,-12.8725,-0.7384,12368651.19,18712528.28637
399006.SZ,2018-06-08,1711.5224,1726.303,1727.487,1698.246,1730.375,-18.8526,-1.0895,12292790.18,18678839.17233
399006.SZ,2018-06-11,1688.6179,1707.14,1708.205,1684.315,1711.5224,-22.9045,-1.3383,10855214.58,17212631.98257
399006.SZ,2018-06-12,1712.7684,1692.6684,1715.661,1680.9956,1688.6179,24.1505,1.4302,11753622.64,18155996.73789
399006.SZ,2018-06-13,1685.8948,1711.5298,1711.5298,1685.8948,1712.7684,-26.8736,-1.569,11063256.85,16191811.85638
399006.SZ,2018-06-14,1673.3194,1682.8364,1702.6858,1669.3808,1685.8948,-12.5754,-0.7459,11346421.9,15477282.24576
399006.SZ,2018-06-15,1641.6627,1673.9043,1681.8886,1636.6976,1673.3194,-31.6567,-1.8919,12913923.47,17846367.36564
399006.SZ,2018-06-19,1547.1453,1612.9009,1626.8682,1532.3227,1641.6627,-94.5174,-5.7574,17423205.77,23630164.6091
399006.SZ,2018-06-20,1563.7925,1540.6101,1577.6226,1525.285,1547.1453,16.6472,1.076,15691733.38,21912800.58684
399006.SZ,2018-06-21,1521.6761,1562.3687,1570.5978,1521.562,1563.7925,-42.1164,-2.6932,15020622.23,19891960.77817
399006.SZ,2018-06-22,1549.6605,1514.0423,1555.72,1506.6166,1521.6761,27.9844,1.8391,12982487.78,16636545.40905
399006.SZ,2018-06-25,1538.565,1563.7444,1566.7768,1537.2697,1549.6605,-11.0955,-0.716,12262466.96,16815288.65854
399006.SZ,2018-06-26,1564.9174,1518.5,1570.276,1515.269,1538.565,26.3524,1.7128,15040944.51,19729732.7535
399006.SZ,2018-06-27,1546.2315,1564.2875,1572.607,1542.5158,1564.9174,-18.6859,-1.1941,13084202.09,17239070.80171
399006.SZ,2018-06-28,1543.6637,1544.645,1570.8957,1540.8901,1546.2315,-2.5678,-0.1661,13639018.85,18035178.16288
399006.SZ,2018-06-29,1606.7147,1547.1489,1609.7349,1547.1489,1543.6637,63.051,4.0845,16980018.59,23545586.00645
399006.SZ,2018-07-02,1588.3739,1605.2105,1614.341,1572.5622,1606.7147,-18.3408,-1.1415,14941353.79,22438523.11675
399006.SZ,2018-07-03,1607.1223,1589.4988,1613.8256,1558.0012,1588.3739,18.7484,1.1804,16824166.52,24987570.84763
399006.SZ,2018-07-04,1565.6104,1595.8881,1596.0013,1557.5417,1607.1223,-41.5119,-2.583,13819654.0,20195859.73175
399006.SZ,2018-07-05,1532.6789,1560.9764,1576.9914,1532.4294,1565.6104,-32.9315,-2.1034,12201737.66,17335825.65796
399006.SZ,2018-07-06,1541.3135,1532.0512,1571.0161,1517.0606,1532.6789,8.6346,0.5634,16682889.63,23688068.48424
399006.SZ,2018-07-09,1581.9302,1546.0116,1582.5323,1546.0116,1541.3135,40.6167,2.6352,14511007.18,21839576.08396
399006.SZ,2018-07-10,1592.9761,1583.7434,1594.0006,1577.3925,1581.9302,11.0459,0.6983,13430172.37,20180483.56416
399006.SZ,2018-07-11,1563.0085,1562.5909,1577.1722,1540.7045,1592.9761,-29.9676,-1.8812,16415462.94,23574186.86497
399006.SZ,2018-07-12,1614.6324,1563.7884,1620.6443,1563.7884,1563.0085,51.6239,3.3029,24418003.41,31092940.64937
399006.SZ,2018-07-13,1618.4632,1612.1875,1626.2734,1608.604,1614.6324,3.8308,0.2373,20929747.85,27165691.48665
399006.SZ,2018-07-16,1616.9125,1614.5618,1624.3289,1605.212,1618.4632,-1.5507,-0.0958,18078671.72,24181219.53576
399006.SZ,2018-07-17,1621.6318,1615.8419,1622.0852,1597.8822,1616.9125,4.7193,0.2919,18278027.56,22908105.09159
399006.SZ,2018-07-18,1607.8841,1622.2874,1635.9069,1607.8841,1621.6318,-13.7477,-0.8478,19407405.5,26914926.65243
399006.SZ,2018-07-19,1590.0633,1607.9289,1619.3935,1582.9662,1607.8841,-17.8208,-1.1083,16802659.8,23287939.30175
399006.SZ,2018-07-20,1609.5479,1589.3077,1615.0577,1578.801,1590.0633,19.4846,1.2254,17020661.38,24464923.59807
399006.SZ,2018-07-23,1620.9733,1592.2404,1621.1743,1589.6406,1609.5479,11.4254,0.7099,19383320.32,28356245.91219
399006.SZ,2018-07-24,1629.6096,1615.7198,1641.9675,1607.5405,1620.9733,8.6363,0.5328,22015627.71,32725619.9489
399006.SZ,2018-07-25,1632.3204,1629.1266,1645.445,1626.0864,1629.6096,2.7108,0.1663,19765266.1,29491220.49862
399006.SZ,2018-07-26,1606.1153,1631.4555,1635.0527,1601.4638,1632.3204,-26.2051,-1.6054,21045712.32,26332668.82366
399006.SZ,2018-07-27,1594.5674,1601.269,1607.3,1590.4303,1606.1153,-11.5479,-0.719,17633148.54,20907593.90593
399006.SZ,2018-07-30,1559.6408,1593.604,1596.7308,1554.0377,1594.5674,-34.9266,-2.1903,15519807.1,20780510.91211
399006.SZ,2018-07-31,1561.2576,1557.6,1571.8736,1551.0941,1559.6408,1.6168,0.1037,13617955.46,19090147.548
399006.SZ,2018-08-01,1541.8601,1568.1229,1580.8351,1541.8601,1561.2576,-19.3975,-1.2424,14283057.99,19969993.33182
399006.SZ,2018-08-02,1510.0876,1538.284,1538.9367,1484.4814,1541.8601,-31.7725,-2.0607,18520915.51,25160219.00164
399006.SZ,2018-08-03,1481.6065,1512.566,1523.244,1481.6065,1510.0876,-28.4811,-1.8861,12541452.47,17870775.13223
399006.SZ,2018-08-06,1440.7955,1471.3563,1485.8519,1434.7869,1481.6065,-40.811,-2.7545,14467096.31,19649206.91115
399006.SZ,2018-08-07,1479.4408,1445.6168,1482.0277,1435.0933,1440.7955,38.6453,2.6822,14065612.1,19546132.65517
399006.SZ,2018-08-08,1447.7568,1475.3231,1480.2818,1446.8139,1479.4408,-31.684,-2.1416,13115153.37,16896661.96693
399006.SZ,2018-08-09,1497.6063,1443.8725,1509.8683,1443.2965,1447.7568,49.8495,3.4432,16915432.28,22647559.27002
399006.SZ,2018-08-10,1511.7073,1496.1046,1514.5083,1496.1046,1497.6063,14.101,0.9416,12615442.38,17319474.72591
399006.SZ,2018-08-13,1531.3404,1494.315,1534.1227,1490.8217,1511.7073,19.6331,1.2987,14108623.03,19729046.9417
399006.SZ,2018-08-14,1518.4912,1530.4516,1533.0705,1512.1637,1531.3404,-12.8492,-0.8391,12228234.09,15419331.60239
399006.SZ,2018-08-15,1478.5059,1518.2841,1519.7155,1472.4406,1518.4912,-39.9853,-2.6332,14317772.55,17773317.57976
399006.SZ,2018-08-16,1463.8718,1458.3922,1489.3372,1449.9267,1478.5059,-14.6341,-0.9898,14032065.92,18016166.78346
399006.SZ,2018-08-17,1434.3058,1475.8871,1480.4248,1432.0628,1463.8718,-29.566,-2.0197,12844773.64,17999311.32519
399006.SZ,2018-08-20,1435.6902,1428.2605,1444.0002,1404.1888,1434.3058,1.3844,0.0965,13831669.8,18929949.39899
399006.SZ,2018-08-21,1456.9724,1435.3609,1461.3813,1431.8438,1435.6902,21.2822,1.4824,13001976.17,18413863.59878
399006.SZ,2018-08-22,1439.5515,1454.7063,1457.7854,1437.2584,1456.9724,-17.4209,-1.1957,11136124.06,14521077.79571
399006.SZ,2018-08-23,1455.5021,1439.6589,1463.0158,1438.2779,1439.5515,15.9506,1.108,12572289.71,16995676.72218
399006.SZ,2018-08-24,1450.0912,1450.9515,1460.6529,1442.8144,1455.5021,-5.4109,-0.3718,10826024.13,13959831.42693
399006.SZ,2018-08-27,1493.4329,1455.6561,1495.6789,1454.2797,1450.0912,43.3417,2.9889,15234661.84,20314131.79386
399006.SZ,2018-08-28,1493.1057,1495.9027,1499.6776,1485.5365,1493.4329,-0.3272,-0.0219,12811247.3,17526569.19523
399006.SZ,2018-08-29,1481.1915,1491.7764,1491.7764,1475.9694,1493.1057,-11.9142,-0.7979,11218317.65,15158194.20408
399006.SZ,2018-08-30,1457.916,1479.8494,1484.1645,1456.2442,1481.1915,-23.2755,-1.5714,11612958.89,15020447.6939
399006.SZ,2018-08-31,1435.2005,1450.473,1455.514,1434.314,1457.916,-22.7155,-1.5581,10573515.13,13648036.45506
399006.SZ,2018-09-03,1443.6877,1433.6294,1445.2985,1416.2443,1435.2005,8.4872,0.5914,12544985.35,15933584.59372
399006.SZ,2018-09-04,1455.5027,1442.275,1461.108,1430.658,1443.6877,11.815,0.8184,15921962.73,19438471.06782
399006.SZ,2018-09-05,1430.2399,1450.3914,1457.5942,1430.2399,1455.5027,-25.2628,-1.7357,15629752.92,17646162.77264
399006.SZ,2018-09-06,1422.8699,1424.465,1443.563,1416.574,1430.2399,-7.37,-0.5153,13597705.7,16839172.34749
399006.SZ,2018-09-07,1425.2289,1426.976,1453.091,1415.174,1422.8699,2.359,0.1658,16055055.01,19408611.55452
399006.SZ,2018-09-10,1390.8229,1424.014,1427.334,1390.14,1425.2289,-34.406,-2.4141,16312677.47,18579374.11809
399006.SZ,2018-09-11,1395.1665,1389.5386,1405.9791,1383.131,1390.8229,4.3436,0.3123,12745190.2,14223618.78813
399006.SZ,2018-09-12,1385.7962,1394.1633,1406.4029,1382.842,1395.1665,-9.3703,-0.6716,12204103.7,15425891.24214
399006.SZ,2018-09-13,1391.2791,1401.963,1408.874,1369.5112,1385.7962,5.4829,0.3956,13035353.43,17868720.71844
399006.SZ,2018-09-14,1366.5653,1394.0853,1396.4713,1366.5653,1391.2791,-24.7138,-1.7763,13073015.26,16771837.68707
399006.SZ,2018-09-17,1349.7765,1360.7191,1365.3975,1345.5798,1366.5653,-16.7888,-1.2285,11047742.68,13377093.56135
399006.SZ,2018-09-18,1377.3027,1348.111,1379.3843,1347.1169,1349.7765,27.5262,2.0393,12400987.13,14833942.62403
399006.SZ,2018-09-19,1392.4026,1375.2101,1405.7111,1369.4735,1377.3027,15.0999,1.0963,15173452.28,18466172.45144
399006.SZ,2018-09-20,1387.6192,1391.2496,1400.0402,1384.7114,1392.4026,-4.7834,-0.3435,11431631.27,12644803.04993
399006.SZ,2018-09-21,1411.119,1393.6746,1413.5647,1382.4046,1387.6192,23.4998,1.6935,13526162.63,16218577.75152
399006.SZ,2018-09-25,1405.806,1401.863,1416.779,1398.4,1411.119,-5.313,-0.3765,9452977.82,11839014.59747
399006.SZ,2018-09-26,1420.7498,1409.022,1430.119,1403.556,1405.806,14.9438,1.063,12977260.41,16159160.85364
399006.SZ,2018-09-27,1400.3593,1418.3694,1423.3906,1399.1467,1420.7498,-20.3905,-1.4352,13788975.28,16526533.38132
399006.SZ,2018-09-28,1411.3398,1403.956,1412.9482,1394.2535,1400.3593,10.9805,0.7841,12766888.75,15813568.34221
399006.SZ,2018-10-08,1353.6711,1380.6526,1388.1593,1353.2311,1411.3398,-57.6687,-4.0861,11304825.3,16046788.9827
399006.SZ,2018-10-09,1345.9527,1357.9674,1365.8279,1338.7304,1353.6711,-7.7184,-0.5702,9113748.15,13745855.16434
399006.SZ,2018-10-10,1346.7045,1350.6824,1358.4868,1333.8376,1345.9527,0.7518,0.0559,8794574.41,12610217.54644
399006.SZ,2018-10-11,1261.8831,1299.1673,1311.8413,1255.4202,1346.7045,-84.8214,-6.2984,15141865.16,19062398.06051
399006.SZ,2018-10-12,1268.4055,1253.9178,1276.5862,1230.4019,1261.8831,6.5224,0.5169,14478217.72,16954834.72816
399006.SZ,2018-10-15,1250.2184,1268.8783,1282.2879,1249.2014,1268.4055,-18.1871,-1.4339,11205218.25,14453686.32423
399006.SZ,2018-10-16,1216.6868,1249.5588,1252.0431,1210.1018,1250.2184,-33.5316,-2.6821,11639901.71,14260437.95968
399006.SZ,2018-10-17,1231.8615,1231.0011,1237.7697,1204.0777,1216.6868,15.1747,1.2472,15470697.88,18986479.34105
399006.SZ,2018-10-18,1205.0314,1220.2881,1230.1324,1205.0314,1231.8615,-26.8301,-2.178,14078150.85,16795614.46384
399006.SZ,2018-10-19,1249.8896,1186.4904,1252.689,1184.9066,1205.0314,44.8582,3.7226,16170516.85,20502726.9195
399006.SZ,2018-10-22,1314.9449,1270.499,1329.555,1270.49,1249.8896,65.0553,5.2049,22268716.91,29566899.8608
399006.SZ,2018-10-23,1292.0559,1313.6803,1321.9713,1281.112,1314.9449,-22.889,-1.7407,16998774.02,21851935.95336
399006.SZ,2018-10-24,1284.1023,1285.863,1303.229,1277.593,1292.0559,-7.9536,-0.6156,14085238.9,19185181.22519
399006.SZ,2018-10-25,1273.6029,1245.299,1279.94,1239.592,1284.1023,-10.4994,-0.8176,13681339.62,18405404.63108
399006.SZ,2018-10-26,1263.1881,1283.068,1290.567,1257.502,1273.6029,-10.4148,-0.8177,12721339.24,16426795.14052
399006.SZ,2018-10-29,1250.4796,1262.54,1271.351,1245.145,1263.1881,-12.7085,-1.0061,12160096.42,15294874.80064
399006.SZ,2018-10-30,1259.948,1248.6693,1279.0398,1222.6245,1250.4796,9.4684,0.7572,15625867.18,19701987.06588
399006.SZ,2018-10-31,1275.5743,1263.341,1287.346,1259.662,1259.948,15.6263,1.2402,12831986.37,16441627.40091
399006.SZ,2018-11-01,1286.3265,1291.882,1312.769,1286.3265,1275.5743,10.7522,0.8429,18441543.26,22768668.44837
399006.SZ,2018-11-02,1348.2794,1328.46,1349.427,1320.737,1286.3265,61.9529,4.8163,22725863.25,28858133.92412
399006.SZ,2018-11-05,1348.8759,1347.471,1371.427,1325.02,1348.2794,0.5965,0.0442,20858911.01,26388071.56295
399006.SZ,2018-11-06,1349.1087,1346.526,1350.823,1327.397,1348.8759,0.2328,0.0173,14501529.48,18708227.55744
399006.SZ,2018-11-07,1345.7678,1349.618,1367.274,1345.198,1349.1087,-3.3409,-0.2476,15529923.45,21307768.43048
399006.SZ,2018-11-08,1329.5909,1357.888,1359.29,1328.992,1345.7678,-16.1769,-1.2021,13176483.47,17697097.90941
399006.SZ,2018-11-09,1322.8308,1321.325,1337.394,1318.208,1329.5909,-6.7601,-0.5084,11299175.82,14362850.03108
399006.SZ,2018-11-12,1368.7907,1322.867,1370.874,1320.52,1322.8308,45.9599,3.4744,18121236.18,23218365.04059
399006.SZ,2018-11-13,1392.0549,1356.623,1400.869,1353.627,1368.7907,23.2642,1.6996,24086500.68,28750282.52545
399006.SZ,2018-11-14,1385.7324,1388.233,1401.428,1382.787,1392.0549,-6.3225,-0.4542,17838716.97,21272732.68252
399006.SZ,2018-11-15,1405.2479,1382.344,1405.389,1381.289,1385.7324,19.5155,1.4083,17195366.31,22008266.34505
399006.SZ,2018-11-16,1403.2829,1406.727,1415.383,1390.811,1405.2479,-1.965,-0.1398,18580640.81,25162695.93661
399006.SZ,2018-11-19,1394.4,1399.0047,1403.9432,1380.6008,1403.2829,-8.8829,-0.633,15720956.09,19641758.19923
399006.SZ,2018-11-20,1355.3343,1384.176,1385.96,1352.735,1394.4,-39.0657,-2.8016,15877218.88,20358543.15783
399006.SZ,2018-11-21,1363.0284,1344.4003,1364.7608,1342.1584,1355.3343,7.6941,0.5677,13911007.97,18364234.69741
399006.SZ,2018-11-22,1353.9237,1365.483,1371.392,1349.991,1363.0284,-9.1047,-0.668,11257246.04,14365161.78129
399006.SZ,2018-11-23,1308.7387,1355.171,1355.171,1306.563,1353.9237,-45.185,-3.3373,15971081.35,19072644.55056
399006.SZ,2018-11-26,1304.5572,1309.468,1316.469,1296.034,1308.7387,-4.1815,-0.3195,10083208.57,12730134.21522
399006.SZ,2018-11-27,1315.4328,1314.086,1322.412,1307.203,1304.5572,10.8756,0.8337,11131379.5,14327080.85528
399006.SZ,2018-11-28,1341.0832,1314.532,1341.514,1305.016,1315.4328,25.6504,1.95,15170742.41,18312094.13585
399006.SZ,2018-11-29,1312.7163,1347.743,1351.975,1312.716,1341.0832,-28.3669,-2.1152,14024131.87,17796365.02572
399006.SZ,2018-11-30,1329.3885,1309.888,1332.935,1304.656,1312.7163,16.6722,1.2701,11489507.0,14652556.87508
399006.SZ,2018-12-03,1372.7939,1365.898,1380.824,1358.1,1329.3885,43.4054,3.2651,19791240.5,25573766.05876
399006.SZ,2018-12-04,1378.7535,1370.291,1378.986,1366.487,1372.7939,5.9596,0.4341,13517494.66,16956602.22286
399006.SZ,2018-12-05,1381.7668,1359.2663,1391.0276,1355.6973,1378.7535,3.0133,0.2186,15684634.29,20028441.32587
399006.SZ,2018-12-06,1345.7608,1371.3447,1376.3202,1342.8078,1381.7668,-36.006,-2.6058,14807248.93,19643267.82122
399006.SZ,2018-12-07,1341.0187,1344.1291,1349.2613,1334.3914,1345.7608,-4.7421,-0.3524,11504624.72,15193986.76927
399006.SZ,2018-12-10,1326.8478,1328.0603,1340.1564,1325.9096,1341.0187,-14.1709,-1.0567,11475271.85,15690475.53436
399006.SZ,2018-12-11,1338.0788,1332.5217,1339.0197,1328.439,1326.8478,11.231,0.8464,10126819.7,13131893.79463
399006.SZ,2018-12-12,1338.7307,1343.9029,1347.7436,1335.3479,1338.0788,0.6519,0.0487,9745640.29,13316560.05098
399006.SZ,2018-12-13,1348.5039,1341.5536,1357.0239,1327.0237,1338.7307,9.7732,0.73,12403219.3,16789678.89688
399006.SZ,2018-12-14,1310.4576,1346.902,1346.902,1309.4353,1348.5039,-38.0463,-2.8214,12820091.2,16910087.99204
399006.SZ,2018-12-17,1299.1747,1303.8819,1306.9531,1284.6626,1310.4576,-11.2829,-0.861,10905213.1,14243867.67117
399006.SZ,2018-12-18,1293.3351,1293.1538,1307.902,1282.9564,1299.1747,-5.8396,-0.4495,10272905.9,13262513.03824
399006.SZ,2018-12-19,1268.8139,1295.8865,1296.8626,1265.7468,1293.3351,-24.5212,-1.896,9520939.75,13195388.66943
399006.SZ,2018-12-20,1278.1573,1266.7594,1282.1066,1265.8801,1268.8139,9.3434,0.7364,9517376.85,12713218.58483
399006.SZ,2018-12-21,1270.3043,1274.0397,1279.4953,1259.8134,1278.1573,-7.853,-0.6144,10074036.92,13186162.56524
399006.SZ,2018-12-24,1284.3322,1267.2274,1285.6899,1263.5664,1270.3043,14.0279,1.1043,9081678.81,12073916.99837
399006.SZ,2018-12-25,1273.4473,1269.142,1279.704,1243.967,1284.3322,-10.8849,-0.8475,14220876.69,16688021.84853
399006.SZ,2018-12-26,1264.0702,1272.241,1280.357,1262.34,1273.4473,-9.3771,-0.7364,11431722.18,12945618.23869
399006.SZ,2018-12-27,1248.0765,1283.1713,1285.5216,1246.7942,1264.0702,-15.9937,-1.2653,13641861.47,15872555.26595
399006.SZ,2018-12-28,1250.5254,1248.0551,1253.8436,1236.2772,1248.0765,2.4489,0.1962,13053377.69,15360915.24003
399006.SZ,2019-01-02,1228.7668,1250.623,1251.225,1226.873,1250.5254,-21.7586,-1.74,11199657.24,14891216.03586
399006.SZ,2019-01-03,1214.4969,1226.745,1240.287,1213.873,1228.7668,-14.2699,-1.1613,12506396.25,15585872.3022
399006.SZ,2019-01-04,1245.1567,1203.6732,1246.3936,1201.8045,1214.4969,30.6598,2.5245,16001077.8,20204538.27652
399006.SZ,2019-01-07,1268.0583,1250.403,1270.358,1244.82,1245.1567,22.9016,1.8393,15362257.33,19852284.13085
399006.SZ,2019-01-08,1263.5102,1262.1971,1270.4295,1258.5656,1268.0583,-4.5481,-0.3587,12761559.69,16240541.42857
399006.SZ,2019-01-09,1262.5167,1263.7327,1285.3112,1258.6233,1263.5102,-0.9935,-0.0786,15219895.7,20106809.1211
399006.SZ,2019-01-10,1258.9886,1262.1049,1270.6624,1255.7445,1262.5167,-3.5281,-0.2794,12575276.88,15790274.30445
399006.SZ,2019-01-11,1261.5603,1260.003,1266.673,1252.298,1258.9886,2.5717,0.2043,12009479.1,14404654.33479
399006.SZ,2019-01-14,1245.9994,1263.024,1264.044,1243.527,1261.5603,-15.5609,-1.2335,11267154.43,14462886.57385
399006.SZ,2019-01-15,1266.2745,1243.935,1267.647,1238.591,1245.9994,20.2751,1.6272,13787643.52,16609792.26417
399006.SZ,2019-01-16,1267.3048,1267.137,1277.274,1262.271,1266.2745,1.0303,0.0814,13045520.24,16183409.49095
399006.SZ,2019-01-17,1251.4137,1267.821,1267.821,1251.153,1267.3048,-15.8911,-1.2539,11956854.89,14649177.82837
399006.SZ,2019-01-18,1269.5046,1255.5954,1270.0026,1248.8542,1251.4137,18.0909,1.4456,12841872.07,15916852.86239
399006.SZ,2019-01-21,1274.7889,1271.393,1283.143,1266.802,1269.5046,5.2843,0.4162,13071120.48,17266460.80758
399006.SZ,2019-01-22,1252.2391,1273.472,1273.472,1247.448,1274.7889,-22.5498,-1.7689,11996863.65,15132506.33699
399006.SZ,2019-01-23,1251.1266,1250.8328,1255.4142,1244.939,1252.2391,-1.1125,-0.0888,9519691.68,11853577.81564
399006.SZ,2019-01-24,1265.1607,1252.385,1272.488,1248.061,1251.1266,14.0341,1.1217,13865210.87,17574785.11753
399006.SZ,2019-01-25,1265.4942,1266.63,1276.985,1261.406,1265.1607,0.3335,0.0264,14405343.45,19072843.18363
399006.SZ,2019-01-28,1259.7432,1272.367,1279.822,1257.533,1265.4942,-5.751,-0.4544,13363469.07,16838305.26338
399006.SZ,2019-01-29,1243.5918,1259.803,1259.803,1229.484,1259.7432,-16.1514,-1.2821,14122638.64,16813962.6196
399006.SZ,2019-01-30,1230.8193,1238.281,1248.959,1230.819,1243.5918,-12.7725,-1.0271,12530378.42,15511805.56067
399006.SZ,2019-01-31,1227.9878,1230.999,1243.586,1220.95,1230.8193,-2.8315,-0.2301,15163048.29,17322471.32834
399006.SZ,2019-02-01,1271.2746,1233.384,1272.193,1233.384,1227.9878,43.2868,3.525,15663791.86,19698564.43582
399006.SZ,2019-02-11,1316.0984,1275.2196,1319.1772,1274.7323,1271.2746,44.8238,3.5259,17184036.82,23211130.33142
399006.SZ,2019-02-12,1332.2704,1316.907,1336.139,1314.915,1316.0984,16.172,1.2288,17443451.14,22549770.04382
399006.SZ,2019-02-13,1357.6657,1335.164,1362.638,1333.105,1332.2704,25.3953,1.9062,23064983.21,30141292.63862
399006.SZ,2019-02-14,1361.9384,1357.7758,1369.784,1349.4731,1357.6657,4.2727,0.3147,18241290.23,24304332.30844
399006.SZ,2019-02-15,1357.8362,1360.7568,1371.9648,1355.778,1361.9384,-4.1022,-0.3012,19162601.39,24309809.73478
399006.SZ,2019-02-18,1413.6002,1364.939,1413.7741,1364.939,1357.8362,55.764,4.1068,24648898.6,32001114.32443
399006.SZ,2019-02-19,1406.0375,1419.0357,1427.1353,1391.566,1413.6002,-7.5627,-0.535,26630490.66,34721698.83161
399006.SZ,2019-02-20,1408.3818,1406.9915,1417.8889,1387.9029,1406.0375,2.3443,0.1667,18890532.86,25129774.38787
399006.SZ,2019-02-21,1412.535,1405.5176,1452.3851,1401.771,1408.3818,4.1532,0.2949,28641541.53,38369419.08546
399006.SZ,2019-02-22,1456.2989,1409.861,1456.305,1407.288,1412.535,43.7639,3.0983,28199156.28,38841170.20863
399006.SZ,2019-02-25,1536.3711,1487.304,1538.1577,1481.1716,1456.2989,80.0722,5.4983,41554407.14,58044096.32789
399006.SZ,2019-02-26,1546.9869,1549.2395,1581.8338,1532.4397,1536.3711,10.6158,0.691,47469139.36,71601249.35039
399006.SZ,2019-02-27,1520.4193,1544.1631,1555.5864,1503.677,1546.9869,-26.5676,-1.7174,35819907.39,52323357.3154
399006.SZ,2019-02-28,1535.6804,1522.631,1549.327,1519.756,1520.4193,15.2611,1.0037,28814986.87,42535933.66166
399006.SZ,2019-03-01,1567.8731,1558.898,1568.319,1532.454,1535.6804,32.1927,2.0963,28730978.39,45194091.29931
399006.SZ,2019-03-04,1619.7099,1596.554,1651.014,1593.257,1567.8731,51.8368,3.3062,44510484.75,68492044.67459
399006.SZ,2019-03-05,1676.5659,1615.592,1676.566,1613.498,1619.7099,56.856,3.5103,41959133.77,58744017.5304
399006.SZ,2019-03-06,1700.4964,1684.972,1704.1,1661.011,1676.5659,23.9305,1.4274,46693438.9,67145885.97995
399006.SZ,2019-03-07,1692.4163,1699.6,1719.145,1666.373,1700.4964,-8.0801,-0.4752,46482150.99,68836953.36647
399006.SZ,2019-03-08,1654.4853,1647.848,1718.384,1635.45,1692.4163,-37.931,-2.2412,52931349.12,79390601.73153
399006.SZ,2019-03-11,1727.8014,1673.405,1728.331,1656.14,1654.4853,73.3161,4.4314,42963865.16,65132437.62731
399006.SZ,2019-03-12,1773.4325,1733.427,1789.155,1733.427,1727.8014,45.6311,2.641,53360432.43,81788130.35458
399006.SZ,2019-03-13,1693.8604,1769.547,1769.547,1682.3594,1773.4325,-79.5721,-4.4869,42072291.8,64972151.81484
399006.SZ,2019-03-14,1650.1862,1676.614,1700.5157,1628.635,1693.8604,-43.6742,-2.5784,34628186.64,53483330.9566
399006.SZ,2019-03-15,1662.6229,1667.7779,1685.0787,1642.6985,1650.1862,12.4367,0.7537,26903044.55,42418023.97809
399006.SZ,2019-03-18,1707.056,1671.2796,1707.056,1652.8818,1662.6229,44.4331,2.6725,27135447.49,44690819.04014
399006.SZ,2019-03-19,1708.8743,1706.194,1730.351,1693.542,1707.056,1.8183,0.1065,27550333.39,41987923.15073
399006.SZ,2019-03-20,1687.9,1701.7308,1705.5898,1654.3028,1708.8743,-20.9743,-1.2274,28214299.03,44212600.7767
399006.SZ,2019-03-21,1703.8545,1683.55,1716.445,1677.655,1687.9,15.9545,0.9452,34060043.01,50064430.69418
399006.SZ,2019-03-22,1693.8654,1703.966,1703.966,1660.331,1703.8545,-9.9891,-0.5863,26210148.74,39885799.82043
399006.SZ,2019-03-25,1668.8413,1662.757,1695.094,1658.447,1693.8654,-25.0241,-1.4773,25234121.38,39800837.77291
399006.SZ,2019-03-26,1630.1903,1680.776,1684.359,1627.227,1668.8413,-38.651,-2.316,26324037.0,39742803.91395
399006.SZ,2019-03-27,1637.7728,1640.205,1645.564,1616.6,1630.1903,7.5825,0.4651,20977683.99,32960984.69904
399006.SZ,2019-03-28,1626.8187,1632.038,1659.945,1624.007,1637.7728,-10.9541,-0.6688,19861988.41,31032510.10612
399006.SZ,2019-03-29,1693.5475,1633.3805,1693.5475,1628.743,1626.8187,66.7288,4.1018,26730105.54,43559992.03838
399006.SZ,2019-04-01,1760.892,1710.1583,1766.3673,1710.1583,1693.5475,67.3445,3.9765,32975988.0,54379912.41331
399006.SZ,2019-04-02,1754.1565,1771.687,1774.979,1747.442,1760.892,-6.7355,-0.3825,34219305.38,57411298.05103
399006.SZ,2019-04-03,1768.1781,1743.9931,1769.756,1739.1419,1754.1565,14.0216,0.7993,29107524.58,47024012.73577
399006.SZ,2019-04-04,1777.2628,1780.276,1784.472,1761.047,1768.1781,9.0847,0.5138,30218706.74,50158877.47362
399006.SZ,2019-04-08,1739.6551,1787.957,1792.028,1720.003,1777.2628,-37.6077,-2.116,32140092.32,53299390.65081
399006.SZ,2019-04-09,1741.1706,1734.177,1753.523,1721.319,1739.6551,1.5155,0.0871,25206952.69,39266160.61707
399006.SZ,2019-04-10,1726.6364,1727.972,1740.849,1714.641,1741.1706,-14.5342,-0.8347,30247519.56,45693627.85983
399006.SZ,2019-04-11,1691.1042,1727.2192,1732.6149,1688.1022,1726.6364,-35.5322,-2.0579,25071356.44,38553401.42818
399006.SZ,2019-04-12,1695.7294,1692.4279,1702.3515,1683.2919,1691.1042,4.6252,0.2735,19547786.43,30108254.18781
399006.SZ,2019-04-15,1666.8971,1721.6375,1726.2041,1666.6525,1695.7294,-28.8323,-1.7003,22586542.98,36978279.79523
399006.SZ,2019-04-16,1697.5287,1656.762,1697.529,1638.297,1666.8971,30.6316,1.8376,25315161.16,40799016.85294
399006.SZ,2019-04-17,1717.4373,1699.195,1729.209,1697.966,1697.5287,19.9086,1.1728,27809075.57,44848951.01174
399006.SZ,2019-04-18,1704.5468,1715.179,1719.964,1702.928,1717.4373,-12.8905,-0.7506,21725606.87,32852573.58979
399006.SZ,2019-04-19,1715.7952,1704.722,1715.7952,1692.49,1704.5468,11.2484,0.6599,22604963.17,31915894.64479
399006.SZ,2019-04-22,1697.5121,1720.7757,1723.5571,1690.6351,1715.7952,-18.2831,-1.0656,23906950.84,35481990.01761
399006.SZ,2019-04-23,1683.8,1695.2682,1706.0768,1677.7278,1697.5121,-13.7121,-0.8078,20424285.05,30949667.66436
399006.SZ,2019-04-24,1718.8461,1690.279,1721.421,1676.638,1683.8,35.0461,2.0814,22798734.26,33187314.99564
399006.SZ,2019-04-25,1669.9777,1709.8287,1723.6622,1669.236,1718.8461,-48.8684,-2.8431,25159870.89,36712262.8754
399006.SZ,2019-04-26,1657.8243,1664.043,1682.4578,1653.6913,1669.9777,-12.1534,-0.7278,21914299.5,31833733.62433
399006.SZ,2019-04-29,1615.6164,1658.192,1661.059,1611.216,1657.8243,-42.2079,-2.546,24909551.15,36345282.71662
399006.SZ,2019-04-30,1623.7819,1612.109,1634.712,1608.7209,1615.6164,8.1655,0.5054,17907325.71,25723226.87505
399006.SZ,2019-05-06,1494.8864,1551.7192,1563.6112,1487.4519,1623.7819,-128.8955,-7.938,25052221.51,34332417.90415
399006.SZ,2019-05-07,1504.1637,1506.9715,1523.6587,1474.498,1494.8864,9.2773,0.6206,19879050.02,28427635.12704
399006.SZ,2019-05-08,1481.873,1469.2375,1515.1556,1465.0881,1504.1637,-22.2907,-1.4819,16692555.06,23810502.61478
399006.SZ,2019-05-09,1469.4755,1470.977,1491.378,1466.973,1481.873,-12.3975,-0.8366,14806176.71,20878754.94895
399006.SZ,2019-05-10,1533.8712,1489.186,1535.1639,1463.194,1469.4755,64.3957,4.3822,22771459.74,32554219.33277
399006.SZ,2019-05-13,1503.0646,1513.9606,1523.8766,1494.4797,1533.8712,-30.8066,-2.0084,15384497.29,22082617.74445
399006.SZ,2019-05-14,1494.6033,1492.9016,1517.6658,1491.4378,1503.0646,-8.4613,-0.5629,14827271.35,21512447.46053
399006.SZ,2019-05-15,1528.6912,1509.4518,1533.7284,1503.6725,1494.6033,34.0879,2.2807,16184256.69,23464872.15248
399006.SZ,2019-05-16,1533.6697,1528.627,1537.592,1515.613,1528.6912,4.9785,0.3257,15652126.98,23170776.8137
399006.SZ,2019-05-17,1478.7481,1537.4461,1537.4461,1472.4578,1533.6697,-54.9216,-3.5811,19315650.14,26680255.63222
399006.SZ,2019-05-20,1469.311,1478.2011,1481.1893,1450.2802,1478.7481,-9.4371,-0.6382,16564757.1,23594738.49638
399006.SZ,2019-05-21,1493.7156,1469.969,1504.214,1465.877,1469.311,24.4046,1.661,15078211.01,22002260.99116
399006.SZ,2019-05-22,1488.6266,1493.657,1503.811,1477.4594,1493.7156,-5.089,-0.3407,14773771.13,19908442.28429
399006.SZ,2019-05-23,1451.2448,1486.9498,1486.9498,1449.1419,1488.6266,-37.3818,-2.5112,16120396.26,22090930.47908
399006.SZ,2019-05-24,1443.7467,1452.043,1465.236,1437.928,1451.2448,-7.4981,-0.5167,14934259.44,18788274.9743
399006.SZ,2019-05-27,1491.9516,1447.9802,1496.789,1445.7919,1443.7467,48.2049,3.3389,18307256.67,25251559.08338
399006.SZ,2019-05-28,1505.163,1497.1173,1506.7751,1483.7562,1491.9516,13.2114,0.8855,16043715.83,24037003.97441
399006.SZ,2019-05-29,1497.8922,1492.579,1507.176,1488.044,1505.163,-7.2708,-0.4831,12605892.97,17295026.99181
399006.SZ,2019-05-30,1485.2423,1494.349,1495.24,1466.832,1497.8922,-12.6499,-0.8445,13465665.98,18352747.46728
399006.SZ,2019-05-31,1483.6576,1487.276,1498.244,1474.525,1485.2423,-1.5847,-0.1067,12699987.86,16772647.31417
399006.SZ,2019-06-03,1468.9816,1489.429,1499.0056,1466.2726,1483.6576,-14.676,-0.9892,14332631.32,19524708.80867
399006.SZ,2019-06-04,1456.2678,1467.586,1476.209,1448.002,1468.9816,-12.7138,-0.8655,12430493.43,17142816.06266
399006.SZ,2019-06-05,1451.1766,1471.9536,1475.5419,1448.9935,1456.2678,-5.0912,-0.3496,12424464.35,18524460.17691
399006.SZ,2019-06-06,1416.0552,1450.0997,1450.0997,1411.6135,1451.1766,-35.1214,-2.4202,13309657.33,18310262.88532
399006.SZ,2019-06-10,1431.3371,1422.3433,1441.173,1410.57,1416.0552,15.2819,1.0792,12257872.38,17417459.67698
399006.SZ,2019-06-11,1487.3499,1432.949,1488.9271,1430.0883,1431.3371,56.0128,3.9133,19335496.24,27522784.45495
399006.SZ,2019-06-12,1473.9007,1481.4197,1486.6029,1467.5373,1487.3499,-13.4492,-0.9042,14620554.69,20864318.6599
399006.SZ,2019-06-13,1479.8305,1474.553,1485.715,1464.843,1473.9007,5.9298,0.4023,14586327.24,19881359.74757
399006.SZ,2019-06-14,1453.9575,1478.527,1489.467,1451.656,1479.8305,-25.873,-1.7484,16016380.12,22295289.98288
399006.SZ,2019-06-17,1442.3479,1450.5592,1459.207,1437.1358,1453.9575,-11.6096,-0.7985,9968822.43,16742873.84829
399006.SZ,2019-06-18,1455.7456,1443.6491,1460.1891,1437.043,1442.3479,13.3977,0.9289,9075483.44,14807750.16666
399006.SZ,2019-06-19,1469.9874,1501.254,1504.414,1469.5895,1455.7456,14.2418,0.9783,16878785.4,26746054.27363
399006.SZ,2019-06-20,1498.0144,1469.8136,1507.6219,1463.8228,1469.9874,28.027,1.9066,18628201.5,28602278.83308
399006.SZ,2019-06-21,1523.8089,1531.3858,1534.4906,1515.9067,1498.0144,25.7945,1.7219,22783502.55,34309518.15542
399006.SZ,2019-06-24,1514.4648,1526.6957,1526.6957,1507.6876,1523.8089,-9.3441,-0.6132,15288917.03,23627893.51013
399006.SZ,2019-06-25,1498.4655,1512.9275,1512.9275,1480.2684,1514.4648,-15.9993,-1.0564,14267916.63,22661818.19131
399006.SZ,2019-06-26,1504.5487,1490.564,1511.534,1487.755,1498.4655,6.0832,0.406,12060374.69,20446912.4508
399006.SZ,2019-06-27,1525.2438,1510.091,1529.722,1507.97,1504.5487,20.6951,1.3755,14898112.04,24286829.11079
399006.SZ,2019-06-28,1511.5071,1523.792,1523.792,1501.6316,1525.2438,-13.7367,-0.9006,11982260.61,18609056.26556
399006.SZ,2019-07-01,1568.1598,1545.061,1568.399,1534.555,1511.5071,56.6527,3.7481,20994431.83,34738932.86129
399006.SZ,2019-07-02,1570.5116,1565.987,1577.028,1560.599,1568.1598,2.3518,0.15,15251090.64,27108912.20875
399006.SZ,2019-07-03,1544.3566,1566.301,1566.301,1538.367,1570.5116,-26.155,-1.6654,13842450.04,25126109.70034
399006.SZ,2019-07-04,1532.7435,1548.558,1551.141,1525.293,1544.3566,-11.6131,-0.752,12832419.21,20600862.63964
399006.SZ,2019-07-05,1547.737,1535.4815,1551.9357,1532.8634,1532.7435,14.9935,0.9782,11035426.34,18274799.63772
399006.SZ,2019-07-08,1506.6612,1547.598,1547.598,1495.227,1547.737,-41.0758,-2.6539,15274890.68,23737991.92619
399006.SZ,2019-07-09,1517.7927,1507.386,1521.711,1501.741,1506.6612,11.1315,0.7388,11196858.47,18338726.79124
399006.SZ,2019-07-10,1510.4346,1521.946,1523.806,1504.659,1517.7927,-7.3581,-0.4848,10144478.87,17340216.00564
399006.SZ,2019-07-11,1514.1994,1522.807,1531.637,1507.705,1510.4346,3.7648,0.2493,10736522.52,17132852.42781
399006.SZ,2019-07-12,1518.0741,1517.039,1525.691,1506.703,1514.1994,3.8747,0.2559,11555878.32,17572185.26767
399006.SZ,2019-07-15,1547.4677,1512.7677,1556.0464,1496.8133,1518.0741,29.3936,1.9362,19397828.43,30105566.85045
399006.SZ,2019-07-16,1545.2729,1545.3368,1551.9919,1538.619,1547.4677,-2.1948,-0.1418,13015436.15,21711919.77767
399006.SZ,2019-07-17,1550.2173,1544.421,1563.048,1541.37,1545.2729,4.9444,0.32,14157772.69,22787479.22786
399006.SZ,2019-07-18,1524.4792,1542.4329,1542.6611,1524.4792,1550.2173,-25.7381,-1.6603,12832496.2,19624896.00757
399006.SZ,2019-07-19,1541.9814,1532.378,1552.742,1532.378,1524.4792,17.5022,1.1481,12235974.42,19503264.56633
399006.SZ,2019-07-22,1515.9654,1545.913,1545.928,1511.521,1541.9814,-26.016,-1.6872,13283129.21,20654857.03542
399006.SZ,2019-07-23,1534.9261,1519.629,1535.043,1516.858,1515.9654,18.9607,1.2507,10975133.62,18521070.91086
399006.SZ,2019-07-24,1553.7177,1539.2316,1562.1304,1538.671,1534.9261,18.7916,1.2243,15468118.99,24657034.32929
399006.SZ,2019-07-25,1566.0771,1552.853,1567.33,1549.491,1553.7177,12.3594,0.7955,13953250.27,22770099.06767
399006.SZ,2019-07-26,1561.8552,1562.2027,1565.4365,1552.39,1566.0771,-4.2219,-0.2696,11651923.33,19459318.97152
399006.SZ,2019-07-29,1566.5244,1561.269,1566.7443,1556.3847,1561.8552,4.6692,0.299,12788953.42,19897123.8453
399006.SZ,2019-07-30,1580.1286,1568.1619,1593.694,1566.6005,1566.5244,13.6042,0.8684,16091866.87,24956745.42059
399006.SZ,2019-07-31,1570.3934,1577.1955,1578.7542,1567.9945,1580.1286,-9.7352,-0.6161,11672462.02,19264247.35211
399006.SZ,2019-08-01,1573.8657,1562.533,1578.859,1561.201,1570.3934,3.4723,0.2211,12089675.5,21360909.64318
399006.SZ,2019-08-02,1556.7442,1539.9196,1559.1208,1536.402,1573.8657,-17.1215,-1.0879,15387920.44,24638265.22878
399006.SZ,2019-08-05,1531.3724,1552.3498,1566.7298,1531.3724,1556.7442,-25.3718,-1.6298,15171975.06,24318906.78608
399006.SZ,2019-08-06,1507.9105,1501.3957,1517.6757,1478.5434,1531.3724,-23.4619,-1.5321,18218459.97,26850477.96424
399006.SZ,2019-08-07,1500.2514,1520.5821,1523.6177,1500.0743,1507.9105,-7.6591,-0.5079,12250926.06,19986182.6103
399006.SZ,2019-08-08,1522.9742,1512.2725,1526.1824,1511.3431,1500.2514,22.7228,1.5146,11522266.51,20879334.60019
399006.SZ,2019-08-09,1507.706,1532.9751,1536.2516,1504.8926,1522.9742,-15.2682,-1.0025,12948562.48,22525103.46697
399006.SZ,2019-08-12,1539.9133,1511.32,1539.9133,1506.68,1507.706,32.2073,2.1362,14199790.93,22638787.67595
399006.SZ,2019-08-13,1524.3574,1526.0781,1535.9798,1519.0131,1539.9133,-15.5559,-1.0102,13166389.51,20348330.52416
399006.SZ,2019-08-14,1536.6595,1546.21,1551.445,1534.848,1524.3574,12.3021,0.807,17007572.65,26313321.8721
399006.SZ,2019-08-15,1555.7734,1507.954,1556.012,1505.429,1536.6595,19.1139,1.2439,18413505.32,25675472.10189
399006.SZ,2019-08-16,1567.9928,1554.719,1584.379,1553.821,1555.7734,12.2194,0.7854,20920451.32,31498355.6129
399006.SZ,2019-08-19,1622.8437,1586.009,1622.844,1581.708,1567.9928,54.8509,3.4982,29235840.33,45543104.57507
399006.SZ,2019-08-20,1611.5925,1624.801,1630.316,1607.405,1622.8437,-11.2512,-0.6933,22953174.36,35755787.29835
399006.SZ,2019-08-21,1609.8333,1614.3017,1616.0768,1605.4013,1611.5925,-1.7592,-0.1092,18072646.9,27559674.00448
399006.SZ,2019-08-22,1613.4575,1614.1272,1615.6115,1599.3094,1609.8333,3.6242,0.2251,17383273.35,25955041.68279
399006.SZ,2019-08-23,1615.5592,1614.5428,1623.1865,1605.0137,1613.4575,2.1017,0.1303,17992567.65,30769353.61853
399006.SZ,2019-08-26,1600.7952,1588.553,1608.1956,1587.8965,1615.5592,-14.764,-0.9139,17865812.21,29497324.46266
399006.SZ,2019-08-27,1628.1214,1611.902,1646.8696,1610.0027,1600.7952,27.3262,1.707,21995392.71,36165057.43323
399006.SZ,2019-08-28,1625.1881,1629.986,1632.694,1617.252,1628.1214,-2.9333,-0.1802,16785929.44,27767252.61448
399006.SZ,2019-08-29,1620.8606,1625.955,1632.957,1615.572,1625.1881,-4.3275,-0.2663,16324900.32,25581996.52935
399006.SZ,2019-08-30,1610.8982,1630.0523,1637.2644,1600.4534,1620.8606,-9.9624,-0.6146,21443622.48,34172136.74902
399006.SZ,2019-09-02,1652.2882,1614.0289,1655.4193,1610.8109,1610.8982,41.39,2.5694,22369154.27,37064468.23236
399006.SZ,2019-09-03,1660.4265,1656.05,1662.375,1646.924,1652.2882,8.1383,0.4925,23978396.82,38580913.11725
399006.SZ,2019-09-04,1669.4104,1656.591,1669.4104,1650.035,1660.4265,8.9839,0.5411,23869499.58,37769734.30364
399006.SZ,2019-09-05,1689.054,1682.4379,1708.9713,1682.4379,1669.4104,19.6436,1.1767,32771372.9,52060840.35431
399006.SZ,2019-09-06,1692.2391,1699.664,1700.192,1674.667,1689.054,3.1851,0.1886,25148757.42,41730617.69818
399006.SZ,2019-09-09,1733.2301,1702.9865,1733.2301,1691.9406,1692.2391,40.991,2.4223,31283062.38,52574772.14354
399006.SZ,2019-09-10,1725.3082,1733.628,1734.973,1715.75,1733.2301,-7.9219,-0.4571,27669814.31,46364199.87949
399006.SZ,2019-09-11,1703.5377,1730.3499,1736.1781,1700.9085,1725.3082,-21.7705,-1.2618,21962670.45,39785067.66109
399006.SZ,2019-09-12,1710.5723,1713.5914,1715.3347,1695.2946,1703.5377,7.0346,0.4129,18433725.42,31747575.70224
399006.SZ,2019-09-16,1714.3683,1715.922,1723.112,1703.377,1710.5723,3.796,0.2219,21120054.25,34735477.63166
399006.SZ,2019-09-17,1677.9866,1710.7668,1710.7668,1671.0732,1714.3683,-36.3817,-2.1222,22045376.97,35021268.67006
399006.SZ,2019-09-18,1679.3059,1683.1478,1687.1144,1668.6566,1677.9866,1.3193,0.0786,18388047.8,30615089.39777
399006.SZ,2019-09-19,1705.5991,1684.933,1706.864,1676.504,1679.3059,26.2932,1.5657,18918735.81,32622898.95724
399006.SZ,2019-09-20,1705.0471,1709.2259,1716.8399,1701.4019,1705.5991,-0.552,-0.0324,20073095.29,36278742.21517
399006.SZ,2019-09-23,1684.3236,1699.344,1699.344,1669.887,1705.0471,-20.7235,-1.2154,20386911.62,34545849.42368
399006.SZ,2019-09-24,1694.5964,1685.12,1706.822,1678.183,1684.3236,10.2728,0.6099,22757021.94,41502287.25815
399006.SZ,2019-09-25,1672.6464,1686.19,1689.234,1670.685,1694.5964,-21.95,-1.2953,22166770.26,37820228.02265
399006.SZ,2019-09-26,1623.7908,1677.793,1680.925,1623.651,1672.6464,-48.8556,-2.9209,22088765.92,37694371.9732
399006.SZ,2019-09-27,1647.5332,1628.1402,1653.0573,1624.7475,1623.7908,23.7424,1.4622,19217913.17,28595212.49898
399006.SZ,2019-09-30,1627.5454,1648.8961,1651.8688,1626.0541,1647.5332,-19.9878,-1.2132,16775670.94,25626209.08062
399006.SZ,2019-10-08,1616.5842,1631.9153,1638.7164,1615.1628,1627.5454,-10.9612,-0.6735,17097992.62,27635027.34285
399006.SZ,2019-10-09,1622.415,1613.0206,1623.1841,1601.8088,1616.5842,5.8308,0.3607,15435420.04,25592779.74121
399006.SZ,2019-10-10,1666.9663,1632.218,1668.174,1627.433,1622.415,44.5513,2.746,19323030.25,34704408.49898
399006.SZ,2019-10-11,1666.8345,1667.9539,1675.7365,1654.5642,1666.9663,-0.1318,-0.0079,21226306.89,35374380.97928
399006.SZ,2019-10-14,1679.3784,1678.7903,1690.9404,1671.0941,1666.8345,12.5439,0.7526,23205454.01,36865120.93889
399006.SZ,2019-10-15,1660.887,1676.2431,1676.2431,1659.1074,1679.3784,-18.4914,-1.1011,23697622.34,36997852.174
399006.SZ,2019-10-16,1656.3719,1660.996,1671.768,1655.304,1660.887,-4.5151,-0.2718,20049807.91,35172143.65072
399006.SZ,2019-10-17,1658.2592,1657.9305,1664.0958,1652.4251,1656.3719,1.8873,0.1139,16741194.38,29165342.8545
399006.SZ,2019-10-18,1648.6253,1662.6113,1674.9155,1644.2683,1658.2592,-9.6339,-0.581,18886029.31,31207812.62031
399006.SZ,2019-10-21,1644.5077,1651.2881,1651.2881,1628.9278,1648.6253,-4.1176,-0.2498,16080645.24,27881214.01457
399006.SZ,2019-10-22,1666.8685,1649.7607,1667.213,1647.3081,1644.5077,22.3608,1.3597,16555613.07,27290210.44646
399006.SZ,2019-10-23,1650.29,1668.7088,1672.4341,1646.985,1666.8685,-16.5785,-0.9946,14163841.21,23820557.87553
399006.SZ,2019-10-24,1653.8646,1650.787,1658.389,1640.161,1650.29,3.5746,0.2166,13186661.67,22597049.70662
399006.SZ,2019-10-25,1675.3402,1655.2899,1677.0257,1649.1398,1653.8646,21.4756,1.2985,15282719.35,26655585.03056
399006.SZ,2019-10-28,1704.4168,1687.3727,1704.7815,1684.1052,1675.3402,29.0766,1.7356,26312617.94,42823562.90383
399006.SZ,2019-10-29,1686.5802,1702.1546,1706.3075,1686.5802,1704.4168,-17.8366,-1.0465,26472289.61,40351131.59464
399006.SZ,2019-10-30,1684.0782,1684.5967,1689.8323,1672.1025,1686.5802,-2.502,-0.1483,19022678.13,30437363.80162
399006.SZ,2019-10-31,1671.3122,1688.4197,1693.3869,1669.3325,1684.0782,-12.766,-0.758,17018681.35,28818101.13288
399006.SZ,2019-11-01,1686.9984,1667.856,1688.711,1663.614,1671.3122,15.6862,0.9386,15725459.1,27917327.37896
399006.SZ,2019-11-04,1699.9194,1689.5781,1707.1072,1688.9989,1686.9984,12.921,0.7659,18906523.17,34386299.45147
399006.SZ,2019-11-05,1713.2892,1704.0633,1718.1836,1695.4014,1699.9194,13.3698,0.7865,19434838.29,36784549.99635
399006.SZ,2019-11-06,1703.0175,1720.6804,1721.0958,1696.7878,1713.2892,-10.2717,-0.5995,18247932.02,35892764.37455
399006.SZ,2019-11-07,1715.5753,1698.634,1724.371,1695.337,1703.0175,12.5578,0.7374,17700316.78,31808009.76681
399006.SZ,2019-11-08,1711.2157,1724.4019,1731.0027,1709.9592,1715.5753,-4.3596,-0.2541,20403205.87,35132953.39848
399006.SZ,2019-11-11,1673.1288,1699.1721,1700.2769,1671.6674,1711.2157,-38.0869,-2.2257,17584525.35,29546073.33919
399006.SZ,2019-11-12,1671.4421,1676.4272,1679.728,1654.913,1673.1288,-1.6867,-0.1008,15755605.1,26898565.55526
399006.SZ,2019-11-13,1681.7939,1673.5458,1683.6305,1666.5708,1671.4421,10.3518,0.6193,13682399.88,25988892.80156
399006.SZ,2019-11-14,1692.5827,1682.8701,1696.7276,1681.0742,1681.7939,10.7888,0.6415,15923611.23,27214609.07535
399006.SZ,2019-11-15,1674.7838,1692.0839,1695.9728,1674.7838,1692.5827,-17.7989,-1.0516,18261183.85,31450242.55023
399006.SZ,2019-11-18,1682.4917,1671.594,1683.4559,1665.1064,1674.7838,7.7079,0.4602,14786829.49,26125746.49185
399006.SZ,2019-11-19,1729.0785,1685.7523,1729.1606,1683.5701,1682.4917,46.5868,2.7689,19455152.54,35243456.05476
399006.SZ,2019-11-20,1719.6649,1730.0339,1745.0935,1717.0091,1729.0785,-9.4136,-0.5444,23400448.0,38245962.7077
399006.SZ,2019-11-21,1713.2023,1713.4441,1726.7625,1706.8849,1719.6649,-6.4626,-0.3758,15868185.29,29068698.36227
399006.SZ,2019-11-22,1679.8026,1721.882,1736.8299,1670.927,1713.2023,-33.3997,-1.9495,23002217.97,45225411.66151
399006.SZ,2019-11-25,1661.7742,1682.2256,1684.4476,1652.5413,1679.8026,-18.0284,-1.0732,17188731.39,32774109.23001
399006.SZ,2019-11-26,1679.0823,1667.7838,1679.7266,1659.028,1661.7742,17.3081,1.0415,17729300.6,34095530.69579
399006.SZ,2019-11-27,1674.3888,1671.1458,1686.4901,1659.0047,1679.0823,-4.6935,-0.2795,16052072.93,30059551.75712
399006.SZ,2019-11-28,1673.7948,1675.1723,1683.2466,1668.1593,1674.3888,-0.594,-0.0355,13351386.76,24309084.26116
399006.SZ,2019-11-29,1664.8963,1670.3908,1673.2336,1647.2884,1673.7948,-8.8985,-0.5316,14066049.06,27303133.98545
399006.SZ,2019-12-02,1669.5358,1670.1562,1680.2413,1665.1133,1664.8963,4.6395,0.2787,14952677.37,26308094.58192
399006.SZ,2019-12-03,1675.3852,1664.7853,1675.4245,1647.6695,1669.5358,5.8494,0.3504,14926789.94,28300080.1275
399006.SZ,2019-12-04,1673.7793,1666.5986,1683.7881,1663.9319,1675.3852,-1.6059,-0.0959,14499583.46,27409619.46807
399006.SZ,2019-12-05,1709.8264,1681.2486,1714.0805,1679.4019,1673.7793,36.0471,2.1536,19302286.34,38187818.39903
399006.SZ,2019-12-06,1726.8011,1711.6361,1726.8011,1707.217,1709.8264,16.9747,0.9928,18701005.52,33097594.31153
399006.SZ,2019-12-09,1721.0707,1733.4784,1734.0592,1715.3901,1726.8011,-5.7304,-0.3319,20097982.59,34990622.39965
399006.SZ,2019-12-10,1734.0216,1715.7122,1734.0235,1711.0085,1721.0707,12.9509,0.7525,21326802.89,36035642.44828
399006.SZ,2019-12-11,1718.2595,1730.3992,1733.7388,1713.8952,1734.0216,-15.7621,-0.909,20081223.14,33714664.18144
399006.SZ,2019-12-12,1720.986,1720.4189,1733.746,1716.7811,1718.2595,2.7265,0.1587,20440172.15,34627166.90957
399006.SZ,2019-12-13,1755.4132,1738.558,1757.748,1733.123,1720.986,34.4272,2.0004,26711019.04,48796844.73307
399006.SZ,2019-12-16,1780.333,1760.7954,1780.333,1752.0062,1755.4132,24.9198,1.4196,26995070.38,50612270.25099
399006.SZ,2019-12-17,1801.6162,1782.985,1807.949,1780.52,1780.333,21.2832,1.1955,28959160.05,54565149.24767
399006.SZ,2019-12-18,1792.4178,1798.3998,1804.378,1787.2332,1801.6162,-9.1984,-0.5106,26105538.6,47098281.75987
399006.SZ,2019-12-19,1790.4375,1792.7094,1797.0244,1781.0288,1792.4178,-1.9803,-0.1105,21106348.27,37681890.32638
399006.SZ,2019-12-20,1771.7065,1792.0453,1798.3816,1771.7065,1790.4375,-18.731,-1.0462,22557209.81,37777854.70818
399006.SZ,2019-12-23,1736.624,1763.7267,1775.0148,1735.7243,1771.7065,-35.0825,-1.9802,19301239.52,35635494.91836
399006.SZ,2019-12-24,1769.8688,1742.895,1769.885,1742.864,1736.624,33.2448,1.9143,15575215.42,33207968.96196
399006.SZ,2019-12-25,1784.3947,1766.2232,1787.5036,1764.8091,1769.8688,14.5259,0.8207,18370197.16,38299296.53904
399006.SZ,2019-12-26,1793.6354,1784.4271,1793.6354,1777.6952,1784.3947,9.2407,0.5179,16898677.4,34806307.57952
399006.SZ,2019-12-27,1767.5818,1795.4104,1805.1912,1767.173,1793.6354,-26.0536,-1.4526,23755900.93,46026820.73476
399006.SZ,2019-12-30,1790.2385,1763.58,1790.9118,1749.1646,1767.5818,22.6567,1.2818,20952571.89,41630264.59691
399006.SZ,2019-12-31,1798.1181,1790.7955,1804.8197,1787.4511,1790.2385,7.8796,0.4401,17704687.32,36910441.43475
399006.SZ,2020-01-02,1832.7416,1811.2197,1839.4101,1797.5424,1798.1181,34.6235,1.9255,29522781.99,54721062.12602
399006.SZ,2020-01-03,1836.0118,1836.8642,1842.5578,1821.667,1832.7416,3.2702,0.1784,24750634.04,48016022.10744
399006.SZ,2020-01-06,1859.9209,1825.5516,1876.4645,1824.3456,1836.0118,23.9091,1.3022,33903885.86,62570730.1147
399006.SZ,2020-01-07,1893.2141,1866.2608,1893.2141,1866.2608,1859.9209,33.2932,1.79,31341843.45,54974931.44436
399006.SZ,2020-01-08,1862.6992,1881.0093,1892.5765,1858.2839,1893.2141,-30.5149,-1.6118,29404597.88,51012302.25683
399006.SZ,2020-01-09,1913.1422,1884.4216,1913.7835,1884.4216,1862.6992,50.443,2.7081,28141281.51,52714460.95855
399006.SZ,2020-01-10,1904.1945,1917.6122,1917.8281,1894.6696,1913.1422,-8.9477,-0.4677,23871747.38,45875440.49857
399006.SZ,2020-01-13,1935.0716,1905.3992,1935.0716,1893.5659,1904.1945,30.8771,1.6215,24682515.02,49801564.61724
399006.SZ,2020-01-14,1922.5573,1941.1239,1945.7667,1922.1308,1935.0716,-12.5143,-0.6467,24108860.66,46864268.37491
399006.SZ,2020-01-15,1924.2384,1920.6609,1928.6903,1902.6084,1922.5573,1.6811,0.0874,22907525.07,43077432.97154
399006.SZ,2020-01-16,1929.9608,1924.5185,1936.0345,1917.5636,1924.2384,5.7224,0.2974,22303743.03,41786180.88719
399006.SZ,2020-01-17,1932.5106,1935.2959,1949.0439,1928.3515,1929.9608,2.5498,0.1321,22420289.8,42863177.69164
399006.SZ,2020-01-20,1982.1762,1940.1223,1982.1762,1935.8296,1932.5106,49.6656,2.57,26855459.91,58672754.58777
399006.SZ,2020-01-21,1967.0268,1979.3729,1987.6619,1959.4424,1982.1762,-15.1494,-0.7643,27047216.55,56120577.58201
399006.SZ,2020-01-22,1993.8991,1958.0797,2004.3932,1928.0279,1967.0268,26.8723,1.3661,29735696.79,61691216.85508
399006.SZ,2020-01-23,1927.7418,1973.3313,1996.5518,1904.2754,1993.8991,-66.1573,-3.318,31958896.92,67257830.26416
399006.SZ,2020-02-03,1795.7744,1769.1641,1830.808,1769.1641,1927.7418,-131.9674,-6.8457,21229408.76,51434779.97869
399006.SZ,2020-02-04,1882.691,1786.16,1886.8045,1786.16,1795.7744,86.9166,4.8401,36533409.06,73922212.15914
399006.SZ,2020-02-05,1939.6198,1908.974,1966.2598,1901.7963,1882.691,56.9288,3.0238,35029058.45,78790825.97684
399006.SZ,2020-02-06,2012.2485,1934.9801,2014.8846,1918.6608,1939.6198,72.6287,3.7445,40199506.61,88025742.88138
399006.SZ,2020-02-07,2015.7993,2014.157,2025.319,1976.7875,2012.2485,3.5508,0.1765,43371292.3,85535885.50273
399006.SZ,2020-02-10,2042.1773,2019.3144,2043.6795,2007.225,2015.7993,26.378,1.3086,39495179.11,80184936.15247
399006.SZ,2020-02-11,2028.4442,2044.2183,2046.8119,2015.761,2042.1773,-13.7331,-0.6725,29780624.69,64667114.32168
399006.SZ,2020-02-12,2085.278,2024.3786,2086.9427,2022.6758,2028.4442,56.8338,2.8018,35864221.73,73598202.82499
399006.SZ,2020-02-13,2064.5956,2080.8191,2093.3679,2052.5691,2085.278,-20.6824,-0.9918,35350359.95,75185288.05154
399006.SZ,2020-02-14,2069.2188,2063.3059,2104.0068,2049.2574,2064.5956,4.6232,0.2239,32782809.72,73925504.41617
399006.SZ,2020-02-17,2146.1776,2089.2142,2146.1776,2089.2142,2069.2188,76.9588,3.7192,34342516.51,78292717.34762
399006.SZ,2020-02-18,2170.9493,2149.2978,2170.9493,2134.3418,2146.1776,24.7717,1.1542,34335825.95,76869585.79593
399006.SZ,2020-02-19,2139.4372,2168.8465,2171.9549,2137.4125,2170.9493,-31.5121,-1.4515,34793013.99,82015967.93617
399006.SZ,2020-02-20,2186.7374,2151.4203,2190.4991,2140.0551,2139.4372,47.3002,2.2109,35950110.97,84284432.39302
399006.SZ,2020-02-21,2226.6389,2191.984,2247.4168,2189.2494,2186.7374,39.9015,1.8247,42996007.72,97794975.60717
399006.SZ,2020-02-24,2263.9716,2223.1903,2271.7044,2213.8217,2226.6389,37.3327,1.6766,42829614.9,101812234.03519
399006.SZ,2020-02-25,2287.3117,2218.3263,2293.4626,2171.6791,2263.9716,23.3401,1.0309,50054197.03,116633453.26313
399006.SZ,2020-02-26,2180.7012,2248.6526,2263.0744,2173.2041,2287.3117,-106.6105,-4.661,48350693.95,104531560.78735
399006.SZ,2020-02-27,2196.7138,2200.3809,2233.7627,2163.8839,2180.7012,16.0126,0.7343,40286482.37,89257867.65924
399006.SZ,2020-02-28,2071.5665,2114.3192,2155.9675,2068.9299,2196.7138,-125.1473,-5.697,43829606.51,97431898.01241
399006.SZ,2020-03-02,2135.4152,2110.4476,2153.2168,2082.9692,2071.5665,63.8487,3.0821,36208426.56,82036679.22858
399006.SZ,2020-03-03,2173.3465,2190.4975,2238.7349,2151.5227,2135.4152,37.9313,1.7763,38854781.31,89782293.93487
399006.SZ,2020-03-04,2169.4428,2159.8583,2180.4251,2122.4542,2173.3465,-3.9037,-0.1796,32117547.27,72618573.56177
399006.SZ,2020-03-05,2209.5883,2206.082,2216.8246,2176.4905,2169.4428,40.1455,1.8505,36778789.5,87627163.24949
399006.SZ,2020-03-06,2192.9361,2178.5004,2220.3637,2175.0143,2209.5883,-16.6522,-0.7536,27903777.49,62882694.82273
399006.SZ,2020-03-09,2093.0632,2151.2696,2163.7278,2091.8554,2192.9361,-99.8729,-4.5543,35191366.33,77171630.33063
399006.SZ,2020-03-10,2148.8097,2083.1965,2151.4498,2052.0554,2093.0632,55.7465,2.6634,33837394.6,77986036.46445
399006.SZ,2020-03-11,2101.4635,2157.9311,2162.6046,2100.5073,2148.8097,-47.3462,-2.2034,28691335.83,65551533.77537
399006.SZ,2020-03-12,2045.9255,2070.2221,2076.009,2025.9061,2101.4635,-55.538,-2.6428,26018933.58,59807295.9384
399006.SZ,2020-03-13,2030.58,1937.9455,2055.3311,1937.9455,2045.9255,-15.3455,-0.7501,31304971.5,69916566.16131
399006.SZ,2020-03-16,1910.7666,2034.7542,2036.7338,1902.3984,2030.58,-119.8134,-5.9005,36303038.16,78015776.07979
399006.SZ,2020-03-17,1917.7019,1941.2023,1955.624,1847.5102,1910.7666,6.9353,0.363,29548934.49,62903449.75735
399006.SZ,2020-03-18,1887.0419,1941.3005,1980.7892,1887.0419,1917.7019,-30.66,-1.5988,30254198.53,64792235.59844
399006.SZ,2020-03-19,1894.9431,1898.7634,1908.6854,1838.3135,1887.0419,7.9012,0.4187,28718081.82,62145959.71102
399006.SZ,2020-03-20,1915.0464,1923.9601,1928.8794,1878.8492,1894.9431,20.1033,1.0609,22926052.86,49683689.59262
399006.SZ,2020-03-23,1827.0522,1856.3035,1884.4495,1819.7696,1915.0464,-87.9942,-4.5949,24045053.22,50776001.32625
399006.SZ,2020-03-24,1876.9102,1869.0439,1880.8649,1817.5539,1827.0522,49.858,2.7289,25799393.57,52657956.18588
399006.SZ,2020-03-25,1937.8546,1924.9908,1940.0746,1915.5277,1876.9102,60.9444,3.2471,27392498.08,59330161.40778
399006.SZ,2020-03-26,1927.2753,1922.7922,1948.6308,1914.3461,1937.8546,-10.5793,-0.5459,20504779.77,44983173.34081
399006.SZ,2020-03-27,1903.881,1955.8707,1957.6988,1902.7885,1927.2753,-23.3943,-1.2139,20240230.97,45305098.10566
399006.SZ,2020-03-30,1860.4845,1875.3056,1877.501,1833.0086,1903.881,-43.3965,-2.2794,22187694.42,46979622.57522
399006.SZ,2020-03-31,1871.9174,1876.6885,1886.2661,1862.8558,1860.4845,11.4329,0.6145,16573156.12,38194517.5534
399006.SZ,2020-04-01,1864.8002,1875.364,1900.1828,1862.2717,1871.9174,-7.1172,-0.3802,18694270.36,40959566.95362
399006.SZ,2020-04-02,1916.9506,1860.0754,1916.9506,1857.3232,1864.8002,52.1504,2.7966,19439075.57,42621845.25145
399006.SZ,2020-04-03,1906.6747,1912.7423,1928.3394,1898.7939,1916.9506,-10.2759,-0.5361,17230395.56,39289368.62875
399006.SZ,2020-04-07,1969.7818,1944.9638,1972.868,1942.7984,1906.6747,63.1071,3.3098,21115045.06,48417585.50701
399006.SZ,2020-04-08,1964.7573,1960.356,1974.7232,1956.902,1969.7818,-5.0245,-0.2551,21118413.99,43088727.07783
399006.SZ,2020-04-09,1997.1361,1981.239,2001.3597,1975.0376,1964.7573,32.3788,1.648,23650356.01,50589477.92039
399006.SZ,2020-04-10,1949.8848,1990.2626,1994.3539,1943.6937,1997.1361,-47.2513,-2.366,24631603.16,52929794.86933
399006.SZ,2020-04-13,1923.0814,1929.7973,1937.3274,1913.9551,1949.8848,-26.8034,-1.3746,18016413.3,37392356.90483
399006.SZ,2020-04-14,1985.426,1937.2925,1985.426,1934.4816,1923.0814,62.3446,3.2419,22420544.16,51688068.81432
399006.SZ,2020-04-15,1977.5145,1991.5983,2002.7601,1975.7963,1985.426,-7.9115,-0.3985,19264919.65,47541687.36901
399006.SZ,2020-04-16,2008.3881,1970.7324,2012.4625,1968.2532,1977.5145,30.8736,1.5612,18550630.38,44241530.03532
399006.SZ,2020-04-17,2020.7696,2025.652,2048.2776,2015.8348,2008.3881,12.3815,0.6165,23758433.62,58136832.98064
399006.SZ,2020-04-20,2043.437,2027.8409,2043.5558,2022.5866,2020.7696,22.6674,1.1217,23085283.79,47963408.53782
399006.SZ,2020-04-21,2023.9423,2035.7701,2035.7701,1996.9622,2043.437,-19.4947,-0.954,24975032.26,49108192.02585
399006.SZ,2020-04-22,2043.1705,2005.6463,2043.5583,2002.9621,2023.9423,19.2282,0.95,20640657.1,40547232.58305
399006.SZ,2020-04-23,2029.5244,2053.1243,2057.8509,2027.3339,2043.1705,-13.6461,-0.6679,21255149.01,45685577.15493
399006.SZ,2020-04-24,2003.7478,2032.5542,2038.2365,1997.121,2029.5244,-25.7766,-1.2701,21754539.86,42862352.67778
399006.SZ,2020-04-27,2018.6659,2011.1585,2035.8889,1995.5052,2003.7478,14.9181,0.7445,19034425.89,39979394.08318
399006.SZ,2020-04-28,2030.7242,2023.9615,2046.9316,1967.3991,2018.6659,12.0583,0.5973,24644816.9,52024072.00534
399006.SZ,2020-04-29,2030.4769,2022.5062,2053.3778,2020.9826,2030.7242,-0.2473,-0.0122,18838381.53,39557201.40171
399006.SZ,2020-04-30,2069.4321,2044.6756,2077.8073,2043.8162,2030.4769,38.9552,1.9185,25345926.98,58018741.0851
399006.SZ,2020-05-06,2110.2665,2052.389,2111.6562,2051.2918,2069.4321,40.8344,1.9732,24631943.04,55899351.78268
399006.SZ,2020-05-07,2106.8418,2113.7519,2116.2267,2095.7421,2110.2665,-3.4247,-0.1623,22348825.83,46771870.13199
399006.SZ,2020-05-08,2125.2433,2117.8662,2137.7856,2112.8869,2106.8418,18.4015,0.8734,22525571.74,49247801.04967
399006.SZ,2020-05-11,2102.8251,2137.9798,2139.6652,2088.6583,2125.2433,-22.4182,-1.0549,23179597.59,49907596.5024
399006.SZ,2020-05-12,2124.15,2106.2232,2125.3229,2092.5781,2102.8251,21.3249,1.0141,19653745.62,43329647.26583
399006.SZ,2020-05-13,2140.6809,2120.0112,2145.0243,2116.5512,2124.15,16.5309,0.7782,20085726.12,44535720.39342
399006.SZ,2020-05-14,2117.6473,2131.46,2137.1404,2116.352,2140.6809,-23.0336,-1.076,21770093.81,44896608.13247
399006.SZ,2020-05-15,2124.3107,2128.8764,2138.9681,2109.5463,2117.6473,6.6634,0.3147,21018972.17,49332553.17041
399006.SZ,2020-05-18,2114.8582,2122.3072,2137.1487,2096.2537,2124.3107,-9.4525,-0.445,24142800.58,55975365.64221
399006.SZ,2020-05-19,2144.1207,2137.4169,2144.9835,2128.8924,2114.8582,29.2625,1.3837,19496413.68,46943171.1916
399006.SZ,2020-05-20,2118.1192,2149.2923,2153.2439,2112.0856,2144.1207,-26.0015,-1.2127,20880496.37,53500659.39264
399006.SZ,2020-05-21,2099.4317,2130.9605,2138.7197,2092.5439,2118.1192,-18.6875,-0.8823,19125684.37,48172964.21111
399006.SZ,2020-05-22,2046.5956,2099.4159,2099.4159,2036.6777,2099.4317,-52.8361,-2.5167,19119319.64,41635519.16119
399006.SZ,2020-05-25,2052.3022,2049.7118,2055.186,2036.0044,2046.5956,5.7066,0.2788,15370839.52,34160046.36279
399006.SZ,2020-05-26,2112.9733,2070.1395,2113.2877,2067.1442,2052.3022,60.6711,2.9562,18554585.56,43579107.73498
399006.SZ,2020-05-27,2071.4735,2114.0706,2114.8591,2064.4092,2112.9733,-41.4998,-1.964,19078937.54,45441668.4453
399006.SZ,2020-05-28,2054.964,2071.1679,2075.8685,2021.9805,2071.4735,-16.5095,-0.797,17187734.51,39340820.79183
399006.SZ,2020-05-29,2086.6658,2049.754,2090.2962,2043.9525,2054.964,31.7018,1.5427,19816740.28,43742934.92246
399006.SZ,2020-06-01,2158.2231,2105.2418,2163.3495,2105.2418,2086.6658,71.5573,3.4293,30713068.29,62354228.00056
399006.SZ,2020-06-02,2145.2857,2164.9887,2164.9887,2132.3995,2158.2231,-12.9374,-0.5994,29368019.21,56720299.02014
399006.SZ,2020-06-03,2143.1169,2151.4978,2165.4542,2139.9932,2145.2857,-2.1688,-0.1011,28795534.98,55576997.08469
399006.SZ,2020-06-04,2151.3849,2150.5027,2157.2779,2137.3497,2143.1169,8.268,0.3858,24161143.87,47825897.59748
399006.SZ,2020-06-05,2166.3751,2152.4184,2166.3751,2143.2796,2151.3849,14.9902,0.6968,21535062.88,42385203.10411
399006.SZ,2020-06-08,2153.5642,2184.5815,2186.974,2147.8648,2166.3751,-12.8109,-0.5914,23092804.81,48638352.41769
399006.SZ,2020-06-09,2181.5887,2160.3431,2186.4703,2147.1733,2153.5642,28.0245,1.3013,23745968.91,48027550.64888
399006.SZ,2020-06-10,2201.9882,2186.5622,2205.2677,2180.3528,2181.5887,20.3995,0.9351,23058206.56,48056358.02086
399006.SZ,2020-06-11,2195.6376,2202.1404,2236.0846,2181.5882,2201.9882,-6.3506,-0.2884,29241572.97,64955335.52332
399006.SZ,2020-06-12,2206.7641,2149.9561,2220.9723,2147.4162,2195.6376,11.1265,0.5068,30761313.95,67378453.41096
399006.SZ,2020-06-15,2219.5495,2223.4254,2256.6487,2217.2859,2206.7641,12.7854,0.5794,37011734.68,74361274.93574
399006.SZ,2020-06-16,2260.4575,2246.8921,2261.1792,2239.342,2219.5495,40.908,1.8431,32791457.61,65274137.25604
399006.SZ,2020-06-17,2263.9606,2265.0873,2274.4876,2248.7198,2260.4575,3.5031,0.155,32117267.35,63923852.70684
399006.SZ,2020-06-18,2266.0319,2266.8766,2270.1118,2243.6306,2263.9606,2.0713,0.0915,33390067.65,69172518.06466
399006.SZ,2020-06-19,2319.4494,2271.652,2328.5831,2271.5889,2266.0319,53.4175,2.3573,30313312.02,73520795.76453
399006.SZ,2020-06-22,2342.8804,2328.4002,2358.9132,2328.4002,2319.4494,23.431,1.0102,31560660.5,74560141.80159
399006.SZ,2020-06-23,2382.0473,2344.0522,2382.3292,2335.2191,2342.8804,39.1669,1.6717,29717041.89,71306080.67489
399006.SZ,2020-06-24,2382.4734,2386.2606,2397.363,2367.6845,2382.0473,0.4261,0.0179,27596264.84,71125990.49618
399006.SZ,2020-06-29,2372.5363,2375.9926,2387.1631,2360.161,2382.4734,-9.9371,-0.4171,29892450.07,68846204.76206
399006.SZ,2020-06-30,2438.1967,2387.5926,2441.8999,2387.5926,2372.5363,65.6604,2.7675,29909401.29,73110636.64378
399006.SZ,2020-07-01,2419.6294,2449.8655,2450.8416,2381.5933,2438.1967,-18.5673,-0.7615,31217940.08,78454438.17458
399006.SZ,2020-07-02,2424.3934,2418.3083,2435.1174,2397.6854,2419.6294,4.764,0.1969,35500098.4,86713105.36486
399006.SZ,2020-07-03,2462.5624,2426.3016,2467.497,2407.9983,2424.3934,38.169,1.5744,37484178.84,94210879.52987
399006.SZ,2020-07-06,2529.487,2469.2397,2535.714,2460.1306,2462.5624,66.9246,2.7177,44630323.29,114719879.62442
399006.SZ,2020-07-07,2591.2634,2548.4084,2632.8052,2538.8215,2529.487,61.7764,2.4423,47345143.6,124318211.88536
399006.SZ,2020-07-08,2651.9694,2603.6478,2653.0706,2577.4847,2591.2634,60.706,2.3427,39430393.8,103360629.51252
399006.SZ,2020-07-09,2757.6534,2649.4506,2771.2152,2646.4664,2651.9694,105.684,3.9851,48518687.65,130232323.72064
399006.SZ,2020-07-10,2778.4567,2744.6084,2798.9995,2734.9652,2757.6534,20.8033,0.7544,42094566.69,116493310.30956
399006.SZ,2020-07-13,2889.4265,2789.9755,2896.3092,2789.9755,2778.4567,110.9698,3.9939,42458028.25,124884814.3295
399006.SZ,2020-07-14,2858.6719,2876.8547,2892.8876,2789.0353,2889.4265,-30.7546,-1.0644,45389440.32,135456562.22202
399006.SZ,2020-07-15,2813.0607,2866.2424,2894.424,2787.8271,2858.6719,-45.6112,-1.5955,42288717.51,126886684.87776
399006.SZ,2020-07-16,2646.2604,2814.7975,2849.1005,2638.1655,2813.0607,-166.8003,-5.9295,43196502.92,122336422.3554
399006.SZ,2020-07-17,2662.4024,2659.4454,2726.2778,2618.6837,2646.2604,16.142,0.61,35535015.48,98120290.37348
399006.SZ,2020-07-20,2697.3006,2707.6133,2717.0008,2619.0292,2662.4024,34.8982,1.3108,32732842.94,91157176.64991
399006.SZ,2020-07-21,2736.5118,2708.1348,2745.0487,2692.8715,2697.3006,39.2112,1.4537,29236983.52,84307986.61593
399006.SZ,2020-07-22,2769.028,2725.4529,2807.4153,2716.4483,2736.5118,32.5162,1.1882,31018286.8,90026773.28426
399006.SZ,2020-07-23,2799.6735,2740.414,2799.6735,2707.5464,2769.028,30.6455,1.1067,35266629.18,103563320.22664
399006.SZ,2020-07-24,2627.8426,2769.9689,2781.79,2614.7796,2799.6735,-171.8309,-6.1375,37899757.61,112561966.76506
399006.SZ,2020-07-27,2631.7619,2639.2556,2671.4481,2605.769,2627.8426,3.9193,0.1491,24666337.67,77317567.17502
399006.SZ,2020-07-28,2666.5213,2668.2469,2677.7357,2627.6488,2631.7619,34.7594,1.3208,22359595.47,70817474.44309
399006.SZ,2020-07-29,2767.4018,2659.9395,2768.1737,2652.9025,2666.5213,100.8805,3.7832,31227232.93,87795641.23359
399006.SZ,2020-07-30,2743.6336,2782.1098,2787.382,2734.0588,2767.4018,-23.7682,-0.8589,30026880.89,86167778.33899
399006.SZ,2020-07-31,2795.3998,2747.41,2817.418,2741.4425,2743.6336,51.7662,1.8868,31294711.21,93718918.39357
399006.SZ,2020-08-03,2868.8821,2831.3505,2870.6501,2801.1134,2795.3998,73.4823,2.6287,34364789.99,104284711.87528
399006.SZ,2020-08-04,2832.8447,2863.3182,2893.4033,2819.0066,2868.8821,-36.0374,-1.2561,29255686.69,95119985.27361
399006.SZ,2020-08-05,2860.2415,2826.4082,2875.4388,2803.772,2832.8447,27.3968,0.9671,26382949.43,81893830.47015
399006.SZ,2020-08-06,2814.3737,2868.8228,2868.8228,2774.6892,2860.2415,-45.8678,-1.6036,30253416.57,96953791.11469
399006.SZ,2020-08-07,2749.9533,2807.0976,2823.9737,2703.1258,2814.3737,-64.4204,-2.289,29753569.5,98303212.32275
399006.SZ,2020-08-10,2735.2561,2735.4321,2757.4263,2693.7272,2749.9533,-14.6972,-0.5345,25018399.16,81118641.79402
399006.SZ,2020-08-11,2688.7004,2740.1523,2774.9013,2686.1906,2735.2561,-46.5557,-1.7021,24437780.08,74480026.57646
399006.SZ,2020-08-12,2635.5022,2689.5759,2694.9544,2577.7125,2688.7004,-53.1982,-1.9786,27409187.1,84409301.50647
399006.SZ,2020-08-13,2622.6405,2657.2022,2660.7063,2611.1429,2635.5022,-12.8617,-0.488,20156062.86,59180671.89448
399006.SZ,2020-08-14,2668.7124,2624.8341,2669.4819,2615.6316,2622.6405,46.0719,1.7567,18705043.64,55205112.56079
399006.SZ,2020-08-17,2696.3924,2682.2102,2696.6962,2652.0518,2668.7124,27.68,1.0372,24535095.07,73239926.76467
399006.SZ,2020-08-18,2701.0606,2702.4206,2724.0352,2689.0294,2696.3924,4.6682,0.1731,20365962.2,65582374.77033
399006.SZ,2020-08-19,2612.8354,2695.8946,2695.8946,2612.8354,2701.0606,-88.2252,-3.2663,22146114.66,67469327.57652
399006.SZ,2020-08-20,2587.8614,2592.8762,2629.2858,2578.3919,2612.8354,-24.974,-0.9558,21680900.03,59639911.23205
399006.SZ,2020-08-21,2632.452,2611.5409,2644.0206,2607.8164,2587.8614,44.5906,1.7231,24920757.62,64358745.90027
399006.SZ,2020-08-24,2684.6293,2653.6315,2704.8039,2592.6593,2632.452,52.1773,1.9821,31223666.77,82739016.52519
399006.SZ,2020-08-25,2701.6042,2687.2928,2737.4697,2683.1866,2684.6293,16.9749,0.6323,33807217.89,82802612.37553
399006.SZ,2020-08-26,2644.144,2701.4834,2717.8026,2635.1321,2701.6042,-57.4602,-2.1269,31969223.31,81085060.76638
399006.SZ,2020-08-27,2689.1705,2653.7389,2699.8841,2637.4198,2644.144,45.0265,1.7029,31132737.34,75022192.91552
399006.SZ,2020-08-28,2757.8387,2687.2308,2762.885,2680.4916,2689.1705,68.6682,2.5535,31648941.8,80677306.13872
399006.SZ,2020-08-31,2728.3134,2769.8315,2779.5186,2726.6765,2757.8387,-29.5253,-1.0706,30265411.58,78885963.86253
399006.SZ,2020-09-01,2750.4235,2721.1798,2750.4235,2701.558,2728.3134,22.1101,0.8104,24668568.2,65343574.98487
399006.SZ,2020-09-02,2771.8503,2753.9254,2785.3488,2731.4112,2750.4235,21.4268,0.779,40866537.09,82494134.13579
399006.SZ,2020-09-03,2746.9528,2766.9836,2789.1206,2738.1275,2771.8503,-24.8975,-0.8982,34257246.04,78744324.69692
399006.SZ,2020-09-04,2732.1546,2690.2871,2739.8986,2686.8653,2746.9528,-14.7982,-0.5387,31188320.0,70663647.47356
399006.SZ,2020-09-07,2641.2016,2728.7423,2745.6149,2628.8632,2732.1546,-90.953,-3.329,42316860.88,92094639.91005
399006.SZ,2020-09-08,2650.629,2648.44,2663.6858,2612.6366,2641.2016,9.4274,0.3569,40178576.29,75267730.62298
399006.SZ,2020-09-09,2523.3957,2609.1295,2609.3729,2506.8983,2650.629,-127.2333,-4.8001,46009496.91,87684872.4692
399006.SZ,2020-09-10,2483.0316,2551.3025,2565.8485,2477.6735,2523.3957,-40.3641,-1.5996,38493743.68,72217480.74015
399006.SZ,2020-09-11,2536.6181,2474.7027,2542.1304,2474.7027,2483.0316,53.5865,2.1581,27403176.24,57430060.02602
399006.SZ,2020-09-14,2572.6012,2568.0145,2604.3856,2548.0916,2536.6181,35.9831,1.4185,34383250.45,72905773.18014
399006.SZ,2020-09-15,2595.1539,2578.6931,2599.5412,2563.0708,2572.6012,22.5527,0.8766,29726720.83,62205339.49612
399006.SZ,2020-09-16,2554.7996,2597.6386,2597.6386,2540.015,2595.1539,-40.3543,-1.555,26178107.92,55226434.27601
399006.SZ,2020-09-17,2557.3211,2551.2889,2582.2639,2521.6025,2554.7996,2.5215,0.0987,26078664.28,61365080.98858
399006.SZ,2020-09-18,2596.0818,2558.2911,2600.5839,2537.8355,2557.3211,38.7607,1.5157,28504318.63,64887573.62495
399006.SZ,2020-09-21,2569.2194,2605.5538,2607.6538,2565.0426,2596.0818,-26.8624,-1.0347,25124800.67,58631503.7821
399006.SZ,2020-09-22,2555.5441,2556.4617,2596.8084,2547.3628,2569.2194,-13.6753,-0.5323,23076529.44,56143943.5729
399006.SZ,2020-09-23,2599.8846,2563.7128,2608.4158,2549.3381,2555.5441,44.3405,1.7351,22390082.02,61773138.46381
399006.SZ,2020-09-24,2535.8685,2576.035,2583.6246,2535.8685,2599.8846,-64.0161,-2.4623,23500082.43,54937635.71505
399006.SZ,2020-09-25,2540.4261,2551.4449,2570.3629,2529.1279,2535.8685,4.5576,0.1797,17483572.27,44464097.98571
399006.SZ,2020-09-28,2521.246,2551.781,2555.019,2517.0351,2540.4261,-19.1801,-0.755,15875323.74,41096361.64173
399006.SZ,2020-09-29,2563.3794,2538.3643,2579.2711,2521.6979,2521.246,42.1334,1.6711,17166807.76,47080804.6984
399006.SZ,2020-09-30,2574.7583,2575.4636,2601.8032,2561.0541,2563.3794,11.3789,0.4439,15720312.62,44458491.97083
399006.SZ,2020-10-09,2672.9344,2632.5916,2679.0139,2629.2211,2574.7583,98.1761,3.813,21872310.19,66650107.1256
399006.SZ,2020-10-12,2777.388,2702.1558,2777.388,2698.7555,2672.9344,104.4536,3.9078,29838121.04,88371886.49129
399006.SZ,2020-10-13,2784.7166,2769.6619,2792.9651,2754.1534,2777.388,7.3286,0.2639,25025725.85,72019726.68854
399006.SZ,2020-10-14,2764.2438,2777.8872,2793.4853,2759.5418,2784.7166,-20.4728,-0.7352,23633303.72,65496913.79901
399006.SZ,2020-10-15,2737.9628,2767.1711,2770.3368,2735.3384,2764.2438,-26.281,-0.9507,18846936.58,54454336.09941
399006.SZ,2020-10-16,2724.4966,2735.68,2754.3501,2697.2523,2737.9628,-13.4662,-0.4918,17537847.59,51096249.98481
399006.SZ,2020-10-19,2689.669,2750.9456,2752.7584,2684.4624,2724.4966,-34.8276,-1.2783,19289121.84,52735914.24457
399006.SZ,2020-10-20,2740.583,2698.0548,2740.583,2686.8162,2689.669,50.914,1.8929,20161020.39,51067500.34694
399006.SZ,2020-10-21,2700.5327,2746.7275,2746.7275,2689.3398,2740.583,-40.0503,-1.4614,19691371.49,51990609.34671
399006.SZ,2020-10-22,2673.585,2686.7772,2686.8888,2645.7501,2700.5327,-26.9477,-0.9979,16825540.38,44413174.30055
399006.SZ,2020-10-23,2600.8426,2680.7068,2701.4646,2592.4204,2673.585,-72.7424,-2.7208,17312854.85,47033867.76129
399006.SZ,2020-10-26,2617.7427,2585.7879,2629.3129,2555.3194,2600.8426,16.9001,0.6498,16517650.92,45862749.42361
399006.SZ,2020-10-27,2650.7637,2618.6964,2656.1646,2613.0753,2617.7427,33.021,1.2614,16861443.48,47727197.18412
399006.SZ,2020-10-28,2670.4815,2648.4898,2684.9488,2628.4695,2650.7637,19.7178,0.7439,20283153.93,60125755.10984
399006.SZ,2020-10-29,2699.9229,2635.6927,2713.8812,2631.2307,2670.4815,29.4414,1.1025,22170568.65,65999616.89678
399006.SZ,2020-10-30,2655.8646,2709.0021,2712.4521,2647.3066,2699.9229,-44.0583,-1.6318,23770273.75,70293398.29418
399006.SZ,2020-11-02,2708.3878,2670.5158,2721.3053,2664.7636,2655.8646,52.5232,1.9776,20403752.15,64057737.77381
399006.SZ,2020-11-03,2744.3137,2720.6999,2750.4739,2701.0651,2708.3878,35.9259,1.3265,19483453.86,61258342.39127
399006.SZ,2020-11-04,2750.5536,2747.5406,2758.4194,2725.5217,2744.3137,6.2399,0.2274,17571436.84,55579803.72567
399006.SZ,2020-11-05,2787.878,2782.0635,2791.5658,2744.779,2750.5536,37.3244,1.357,22904364.73,69498403.65606
399006.SZ,2020-11-06,2733.0715,2798.554,2798.554,2708.0786,2787.878,-54.8065,-1.9659,22390970.01,70097718.78992
399006.SZ,2020-11-09,2813.9978,2753.925,2831.3681,2753.925,2733.0715,80.9263,2.961,29277199.64,87524308.77973
399006.SZ,2020-11-10,2773.2176,2811.4845,2811.4845,2757.9533,2813.9978,-40.7802,-1.4492,25848763.27,79845961.3917
399006.SZ,2020-11-11,2681.5244,2762.7058,2766.6448,2681.5244,2773.2176,-91.6932,-3.3064,20418411.07,67966174.87059
399006.SZ,2020-11-12,2700.5098,2705.7609,2721.4332,2687.762,2681.5244,18.9854,0.708,16499102.39,50261410.49509
399006.SZ,2020-11-13,2706.8134,2699.5171,2717.46,2679.0948,2700.5098,6.3036,0.2334,15692431.77,54215161.8429
399006.SZ,2020-11-16,2712.4087,2716.0212,2722.522,2679.0991,2706.8134,5.5953,0.2067,16151947.66,54853480.12249
399006.SZ,2020-11-17,2658.0921,2715.0865,2715.6941,2626.3686,2712.4087,-54.3166,-2.0025,18581740.34,62649669.73655
399006.SZ,2020-11-18,2620.6722,2656.8888,2680.6164,2612.8234,2658.0921,-37.4199,-1.4078,16927620.67,58128060.00368
399006.SZ,2020-11-19,2645.161,2614.7816,2651.3677,2593.8348,2620.6722,24.4888,0.9344,16226473.64,50283230.12006
399006.SZ,2020-11-20,2667.0925,2649.5585,2677.1311,2649.5585,2645.161,21.9315,0.8291,15156111.73,46625879.36715
399006.SZ,2020-11-23,2686.3577,2677.3475,2705.7676,2653.0815,2667.0925,19.2652,0.7223,20140788.77,61306393.1732
399006.SZ,2020-11-24,2674.7983,2689.7983,2700.0152,2664.9529,2686.3577,-11.5594,-0.4303,16257889.21,50941284.95089
399006.SZ,2020-11-25,2615.5311,2678.1061,2679.032,2615.5311,2674.7983,-59.2672,-2.2158,18225680.08,56455005.6391
399006.SZ,2020-11-26,2609.3862,2616.7405,2632.8716,2584.6908,2615.5311,-6.1449,-0.2349,15229393.12,45705375.44549
399006.SZ,2020-11-27,2618.9908,2614.6635,2635.6939,2594.0684,2609.3862,9.6046,0.3681,15120457.39,43361806.42458
399006.SZ,2020-11-30,2631.8893,2627.8668,2653.4356,2593.7032,2618.9908,12.8985,0.4925,24817985.41,71796418.79414
399006.SZ,2020-12-01,2698.4431,2628.7259,2700.2795,2627.4465,2631.8893,66.5538,2.5287,25214070.64,70600771.56349
399006.SZ,2020-12-02,2682.9718,2697.4444,2703.2539,2662.1775,2698.4431,-15.4713,-0.5733,21826390.89,62188927.5863
399006.SZ,2020-12-03,2712.5177,2681.5856,2721.8484,2670.2148,2682.9718,29.5459,1.1012,18875105.67,60745998.72985
399006.SZ,2020-12-04,2730.8373,2701.3687,2736.2733,2696.9472,2712.5177,18.3196,0.6754,16127557.68,51842709.18715
399006.SZ,2020-12-07,2726.4828,2720.8542,2739.7652,2715.9273,2730.8373,-4.3545,-0.1595,18874372.39,62999201.83993
399006.SZ,2020-12-08,2746.2816,2736.0285,2757.3426,2735.8343,2726.4828,19.7988,0.7262,16169843.52,53168138.65044
399006.SZ,2020-12-09,2697.8256,2752.3544,2763.414,2693.1874,2746.2816,-48.456,-1.7644,19669226.67,61451588.39289
399006.SZ,2020-12-10,2718.5452,2689.2149,2734.6387,2675.4576,2697.8256,20.7196,0.768,16382405.84,54531427.4714
399006.SZ,2020-12-11,2687.7808,2727.9658,2733.9383,2665.1006,2718.5452,-30.7644,-1.1316,22260042.99,66933998.43112
399006.SZ,2020-12-14,2726.601,2695.1911,2729.0682,2674.5076,2687.7808,38.8202,1.4443,15791122.73,63405974.35236
399006.SZ,2020-12-15,2758.8546,2727.9527,2761.3187,2720.1419,2726.601,32.2536,1.1829,14377322.76,62398873.16479
399006.SZ,2020-12-16,2760.6399,2764.3375,2771.5917,2732.5783,2758.8546,1.7853,0.0647,14626886.01,57895433.17605
399006.SZ,2020-12-17,2785.6153,2758.4424,2789.2484,2739.1555,2760.6399,24.9754,0.9047,16328608.01,63189032.28807
399006.SZ,2020-12-18,2780.7302,2787.7759,2803.1142,2768.4683,2785.6153,-4.8851,-0.1754,14040895.73,58924889.94241
399006.SZ,2020-12-21,2882.4426,2789.6424,2882.4426,2783.3867,2780.7302,101.7124,3.6578,17413119.38,75366225.21176
399006.SZ,2020-12-22,2811.7493,2867.2105,2888.3498,2809.922,2882.4426,-70.6933,-2.4525,19194408.02,77057853.3287
399006.SZ,2020-12-23,2842.9704,2822.2592,2865.4717,2809.7854,2811.7493,31.2211,1.1104,17541040.76,73124454.81217
399006.SZ,2020-12-24,2820.7532,2838.9381,2848.3372,2811.9284,2842.9704,-22.2172,-0.7815,15992336.77,59326252.79453
399006.SZ,2020-12-25,2840.8006,2811.5466,2841.5675,2793.7782,2820.7532,20.0474,0.7107,15876544.67,63214732.4596
399006.SZ,2020-12-28,2842.8101,2847.1203,2860.9954,2823.0034,2840.8006,2.0095,0.0707,19546975.81,71822537.34761
399006.SZ,2020-12-29,2812.9974,2838.7076,2843.7151,2795.6461,2842.8101,-29.8127,-1.0487,19910855.82,71540721.16093
399006.SZ,2020-12-30,2900.5375,2828.0141,2909.1884,2827.0667,2812.9974,87.5401,3.112,17798830.87,77321685.88983
399006.SZ,2020-12-31,2966.2563,2911.3902,2969.7527,2909.666,2900.5375,65.7188,2.2657,20327634.83,85601110.09431
399006.SZ,2021-01-04,3078.1113,2977.3205,3094.5284,2963.4138,2966.2563,111.855,3.7709,25383878.99,116705887.277
399006.SZ,2021-01-05,3097.977,3050.1825,3100.0015,3027.7559,3078.1113,19.8657,0.6454,25504229.3,118508151.45609
399006.SZ,2021-01-06,3115.0913,3113.8472,3134.7631,3057.5636,3097.977,17.1143,0.5524,23037281.27,102493265.05619
399006.SZ,2021-01-07,3162.398,3106.3391,3162.398,3086.0639,3115.0913,47.3067,1.5186,25782375.15,105124810.12304
399006.SZ,2021-01-08,3150.7797,3179.3651,3194.3658,3115.9922,3162.398,-11.6183,-0.3674,26490367.97,108883268.56956
399006.SZ,2021-01-11,3092.8608,3159.5942,3159.5942,3066.7412,3150.7797,-57.9189,-1.8382,25748808.37,117882012.64566
399006.SZ,2021-01-12,3180.3496,3079.8399,3180.3496,3057.7351,3092.8608,87.4888,2.8287,25100953.58,106935196.47974
399006.SZ,2021-01-13,3130.2979,3180.7465,3207.0714,3100.0653,3180.3496,-50.0517,-1.5738,27527341.66,123599981.93244
399006.SZ,2021-01-14,3089.1774,3101.9623,3142.8536,3061.018,3130.2979,-41.1205,-1.3136,23108871.53,101665079.35481
399006.SZ,2021-01-15,3089.9447,3073.9967,3109.8701,3020.7813,3089.1774,0.7673,0.0248,21186895.02,92172372.38817
399006.SZ,2021-01-18,3149.2004,3078.0263,3164.5806,3056.8051,3089.9447,59.2557,1.9177,20393752.35,87116800.32275
399006.SZ,2021-01-19,3084.4881,3146.273,3157.4638,3074.1931,3149.2004,-64.7123,-2.0549,20723092.86,89149474.18652
399006.SZ,2021-01-20,3204.932,3106.3477,3204.932,3098.4264,3084.4881,120.4439,3.9048,19420998.55,94258148.15782
399006.SZ,2021-01-21,3283.721,3217.8272,3303.3222,3217.8272,3204.932,78.789,2.4584,24695057.63,109843080.27344
399006.SZ,2021-01-22,3358.2377,3282.041,3366.692,3281.3992,3283.721,74.5167,2.2693,25937438.44,121648529.35862
399006.SZ,2021-01-25,3355.2401,3363.6024,3427.4437,3333.7429,3358.2377,-2.9976,-0.0893,26239345.3,129186253.49858
399006.SZ,2021-01-26,3258.3553,3335.4375,3335.4375,3253.2736,3355.2401,-96.8848,-2.8876,23220417.18,110950809.65387
399006.SZ,2021-01-27,3281.0305,3269.773,3296.163,3196.0881,3258.3553,22.6752,0.6959,23177233.43,94169274.41878
399006.SZ,2021-01-28,3161.8634,3219.9302,3248.0151,3160.5286,3281.0305,-119.1671,-3.632,24811482.33,97251210.97624
399006.SZ,2021-01-29,3128.8649,3201.6694,3221.114,3070.0379,3161.8634,-32.9985,-1.0436,25173618.96,99855625.60597
399006.SZ,2021-02-01,3159.9933,3134.7899,3189.8523,3123.4352,3128.8649,31.1284,0.9949,21417577.4,88918709.01667
399006.SZ,2021-02-02,3228.6976,3176.2533,3232.4337,3130.7626,3159.9933,68.7043,2.1742,20721927.27,93888473.03114
399006.SZ,2021-02-03,3223.7662,3245.261,3276.2345,3218.8698,3228.6976,-4.9314,-0.1527,22297761.52,97973250.23315
399006.SZ,2021-02-04,3200.5493,3208.6466,3248.2814,3155.7874,3223.7662,-23.2169,-0.7202,20837355.56,90541879.32424
399006.SZ,2021-02-05,3193.7066,3224.8475,3256.7219,3191.458,3200.5493,-6.8427,-0.2138,20082901.15,89539459.59217
399006.SZ,2021-02-08,3278.0603,3202.4829,3278.0603,3162.5868,3193.7066,84.3537,2.6412,19298792.55,89778153.75882
399006.SZ,2021-02-09,3334.2422,3291.5011,3339.9693,3273.059,3278.0603,56.1819,1.7139,19706011.47,89029373.00827
399006.SZ,2021-02-10,3413.8101,3350.324,3427.8203,3314.6727,3334.2422,79.5679,2.3864,19168335.72,92542397.3799
399006.SZ,2021-02-18,3320.144,3475.8905,3475.9981,3300.183,3413.8101,-93.6661,-2.7437,26480385.37,119043735.29067
399006.SZ,2021-02-19,3285.5347,3289.0055,3308.746,3195.9541,3320.144,-34.6093,-1.0424,24403885.3,96563796.29349
399006.SZ,2021-02-22,3138.6723,3278.5857,3278.5857,3138.6476,3285.5347,-146.8624,-4.47,29438835.02,112534179.03794
399006.SZ,2021-02-23,3112.3574,3099.1894,3156.37,3090.319,3138.6723,-26.3149,-0.8384,20242525.24,80348826.5426
399006.SZ,2021-02-24,3007.4559,3112.7234,3125.2401,2973.8842,3112.3574,-104.9015,-3.3705,22632963.67,95215635.73317
399006.SZ,2021-02-25,2977.1759,3040.9013,3045.0006,2969.0329,3007.4559,-30.28,-1.0068,19312192.67,75491182.47408
399006.SZ,2021-02-26,2914.1127,2907.4831,2961.0272,2887.8092,2977.1759,-63.0632,-2.1182,21195564.67,80666356.90874
399006.SZ,2021-03-01,2994.7508,2958.5301,2998.0333,2935.0763,2914.1127,80.6381,2.7672,20876181.13,81846946.53683
399006.SZ,2021-03-02,2966.8915,3019.0956,3023.208,2937.8896,2994.7508,-27.8593,-0.9303,19795261.12,80212454.57673
399006.SZ,2021-03-03,2997.7492,2951.2903,2997.9933,2933.8341,2966.8915,30.8577,1.0401,16732138.27,64993822.18594
399006.SZ,2021-03-04,2851.8732,2962.5202,2962.5202,2841.1541,2997.7492,-145.876,-4.8662,21226862.05,86633200.7862
399006.SZ,2021-03-05,2871.9719,2800.2504,2897.172,2800.2504,2851.8732,20.0987,0.7048,19940465.59,75471766.20597
399006.SZ,2021-03-08,2728.8437,2889.0846,2905.4687,2726.3428,2871.9719,-143.1282,-4.9836,22753139.92,87656710.26473
399006.SZ,2021-03-09,2633.4496,2717.1698,2733.9821,2608.2412,2728.8437,-95.3941,-3.4958,22763115.11,86086425.97518
399006.SZ,2021-03-10,2676.7018,2708.2293,2720.2499,2665.6967,2633.4496,43.2522,1.6424,18584202.43,71128323.02008
399006.SZ,2021-03-11,2746.5754,2682.948,2768.9546,2677.5706,2676.7018,69.8736,2.6104,18248839.68,71324388.28453
399006.SZ,2021-03-12,2756.8127,2768.5771,2771.8658,2711.3252,2746.5754,10.2373,0.3727,16863068.12,68236840.65795
399006.SZ,2021-03-15,2644.0149,2737.4467,2737.4467,2612.4495,2756.8127,-112.7978,-4.0916,17116126.25,65378268.58838
399006.SZ,2021-03-16,2672.1171,2664.6932,2678.9151,2629.3583,2644.0149,28.1022,1.0629,14822078.27,54474033.64312
399006.SZ,2021-03-17,2704.1362,2662.9255,2717.6748,2631.7296,2672.1171,32.0191,1.1983,14218454.05,52081970.98599
399006.SZ,2021-03-18,2748.7258,2717.2745,2760.7888,2713.8496,2704.1362,44.5896,1.6489,15774549.17,58908731.5202
399006.SZ,2021-03-19,2671.5179,2697.8275,2726.8717,2653.998,2748.7258,-77.2079,-2.8089,14732323.07,56978554.62559
399006.SZ,2021-03-22,2698.2613,2683.6384,2729.0983,2665.6164,2671.5179,26.7434,1.0011,13728572.76,53285704.25725
399006.SZ,2021-03-23,2668.0818,2684.6428,2708.9595,2641.3748,2698.2613,-30.1795,-1.1185,16203752.94,60300972.60814
399006.SZ,2021-03-24,2634.6142,2650.3724,2678.4021,2623.2924,2668.0818,-33.4676,-1.2544,16095247.3,57554188.13553
399006.SZ,2021-03-25,2655.9988,2609.3782,2670.8964,2603.9371,2634.6142,21.3846,0.8117,14846665.82,52328325.29988
399006.SZ,2021-03-26,2745.4001,2672.9087,2754.3027,2672.9087,2655.9988,89.4013,3.366,16510940.01,66835245.8169
399006.SZ,2021-03-29,2733.9632,2747.8562,2768.1403,2716.9466,2745.4001,-11.4369,-0.4166,14975065.39,55031426.25652
399006.SZ,2021-03-30,2771.3221,2728.4902,2779.866,2722.234,2733.9632,37.3589,1.3665,14030772.8,53670076.79726
399006.SZ,2021-03-31,2758.5015,2770.332,2777.0826,2731.2214,2771.3221,-12.8206,-0.4626,12634537.41,49337600.67207
399006.SZ,2021-04-01,2815.4134,2766.4174,2819.4149,2766.4174,2758.5015,56.9119,2.0631,13078047.59,49008978.46154
399006.SZ,2021-04-02,2852.2293,2828.3516,2871.1099,2820.0099,2815.4134,36.8159,1.3077,15176611.6,55573679.02566
399006.SZ,2021-04-06,2831.5985,2865.4445,2871.8675,2814.4869,2852.2293,-20.6308,-0.7233,12885565.65,49176767.1925
399006.SZ,2021-04-07,2807.2008,2843.5741,2843.5741,2773.6735,2831.5985,-24.3977,-0.8616,13919716.54,53176317.88115
399006.SZ,2021-04-08,2826.9895,2793.1658,2838.9368,2778.8659,2807.2008,19.7887,0.7049,13390282.59,48322713.40039
399006.SZ,2021-04-09,2783.3266,2823.7801,2829.955,2772.3059,2826.9895,-43.6629,-1.5445,12280092.79,47096020.91108
399006.SZ,2021-04-12,2719.9533,2789.7848,2813.4866,2711.8372,2783.3266,-63.3733,-2.2769,15303550.79,59882410.42565
399006.SZ,2021-04-13,2742.8524,2719.5564,2785.1397,2719.5564,2719.9533,22.8991,0.8419,14361534.66,51703554.44188
399006.SZ,2021-04-14,2804.4092,2753.6654,2809.1648,2753.6654,2742.8524,61.5568,2.2443,13136192.11,50743633.8836
399006.SZ,2021-04-15,2790.6441,2787.2465,2793.6661,2761.2931,2804.4092,-13.7651,-0.4908,11324467.93,42582031.537
399006.SZ,2021-04-16,2783.3734,2801.7392,2802.6176,2744.6819,2790.6441,-7.2707,-0.2605,13273783.73,47194307.04965
399006.SZ,2021-04-19,2898.7286,2777.0169,2899.729,2769.6504,2783.3734,115.3552,4.1444,18784596.03,69743399.58467
399006.SZ,2021-04-20,2896.1076,2880.0572,2922.0339,2870.2921,2898.7286,-2.621,-0.0904,16279888.82,60589393.68198
399006.SZ,2021-04-21,2916.9745,2873.3618,2920.7178,2867.2071,2896.1076,20.8669,0.7205,14009094.18,51809172.42439
399006.SZ,2021-04-22,2939.3949,2941.3032,2950.2279,2901.9165,2916.9745,22.4204,0.7686,15655346.63,60409964.35262
399006.SZ,2021-04-23,2994.4882,2938.9324,3009.2727,2937.9436,2939.3949,55.0933,1.8743,17015046.63,71260766.14895
399006.SZ,2021-04-26,2969.4049,3019.3031,3057.1239,2965.0112,2994.4882,-25.0833,-0.8376,20442266.09,88534167.56222
399006.SZ,2021-04-27,2986.0336,2964.0273,2986.0336,2946.7991,2969.4049,16.6287,0.56,17140507.27,70243394.24205
399006.SZ,2021-04-28,3050.5848,2990.7,3052.0389,2980.6485,2986.0336,64.5512,2.1618,17925403.04,76748170.78645
399006.SZ,2021-04-29,3051.4167,3053.7381,3068.5954,3014.5529,3050.5848,0.8319,0.0273,16647988.29,72770568.8225
399006.SZ,2021-04-30,3091.3952,3040.649,3110.1558,3037.3142,3051.4167,39.9785,1.3102,16606502.88,76877755.21296
399006.SZ,2021-05-06,3014.8116,3059.5844,3059.5844,2961.9939,3091.3952,-76.5836,-2.4773,16552268.45,79710696.10695
399006.SZ,2021-05-07,2910.4109,3021.8669,3026.849,2910.4109,3014.8116,-104.4007,-3.4629,14489342.37,63023233.22008
399006.SZ,2021-05-10,2921.7215,2920.4196,2960.3275,2901.0803,2910.4109,11.3106,0.3886,14350072.84,57270387.33344
399006.SZ,2021-05-11,2921.3431,2898.8006,2932.4773,2864.0463,2921.7215,-0.3784,-0.013,12999504.43,52345991.66148
399006.SZ,2021-05-12,2960.355,2913.0636,2965.2124,2887.2119,2921.3431,39.0119,1.3354,12478898.59,50487332.92208
399006.SZ,2021-05-13,2943.6175,2922.7306,2967.6157,2912.5151,2960.355,-16.7375,-0.5654,14079976.92,51354247.89282
399006.SZ,2021-05-14,3033.8056,2954.172,3039.7256,2942.9799,2943.6175,90.1881,3.0639,18745929.58,77911845.79698
399006.SZ,2021-05-17,3112.7411,3049.0194,3130.2049,3049.0194,3033.8056,78.9355,2.6019,19300838.43,84550513.52017
399006.SZ,2021-05-18,3090.1233,3108.6337,3128.9398,3068.7641,3112.7411,-22.6178,-0.7266,14119044.01,58723266.8004
399006.SZ,2021-05-19,3114.724,3081.2211,3128.6013,3075.8,3090.1233,24.6007,0.7961,14228469.44,59332787.28524
399006.SZ,2021-05-20,3143.6158,3113.552,3158.4547,3112.5562,3114.724,28.8918,0.9276,15650642.15,63259670.46207
399006.SZ,2021-05-21,3113.2585,3162.791,3171.8992,3098.2387,3143.6158,-30.3573,-0.9657,16317098.18,70108870.27455
399006.SZ,2021-05-24,3139.6858,3128.7762,3140.9452,3075.4487,3113.2585,26.4273,0.8489,16827439.23,72968456.986
399006.SZ,2021-05-25,3227.3554,3155.2736,3232.7389,3151.9021,3139.6858,87.6696,2.7923,18915915.27,82418680.36667
399006.SZ,2021-05-26,3196.8478,3226.6981,3228.7661,3185.7688,3227.3554,-30.5076,-0.9453,18383756.24,71605764.8222
399006.SZ,2021-05-27,3226.1082,3192.0447,3238.4538,3169.0299,3196.8478,29.2604,0.9153,18084477.13,69611995.77194
399006.SZ,2021-05-28,3232.2912,3226.0807,3285.2843,3215.0289,3226.1082,6.183,0.1917,18818418.85,85406819.31794
399006.SZ,2021-05-31,3309.069,3246.1486,3309.7485,3246.1486,3232.2912,76.7778,2.3753,18994338.82,85441186.66498
399006.SZ,2021-06-01,3300.1588,3290.5333,3307.4739,3242.9045,3309.069,-8.9102,-0.2693,17600172.05,74500675.60818
399006.SZ,2021-06-02,3243.0218,3309.1806,3310.4933,3228.8513,3300.1588,-57.137,-1.7313,16920188.83,72367001.65371
399006.SZ,2021-06-03,3201.7845,3241.158,3255.1626,3201.2322,3243.0218,-41.2373,-1.2716,17273167.17,74581598.04822
399006.SZ,2021-06-04,3242.6121,3194.3896,3281.2636,3183.6671,3201.7845,40.8276,1.2752,17388003.75,79001352.96588
399006.SZ,2021-06-07,3228.2435,3240.9541,3241.7743,3197.9097,3242.6121,-14.3686,-0.4431,16375333.65,74786999.14373
399006.SZ,2021-06-08,3208.5718,3227.2704,3275.7831,3185.2219,3228.2435,-19.6717,-0.6094,18222507.98,71297949.59004
399006.SZ,2021-06-09,3207.6258,3203.1469,3222.1837,3183.057,3208.5718,-0.946,-0.0295,15402219.22,58414739.8433
399006.SZ,2021-06-10,3285.5095,3213.4442,3301.1596,3213.4442,3207.6258,77.8837,2.4281,21910683.88,82015127.49537
399006.SZ,2021-06-11,3298.4968,3305.5307,3320.2551,3266.357,3285.5095,12.9873,0.3953,23496429.52,92277320.00977
399006.SZ,2021-06-15,3262.1879,3298.2116,3306.4356,3240.5247,3298.4968,-36.3089,-1.1008,16427011.91,72558319.41347
399006.SZ,2021-06-16,3125.7015,3258.6025,3258.6915,3122.814,3262.1879,-136.4864,-4.1839,18093397.68,78108939.61134
399006.SZ,2021-06-17,3188.5926,3133.9108,3197.5433,3133.9108,3125.7015,62.8911,2.0121,14910153.71,66140970.51602
399006.SZ,2021-06-18,3239.2267,3210.1371,3260.7302,3198.2888,3188.5926,50.6341,1.588,15459375.01,72696538.62192
399006.SZ,2021-06-21,3270.5769,3235.6925,3288.736,3205.3638,3239.2267,31.3502,0.9678,16856514.97,78027611.84943
399006.SZ,2021-06-22,3281.9923,3273.6305,3291.176,3220.4169,3270.5769,11.4154,0.349,15931554.16,74328660.8907
399006.SZ,2021-06-23,3318.9462,3288.7556,3341.9618,3266.9022,3281.9923,36.9539,1.126,18444440.16,78716838.18896
399006.SZ,2021-06-24,3279.1588,3326.3337,3328.5616,3260.0311,3318.9462,-39.7874,-1.1988,16002473.02,70105184.10554
399006.SZ,2021-06-25,3347.6994,3288.2688,3355.8844,3286.2713,3279.1588,68.5406,2.0902,17569987.52,79893401.73388
399006.SZ,2021-06-28,3412.8633,3356.2195,3422.7261,3345.2075,3347.6994,65.1639,1.9465,16391626.97,82877291.97686
399006.SZ,2021-06-29,3406.2379,3438.8845,3445.8723,3392.6318,3412.8633,-6.6254,-0.1941,16679997.71,83542384.72237
399006.SZ,2021-06-30,3477.1779,3418.8122,3484.1933,3389.9598,3406.2379,70.94,2.0826,15039989.51,76678630.60061
399006.SZ,2021-07-01,3455.3587,3486.7782,3500.7391,3431.7715,3477.1779,-21.8192,-0.6275,18409420.1,85017960.11078
399006.SZ,2021-07-02,3333.8973,3429.6061,3429.6061,3329.8244,3455.3587,-121.4614,-3.5152,18391552.56,90648062.83648
399006.SZ,2021-07-05,3352.1166,3332.4906,3387.0992,3318.3367,3333.8973,18.2193,0.5465,17997775.24,86840887.36431
399006.SZ,2021-07-06,3291.9878,3359.2628,3367.7543,3240.869,3352.1166,-60.1288,-1.7938,17834060.51,95450232.62644
399006.SZ,2021-07-07,3409.5893,3278.1257,3419.695,3261.3172,3291.9878,117.6015,3.5724,17837997.34,96306184.09571
399006.SZ,2021-07-08,3432.957,3435.3112,3469.5959,3418.6987,3409.5893,23.3677,0.6854,22197969.63,106130877.8807
399006.SZ,2021-07-09,3409.3093,3413.0179,3428.2969,3334.2717,3432.957,-23.6477,-0.6888,18980387.09,96850413.7222
399006.SZ,2021-07-12,3534.763,3453.0094,3554.0728,3426.0132,3409.3093,125.4537,3.6797,26418136.42,123368709.65109
399006.SZ,2021-07-13,3514.9772,3518.5267,3560.8839,3478.2742,3534.763,-19.7858,-0.5597,21749023.58,104157007.48703
399006.SZ,2021-07-14,3488.627,3491.4196,3539.5514,3464.9173,3514.9772,-26.3502,-0.7497,20385292.2,95324370.71322
399006.SZ,2021-07-15,3537.3914,3476.1141,3537.3914,3453.3531,3488.627,48.7644,1.3978,18665710.21,89159590.36737
399006.SZ,2021-07-16,3432.6472,3525.2704,3525.2704,3428.9756,3537.3914,-104.7442,-2.9611,18027265.67,94512861.19518
399006.SZ,2021-07-19,3449.5263,3438.198,3482.0871,3420.4014,3432.6472,16.8791,0.4917,19028602.6,85889431.31061
399006.SZ,2021-07-20,3463.7913,3431.0011,3491.0517,3418.7648,3449.5263,14.265,0.4135,15477193.03,73624253.71195
399006.SZ,2021-07-21,3560.0455,3480.7019,3568.6977,3473.1451,3463.7913,96.2542,2.7789,22939189.33,112046977.67231
399006.SZ,2021-07-22,3544.4355,3572.4352,3576.119,3512.7179,3560.0455,-15.61,-0.4385,20791965.18,100096741.47214
399006.SZ,2021-07-23,3469.873,3539.4231,3542.2763,3461.6164,3544.4355,-74.5625,-2.1036,21912871.89,104960551.30825
399006.SZ,2021-07-26,3371.2278,3450.9029,3464.741,3292.2021,3469.873,-98.6452,-2.8429,23475392.63,116875372.86446
399006.SZ,2021-07-27,3232.8387,3384.4556,3423.4536,3232.8387,3371.2278,-138.3891,-4.105,24617295.07,121153266.0054
399006.SZ,2021-07-28,3284.9198,3204.3145,3306.503,3157.9942,3232.8387,52.0811,1.611,22087069.46,106417099.58283
399006.SZ,2021-07-29,3459.7214,3375.3262,3467.8955,3338.1316,3284.9198,174.8016,5.3213,23217249.2,119560700.46424
399006.SZ,2021-07-30,3440.1817,3454.0259,3479.3762,3402.3256,3459.7214,-19.5397,-0.5648,23288723.7,120937018.37469
399006.SZ,2021-08-02,3493.3591,3448.2572,3500.3344,3399.6421,3440.1817,53.1774,1.5458,26004925.73,133759313.05893
399006.SZ,2021-08-03,3477.2287,3490.8575,3517.0952,3447.1409,3493.3591,-16.1304,-0.4617,27710628.06,127921411.22009
399006.SZ,2021-08-04,3563.1267,3463.7293,3564.2739,3445.0538,3477.2287,85.898,2.4703,23873625.76,121873732.94856
399006.SZ,2021-08-05,3532.5003,3547.8363,3569.8379,3507.0332,3563.1267,-30.6264,-0.8595,23354860.35,111997139.67314
399006.SZ,2021-08-06,3490.9015,3539.9668,3548.3407,3469.1187,3532.5003,-41.5988,-1.1776,20740031.15,103275942.1288
399006.SZ,2021-08-09,3456.7468,3455.7026,3466.8804,3412.8625,3490.9015,-34.1547,-0.9784,19636527.26,95171062.33311
399006.SZ,2021-08-10,3468.6696,3453.8452,3470.9717,3422.377,3456.7468,11.9228,0.3449,19343413.44,102532383.95189
399006.SZ,2021-08-11,3437.0582,3457.7885,3471.9366,3422.8642,3468.6696,-31.6114,-0.9113,18458747.32,89785308.31967
399006.SZ,2021-08-12,3386.4321,3413.5215,3439.4133,3379.4214,3437.0582,-50.6261,-1.4729,18999907.27,91655314.67757
399006.SZ,2021-08-13,3345.1262,3360.5166,3432.8179,3328.7003,3386.4321,-41.3059,-1.2197,18113041.57,97019539.49195
399006.SZ,2021-08-16,3301.3907,3330.8246,3346.8009,3288.045,3345.1262,-43.7355,-1.3074,17787796.18,85074583.15808
399006.SZ,2021-08-17,3224.1529,3311.9524,3326.0821,3211.2446,3301.3907,-77.2378,-2.3396,20967770.29,96461093.50697
399006.SZ,2021-08-18,3248.3732,3238.2613,3269.2163,3219.0544,3224.1529,24.2203,0.7512,19694159.7,95555285.269
399006.SZ,2021-08-19,3278.3568,3259.094,3304.4307,3231.3612,3248.3732,29.9836,0.923,17782584.78,86097625.12268
399006.SZ,2021-08-20,3192.9003,3256.492,3265.6312,3162.7555,3278.3568,-85.4565,-2.6067,21245709.79,104229484.19921
399006.SZ,2021-08-23,3293.7697,3218.9676,3296.364,3202.8062,3192.9003,100.8694,3.1592,21078339.45,101078072.58721
399006.SZ,2021-08-24,3330.5802,3301.8645,3351.9273,3269.8636,3293.7697,36.8105,1.1176,20360466.01,101777118.97914
399006.SZ,2021-08-25,3348.6624,3330.809,3348.8886,3295.4637,3330.5802,18.0822,0.5429,18566990.46,84137569.59589
399006.SZ,2021-08-26,3264.45,3361.9069,3368.6548,3262.6819,3348.6624,-84.2124,-2.5148,18242500.78,92703218.26744
399006.SZ,2021-08-27,3257.0715,3259.1535,3296.6835,3243.1799,3264.45,-7.3785,-0.226,18160220.22,84281374.70789
399006.SZ,2021-08-30,3271.8026,3275.9746,3316.6346,3249.8651,3257.0715,14.7311,0.4523,21748869.71,112785952.92679
399006.SZ,2021-08-31,3214.1169,3273.8129,3273.8129,3181.3525,3271.8026,-57.6857,-1.7631,21391892.72,96582668.75023
399006.SZ,2021-09-01,3186.8498,3214.1659,3222.4674,3128.2693,3214.1169,-27.2671,-0.8484,22154604.37,101070876.50177
399006.SZ,2021-09-02,3138.8034,3181.2576,3200.0359,3133.7614,3186.8498,-48.0464,-1.5076,19717917.08,81892776.60191
399006.SZ,2021-09-03,3102.1449,3150.3045,3165.2106,3088.7755,3138.8034,-36.6585,-1.1679,22016279.84,87944415.25426
399006.SZ,2021-09-06,3228.0878,3106.2569,3231.5677,3085.1546,3102.1449,125.9429,4.0599,22869174.35,98576397.16499
399006.SZ,2021-09-07,3251.4866,3222.4282,3256.5261,3203.6834,3228.0878,23.3988,0.7249,20968273.48,86726814.71464
399006.SZ,2021-09-08,3219.9467,3259.5345,3282.4542,3215.4745,3251.4866,-31.5399,-0.97,26597137.41,91372096.2378
399006.SZ,2021-09-09,3221.9407,3224.4512,3244.0749,3174.0288,3219.9467,1.994,0.0619,20598193.66,74920966.18123
399006.SZ,2021-09-10,3232.0104,3207.8642,3241.8703,3189.9713,3221.9407,10.0697,0.3125,20702447.32,82238829.61115
399006.SZ,2021-09-13,3194.2747,3231.3945,3260.3285,3183.4423,3232.0104,-37.7357,-1.1676,21715072.61,80857057.58552
399006.SZ,2021-09-14,3236.5471,3199.4109,3275.9403,3197.8956,3194.2747,42.2724,1.3234,20110540.33,88562786.93555
399006.SZ,2021-09-15,3200.3995,3233.1544,3234.1256,3185.6484,3236.5471,-36.1476,-1.1169,17827388.83,73235119.40038
399006.SZ,2021-09-16,3128.8448,3199.4587,3199.4587,3127.7861,3200.3995,-71.5547,-2.2358,18959831.26,78268954.89132
399006.SZ,2021-09-17,3193.261,3124.3157,3201.4469,3122.3224,3128.8448,64.4162,2.0588,16586466.37,76273700.6627
399006.SZ,2021-09-22,3164.328,3144.4546,3199.7651,3141.2351,3193.261,-28.933,-0.9061,12426318.67,55502064.19763
399006.SZ,2021-09-23,3182.4669,3197.2613,3210.6409,3160.5827,3164.328,18.1389,0.5732,16090385.3,65488130.31315
399006.SZ,2021-09-24,3207.8166,3176.8684,3250.1389,3169.5042,3182.4669,25.3497,0.7965,16022295.32,71491985.57384
399006.SZ,2021-09-27,3231.5824,3228.0684,3280.3011,3211.613,3207.8166,23.7658,0.7409,20103958.22,90145167.59937
399006.SZ,2021-09-28,3211.454,3219.3811,3272.9396,3202.6193,3231.5824,-20.1284,-0.6229,13554912.33,61977884.22455
399006.SZ,2021-09-29,3175.1521,3181.9784,3209.6924,3165.487,3211.454,-36.3019,-1.1304,14548132.54,63635149.03271
399006.SZ,2021-09-30,3244.6455,3188.3915,3257.6683,3180.914,3175.1521,69.4934,2.1887,12932805.72,62624413.4215
399006.SZ,2021-10-08,3243.2037,3259.4598,3285.7303,3224.0603,3244.6455,-1.4418,-0.0444,16076639.76,70025175.20391
399006.SZ,2021-10-11,3196.1887,3242.1839,3257.3641,3190.6645,3243.2037,-47.015,-1.4496,14906657.22,67009147.05349
399006.SZ,2021-10-12,3138.2627,3194.0119,3196.706,3106.4721,3196.1887,-57.926,-1.8123,14960878.33,68494964.24434
399006.SZ,2021-10-13,3210.1586,3141.4235,3211.3406,3140.0161,3138.2627,71.8959,2.2909,12252242.87,59933601.02499
399006.SZ,2021-10-14,3215.7355,3216.8603,3238.1549,3204.923,3210.1586,5.5769,0.1737,11463809.46,59564681.78005
399006.SZ,2021-10-15,3276.3209,3198.8928,3284.653,3187.4044,3215.7355,60.5854,1.884,14492309.15,77558084.88495
399006.SZ,2021-10-18,3276.4839,3287.0385,3287.0385,3231.0454,3276.3209,0.163,0.005,15470721.67,75167378.10475
399006.SZ,2021-10-19,3297.2933,3293.8006,3310.0215,3273.545,3276.4839,20.8094,0.6351,13944929.62,68891291.70983
399006.SZ,2021-10-20,3285.1216,3304.5511,3320.3315,3276.8249,3297.2933,-12.1717,-0.3691,13380937.55,67855087.26657
399006.SZ,2021-10-21,3279.4871,3286.2702,3304.005,3256.8531,3285.1216,-5.6345,-0.1715,12094237.34,58932318.73771
399006.SZ,2021-10-22,3284.9108,3290.5413,3309.561,3268.937,3279.4871,5.4237,0.1654,12126045.47,61425192.27041
399006.SZ,2021-10-25,3338.624,3303.2205,3342.2208,3302.4854,3284.9108,53.7132,1.6351,15896511.23,73516336.35866
399006.SZ,2021-10-26,3327.5373,3370.7855,3370.7855,3322.1926,3338.624,-11.0867,-0.3321,20274406.32,77840682.7418
399006.SZ,2021-10-27,3308.9619,3321.6402,3324.347,3283.7258,3327.5373,-18.5754,-0.5582,18449679.75,75193452.33387
399006.SZ,2021-10-28,3278.3587,3301.906,3335.9277,3266.3119,3308.9619,-30.6032,-0.9249,15443090.85,76281303.62126
399006.SZ,2021-10-29,3350.665,3275.8308,3358.3491,3253.0433,3278.3587,72.3063,2.2056,20237132.78,100063121.72616
399006.SZ,2021-11-01,3331.9148,3341.4721,3374.5364,3302.9592,3350.665,-18.7502,-0.5596,19479174.96,90376059.31055
399006.SZ,2021-11-02,3339.597,3329.4144,3373.1795,3307.5044,3331.9148,7.6822,0.2306,19182991.28,86246569.14011
399006.SZ,2021-11-03,3327.0855,3334.4143,3363.753,3301.4369,3339.597,-12.5115,-0.3746,15894216.41,74040866.60926
399006.SZ,2021-11-04,3362.2485,3351.2982,3380.2092,3344.761,3327.0855,35.163,1.0569,17078260.66,75645624.50115
399006.SZ,2021-11-05,3352.7544,3354.3791,3383.2962,3347.158,3362.2485,-9.4941,-0.2824,21398717.86,74791232.73068
399006.SZ,2021-11-08,3380.292,3353.8894,3393.3872,3341.6015,3352.7544,27.5376,0.8213,20203121.53,84369202.87002
399006.SZ,2021-11-09,3409.9421,3400.9727,3409.9421,3377.5128,3380.292,29.6501,0.8771,16891109.12,69163530.10215
399006.SZ,2021-11-10,3399.6626,3388.0545,3403.31,3338.4601,3409.9421,-10.2795,-0.3015,22086433.74,84744794.60216
399006.SZ,2021-11-11,3433.2408,3396.6537,3443.9607,3393.9842,3399.6626,33.5782,0.9877,23153224.27,82967408.78259
399006.SZ,2021-11-12,3430.1413,3436.2623,3446.0359,3409.4792,3433.2408,-3.0995,-0.0903,21304345.99,75149515.93777
399006.SZ,2021-11-15,3401.874,3435.6231,3435.6799,3387.5313,3430.1413,-28.2673,-0.8241,22154420.04,83898505.59862
399006.SZ,2021-11-16,3393.7147,3400.3397,3423.5189,3389.5463,3401.874,-8.1593,-0.2398,23926508.28,84865478.42265
399006.SZ,2021-11-17,3421.3289,3413.431,3425.5701,3400.7708,3393.7147,27.6142,0.8137,19925973.91,69830275.19129
399006.SZ,2021-11-18,3383.9061,3416.6429,3416.6429,3374.0111,3421.3289,-37.4228,-1.0938,21456524.01,73710602.3539
399006.SZ,2021-11-19,3418.9597,3385.8341,3419.7462,3378.3772,3383.9061,35.0536,1.0359,17931166.78,68888135.09956
399006.SZ,2021-11-22,3505.7268,3434.5747,3505.7268,3430.5918,3418.9597,86.7671,2.5378,20164465.23,94931675.28052
399006.SZ,2021-11-23,3492.7692,3501.2181,3508.8981,3482.688,3505.7268,-12.9576,-0.3696,21220356.3,84341406.88736
399006.SZ,2021-11-24,3478.6624,3488.3805,3501.579,3469.3638,3492.7692,-14.1068,-0.4039,21591235.62,87772790.43232
399006.SZ,2021-11-25,3474.4511,3477.5957,3490.6211,3462.1254,3478.6624,-4.2113,-0.1211,20468982.69,80352973.86048
399006.SZ,2021-11-26,3468.8655,3470.2111,3501.3412,3461.1942,3474.4511,-5.5856,-0.1608,21379115.88,77041359.2521
399006.SZ,2021-11-29,3503.4088,3455.6079,3522.5038,3455.6079,3468.8655,34.5433,0.9958,21046992.13,93670025.25545
399006.SZ,2021-11-30,3495.5926,3520.2945,3520.2945,3472.5827,3503.4088,-7.8162,-0.2231,19808157.33,82557764.84086
399006.SZ,2021-12-01,3473.3664,3492.4351,3501.3342,3459.5142,3495.5926,-22.2262,-0.6358,21232476.8,75158987.1908
399006.SZ,2021-12-02,3466.914,3464.9211,3487.9351,3456.3116,3473.3664,-6.4524,-0.1858,20776211.26,71251237.3344
399006.SZ,2021-12-03,3478.6656,3467.4128,3482.4602,3446.9537,3466.914,11.7516,0.339,16535850.6,66822344.66817
399006.SZ,2021-12-06,3405.9346,3460.9608,3479.8617,3403.1591,3478.6656,-72.731,-2.0908,19266863.87,74485381.75014
399006.SZ,2021-12-07,3368.7844,3429.7649,3429.8404,3338.0045,3405.9346,-37.1502,-1.0907,18105093.5,76174117.63982
399006.SZ,2021-12-08,3424.7038,3388.3177,3428.2281,3378.2808,3368.7844,55.9194,1.6599,17552802.19,68178372.227
399006.SZ,2021-12-09,3459.3187,3422.3791,3463.6522,3400.3808,3424.7038,34.6149,1.0107,22410091.15,91726556.49964
399006.SZ,2021-12-10,3466.797,3431.2889,3485.0801,3429.5723,3459.3187,7.4783,0.2162,21826723.91,93824356.32889
399006.SZ,2021-12-13,3496.9616,3473.389,3508.1918,3457.5442,3466.797,30.1646,0.8701,22359525.29,93127926.41306
399006.SZ,2021-12-14,3495.0595,3491.8224,3507.2716,3486.9134,3496.9616,-1.9021,-0.0544,19407930.37,76558565.91453
399006.SZ,2021-12-15,3464.7577,3492.5805,3520.4661,3462.5063,3495.0595,-30.3018,-0.867,19299772.01,78044440.69596
399006.SZ,2021-12-16,3490.4491,3479.1843,3491.1834,3467.7344,3464.7577,25.6914,0.7415,18618867.4,71440697.76647
399006.SZ,2021-12-17,3434.3394,3480.5129,3486.2356,3427.0161,3490.4491,-56.1097,-1.6075,19160451.02,79858922.56753
399006.SZ,2021-12-20,3332.6061,3420.8623,3434.0911,3327.7904,3434.3394,-101.7333,-2.9622,17831780.55,80583323.06716
399006.SZ,2021-12-21,3350.4288,3328.8946,3354.9245,3306.9616,3332.6061,17.8227,0.5348,15277230.59,66757256.83101
399006.SZ,2021-12-22,3368.6989,3360.2834,3379.0795,3354.3818,3350.4288,18.2701,0.5453,19115406.37,65506789.90689
399006.SZ,2021-12-23,3373.7033,3379.8082,3389.8544,3358.9155,3368.6989,5.0044,0.1486,16202132.46,62597318.50628
399006.SZ,2021-12-24,3297.106,3381.5449,3384.2932,3280.9373,3373.7033,-76.5973,-2.2704,15647543.49,74459307.73026
399006.SZ,2021-12-27,3293.8113,3296.4081,3315.7534,3273.8154,3297.106,-3.2947,-0.0999,14563762.33,58949303.79015
399006.SZ,2021-12-28,3328.5592,3300.3111,3331.3164,3280.0668,3293.8113,34.7479,1.0549,16416502.65,64879994.98671
399006.SZ,2021-12-29,3281.8971,3326.076,3326.2121,3281.8971,3328.5592,-46.6621,-1.4019,14773940.58,61769615.77225
399006.SZ,2021-12-30,3322.7947,3285.7694,3339.6536,3280.3083,3281.8971,40.8976,1.2462,16586058.99,64793351.80942
399006.SZ,2021-12-31,3322.6725,3342.1867,3353.5674,3315.0726,3322.7947,-0.1222,-0.0037,14783801.77,64877013.7028
399006.SZ,2022-01-04,3250.159,3348.1278,3349.4548,3238.2446,3322.6725,-72.5135,-2.1824,23623406.28,94190978.36578
399006.SZ,2022-01-05,3161.5072,3242.4353,3245.758,3145.0474,3250.159,-88.6518,-2.7276,23931571.82,91437288.42192
399006.SZ,2022-01-06,3127.4798,3133.0457,3150.1126,3093.0385,3161.5072,-34.0274,-1.0763,19754756.02,80650012.2412
399006.SZ,2022-01-07,3096.8812,3137.0748,3147.2272,3093.2066,3127.4798,-30.5986,-0.9784,18716797.36,78359580.10812
399006.SZ,2022-01-10,3095.6894,3082.7808,3115.4696,3051.531,3096.8812,-1.1918,-0.0385,18352631.65,76091998.43009
399006.SZ,2022-01-11,3056.1533,3094.7031,3103.8266,3050.5856,3095.6894,-39.5361,-1.2771,17793301.64,70805825.91057
399006.SZ,2022-01-12,3136.6852,3091.6687,3139.38,3088.7809,3056.1533,80.5319,2.6351,18185565.84,85774137.43048
399006.SZ,2022-01-13,3083.1414,3145.0202,3145.0202,3083.1414,3136.6852,-53.5438,-1.707,18070809.69,74646069.42729
399006.SZ,2022-01-14,3119.4077,3059.1432,3128.2509,3057.9395,3083.1414,36.2663,1.1763,20412248.82,82769133.77593
399006.SZ,2022-01-17,3170.4078,3124.6277,3176.242,3113.977,3119.4077,51.0001,1.6349,22323324.77,87629984.86192
399006.SZ,2022-01-18,3144.3336,3168.7856,3177.8223,3136.251,3170.4078,-26.0742,-0.8224,20133605.95,75583104.97213
399006.SZ,2022-01-19,3075.9766,3139.2304,3141.2811,3052.6451,3144.3336,-68.357,-2.174,18733335.82,73643288.89761
399006.SZ,2022-01-20,3065.9942,3072.3878,3102.3062,3056.9594,3075.9766,-9.9824,-0.3245,19221497.97,70689361.13592
399006.SZ,2022-01-21,3034.6795,3052.9771,3069.8808,3020.2999,3065.9942,-31.3147,-1.0214,16443453.3,63818901.97007
399006.SZ,2022-01-24,3056.4336,3011.6277,3071.058,3010.2041,3034.6795,21.7541,0.7169,15418334.85,61663523.94837
399006.SZ,2022-01-25,2974.9553,3035.8243,3055.8765,2974.9553,3056.4336,-81.4783,-2.6658,18015305.87,61170028.1848
399006.SZ,2022-01-26,3004.4123,2993.1571,3008.3827,2952.9081,2974.9553,29.457,0.9902,13679539.41,55141330.81147
399006.SZ,2022-01-27,2906.7627,2993.9954,3001.549,2904.7145,3004.4123,-97.6496,-3.2502,14671594.68,62372807.78435
399006.SZ,2022-01-28,2908.9448,2945.7177,2962.7686,2882.6738,2906.7627,2.1821,0.0751,13745272.95,64199792.3272
399006.SZ,2022-02-07,2917.8638,2972.1937,2987.4978,2905.2486,2908.9448,8.919,0.3066,14958235.51,59306728.48077
399006.SZ,2022-02-08,2846.4823,2913.3188,2913.3188,2782.2769,2917.8638,-71.3815,-2.4464,14523367.24,64499652.46414
399006.SZ,2022-02-09,2883.5971,2844.8378,2887.731,2818.3933,2846.4823,37.1148,1.3039,15026026.97,58405731.9184
399006.SZ,2022-02-10,2826.5166,2891.2998,2891.2998,2796.9008,2883.5971,-57.0805,-1.9795,14789287.31,67624430.64658
399006.SZ,2022-02-11,2746.3826,2800.7486,2811.7767,2742.5144,2826.5166,-80.134,-2.8351,16394364.97,66971295.896
399006.SZ,2022-02-14,2732.0103,2723.5103,2776.2332,2710.884,2746.3826,-14.3723,-0.5233,17506159.64,69865198.60577
399006.SZ,2022-02-15,2816.4435,2744.3853,2817.8074,2739.4199,2732.0103,84.4332,3.0905,15323097.98,67199740.87548
399006.SZ,2022-02-16,2818.3969,2829.6523,2841.3262,2808.2654,2816.4435,1.9534,0.0694,13334965.13,53006537.11584
399006.SZ,2022-02-17,2839.8252,2813.48,2861.9666,2804.8873,2818.3969,21.4283,0.7603,13798611.06,57555090.52446
399006.SZ,2022-02-18,2826.8125,2819.5478,2829.8247,2803.2369,2839.8252,-13.0127,-0.4582,12826427.7,49394253.85631
399006.SZ,2022-02-21,2804.5979,2830.601,2836.2793,2794.2592,2826.8125,-22.2146,-0.7859,17907742.71,61462475.49312
399006.SZ,2022-02-22,2765.9101,2783.2834,2783.2834,2741.9711,2804.5979,-38.6878,-1.3794,17969489.84,61324039.89128
399006.SZ,2022-02-23,2843.8657,2770.2142,2845.0817,2770.2142,2765.9101,77.9556,2.8184,17260291.67,70175211.58634
399006.SZ,2022-02-24,2783.8992,2817.7962,2852.721,2746.6201,2843.8657,-59.9665,-2.1086,21297179.58,78917063.16543
399006.SZ,2022-02-25,2855.8029,2827.829,2882.073,2827.829,2783.8992,71.9037,2.5828,16987743.62,74047225.79187
399006.SZ,2022-02-28,2881.3065,2844.8233,2881.3065,2834.5435,2855.8029,25.5036,0.893,14047227.9,60125474.93089
399006.SZ,2022-03-01,2885.7862,2895.3882,2905.1283,2865.8842,2881.3065,4.4797,0.1555,14685114.05,62049579.13859
399006.SZ,2022-03-02,2834.6359,2866.6901,2866.6901,2811.1179,2885.7862,-51.1503,-1.7725,11440628.82,50835409.20794
399006.SZ,2022-03-03,2791.9489,2850.6689,2853.4737,2789.5147,2834.6359,-42.687,-1.5059,12771644.65,50926183.93206
399006.SZ,2022-03-04,2748.6382,2763.0615,2797.8198,2737.4741,2791.9489,-43.3107,-1.5513,14577099.94,60017096.41451
399006.SZ,2022-03-07,2630.371,2718.4439,2720.7831,2620.8292,2748.6382,-118.2672,-4.3028,16180815.14,67720331.0728
399006.SZ,2022-03-08,2582.9858,2645.1094,2654.6386,2567.9101,2630.371,-47.3852,-1.8015,17450092.35,71565751.18003
399006.SZ,2022-03-09,2566.719,2594.9618,2608.208,2462.1704,2582.9858,-16.2668,-0.6298,19898498.67,77089237.81273
399006.SZ,2022-03-10,2635.1938,2645.3628,2664.5798,2625.6006,2566.719,68.4748,2.6678,17971388.06,77916755.24871
399006.SZ,2022-03-11,2665.4618,2589.6958,2668.2421,2566.0312,2635.1938,30.268,1.1486,19174476.39,77930333.97931
399006.SZ,2022-03-14,2570.4473,2638.4902,2647.2546,2570.2798,2665.4618,-95.0145,-3.5647,18172780.99,73357628.66876
399006.SZ,2022-03-15,2504.7825,2547.7172,2615.7078,2504.7825,2570.4473,-65.6648,-2.5546,21932809.66,82892511.98367
399006.SZ,2022-03-16,2635.0826,2549.153,2639.9271,2478.4379,2504.7825,130.3001,5.2021,26376341.63,103729364.12391
399006.SZ,2022-03-17,2710.7262,2684.841,2764.2487,2684.0368,2635.0826,75.6436,2.8706,26007703.7,111939402.28611
399006.SZ,2022-03-18,2713.7948,2693.1543,2725.6903,2668.9349,2710.7262,3.0686,0.1132,16122682.79,69487699.84194
399006.SZ,2022-03-21,2726.1798,2730.2093,2756.3514,2702.1766,2713.7948,12.385,0.4564,16691580.76,69064302.91624
399006.SZ,2022-03-22,2688.2342,2718.002,2718.002,2676.8371,2726.1798,-37.9456,-1.3919,13313935.84,53314823.09825
399006.SZ,2022-03-23,2715.9539,2707.5652,2725.5571,2682.1315,2688.2342,27.7197,1.0311,12725722.97,52495150.25746
399006.SZ,2022-03-24,2706.2149,2697.4251,2725.2841,2655.9183,2715.9539,-9.739,-0.3586,13680024.38,56689800.61183
399006.SZ,2022-03-25,2637.944,2702.6527,2714.1509,2637.944,2706.2149,-68.2709,-2.5227,12665198.81,50773631.39877
399006.SZ,2022-03-28,2594.1284,2622.4676,2622.5884,2576.2332,2637.944,-43.8156,-1.661,12259676.42,49446584.09335
399006.SZ,2022-03-29,2592.6659,2603.4247,2633.4491,2581.3789,2594.1284,-1.4625,-0.0564,12369469.99,46736129.95116
399006.SZ,2022-03-30,2696.826,2612.7148,2696.826,2610.4065,2592.6659,104.1601,4.0175,16212787.26,65834209.0139
399006.SZ,2022-03-31,2659.4925,2683.1947,2686.2769,2646.2405,2696.826,-37.3335,-1.3843,13551597.68,54504429.29874
399006.SZ,2022-04-01,2666.9696,2641.7521,2687.1525,2632.9752,2659.4925,7.4771,0.2811,15041162.28,51862207.87791
399006.SZ,2022-04-06,2633.9101,2662.2808,2662.622,2615.9233,2666.9696,-33.0595,-1.2396,13538073.32,49402902.47476
399006.SZ,2022-04-07,2578.5331,2611.9793,2632.097,2576.534,2633.9101,-55.377,-2.1025,14179494.48,47338762.73241
399006.SZ,2022-04-08,2569.9108,2578.7356,2609.3469,2546.5145,2578.5331,-8.6223,-0.3344,14336546.32,48499799.41028
399006.SZ,2022-04-11,2462.0435,2536.1486,2536.1486,2455.4554,2569.9108,-107.8673,-4.1973,15376669.09,59361996.70062
399006.SZ,2022-04-12,2523.6942,2461.5954,2523.6942,2459.2618,2462.0435,61.6507,2.504,14970870.34,53950889.00458
399006.SZ,2022-04-13,2466.8414,2499.1914,2513.4747,2466.8414,2523.6942,-56.8528,-2.2528,12936113.12,47214876.38567
399006.SZ,2022-04-14,2466.2933,2495.1647,2498.8054,2443.1509,2466.8414,-0.5481,-0.0222,15063819.42,62902554.48123
399006.SZ,2022-04-15,2460.3624,2443.3548,2483.7462,2416.7039,2466.2933,-5.9309,-0.2405,13863989.47,57185617.32619
399006.SZ,2022-04-18,2487.774,2435.8509,2491.5962,2410.8567,2460.3624,27.4116,1.1141,12271062.48,49816772.61498
399006.SZ,2022-04-19,2453.5454,2484.5159,2510.4063,2444.5932,2487.774,-34.2286,-1.3759,11822701.53,48868522.26598
399006.SZ,2022-04-20,2363.6526,2440.2954,2443.3104,2357.9132,2453.5454,-89.8928,-3.6638,14364456.71,59384976.52303
399006.SZ,2022-04-21,2312.4557,2352.2154,2378.3411,2298.745,2363.6526,-51.1969,-2.166,15786102.89,56489419.48049
399006.SZ,2022-04-22,2296.5954,2299.1559,2321.1397,2279.7781,2312.4557,-15.8603,-0.6859,14857701.24,52132567.73448
399006.SZ,2022-04-25,2169.0038,2240.0414,2262.7666,2168.8973,2296.5954,-127.5916,-5.5557,20457191.67,62782556.89726
399006.SZ,2022-04-26,2150.5126,2172.7991,2218.5616,2149.5959,2169.0038,-18.4912,-0.8525,18962748.31,60500611.38594
399006.SZ,2022-04-27,2269.1711,2122.3178,2271.1711,2122.3178,2150.5126,118.6585,5.5177,21630133.79,74553217.84469
399006.SZ,2022-04-28,2227.6548,2249.5125,2266.4333,2206.9557,2269.1711,-41.5163,-1.8296,18059264.63,63410769.35599
399006.SZ,2022-04-29,2319.137,2247.6955,2322.9702,2221.9927,2227.6548,91.4822,4.1067,23651283.24,80449134.19497
399006.SZ,2022-05-05,2288.4037,2263.9198,2317.166,2242.9551,2319.137,-30.7333,-1.3252,17224113.95,74273232.16984
399006.SZ,2022-05-06,2244.9688,2227.6817,2274.3938,2222.4882,2288.4037,-43.4349,-1.898,13857759.35,48129823.71673
399006.SZ,2022-05-09,2228.0731,2236.1694,2263.1195,2213.582,2244.9688,-16.8957,-0.7526,11415388.1,38705207.41624
399006.SZ,2022-05-10,2276.345,2192.0579,2287.8685,2187.4377,2228.0731,48.2719,2.1665,15440565.65,54790492.94562
399006.SZ,2022-05-11,2346.1516,2280.9603,2401.0994,2275.2714,2276.345,69.8066,3.0666,22177648.49,78449885.62188
399006.SZ,2022-05-12,2351.2714,2325.9486,2367.307,2324.7572,2346.1516,5.1198,0.2182,14119313.9,46386755.53652
399006.SZ,2022-05-13,2358.1607,2367.5462,2373.3022,2334.3657,2351.2714,6.8893,0.293,11291974.52,38876300.45757
399006.SZ,2022-05-16,2331.2302,2376.6428,2395.7534,2328.7404,2358.1607,-26.9305,-1.142,11916500.91,41856298.10668
399006.SZ,2022-05-17,2369.0891,2335.1246,2370.6633,2323.0699,2331.2302,37.8589,1.624,12920966.67,45642307.97447
399006.SZ,2022-05-18,2365.3769,2373.8887,2384.5983,2352.9156,2369.0891,-3.7122,-0.1567,13075819.1,41663383.20444
399006.SZ,2022-05-19,2377.1266,2329.963,2377.3145,2325.6712,2365.3769,11.7497,0.4967,13173242.82,46798806.74223
399006.SZ,2022-05-20,2417.3487,2395.3523,2426.5755,2384.1143,2377.1266,40.2221,1.692,16057233.22,56569271.99079
399006.SZ,2022-05-23,2410.1221,2422.1275,2423.7911,2385.6954,2417.3487,-7.2266,-0.2989,12983022.01,46086997.57129
399006.SZ,2022-05-24,2318.0748,2404.5961,2404.5961,2316.7881,2410.1221,-92.0473,-3.8192,16281328.8,54699745.70295
399006.SZ,2022-05-25,2325.5974,2320.7796,2332.9591,2303.1537,2318.0748,7.5226,0.3245,12353588.39,40388028.51869
399006.SZ,2022-05-26,2321.1339,2329.4341,2343.2082,2283.4418,2325.5974,-4.4635,-0.1919,14855380.02,44381427.17297
399006.SZ,2022-05-27,2322.4816,2340.6162,2377.402,2311.0572,2321.1339,1.3477,0.0581,12746380.23,45169120.80582
399006.SZ,2022-05-30,2350.3844,2338.3549,2359.5751,2323.8228,2322.4816,27.9028,1.2014,12062399.39,44286533.47522
399006.SZ,2022-05-31,2405.0849,2349.7888,2411.1755,2323.3519,2350.3844,54.7005,2.3273,19227355.55,62198714.36029
399006.SZ,2022-06-01,2428.9565,2403.3549,2441.3883,2395.9664,2405.0849,23.8716,0.9925,16216002.6,55177902.25915
399006.SZ,2022-06-02,2458.2562,2418.6626,2463.345,2411.7079,2428.9565,29.2997,1.2063,16154591.28,57797946.41849
399006.SZ,2022-06-06,2554.6587,2456.1617,2562.0159,2455.9512,2458.2562,96.4025,3.9216,20894664.0,77209287.22389
399006.SZ,2022-06-07,2554.6265,2555.5502,2575.8889,2532.7808,2554.6587,-0.0322,-0.0013,17414205.07,64480851.22324
399006.SZ,2022-06-08,2576.335,2558.1541,2576.335,2507.1112,2554.6265,21.7085,0.8498,18117051.33,81027752.05205
399006.SZ,2022-06-09,2500.2052,2558.3257,2561.4056,2491.8215,2576.335,-76.1298,-2.955,15742422.13,60810285.03979
399006.SZ,2022-06-10,2556.4729,2482.3122,2556.9805,2481.9574,2500.2052,56.2677,2.2505,17412331.23,73287167.35106
399006.SZ,2022-06-13,2546.488,2522.73,2563.2394,2520.0027,2556.4729,-9.9849,-0.3906,17779490.64,70253846.64635
399006.SZ,2022-06-14,2548.3144,2515.5108,2551.0843,2461.5429,2546.488,1.8264,0.0717,19731049.01,70627372.72061
399006.SZ,2022-06-15,2575.0857,2560.6436,2631.938,2550.5008,2548.3144,26.7713,1.0505,26381352.38,98408677.96674
399006.SZ,2022-06-16,2585.4709,2575.9636,2616.8223,2574.9532,2575.0857,10.3852,0.4033,20380698.62,73674625.172
399006.SZ,2022-06-17,2657.2122,2561.396,2666.0757,2559.671,2585.4709,71.7413,2.7748,19514348.14,83302160.41912
399006.SZ,2022-06-20,2710.1412,2672.7678,2741.5879,2672.316,2657.2122,52.929,1.9919,18843667.83,83087045.07074
399006.SZ,2022-06-21,2692.9849,2707.9802,2723.0335,2664.6852,2710.1412,-17.1563,-0.633,18225630.17,66696572.71507
399006.SZ,2022-06-22,2677.2851,2701.6283,2721.8086,2677.011,2692.9849,-15.6998,-0.583,18819058.3,70753447.09658
399006.SZ,2022-06-23,2760.1019,2693.7512,2760.1019,2672.5789,2677.2851,82.8168,3.0933,20027013.07,76943920.63803
399006.SZ,2022-06-24,2824.4396,2779.4074,2824.4396,2761.4597,2760.1019,64.3377,2.331,18654754.1,80576042.6148
399006.SZ,2022-06-27,2830.5971,2838.5801,2863.658,2819.2885,2824.4396,6.1575,0.218,20388364.17,84664011.57529
399006.SZ,2022-06-28,2840.4195,2827.3515,2850.2855,2771.9329,2830.5971,9.8224,0.347,20467880.47,81227991.09049
399006.SZ,2022-06-29,2768.6104,2817.1174,2845.4609,2764.3974,2840.4195,-71.8091,-2.5281,23157502.54,88957600.66878
399006.SZ,2022-06-30,2810.6011,2776.3928,2834.4901,2772.7694,2768.6104,41.9907,1.5167,19378282.47,78964183.9405
399006.SZ,2022-07-01,2781.943,2810.1056,2822.7971,2768.4825,2810.6011,-28.6581,-1.0196,17645928.25,67268932.28447
399006.SZ,2022-07-04,2834.6891,2764.6202,2834.6891,2748.1308,2781.943,52.7461,1.896,18803568.26,81544938.75099
399006.SZ,2022-07-05,2825.1309,2845.7403,2867.4253,2780.3576,2834.6891,-9.5582,-0.3372,19564827.9,88851595.08532
399006.SZ,2022-07-06,2802.715,2826.351,2858.0493,2776.7004,2825.1309,-22.4159,-0.7934,17417707.09,81769830.31898
399006.SZ,2022-07-07,2849.7057,2814.15,2852.8033,2792.1791,2802.715,46.9907,1.6766,16695923.53,88982136.00568
399006.SZ,2022-07-08,2817.6391,2868.6891,2887.7181,2810.6472,2849.7057,-32.0666,-1.1253,20070519.88,85836271.12004
399006.SZ,2022-07-11,2767.4611,2804.5481,2804.7981,2742.4562,2817.6391,-50.178,-1.7809,15984458.38,70764295.57501
399006.SZ,2022-07-12,2702.6933,2768.8186,2774.1202,2697.6827,2767.4611,-64.7678,-2.3403,14521006.98,65645335.7267
399006.SZ,2022-07-13,2746.8598,2708.0962,2762.5105,2674.4699,2702.6933,44.1665,1.6342,13452559.57,68986870.08821
399006.SZ,2022-07-14,2819.1291,2739.9175,2841.385,2736.3216,2746.8598,72.2693,2.631,15136989.52,75973653.92737
399006.SZ,2022-07-15,2760.4985,2804.1766,2835.0113,2760.4985,2819.1291,-58.6306,-2.0797,14820248.81,66246768.80305
399006.SZ,2022-07-18,2800.3571,2778.4041,2812.673,2736.2588,2760.4985,39.8586,1.4439,16285810.97,72695884.38919
399006.SZ,2022-07-19,2750.866,2799.3774,2799.3774,2736.668,2800.3571,-49.4911,-1.7673,14725802.97,65494714.8059
399006.SZ,2022-07-20,2765.1623,2764.2452,2786.2935,2754.1756,2750.866,14.2963,0.5197,13441092.86,55374911.27905
399006.SZ,2022-07-21,2751.4148,2756.3174,2794.3692,2741.3128,2765.1623,-13.7475,-0.4972,13462724.79,57041091.98049
399006.SZ,2022-07-22,2737.314,2776.9849,2788.936,2714.116,2751.4148,-14.1008,-0.5125,13869298.95,59026011.28073
399006.SZ,2022-07-25,2704.945,2732.6111,2736.7251,2693.1571,2737.314,-32.369,-1.1825,11528411.12,49675676.18658
399006.SZ,2022-07-26,2713.458,2708.7359,2729.3766,2682.2096,2704.945,8.513,0.3147,10020654.26,45600508.85388
399006.SZ,2022-07-27,2714.2487,2710.7374,2730.1702,2696.1975,2713.458,0.7907,0.0291,12011278.35,52542510.02493
399006.SZ,2022-07-28,2705.9006,2734.6259,2749.1393,2704.0497,2714.2487,-8.3481,-0.3076,17456512.71,64835892.71325
399006.SZ,2022-07-29,2670.4507,2716.101,2718.526,2665.6527,2705.9006,-35.4499,-1.3101,14837729.66,61124722.84236
399006.SZ,2022-08-01,2733.7356,2662.7553,2734.6417,2641.1765,2670.4507,63.2849,2.3698,15599505.72,64962757.82295
399006.SZ,2022-08-02,2678.6206,2692.123,2716.0397,2651.8517,2733.7356,-55.115,-2.0161,18993613.16,68134681.3881
399006.SZ,2022-08-03,2628.8176,2687.2477,2716.2197,2620.3948,2678.6206,-49.803,-1.8593,16301536.66,66319917.72201
399006.SZ,2022-08-04,2640.7763,2644.9971,2655.6574,2610.5026,2628.8176,11.9587,0.4549,12654025.18,52830367.67154
399006.SZ,2022-08-05,2683.602,2648.0549,2686.2296,2637.2353,2640.7763,42.8257,1.6217,15778757.83,64224561.65103
399006.SZ,2022-08-08,2675.6859,2668.9865,2679.6823,2647.2519,2683.602,-7.9161,-0.295,13115403.53,55680848.77475
399006.SZ,2022-08-09,2694.8004,2668.9179,2698.4558,2658.685,2675.6859,19.1145,0.7144,13203312.62,58516759.60869
399006.SZ,2022-08-10,2658.5847,2688.1326,2692.2489,2645.5471,2694.8004,-36.2157,-1.3439,13524008.71,54816158.892
399006.SZ,2022-08-11,2721.4925,2672.1763,2724.8457,2650.8767,2658.5847,62.9078,2.3662,22692818.64,73811159.81547
399006.SZ,2022-08-12,2690.8312,2712.693,2717.6772,2689.6676,2721.4925,-30.6613,-1.1266,14824992.31,49998426.9724
399006.SZ,2022-08-15,2718.593,2688.6604,2734.3271,2686.8224,2690.8312,27.7618,1.0317,14083449.93,61281624.65118
399006.SZ,2022-08-16,2731.3932,2725.9267,2759.5164,2718.1719,2718.593,12.8002,0.4708,14126603.84,62278056.72813
399006.SZ,2022-08-17,2777.9096,2739.4803,2783.9294,2719.2217,2731.3932,46.5164,1.703,18859187.83,73170225.65835
399006.SZ,2022-08-18,2775.8209,2771.1538,2797.4852,2769.2104,2777.9096,-2.0887,-0.0752,17887326.39,67045128.19359
399006.SZ,2022-08-19,2734.2181,2779.9913,2780.0973,2733.049,2775.8209,-41.6028,-1.4988,18042873.74,63722251.86301
399006.SZ,2022-08-22,2779.0155,2730.4234,2782.6672,2715.1597,2734.2181,44.7974,1.6384,15707323.0,62672132.60009
399006.SZ,2022-08-23,2780.3064,2775.2143,2802.0501,2764.5222,2779.0155,1.2909,0.0465,14328375.06,60260704.84065
399006.SZ,2022-08-24,2679.0479,2800.3776,2803.4299,2675.8802,2780.3064,-101.2585,-3.642,17729181.16,75350882.50017
399006.SZ,2022-08-25,2667.3009,2688.8616,2694.1588,2634.8513,2679.0479,-11.747,-0.4385,14221015.68,60889446.30747
399006.SZ,2022-08-26,2640.291,2666.2143,2677.7274,2634.4316,2667.3009,-27.0099,-1.0126,13242036.04,55976814.30808
399006.SZ,2022-08-29,2630.5054,2599.8403,2641.1695,2595.7063,2640.291,-9.7856,-0.3706,11856575.74,50589863.86408
399006.SZ,2022-08-30,2612.1417,2630.1311,2632.1282,2594.7842,2630.5054,-18.3637,-0.6981,11578491.15,50069291.99754
399006.SZ,2022-08-31,2570.4149,2596.1564,2611.6463,2550.9936,2612.1417,-41.7268,-1.5974,14910960.75,66837710.00456
399006.SZ,2022-09-01,2533.8543,2561.9347,2584.6171,2531.807,2570.4149,-36.5606,-1.4224,11531667.88,51283690.58222
399006.SZ,2022-09-02,2533.0231,2548.1824,2552.3414,2517.4559,2533.8543,-0.8312,-0.0328,10654745.11,46687925.6328
399006.SZ,2022-09-05,2538.2039,2528.7071,2553.1073,2519.894,2533.0231,5.1808,0.2045,10444134.94,46510742.75369
399006.SZ,2022-09-06,2540.6353,2541.1221,2542.9807,2493.4285,2538.2039,2.4314,0.0958,11119345.29,57777522.64121
399006.SZ,2022-09-07,2570.8014,2525.1546,2584.8526,2522.375,2540.6353,30.1661,1.1873,11101242.91,54005797.58979
399006.SZ,2022-09-08,2523.006,2570.0456,2572.1171,2521.5419,2570.8014,-47.7954,-1.8592,10864726.0,47812834.27893
399006.SZ,2022-09-09,2548.2159,2535.7448,2551.0545,2525.7692,2523.006,25.2099,0.9992,11216482.83,46025034.40094
399006.SZ,2022-09-13,2550.6256,2566.8383,2569.113,2537.2774,2548.2159,2.4097,0.0946,10116052.03,44012515.55611
399006.SZ,2022-09-14,2503.8245,2512.2834,2527.2791,2486.0822,2550.6256,-46.8011,-1.8349,9717145.66,49250634.32938
399006.SZ,2022-09-15,2424.1924,2512.453,2515.2073,2404.4358,2503.8245,-79.6321,-3.1804,13264429.86,63117245.8539
399006.SZ,2022-09-16,2367.3977,2418.4381,2430.2301,2366.8946,2424.1924,-56.7947,-2.3428,17634184.0,60496861.88829
399006.SZ,2022-09-19,2350.3762,2360.5798,2389.4765,2339.0338,2367.3977,-17.0215,-0.719,12177806.99,46536420.44642
399006.SZ,2022-09-20,2366.904,2366.7867,2397.9246,2351.8931,2350.3762,16.5278,0.7032,9741206.63,44837264.7798
399006.SZ,2022-09-21,2331.5164,2353.7766,2358.9639,2322.9509,2366.904,-35.3876,-1.4951,10444834.44,40579907.87002
399006.SZ,2022-09-22,2319.4192,2309.2865,2348.7625,2302.6432,2331.5164,-12.0972,-0.5189,9298812.0,38037564.31025
399006.SZ,2022-09-23,2303.9052,2320.9182,2336.289,2275.292,2319.4192,-15.514,-0.6689,9902301.02,39346328.97205
399006.SZ,2022-09-26,2323.0521,2288.2316,2358.4765,2285.6357,2303.9052,19.1469,0.8311,10332600.97,46268860.65662
399006.SZ,2022-09-27,2374.7374,2336.0378,2374.7374,2325.6507,2323.0521,51.6853,2.2249,11187668.42,44365227.10751
399006.SZ,2022-09-28,2313.7696,2367.4812,2367.4812,2313.7696,2374.7374,-60.9678,-2.5673,10222232.1,41568185.21155
399006.SZ,2022-09-29,2332.995,2343.2761,2359.1245,2321.5587,2313.7696,19.2254,0.8309,9894545.76,39720749.61949
399006.SZ,2022-09-30,2288.9688,2335.5402,2339.1878,2288.1949,2332.995,-44.0262,-1.8871,9489345.83,37851160.18741
399006.SZ,2022-10-10,2236.2448,2294.7151,2301.2357,2230.637,2288.9688,-52.724,-2.3034,10742491.24,42229689.72776
399006.SZ,2022-10-11,2261.8917,2256.3424,2273.8958,2245.4687,2236.2448,25.6469,1.1469,9532888.72,42124787.31791
399006.SZ,2022-10-12,2343.3004,2260.6781,2343.5034,2234.4636,2261.8917,81.4087,3.5991,12712128.13,54786428.92887
399006.SZ,2022-10-13,2350.6864,2324.4655,2374.6144,2318.2681,2343.3004,7.386,0.3152,11517028.92,46635476.9704
399006.SZ,2022-10-14,2434.2185,2379.8304,2453.0435,2365.1395,2350.6864,83.5321,3.5535,16788490.52,72123130.97337
399006.SZ,2022-10-17,2435.0228,2419.6424,2446.7035,2409.5228,2434.2185,0.8043,0.033,13891945.93,56664331.79211
399006.SZ,2022-10-18,2446.9279,2446.3581,2469.0343,2428.1467,2435.0228,11.9051,0.4889,12221960.81,49881353.21176
399006.SZ,2022-10-19,2425.9573,2440.0308,2463.7752,2425.7274,2446.9279,-20.9706,-0.857,11449493.09,48705207.83119
399006.SZ,2022-10-20,2401.7162,2402.7562,2444.4133,2365.7248,2425.9573,-24.2411,-0.9992,13010171.99,54757764.15331
399006.SZ,2022-10-21,2395.1573,2390.4132,2410.0149,2381.2053,2401.7162,-6.5589,-0.2731,10786706.1,43020971.3215
399006.SZ,2022-10-24,2336.8385,2385.8163,2412.5951,2323.848,2395.1573,-58.3188,-2.4349,14911798.86,57163076.79156
399006.SZ,2022-10-25,2314.5509,2323.8379,2344.3868,2281.4023,2336.8385,-22.2876,-0.9538,17727437.8,60198137.46425
399006.SZ,2022-10-26,2372.8758,2324.7663,2397.1321,2320.2698,2314.5509,58.3249,2.5199,19742720.96,70822443.65296
399006.SZ,2022-10-27,2337.2531,2377.1807,2377.6844,2337.2531,2372.8758,-35.6227,-1.5012,20157474.19,75987062.80451
399006.SZ,2022-10-28,2250.5104,2309.9568,2326.4912,2245.4625,2337.2531,-86.7427,-3.7113,17131859.27,66193386.33238
399006.SZ,2022-10-31,2265.0784,2228.6176,2295.9522,2227.83,2250.5104,14.568,0.6473,16393194.91,62540621.94782
399006.SZ,2022-11-01,2337.6529,2270.0351,2337.8233,2251.7992,2265.0784,72.5745,3.2041,19698931.91,70746940.6671
399006.SZ,2022-11-02,2375.8618,2322.9826,2396.2123,2320.5508,2337.6529,38.2089,1.6345,22539475.76,74602265.44637
399006.SZ,2022-11-03,2376.0609,2352.5599,2385.0567,2349.7476,2375.8618,0.1991,0.0084,15162738.04,56831082.02224
399006.SZ,2022-11-04,2451.2232,2378.4205,2464.5075,2377.9132,2376.0609,75.1623,3.1633,20392573.1,78060132.04545
399006.SZ,2022-11-07,2454.6935,2447.1301,2470.6363,2432.0493,2451.2232,3.4703,0.1416,16566396.13,63817552.2242
399006.SZ,2022-11-08,2432.4032,2452.8568,2460.9891,2411.7242,2454.6935,-22.2903,-0.9081,13450026.86,53044227.98643
399006.SZ,2022-11-09,2399.3362,2422.1715,2432.2935,2398.0703,2432.4032,-33.067,-1.3594,11549921.02,43772830.86574
399006.SZ,2022-11-10,2357.1256,2380.2325,2393.6053,2344.684,2399.3362,-42.2106,-1.7593,15189195.17,52412658.72818
399006.SZ,2022-11-11,2405.3181,2443.1132,2446.0945,2402.9405,2357.1256,48.1925,2.0445,23230235.83,81648795.42315
399006.SZ,2022-11-14,2375.2073,2406.8692,2418.5174,2364.4413,2405.3181,-30.1108,-1.2518,18250057.23,70118900.24225
399006.SZ,2022-11-15,2431.7333,2373.9934,2432.4553,2356.3495,2375.2073,56.526,2.3798,20372986.82,73021237.05423
399006.SZ,2022-11-16,2402.905,2427.4062,2443.794,2399.6981,2431.7333,-28.8283,-1.1855,17645144.02,61771362.68874
399006.SZ,2022-11-17,2385.8608,2389.4648,2389.4648,2350.9961,2402.905,-17.0442,-0.7093,15065339.3,57087396.42302
399006.SZ,2022-11-18,2389.76,2394.3098,2420.3791,2384.6538,2385.8608,3.8992,0.1634,16537576.03,64366070.54895
399006.SZ,2022-11-21,2387.2955,2369.7633,2389.6429,2360.8513,2389.76,-2.4645,-0.1031,14597634.47,51594351.61499
399006.SZ,2022-11-22,2343.5541,2380.7079,2382.141,2334.4718,2387.2955,-43.7414,-1.8323,14031186.47,50134963.1021
399006.SZ,2022-11-23,2340.3369,2338.8604,2357.0,2302.9915,2343.5541,-3.2172,-0.1373,12522867.51,45556290.06613
399006.SZ,2022-11-24,2335.5245,2349.2714,2356.669,2330.3713,2340.3369,-4.8124,-0.2056,9963517.77,38533118.9934
399006.SZ,2022-11-25,2309.3603,2325.5746,2327.2806,2304.9801,2335.5245,-26.1642,-1.1203,9477636.79,34898056.29743
399006.SZ,2022-11-28,2298.8014,2264.8296,2300.9507,2261.0538,2309.3603,-10.5589,-0.4572,11260045.42,40067749.95732
399006.SZ,2022-11-29,2339.7928,2301.2124,2347.7077,2298.3088,2298.8014,40.9914,1.7832,15819057.65,54552064.65152
399006.SZ,2022-11-30,2345.3128,2335.9525,2348.1576,2323.193,2339.7928,5.52,0.2359,13200871.14,50328439.24584
399006.SZ,2022-12-01,2381.1833,2386.0808,2403.7668,2380.6671,2345.3128,35.8705,1.5295,17630133.31,68953506.29012
399006.SZ,2022-12-02,2383.3217,2378.4,2408.7381,2369.3061,2381.1833,2.1384,0.0898,12608260.78,46072749.13449
399006.SZ,2022-12-05,2377.1075,2391.1033,2394.4319,2366.1235,2383.3217,-6.2142,-0.2607,17544997.07,63829667.18395
399006.SZ,2022-12-06,2393.2805,2366.107,2414.1988,2365.6913,2377.1075,16.173,0.6804,15771361.45,59144886.97352
399006.SZ,2022-12-07,2414.0435,2382.5632,2432.1062,2382.5632,2393.2805,20.763,0.8676,15138828.03,64396095.6295
399006.SZ,2022-12-08,2411.8115,2411.7974,2423.1606,2398.2093,2414.0435,-2.232,-0.0925,12955969.35,48907885.48243
399006.SZ,2022-12-09,2420.6291,2412.1602,2421.6545,2391.667,2411.8115,8.8176,0.3656,17030987.66,62078527.43423
399006.SZ,2022-12-12,2401.5225,2409.4443,2418.0578,2399.6867,2420.6291,-19.1066,-0.7893,13306378.2,51764076.84394
399006.SZ,2022-12-13,2376.2046,2403.7363,2404.8759,2371.0708,2401.5225,-25.3179,-1.0542,12920489.53,49458852.3871
399006.SZ,2022-12-14,2368.0786,2384.7014,2391.2124,2362.6057,2376.2046,-8.126,-0.342,12122520.21,46367402.90719
399006.SZ,2022-12-15,2399.1235,2365.2339,2399.3633,2363.3424,2368.0786,31.0449,1.311,11132542.88,45678331.20755
399006.SZ,2022-12-16,2373.7235,2381.6796,2390.6633,2361.893,2399.1235,-25.4,-1.0587,10160164.44,38772119.93299
399006.SZ,2022-12-19,2346.6967,2372.9253,2389.2984,2337.4017,2373.7235,-27.0268,-1.1386,11915830.56,42829888.1389
399006.SZ,2022-12-20,2310.7985,2340.5146,2340.732,2308.5659,2346.6967,-35.8982,-1.5297,8981890.71,35391946.64981
399006.SZ,2022-12-21,2303.7031,2312.5231,2322.5246,2293.5777,2310.7985,-7.0954,-0.3071,8580886.94,30775439.3969
399006.SZ,2022-12-22,2295.3197,2318.7127,2328.7103,2288.5233,2303.7031,-8.3834,-0.3639,10278996.47,39665697.78714
399006.SZ,2022-12-23,2286.1884,2282.325,2301.6188,2273.0377,2295.3197,-9.1313,-0.3978,8797154.6,34620887.15708
399006.SZ,2022-12-26,2331.4102,2290.2556,2334.9754,2290.1588,2286.1884,45.2218,1.978,9578798.71,39933508.60133
399006.SZ,2022-12-27,2359.4996,2335.5654,2363.1476,2326.31,2331.4102,28.0894,1.2048,10734473.3,44916764.88151
399006.SZ,2022-12-28,2338.2576,2346.0381,2348.8495,2323.4826,2359.4996,-21.242,-0.9003,9397325.33,43413021.28728
399006.SZ,2022-12-29,2349.3827,2328.7341,2365.6873,2327.6876,2338.2576,11.1251,0.4758,9005791.49,38400154.95309
399006.SZ,2022-12-30,2346.767,2361.9663,2369.1364,2346.767,2349.3827,-2.6157,-0.1113,8708049.34,35582591.27016
399006.SZ,2023-01-03,2356.4239,2339.9808,2361.5541,2312.3085,2346.767,9.6569,0.4115,12950637.57,51986034.63235
399006.SZ,2023-01-04,2335.1221,2347.0029,2352.3338,2323.7221,2356.4239,-21.3018,-0.904,11713264.56,51164363.05901
399006.SZ,2023-01-05,2399.4583,2343.7817,2405.4316,2343.7154,2335.1221,64.3362,2.7552,15679401.75,67117675.76874
399006.SZ,2023-01-06,2422.1413,2392.6547,2442.2349,2391.3346,2399.4583,22.683,0.9453,13530771.29,60149482.22179
399006.SZ,2023-01-09,2440.366,2433.3456,2455.6004,2427.8074,2422.1413,18.2247,0.7524,13759157.09,58473097.9405
399006.SZ,2023-01-10,2474.0052,2441.4973,2478.8947,2435.1926,2440.366,33.6392,1.3784,12962980.08,57985731.16357
399006.SZ,2023-01-11,2445.9713,2470.6386,2480.1628,2442.7336,2474.0052,-28.0339,-1.1331,12572619.87,52613567.03452
399006.SZ,2023-01-12,2458.4938,2455.7327,2477.0119,2448.7586,2445.9713,12.5225,0.512,10705674.19,47537537.19752
399006.SZ,2023-01-13,2493.1261,2475.1373,2493.1261,2462.8742,2458.4938,34.6323,1.4087,12708090.92,58336576.14815
399006.SZ,2023-01-16,2539.5215,2490.7199,2566.6857,2490.7199,2493.1261,46.3954,1.8609,18557481.35,77612442.30013
399006.SZ,2023-01-17,2545.5548,2540.5661,2556.6379,2535.18,2539.5215,6.0333,0.2376,11363581.29,50475842.21178
399006.SZ,2023-01-18,2543.8965,2548.7025,2555.6853,2534.427,2545.5548,-1.6583,-0.0651,9994758.1,40851215.11092
399006.SZ,2023-01-19,2571.4374,2539.8909,2571.4374,2531.9563,2543.8965,27.5409,1.0826,11575431.71,47837834.48095
399006.SZ,2023-01-20,2585.9628,2580.272,2588.8897,2571.8306,2571.4374,14.5254,0.5649,11605469.13,52132896.99303
399006.SZ,2023-01-30,2613.8853,2657.3927,2661.2809,2611.1292,2585.9628,27.9225,1.0798,20292188.17,81605926.44434
399006.SZ,2023-01-31,2580.8394,2608.1203,2618.2825,2575.5319,2613.8853,-33.0459,-1.2642,14659364.21,58605699.85491
399006.SZ,2023-02-01,2613.6891,2592.4488,2613.6891,2572.3325,2580.8394,32.8497,1.2728,15502624.42,63194731.69499
399006.SZ,2023-02-02,2602.3165,2619.793,2631.8576,2598.1219,2613.6891,-11.3726,-0.4351,15842164.33,62825976.62664
399006.SZ,2023-02-03,2580.1109,2592.8431,2605.9951,2551.8259,2602.3165,-22.2056,-0.8533,12820227.18,50583449.33309
399006.SZ,2023-02-06,2544.0914,2560.46,2560.46,2523.7094,2580.1109,-36.0195,-1.396,14048576.19,52335867.3447
399006.SZ,2023-02-07,2537.9691,2551.1325,2557.3815,2522.5464,2544.0914,-6.1223,-0.2406,12721528.36,47546063.51084
399006.SZ,2023-02-08,2525.8766,2542.2444,2550.3748,2522.5259,2537.9691,-12.0925,-0.4765,11926153.15,44613754.75091
399006.SZ,2023-02-09,2569.7332,2520.8304,2569.9905,2515.5096,2525.8766,43.8566,1.7363,14420215.15,54356669.86142
399006.SZ,2023-02-10,2545.1555,2567.0863,2571.1982,2531.8708,2569.7332,-24.5777,-0.9564,13597580.25,51880297.08124
399006.SZ,2023-02-13,2573.1806,2546.1445,2576.0401,2540.8472,2545.1555,28.0251,1.1011,14548738.72,60573505.97333
399006.SZ,2023-02-14,2565.1548,2585.9668,2586.1806,2551.4699,2573.1806,-8.0258,-0.3119,12594284.72,51108716.3528
399006.SZ,2023-02-15,2547.1974,2564.5395,2574.5809,2543.6356,2565.1548,-17.9574,-0.7001,14692794.98,57073310.80774
399006.SZ,2023-02-16,2512.499,2549.4271,2567.2928,2495.1588,2547.1974,-34.6984,-1.3622,17763961.54,63869186.54398
399006.SZ,2023-02-17,2449.3507,2508.2593,2513.2058,2449.3507,2512.499,-63.1483,-2.5134,14067254.3,57022008.21107
399006.SZ,2023-02-20,2480.7942,2445.6428,2481.5721,2424.6296,2449.3507,31.4435,1.2837,14103709.95,58924031.98176
399006.SZ,2023-02-21,2469.8069,2473.5993,2480.3458,2452.8398,2480.7942,-10.9873,-0.4429,11830872.12,47777946.85106
399006.SZ,2023-02-22,2451.8977,2452.3872,2470.4953,2446.1938,2469.8069,-17.9092,-0.7251,10231573.82,41567311.55635
399006.SZ,2023-02-23,2457.4825,2450.962,2470.3978,2446.4133,2451.8977,5.5848,0.2278,11715026.3,45622235.62036
399006.SZ,2023-02-24,2428.9355,2457.5323,2458.2909,2425.66,2457.4825,-28.547,-1.1616,11674847.08,42526346.12126
399006.SZ,2023-02-27,2409.7944,2416.4277,2432.3882,2403.6546,2428.9355,-19.1411,-0.788,10368972.63,40825791.02476
399006.SZ,2023-02-28,2429.0274,2417.5752,2432.3225,2407.7561,2409.7944,19.233,0.7981,10806001.63,40403160.93536
399006.SZ,2023-03-01,2443.9456,2428.0999,2449.4449,2415.9472,2429.0274,14.9182,0.6142,13722097.65,49694336.21087
399006.SZ,2023-03-02,2418.5978,2438.5823,2442.1912,2415.1239,2443.9456,-25.3478,-1.0372,12798920.9,51456310.36636
399006.SZ,2023-03-03,2422.4366,2423.6724,2434.1244,2405.2961,2418.5978,3.8388,0.1587,11060796.73,42047184.67768
399006.SZ,2023-03-06,2431.5556,2421.4245,2435.9019,2393.9195,2422.4366,9.119,0.3764,12751149.26,55176693.40989
399006.SZ,2023-03-07,2383.7311,2423.0259,2430.6445,2383.5039,2431.5556,-47.8245,-1.9668,13020754.36,48941221.50255
399006.SZ,2023-03-08,2377.5842,2375.8663,2390.0664,2366.2457,2383.7311,-6.1469,-0.2579,9891780.17,37039565.76175
399006.SZ,2023-03-09,2372.6799,2377.9748,2386.9006,2365.8624,2377.5842,-4.9043,-0.2063,10672906.11,40820102.13905
399006.SZ,2023-03-10,2370.3585,2366.5897,2388.6118,2354.0233,2372.6799,-2.3214,-0.0978,11626160.62,47192752.14314
399006.SZ,2023-03-13,2357.0683,2359.721,2374.9685,2345.9891,2370.3585,-13.2902,-0.5607,12253037.21,48282099.61731
399006.SZ,2023-03-14,2343.1099,2353.2096,2356.8966,2308.9324,2357.0683,-13.9584,-0.5922,13338314.81,54187820.21374
399006.SZ,2023-03-15,2337.4635,2359.2222,2375.2849,2335.5942,2343.1099,-5.6464,-0.241,11292702.92,44534548.11497
399006.SZ,2023-03-16,2302.0494,2320.3831,2333.3108,2298.44,2337.4635,-35.4141,-1.5151,13362655.99,51198467.84453
399006.SZ,2023-03-17,2293.6705,2320.1982,2324.8314,2289.2803,2302.0494,-8.3789,-0.364,16481105.58,67147770.08931
399006.SZ,2023-03-20,2291.918,2291.3855,2317.6364,2280.1358,2293.6705,-1.7525,-0.0764,17542593.71,65123045.31422
399006.SZ,2023-03-21,2337.2571,2298.2809,2337.3708,2298.2809,2291.918,45.3391,1.9782,15045168.01,57986020.02636
399006.SZ,2023-03-22,2341.9225,2348.5226,2358.6296,2330.8187,2337.2571,4.6654,0.1996,21211298.79,69973425.15964
399006.SZ,2023-03-23,2361.4086,2330.981,2361.4086,2327.3858,2341.9225,19.4861,0.8321,18521634.08,66690744.28877
399006.SZ,2023-03-24,2370.3796,2366.4324,2373.7739,2355.7442,2361.4086,8.971,0.3799,19462593.05,72135337.63226
399006.SZ,2023-03-27,2398.0155,2363.0068,2399.4382,2363.0068,2370.3796,27.6359,1.1659,22143119.56,86519212.15974
399006.SZ,2023-03-28,2369.1724,2389.849,2389.9189,2364.628,2398.0155,-28.8431,-1.2028,17483323.74,69083622.22604
399006.SZ,2023-03-29,2371.1905,2371.2976,2381.9967,2367.3817,2369.1724,2.0181,0.0852,16217103.45,67804733.43308
399006.SZ,2023-03-30,2383.0375,2370.7328,2384.959,2362.6579,2371.1905,11.847,0.4996,13944574.92,59749632.64646
399006.SZ,2023-03-31,2399.5025,2386.8608,2402.5495,2385.4145,2383.0375,16.465,0.6909,17568231.49,73931541.54834
399006.SZ,2023-04-03,2440.2072,2406.1367,2442.9672,2406.1367,2399.5025,40.7047,1.6964,30436136.0,109158219.55041
399006.SZ,2023-04-04,2421.6548,2441.4265,2442.5741,2407.4842,2440.2072,-18.5524,-0.7603,26348402.09,103526332.23892
399006.SZ,2023-04-06,2426.5673,2404.2617,2428.8013,2402.3041,2421.6548,4.9125,0.2029,21669964.04,86019020.92028
399006.SZ,2023-04-07,2446.9454,2421.7507,2454.0443,2421.0606,2426.5673,20.3781,0.8398,19235647.91,75347885.71083
399006.SZ,2023-04-10,2443.5213,2457.1934,2461.2966,2432.0494,2446.9454,-3.4241,-0.1399,22346554.89,91493287.40801
399006.SZ,2023-04-11,2439.3958,2449.2718,2463.2724,2426.666,2443.5213,-4.1255,-0.1688,19232013.59,79797360.6567
399006.SZ,2023-04-12,2429.2934,2436.8934,2440.3275,2417.2792,2439.3958,-10.1024,-0.4141,20629995.31,77673546.25905
399006.SZ,2023-04-13,2405.7605,2418.2704,2426.8343,2403.9156,2429.2934,-23.5329,-0.9687,19414244.36,76848419.48421
399006.SZ,2023-04-14,2428.0904,2409.7746,2432.3628,2409.6017,2405.7605,22.3299,0.9282,18438373.77,79767316.52991
399006.SZ,2023-04-17,2434.4417,2420.0125,2440.7302,2420.0125,2428.0904,6.3513,0.2616,17862056.14,69953957.88769
399006.SZ,2023-04-18,2431.0996,2428.1834,2443.7716,2423.9301,2434.4417,-3.3421,-0.1373,18788586.97,77726584.91503
399006.SZ,2023-04-19,2415.7604,2429.3269,2429.3269,2413.3361,2431.0996,-15.3392,-0.631,17769105.77,71164798.62148
399006.SZ,2023-04-20,2386.6739,2414.0086,2414.0086,2378.0547,2415.7604,-29.0865,-1.204,18958397.64,77415658.55665
399006.SZ,2023-04-21,2341.1909,2393.1918,2400.7886,2340.6149,2386.6739,-45.483,-1.9057,21027340.46,86046872.15579
399006.SZ,2023-04-24,2301.2384,2337.3805,2340.2588,2288.7846,2341.1909,-39.9525,-1.7065,21123145.96,82222482.33673
399006.SZ,2023-04-25,2259.1931,2302.859,2305.916,2243.8331,2301.2384,-42.0453,-1.8271,22652601.92,84162344.05521
399006.SZ,2023-04-26,2294.0569,2249.5327,2306.6584,2247.9467,2259.1931,34.8638,1.5432,22455952.59,94594667.58336
399006.SZ,2023-04-27,2307.2706,2283.6322,2315.3208,2281.6033,2294.0569,13.2137,0.576,19343855.09,75115566.32412
399006.SZ,2023-04-28,2324.7152,2309.35,2328.8868,2303.3084,2307.2706,17.4446,0.7561,19518695.31,78553876.99801
399006.SZ,2023-05-04,2297.6699,2316.3326,2319.8279,2290.9164,2324.7152,-27.0453,-1.1634,17967885.28,65976024.12943
399006.SZ,2023-05-05,2267.6319,2291.2397,2293.837,2260.6359,2297.6699,-30.038,-1.3073,17157085.81,59923836.01724
399006.SZ,2023-05-08,2273.4005,2274.7166,2277.226,2251.7719,2267.6319,5.7686,0.2544,17323616.27,59863899.39156
399006.SZ,2023-05-09,2245.8233,2270.7618,2277.2879,2245.7194,2273.4005,-27.5772,-1.213,21797041.75,64595854.82706
399006.SZ,2023-05-10,2262.2174,2241.4357,2273.6767,2228.1796,2245.8233,16.3941,0.73,17411057.47,61756961.44197
399006.SZ,2023-05-11,2276.5712,2264.9012,2296.4515,2264.8588,2262.2174,14.3538,0.6345,15796748.63,58825919.36669
399006.SZ,2023-05-12,2252.38,2277.4225,2287.4738,2251.7568,2276.5712,-24.1912,-1.0626,14898445.98,48700503.46065
399006.SZ,2023-05-15,2299.9303,2259.1692,2299.9303,2257.8227,2252.38,47.5503,2.1111,17284773.8,62285488.39893
399006.SZ,2023-05-16,2294.1919,2300.7965,2307.1709,2286.2283,2299.9303,-5.7384,-0.2495,15197885.94,54376714.20979
399006.SZ,2023-05-17,2293.6444,2293.5493,2300.287,2281.1662,2294.1919,-0.5475,-0.0239,12592113.63,47682401.43291
399006.SZ,2023-05-18,2277.9739,2299.6302,2300.6163,2264.8365,2293.6444,-15.6705,-0.6832,14005581.11,57647341.92809
399006.SZ,2023-05-19,2278.585,2275.8039,2293.0977,2270.389,2277.9739,0.6111,0.0268,12965982.55,53907569.11359
399006.SZ,2023-05-22,2280.1507,2278.7077,2291.3305,2265.756,2278.585,1.5657,0.0687,11238042.01,45853416.35576
399006.SZ,2023-05-23,2253.3306,2282.9001,2284.0747,2253.3306,2280.1507,-26.8201,-1.1762,10841534.38,45071228.88418
399006.SZ,2023-05-24,2245.2566,2245.471,2268.8624,2239.8984,2253.3306,-8.074,-0.3583,11676986.28,47455173.12395
399006.SZ,2023-05-25,2244.1843,2245.3109,2257.221,2228.8445,2245.2566,-1.0723,-0.0478,14009187.2,56633491.89116
399006.SZ,2023-05-26,2229.2677,2244.3417,2244.3417,2215.2858,2244.1843,-14.9166,-0.6647,11613902.94,51544185.99164
399006.SZ,2023-05-29,2203.842,2236.9814,2238.4012,2196.0637,2229.2677,-25.4257,-1.1405,15116444.77,58820817.85584
399006.SZ,2023-05-30,2218.6032,2200.8006,2218.6032,2180.6997,2203.842,14.7612,0.6698,16347947.73,63154322.20165
399006.SZ,2023-05-31,2193.4082,2215.2722,2215.4919,2183.4214,2218.6032,-25.195,-1.1356,14565150.46,55856005.78585
399006.SZ,2023-06-01,2206.4263,2191.8013,2225.1253,2184.9158,2193.4082,13.0181,0.5935,15504756.66,61330343.55207
399006.SZ,2023-06-02,2233.2748,2213.7728,2240.5664,2211.9821,2206.4263,26.8485,1.2168,14443985.75,55722873.2381
399006.SZ,2023-06-05,2202.1357,2226.2029,2226.5913,2195.6628,2233.2748,-31.1391,-1.3943,13129839.76,55808749.17963
399006.SZ,2023-06-06,2164.8106,2196.9778,2197.5763,2162.7153,2202.1357,-37.3251,-1.695,14019953.53,52058145.93812
399006.SZ,2023-06-07,2129.8978,2159.1632,2162.5643,2124.5248,2164.8106,-34.9128,-1.6127,13246628.79,53347095.45844
399006.SZ,2023-06-08,2123.961,2136.0211,2139.9588,2118.3309,2129.8978,-5.9368,-0.2787,14458382.97,50610139.61961
399006.SZ,2023-06-09,2143.0092,2122.1598,2143.0092,2118.7919,2123.961,19.0482,0.8968,18400068.35,65486769.29235
399006.SZ,2023-06-12,2152.4223,2135.8816,2162.5282,2131.1183,2143.0092,9.4131,0.4392,14453950.46,55550079.057
399006.SZ,2023-06-13,2166.9623,2148.395,2169.6559,2147.5628,2152.4223,14.54,0.6755,13854439.3,53432937.38492
399006.SZ,2023-06-14,2163.3402,2175.9161,2177.8038,2163.3402,2166.9623,-3.6221,-0.1672,14237931.95,57058142.7639
399006.SZ,2023-06-15,2237.7396,2174.5351,2237.7396,2174.5351,2163.3402,74.3994,3.4391,19148247.58,82695457.97614
399006.SZ,2023-06-16,2270.0645,2243.5365,2272.0163,2234.476,2237.7396,32.3249,1.4445,17787091.73,75358942.47431
399006.SZ,2023-06-19,2265.1846,2271.7623,2276.5568,2257.6381,2270.0645,-4.8799,-0.215,16603851.66,68255869.24327
399006.SZ,2023-06-20,2271.419,2264.1828,2277.3299,2257.8783,2265.1846,6.2344,0.2752,15833437.59,64798119.98562
399006.SZ,2023-06-21,2211.8363,2260.5047,2266.7598,2211.8363,2271.419,-59.5827,-2.6231,17104507.88,69328983.59789
399006.SZ,2023-06-26,2186.2528,2185.149,2212.4118,2171.5861,2211.8363,-25.5835,-1.1567,15793287.75,62906593.3156
399006.SZ,2023-06-27,2191.8277,2186.1614,2205.5625,2179.3171,2186.2528,5.5749,0.255,11361554.12,45148285.79721
399006.SZ,2023-06-28,2182.0951,2184.9892,2189.0202,2160.1929,2191.8277,-9.7326,-0.444,13466946.21,51162183.78322
399006.SZ,2023-06-29,2180.0625,2178.882,2194.2511,2178.4343,2182.0951,-2.0326,-0.0931,12815013.26,48870083.6318
399006.SZ,2023-06-30,2215.0012,2178.5333,2227.9947,2171.4199,2180.0625,34.9387,1.6026,14188291.38,58112751.98714
399006.SZ,2023-07-03,2228.2109,2223.3298,2239.4316,2215.3569,2215.0012,13.2097,0.5964,14595133.52,59525771.13786
399006.SZ,2023-07-04,2232.7501,2222.3271,2234.8647,2215.7657,2228.2109,4.5392,0.2037,15699046.88,54890149.48005
399006.SZ,2023-07-05,2212.4152,2235.2004,2239.9285,2209.1059,2232.7501,-20.3349,-0.9108,13139092.69,48304562.53901
399006.SZ,2023-07-06,2192.1867,2206.3008,2218.394,2190.031,2212.4152,-20.2285,-0.9143,12416031.83,44972688.5539
399006.SZ,2023-07-07,2169.2084,2185.7252,2186.0365,2169.2084,2192.1867,-22.9783,-1.0482,11435543.05,42798249.11435
399006.SZ,2023-07-10,2198.8648,2174.3319,2213.7611,2174.3319,2169.2084,29.6564,1.3672,12910277.96,48770100.10844
399006.SZ,2023-07-11,2216.7788,2202.9343,2217.657,2194.1659,2198.8648,17.914,0.8147,10127986.59,40873950.27631
399006.SZ,2023-07-12,2196.8515,2216.0298,2217.7505,2194.6138,2216.7788,-19.9273,-0.8989,12664501.57,48415772.19427
399006.SZ,2023-07-13,2237.515,2208.2238,2238.6743,2208.2238,2196.8515,40.6635,1.851,16207000.68,62263934.35376
399006.SZ,2023-07-14,2224.0964,2237.2448,2239.4249,2221.785,2237.515,-13.4186,-0.5997,13326796.81,54596507.27814
399006.SZ,2023-07-17,2207.4445,2212.7629,2214.4247,2198.2662,2224.0964,-16.6519,-0.7487,10840512.74,42843350.64854
399006.SZ,2023-07-18,2200.6187,2215.054,2215.2489,2196.2295,2207.4445,-6.8258,-0.3092,9713690.73,38521943.65822
399006.SZ,2023-07-19,2177.2466,2196.5878,2201.4299,2170.3301,2200.6187,-23.3721,-1.0621,8987431.99,36730471.29275
399006.SZ,2023-07-20,2155.6474,2180.7136,2199.6418,2153.9783,2177.2466,-21.5992,-0.992,11138901.32,44349899.79919
399006.SZ,2023-07-21,2163.1174,2151.8514,2177.8005,2151.066,2155.6474,7.47,0.3465,11525082.16,41243415.83143
399006.SZ,2023-07-24,2146.9292,2148.2861,2167.1883,2142.9089,2163.1174,-16.1882,-0.7484,9395594.38,35764188.89835
399006.SZ,2023-07-25,2192.8972,2183.0467,2195.7515,2169.7229,2146.9292,45.968,2.1411,18741658.94,60302556.47669
399006.SZ,2023-07-26,2191.1693,2185.8106,2194.5389,2180.2042,2192.8972,-1.7279,-0.0788,12579719.37,44178059.16017
399006.SZ,2023-07-27,2184.0965,2199.4812,2205.7163,2180.6927,2191.1693,-7.0728,-0.3228,11415493.11,42499963.5423
399006.SZ,2023-07-28,2219.5376,2176.4863,2224.027,2172.3724,2184.0965,35.4411,1.6227,20629907.42,62126882.75453
399006.SZ,2023-07-31,2236.6732,2233.2644,2256.0536,2230.134,2219.5376,17.1356,0.772,22360895.97,75935645.38082
399006.SZ,2023-08-01,2223.7958,2234.6149,2249.3836,2215.5771,2236.6732,-12.8774,-0.5757,15627715.83,56213635.88982
399006.SZ,2023-08-02,2218.5654,2220.7696,2231.8681,2213.0413,2223.7958,-5.2304,-0.2352,14206420.71,46987705.17903
399006.SZ,2023-08-03,2241.9832,2214.0883,2242.5735,2214.0883,2218.5654,23.4178,1.0555,15463328.14,52147196.0399
399006.SZ,2023-08-04,2263.3732,2263.4041,2282.6477,2247.8998,2241.9832,21.39,0.9541,22414476.43,78175918.17919
399006.SZ,2023-08-07,2240.7749,2252.4345,2255.9991,2234.0409,2263.3732,-22.5983,-0.9984,16376848.31,59256619.83276
399006.SZ,2023-08-08,2228.9091,2238.6632,2244.8974,2226.2386,2240.7749,-11.8658,-0.5295,14320821.46,51504813.79385
399006.SZ,2023-08-09,2228.731,2222.51,2241.8739,2222.51,2228.9091,-0.1781,-0.008,12699517.15,47114356.07514
399006.SZ,2023-08-10,2239.3064,2226.9126,2241.8498,2220.8318,2228.731,10.5754,0.4745,12355818.0,46028998.84468
399006.SZ,2023-08-11,2187.0362,2241.4811,2241.4811,2187.0362,2239.3064,-52.2702,-2.3342,15160785.55,49412512.82878
399006.SZ,2023-08-14,2164.6928,2163.2801,2170.2206,2139.9729,2187.0362,-22.3434,-1.0216,13669322.92,49758130.21819
399006.SZ,2023-08-15,2148.6738,2164.8197,2171.5642,2130.3819,2164.6928,-16.019,-0.74,14780631.13,48939860.75517
399006.SZ,2023-08-16,2132.9695,2140.0059,2158.0038,2132.8876,2148.6738,-15.7043,-0.7309,12547520.58,43851688.79418
399006.SZ,2023-08-17,2147.0612,2130.5403,2151.2273,2113.3043,2132.9695,14.0917,0.6607,12583754.36,45437636.6828
399006.SZ,2023-08-18,2118.9245,2145.7965,2156.1726,2118.9245,2147.0612,-28.1367,-1.3105,12515655.96,43083798.87274
399006.SZ,2023-08-21,2084.9693,2108.6999,2115.0199,2084.9693,2118.9245,-33.9552,-1.6025,13195535.36,42362318.09398
399006.SZ,2023-08-22,2086.9407,2099.8415,2104.736,2049.091,2084.9693,1.9714,0.0946,14057658.08,48817525.47009
399006.SZ,2023-08-23,2038.9756,2081.2143,2081.2143,2038.9756,2086.9407,-47.9651,-2.2983,10776283.37,37161896.92732
399006.SZ,2023-08-24,2064.5734,2050.534,2083.6437,2042.5799,2038.9756,25.5978,1.2554,14125966.3,47811929.89117
399006.SZ,2023-08-25,2040.3988,2053.6485,2059.1489,2032.5815,2064.5734,-24.1746,-1.1709,14656484.13,46900016.15119
399006.SZ,2023-08-28,2060.0436,2182.3865,2182.3865,2055.6104,2040.3988,19.6448,0.9628,29020412.97,84880724.78128
399006.SZ,2023-08-29,2118.1941,2054.9764,2133.5971,2054.9764,2060.0436,58.1505,2.8228,22318456.42,72342178.55045
399006.SZ,2023-08-30,2117.1255,2122.6486,2141.5986,2110.8736,2118.1941,-1.0686,-0.0504,16516043.25,54603861.63758
399006.SZ,2023-08-31,2102.575,2111.0204,2117.4018,2100.7272,2117.1255,-14.5505,-0.6873,12465314.66,40069570.37572
399006.SZ,2023-09-01,2100.2576,2108.077,2118.5107,2093.0988,2102.575,-2.3174,-0.1102,10207611.44,33348286.05946
399006.SZ,2023-09-04,2118.0337,2110.1687,2120.9773,2088.9936,2100.2576,17.7761,0.8464,12222062.49,40433036.93448
399006.SZ,2023-09-05,2111.327,2113.5953,2122.6238,2107.861,2118.0337,-6.7067,-0.3166,12135023.95,42130483.62229
399006.SZ,2023-09-06,2101.3978,2103.2972,2105.1003,2089.4531,2111.327,-9.9292,-0.4703,12642890.25,45743416.38508
399006.SZ,2023-09-07,2056.98,2096.615,2097.2843,2056.98,2101.3978,-44.4178,-2.1137,12582606.1,46023902.09462
399006.SZ,2023-09-08,2049.765,2047.6003,2057.1231,2038.5707,2056.98,-7.215,-0.3508,10741679.7,40245026.13588
399006.SZ,2023-09-11,2063.1889,2048.9499,2076.903,2041.7653,2049.765,13.4239,0.6549,14093212.36,50711486.70262
399006.SZ,2023-09-12,2051.0388,2060.6204,2063.9247,2049.4825,2063.1889,-12.1501,-0.5889,10047167.5,35697436.93625
399006.SZ,2023-09-13,2027.7293,2045.3142,2053.4546,2015.3944,2051.0388,-23.3095,-1.1365,10207773.04,34746552.97791
399006.SZ,2023-09-14,2011.8831,2021.5972,2024.8586,2002.4311,2027.7293,-15.8462,-0.7815,9458725.22,34738997.58908
399006.SZ,2023-09-15,2002.7279,2009.3269,2022.944,1996.1217,2011.8831,-9.1552,-0.4551,11139897.38,45031694.07476
399006.SZ,2023-09-18,2020.4668,1994.8683,2033.1465,1993.6795,2002.7279,17.7389,0.8857,11485169.59,41832893.3023
399006.SZ,2023-09-19,2002.6646,2017.8896,2017.8896,1995.2407,2020.4668,-17.8022,-0.8811,9962325.75,33235781.34254
399006.SZ,2023-09-20,1987.296,2000.7189,2001.5035,1987.296,2002.6646,-15.3686,-0.7674,8814043.08,30536993.72065
399006.SZ,2023-09-21,1967.6072,1983.02,1990.3284,1967.6072,1987.296,-19.6888,-0.9907,9600222.19,32337042.38055
399006.SZ,2023-09-22,2013.3442,1965.6924,2013.9555,1963.2326,1967.6072,45.737,2.3245,15242753.26,54392019.5387
399006.SZ,2023-09-25,2005.2552,2015.3155,2015.3155,2000.8119,2013.3442,-8.089,-0.4018,13505733.79,46286914.49384
399006.SZ,2023-09-26,1989.828,2000.2311,2007.91,1989.6504,2005.2552,-15.4272,-0.7693,11059657.35,42210636.3394
399006.SZ,2023-09-27,2006.2235,1994.0131,2027.8181,1990.1578,1989.828,16.3955,0.824,12739872.71,48933679.71499
399006.SZ,2023-09-28,2003.908,2013.621,2019.287,1995.5589,2006.2235,-2.3155,-0.1154,12693397.82,43526310.55207
399006.SZ,2023-10-09,1998.6074,2000.1341,2006.4277,1977.7743,2003.908,-5.3006,-0.2645,17547971.69,55927199.48329
399006.SZ,2023-10-10,1987.9379,2004.9469,2014.2973,1987.3511,1998.6074,-10.6695,-0.5338,13798446.3,45169002.93184
399006.SZ,2023-10-11,2003.9016,2000.5151,2021.1074,1996.8196,1987.9379,15.9637,0.803,17292922.46,54948826.51283
399006.SZ,2023-10-12,2019.1024,2015.5463,2022.3614,2001.9055,2003.9016,15.2008,0.7586,16265071.75,52382324.08556
399006.SZ,2023-10-13,1996.6013,2004.2049,2005.7185,1986.1885,2019.1024,-22.5011,-1.1144,17848615.16,54902821.51426
399006.SZ,2023-10-16,1956.7227,1993.907,1994.2638,1949.3257,1996.6013,-39.8786,-1.9973,14984905.38,46670432.35227
399006.SZ,2023-10-17,1961.8859,1963.8281,1969.4698,1950.3316,1956.7227,5.1632,0.2639,13662227.94,42518363.42536
399006.SZ,2023-10-18,1938.4351,1952.9964,1952.9964,1934.8436,1961.8859,-23.4508,-1.1953,13130487.37,41780089.08805
399006.SZ,2023-10-19,1913.7019,1925.5329,1936.216,1913.4254,1938.4351,-24.7332,-1.2759,13684079.45,44141277.54567
399006.SZ,2023-10-20,1896.9455,1899.9853,1922.9334,1893.9501,1913.7019,-16.7564,-0.8756,13081864.16,44811148.93918
399006.SZ,2023-10-23,1864.9086,1891.4849,1891.4849,1854.4451,1896.9455,-32.0369,-1.6889,13674730.48,42311302.36201
399006.SZ,2023-10-24,1880.8143,1872.2906,1890.099,1859.8643,1864.9086,15.9057,0.8529,16789024.04,53632224.50294
399006.SZ,2023-10-25,1863.7961,1890.4845,1894.535,1863.7682,1880.8143,-17.0182,-0.9048,16959518.88,56527827.70225
399006.SZ,2023-10-26,1875.8575,1851.1925,1877.4476,1840.2577,1863.7961,12.0614,0.6471,20383827.26,61860854.65916
399006.SZ,2023-10-27,1929.9086,1868.226,1937.3132,1863.5267,1875.8575,54.0511,2.8814,22226488.89,71588045.3971
399006.SZ,2023-10-30,1977.6856,1933.7894,1983.4648,1931.7009,1929.9086,47.777,2.4756,22004580.3,73775003.01125
399006.SZ,2023-10-31,1968.2265,1974.7999,1975.3949,1958.3518,1977.6856,-9.4591,-0.4783,16476610.12,54418265.72228
399006.SZ,2023-11-01,1959.1272,1969.0784,1971.4133,1949.9935,1968.2265,-9.0993,-0.4623,13521527.32,45163514.88427
399006.SZ,2023-11-02,1939.7046,1964.43,1973.2285,1939.412,1959.1272,-19.4226,-0.9914,13309612.9,44005695.22398
399006.SZ,2023-11-03,1968.2127,1943.2141,1975.5195,1943.2141,1939.7046,28.5081,1.4697,15341147.85,48577735.50467
399006.SZ,2023-11-06,2032.3353,1984.332,2034.569,1984.332,1968.2127,64.1226,3.2579,22339766.45,72161113.86724
399006.SZ,2023-11-07,2022.7657,2025.1031,2031.7918,2012.0582,2032.3353,-9.5696,-0.4709,18762272.89,57400404.66793
399006.SZ,2023-11-08,2023.1297,2016.6031,2035.911,2010.0187,2022.7657,0.364,0.018,17838664.05,54880350.21445
399006.SZ,2023-11-09,2018.3848,2019.6861,2035.4229,2013.5089,2023.1297,-4.7449,-0.2345,15023860.03,47416462.60574
399006.SZ,2023-11-10,2005.2352,2006.0868,2011.9331,2000.4889,2018.3848,-13.1496,-0.6515,13805055.27,42994359.97733
399006.SZ,2023-11-13,2009.2144,2018.8269,2022.8446,1998.024,2005.2352,3.9792,0.1984,14389511.98,47942395.95212
399006.SZ,2023-11-14,2004.8127,2008.2934,2024.6555,1995.7609,2009.2144,-4.4017,-0.2191,14201662.95,49905974.89629
399006.SZ,2023-11-15,2015.3643,2032.2618,2033.3889,2008.4824,2004.8127,10.5516,0.5263,16027473.23,57132118.80492
399006.SZ,2023-11-16,1978.1182,2012.1976,2012.1976,1978.1182,2015.3643,-37.2461,-1.8481,13092479.32,43514493.4295
399006.SZ,2023-11-17,1986.5259,1971.2227,1986.6651,1971.2227,1978.1182,8.4077,0.425,11453293.25,38021354.04131
399006.SZ,2023-11-20,1992.9701,1987.854,1998.0978,1969.9187,1986.5259,6.4442,0.3244,13916134.15,46341050.22467
399006.SZ,2023-11-21,1984.271,2001.0686,2014.5945,1981.2853,1992.9701,-8.6991,-0.4365,14574980.58,47594785.23684
399006.SZ,2023-11-22,1950.0079,1973.6605,1980.0154,1950.0079,1984.271,-34.2631,-1.7267,12229891.85,38998292.64966
399006.SZ,2023-11-23,1961.3513,1945.901,1961.3513,1940.2095,1950.0079,11.3434,0.5817,11180390.85,34488851.83723
399006.SZ,2023-11-24,1937.9399,1960.3759,1960.3759,1935.0018,1961.3513,-23.4114,-1.1936,10848173.56,34237978.42264
399006.SZ,2023-11-27,1926.201,1936.6124,1936.6124,1916.5498,1937.9399,-11.7389,-0.6057,10807774.67,35468480.33588
399006.SZ,2023-11-28,1938.4232,1923.3566,1938.7285,1918.3522,1926.201,12.2222,0.6345,11336896.55,35806656.81461
399006.SZ,2023-11-29,1917.9031,1934.5542,1937.848,1917.2192,1938.4232,-20.5201,-1.0586,11022868.96,35096324.82466
399006.SZ,2023-11-30,1922.5913,1915.0454,1932.8257,1912.172,1917.9031,4.6882,0.2444,11569307.69,37466263.1013
399006.SZ,2023-12-01,1926.2836,1922.3703,1934.0906,1904.6465,1922.5913,3.6923,0.192,12672823.57,43354018.89334
399006.SZ,2023-12-04,1908.9168,1923.2158,1926.1658,1908.5341,1926.2836,-17.3668,-0.9016,13769018.34,49069463.73822
399006.SZ,2023-12-05,1871.0962,1900.9861,1905.7283,1870.9822,1908.9168,-37.8206,-1.9813,13134141.62,44265429.9021
399006.SZ,2023-12-06,1881.9416,1867.4996,1898.6007,1866.9039,1871.0962,10.8454,0.5796,14146126.66,48171650.42758
399006.SZ,2023-12-07,1877.2115,1877.0322,1888.7512,1864.2371,1881.9416,-4.7301,-0.2513,13855037.79,47342951.05454
399006.SZ,2023-12-08,1892.1781,1881.1037,1896.7798,1870.8816,1877.2115,14.9666,0.7973,17206100.42,62554115.8209
399006.SZ,2023-12-11,1915.7366,1880.5784,1919.8354,1866.0928,1892.1781,23.5585,1.245,15587838.49,58476249.40778
399006.SZ,2023-12-12,1903.8712,1909.5978,1913.2919,1899.5637,1915.7366,-11.8654,-0.6194,12375178.63,49816923.439
399006.SZ,2023-12-13,1872.3413,1899.3386,1899.9342,1871.7749,1903.8712,-31.5299,-1.6561,11332723.55,42486974.53931
399006.SZ,2023-12-14,1860.5132,1884.5455,1895.5986,1859.2488,1872.3413,-11.8281,-0.6317,10546958.8,40464458.31964
399006.SZ,2023-12-15,1848.5008,1869.514,1877.7751,1844.1809,1860.5132,-12.0124,-0.6456,11426767.26,42776669.04765
399006.SZ,2023-12-18,1819.9955,1839.3158,1845.969,1814.9304,1848.5008,-28.5053,-1.5421,10635460.29,41524676.93141
399006.SZ,2023-12-19,1827.6723,1818.8754,1837.944,1813.6008,1819.9955,7.6768,0.4218,10366877.16,40201884.45134
399006.SZ,2023-12-20,1802.8812,1830.7213,1832.3132,1802.3555,1827.6723,-24.7911,-1.3564,9992317.62,36542704.04399
399006.SZ,2023-12-21,1832.6157,1795.2735,1840.9646,1792.376,1802.8812,29.7345,1.6493,13081927.17,50048345.23482
399006.SZ,2023-12-22,1825.8423,1827.6841,1848.3172,1812.7649,1832.6157,-6.7734,-0.3696,13885125.65,49687213.61816
399006.SZ,2023-12-25,1831.5687,1820.2525,1838.1286,1820.2196,1825.8423,5.7264,0.3136,9555740.0,32844486.11002
399006.SZ,2023-12-26,1808.4998,1828.5587,1829.8709,1801.3791,1831.5687,-23.0689,-1.2595,9514823.41,32726607.20507
399006.SZ,2023-12-27,1809.832,1813.0533,1818.0504,1796.6952,1808.4998,1.3322,0.0737,11123201.79,35060262.27253
399006.SZ,2023-12-28,1879.4965,1806.7874,1887.1471,1804.6968,1809.832,69.6645,3.8492,17390026.0,61530424.46258
399006.SZ,2023-12-29,1891.3665,1879.5348,1897.6723,1878.0422,1879.4965,11.87,0.6316,14382555.1,51451694.1964
399006.SZ,2024-01-02,1855.9217,1889.0226,1889.0226,1855.7274,1891.3665,-35.4448,-1.874,12188528.91,42670856.2048
399006.SZ,2024-01-03,1834.7319,1850.1609,1856.439,1825.5453,1855.9217,-21.1898,-1.1417,11384998.16,39871121.17739
399006.SZ,2024-01-04,1801.7607,1831.2947,1831.3827,1794.0021,1834.7319,-32.9712,-1.7971,11290572.83,40294604.58073
399006.SZ,2024-01-05,1775.5767,1798.8174,1815.0726,1765.7241,1801.7607,-26.184,-1.4532,11543178.46,39047545.95682
399006.SZ,2024-01-08,1744.4114,1769.325,1779.3784,1744.2384,1775.5767,-31.1653,-1.7552,11774836.43,40113295.6466
399006.SZ,2024-01-09,1750.7751,1749.765,1774.3189,1737.9953,1744.4114,6.3637,0.3648,11756123.92,42842830.85684
399006.SZ,2024-01-10,1743.1977,1741.1261,1771.6803,1726.5562,1750.7751,-7.5774,-0.4328,11877303.95,43034110.28598
399006.SZ,2024-01-11,1777.2723,1744.3012,1790.3265,1739.1582,1743.1977,34.0746,1.9547,14652056.86,52714992.35578
399006.SZ,2024-01-12,1761.1599,1770.9683,1785.5133,1760.8746,1777.2723,-16.1124,-0.9066,12317216.38,43622849.22237
399006.SZ,2024-01-15,1745.6087,1751.5243,1766.258,1738.5435,1761.1599,-15.5512,-0.883,11118699.77,37926202.67229
399006.SZ,2024-01-16,1752.23,1741.368,1755.3843,1724.6364,1745.6087,6.6213,0.3793,12873842.24,44017433.13203
399006.SZ,2024-01-17,1699.6196,1747.7724,1747.7724,1699.6196,1752.23,-52.6104,-3.0025,11846603.6,40381712.18034
399006.SZ,2024-01-18,1732.3577,1685.9373,1735.0922,1678.4336,1699.6196,32.7381,1.9262,17954453.37,59415483.98765
399006.SZ,2024-01-19,1715.4361,1726.5473,1743.3018,1714.5068,1732.3577,-16.9216,-0.9768,13035299.91,47621332.3482
399006.SZ,2024-01-22,1666.8795,1710.2901,1714.9285,1657.3536,1715.4361,-48.5566,-2.8306,17003371.21,57839850.05783
399006.SZ,2024-01-23,1687.6136,1663.9823,1700.5684,1655.203,1666.8795,20.7341,1.2439,15315738.84,53438745.54811
399006.SZ,2024-01-24,1696.1879,1696.5607,1700.7744,1642.1633,1687.6136,8.5743,0.5081,16985048.44,53011551.23542
399006.SZ,2024-01-25,1720.7833,1686.5468,1720.8506,1672.068,1696.1879,24.5954,1.45,17786168.31,56044203.02712
399006.SZ,2024-01-26,1682.4777,1703.4752,1714.5341,1679.3411,1720.7833,-38.3056,-2.2261,15705808.68,49453879.10624
399006.SZ,2024-01-29,1623.8123,1680.1497,1685.6016,1623.8123,1682.4777,-58.6654,-3.4868,14261736.48,47629121.85676
399006.SZ,2024-01-30,1583.7707,1613.4633,1631.5289,1582.4215,1623.8123,-40.0416,-2.4659,12696770.09,38543580.36285
399006.SZ,2024-01-31,1573.3719,1585.2137,1601.8871,1573.1644,1583.7707,-10.3988,-0.6566,16543816.36,51811649.4143
399006.SZ,2024-02-01,1589.0373,1567.8317,1616.4019,1563.3771,1573.3719,15.6654,0.9957,15541712.73,47684105.46687
399006.SZ,2024-02-02,1550.3739,1585.9573,1595.9834,1512.0616,1589.0373,-38.6634,-2.4331,17760598.14,49902889.5238
399006.SZ,2024-02-05,1562.6096,1534.1891,1600.3305,1482.9858,1550.3739,12.2357,0.7892,23414356.93,64826227.03893
399006.SZ,2024-02-06,1667.4452,1544.9599,1668.8917,1544.4974,1562.6096,104.8356,6.709,24365139.95,69164410.77106
399006.SZ,2024-02-07,1707.0199,1663.1765,1711.4172,1658.465,1667.4452,39.5747,2.3734,26240336.78,73025295.12197
399006.SZ,2024-02-08,1726.8587,1716.6282,1764.3906,1713.7691,1707.0199,19.8388,1.1622,24468928.57,71698475.83936
399006.SZ,2024-02-19,1746.4222,1752.863,1752.863,1722.8389,1726.8587,19.5635,1.1329,20832543.43,66729608.20349
399006.SZ,2024-02-20,1746.1764,1739.0348,1749.2696,1722.4911,1746.4222,-0.2458,-0.0141,15752421.68,55931511.14869
399006.SZ,2024-02-21,1752.4784,1728.4515,1783.8122,1724.2907,1746.1764,6.302,0.3609,20575479.67,66414457.40074
399006.SZ,2024-02-22,1757.8694,1752.7935,1761.1207,1742.145,1752.4784,5.391,0.3076,15377641.61,53911987.46538
399006.SZ,2024-02-23,1758.1927,1766.9568,1767.2633,1742.4919,1757.8694,0.3233,0.0184,17095827.04,60454512.69383
399006.SZ,2024-02-26,1751.7029,1752.7557,1768.0954,1738.3343,1758.1927,-6.4898,-0.3691,18030628.7,61145684.22912
399006.SZ,2024-02-27,1793.9788,1743.49,1793.9788,1740.8334,1751.7029,42.2759,2.4134,19916267.76,68807770.05316
399006.SZ,2024-02-28,1748.9697,1799.6075,1829.1432,1748.9697,1793.9788,-45.0091,-2.5089,26735950.35,87920368.43985
399006.SZ,2024-02-29,1807.0344,1739.9726,1809.6633,1739.9726,1748.9697,58.0647,3.3199,21588108.73,74617128.10069
399006.SZ,2024-03-01,1824.0345,1808.1959,1830.9388,1795.8515,1807.0344,17.0001,0.9408,20757476.68,73219369.94398
399006.SZ,2024-03-04,1834.8331,1827.1288,1847.2466,1817.6594,1824.0345,10.7986,0.592,19652721.92,71385853.92655
399006.SZ,2024-03-05,1833.6608,1818.5945,1843.0797,1813.2658,1834.8331,-1.1723,-0.0639,18693611.75,73301536.17912
399006.SZ,2024-03-06,1832.5804,1822.5394,1855.6133,1810.8984,1833.6608,-1.0804,-0.0589,15769610.38,58141549.06382
399006.SZ,2024-03-07,1789.9361,1830.2576,1838.7138,1789.8664,1832.5804,-42.6443,-2.327,16715195.26,58693246.66056
399006.SZ,2024-03-08,1807.294,1793.5112,1813.0993,1779.7677,1789.9361,17.3579,0.9697,14580624.94,55721949.01615
399006.SZ,2024-03-11,1890.4099,1817.0723,1890.8692,1812.7864,1807.294,83.1159,4.5989,22062116.47,86590706.5266
399006.SZ,2024-03-12,1906.0366,1896.4513,1915.0939,1885.6388,1890.4099,15.6267,0.8266,22107894.99,83505808.15755
399006.SZ,2024-03-13,1895.1475,1911.9807,1911.9807,1890.6576,1906.0366,-10.8891,-0.5713,18485697.33,71826517.62411
399006.SZ,2024-03-14,1883.0206,1895.7262,1912.1126,1870.0159,1895.1475,-12.1269,-0.6399,18032613.57,70698929.65314
399006.SZ,2024-03-15,1884.0881,1877.5695,1886.9511,1848.224,1883.0206,1.0675,0.0567,17865457.29,73210669.0228
399006.SZ,2024-03-18,1926.3963,1906.1159,1926.3963,1902.1334,1884.0881,42.3082,2.2456,21941405.56,83217061.94219
399006.SZ,2024-03-19,1906.9385,1917.9205,1925.6946,1906.9385,1926.3963,-19.4578,-1.0101,19639594.42,73455339.51936
399006.SZ,2024-03-20,1909.2454,1898.1836,1915.465,1897.6004,1906.9385,2.3069,0.121,17551041.28,65669688.4674
399006.SZ,2024-03-21,1897.0943,1912.8087,1920.5541,1897.0468,1909.2454,-12.1511,-0.6364,18490885.57,66671803.06964
399006.SZ,2024-03-22,1869.1747,1893.1404,1897.3081,1860.3535,1897.0943,-27.9196,-1.4717,18894088.94,65260700.29951
399006.SZ,2024-03-25,1833.4412,1864.5316,1871.0637,1833.1026,1869.1747,-35.7335,-1.9117,17104717.11,58477395.3543
399006.SZ,2024-03-26,1841.5352,1832.6553,1856.2045,1829.4772,1833.4412,8.094,0.4415,17314417.69,68644820.25609
399006.SZ,2024-03-27,1789.8191,1840.1928,1840.1928,1789.8191,1841.5352,-51.7161,-2.8083,15227166.57,54587550.30262
399006.SZ,2024-03-28,1806.8968,1790.5802,1829.4734,1787.9645,1789.8191,17.0777,0.9542,16050495.39,58247081.25136
399006.SZ,2024-03-29,1818.2032,1806.6718,1822.7494,1800.2031,1806.8968,11.3064,0.6257,13421201.28,46089291.15361
399006.SZ,2024-04-01,1872.1179,1833.4916,1872.1179,1833.4916,1818.2032,53.9147,2.9653,17118248.72,61089366.34247
399006.SZ,2024-04-02,1860.4936,1869.3232,1869.9583,1851.2505,1872.1179,-11.6243,-0.6209,16294194.74,57523722.77337
399006.SZ,2024-04-03,1840.412,1853.5577,1853.8717,1839.2056,1860.4936,-20.0816,-1.0794,15093664.57,52537642.47027
399006.SZ,2024-04-08,1807.0481,1834.4528,1840.5498,1807.0481,1840.412,-33.3639,-1.8128,15782922.43,54416759.22814
399006.SZ,2024-04-09,1827.5788,1807.4784,1827.6764,1801.708,1807.0481,20.5307,1.1361,15113424.27,50954416.33273
399006.SZ,2024-04-10,1789.9413,1818.4051,1818.7336,1781.1298,1827.5788,-37.6375,-2.0594,14063414.52,48058216.40262
399006.SZ,2024-04-11,1782.0853,1777.201,1799.8605,1775.6586,1789.9413,-7.856,-0.4389,14474466.28,48862970.34078
399006.SZ,2024-04-12,1762.8771,1780.9897,1789.2742,1760.9438,1782.0853,-19.2082,-1.0778,15249891.69,52935636.74601
399006.SZ,2024-04-15,1795.5179,1770.1721,1807.9472,1770.1721,1762.8771,32.6408,1.8516,18428087.98,58729104.68108
399006.SZ,2024-04-16,1760.2004,1783.5707,1791.2994,1759.5126,1795.5179,-35.3175,-1.967,17268399.63,56671465.04459
399006.SZ,2024-04-17,1797.3113,1765.2855,1797.5516,1765.2855,1760.2004,37.1109,2.1083,16582327.33,55343345.58215
399006.SZ,2024-04-18,1787.4886,1784.7823,1807.7854,1765.6989,1797.3113,-9.8227,-0.5465,17064952.15,54805526.68986
399006.SZ,2024-04-19,1756.0006,1772.1813,1775.376,1740.4014,1787.4886,-31.488,-1.7616,16074905.0,52459597.66015
399006.SZ,2024-04-22,1750.4634,1739.0072,1766.2502,1735.2839,1756.0006,-5.5372,-0.3153,15806329.33,51116261.33987
399006.SZ,2024-04-23,1753.1612,1753.5836,1764.7738,1740.7905,1750.4634,2.6978,0.1541,14739343.67,48503194.68101
399006.SZ,2024-04-24,1765.4103,1757.3111,1768.2376,1744.3599,1753.1612,12.2491,0.6987,15944841.38,55345050.75196
399006.SZ,2024-04-25,1764.7274,1753.1224,1778.7992,1747.8189,1765.4103,-0.6829,-0.0387,15819869.72,50623258.16597
399006.SZ,2024-04-26,1823.7415,1767.7217,1826.4903,1767.7217,1764.7274,59.0141,3.3441,24617756.6,78663961.12032
399006.SZ,2024-04-29,1887.5712,1831.4445,1904.9152,1831.4445,1823.7415,63.8297,3.4999,26163034.35,87342299.75177
399006.SZ,2024-04-30,1858.3934,1874.6798,1878.833,1857.7639,1887.5712,-29.1778,-1.5458,17248278.07,55054403.6339
399006.SZ,2024-05-06,1895.2075,1896.841,1907.0213,1889.7825,1858.3934,36.8141,1.981,20545187.78,67704346.72659
399006.SZ,2024-05-07,1892.5393,1896.7246,1900.9438,1888.2556,1895.2075,-2.6682,-0.1408,15961384.12,56892056.28498
399006.SZ,2024-05-08,1865.1079,1887.8244,1887.8244,1863.2157,1892.5393,-27.4314,-1.4494,15676690.75,49490255.74851
399006.SZ,2024-05-09,1900.0092,1872.7042,1903.1118,1872.7042,1865.1079,34.9013,1.8713,19532716.65,62577366.91833
399006.SZ,2024-05-10,1878.1652,1899.0514,1900.1003,1872.0711,1900.0092,-21.844,-1.1497,17508786.76,55545735.70699
399006.SZ,2024-05-13,1860.3664,1859.3437,1876.1722,1851.2545,1878.1652,-17.7988,-0.9477,16988777.23,55349572.2941
399006.SZ,2024-05-14,1855.5976,1864.3854,1873.1381,1851.3865,1860.3664,-4.7688,-0.2563,14388211.26,46702805.40732
399006.SZ,2024-05-15,1838.8872,1857.5763,1866.4127,1837.5414,1855.5976,-16.7104,-0.9005,13421810.19,42189110.69529
399006.SZ,2024-05-16,1844.2111,1846.9782,1861.3779,1837.0157,1838.8872,5.3239,0.2895,13839906.18,45734922.87975
399006.SZ,2024-05-17,1864.9391,1838.985,1865.8982,1833.4336,1844.2111,20.728,1.1239,15630884.21,51988562.23144
399006.SZ,2024-05-20,1875.9276,1869.5451,1887.0544,1865.8811,1864.9391,10.9885,0.5892,17382103.36,55729635.56873
399006.SZ,2024-05-21,1861.4815,1871.7788,1873.0869,1855.4365,1875.9276,-14.4461,-0.7701,12453268.28,39064462.85378
399006.SZ,2024-05-22,1877.9267,1863.1413,1883.174,1855.254,1861.4815,16.4452,0.8834,14989762.28,51669945.17646
399006.SZ,2024-05-23,1852.067,1876.5613,1879.6212,1847.6946,1877.9267,-25.8597,-1.377,16110724.26,50988770.84312
399006.SZ,2024-05-24,1818.5616,1845.0129,1861.9299,1818.1375,1852.067,-33.5054,-1.8091,14424628.92,47635239.59029
399006.SZ,2024-05-27,1830.9578,1824.1652,1832.8193,1802.7655,1818.5616,12.3962,0.6816,14384091.91,43889559.00768
399006.SZ,2024-05-28,1806.2546,1824.0874,1827.7442,1805.6485,1830.9578,-24.7032,-1.3492,11988952.03,40927156.4015
399006.SZ,2024-05-29,1811.0683,1808.4851,1832.7146,1804.1108,1806.2546,4.8137,0.2665,13189330.03,41459627.91465
399006.SZ,2024-05-30,1813.1545,1810.6572,1820.2943,1805.3488,1811.0683,2.0862,0.1152,12915539.66,37572709.57027
399006.SZ,2024-05-31,1805.1089,1812.6117,1831.7146,1805.1089,1813.1545,-8.0456,-0.4437,13918986.4,43077815.33622
399006.SZ,2024-06-03,1819.4552,1806.4086,1823.5114,1800.1985,1805.1089,14.3463,0.7948,15303250.34,52949647.04341
399006.SZ,2024-06-04,1843.5924,1816.3676,1848.56,1815.0715,1819.4552,24.1372,1.3266,14194605.76,47560767.40971
399006.SZ,2024-06-05,1833.5495,1840.079,1858.6855,1833.5495,1843.5924,-10.0429,-0.5447,13418873.97,42297785.56893
399006.SZ,2024-06-06,1820.4485,1840.246,1845.5451,1815.2781,1833.5495,-13.101,-0.7145,15922787.81,51702610.10364
399006.SZ,2024-06-07,1781.07,1812.4559,1820.7396,1764.8359,1820.4485,-39.3785,-2.1631,13635404.02,51202975.49318
399006.SZ,2024-06-11,1787.3016,1766.9153,1791.0014,1761.5843,1781.07,6.2316,0.3499,12226628.4,44905391.5251
399006.SZ,2024-06-12,1779.4182,1779.3179,1789.4109,1778.1281,1787.3016,-7.8834,-0.4411,12677860.22,41310447.33591
399006.SZ,2024-06-13,1777.7911,1786.1053,1799.0904,1776.0811,1779.4182,-1.6271,-0.0914,14176473.36,49245496.74614
399006.SZ,2024-06-14,1791.362,1777.275,1792.8048,1758.8892,1777.7911,13.5709,0.7634,19498125.22,73672367.76933
399006.SZ,2024-06-17,1806.193,1780.9359,1810.999,1780.513,1791.362,14.831,0.8279,18466201.53,61326139.68454
399006.SZ,2024-06-18,1811.3649,1805.159,1822.1146,1802.6264,1806.193,5.1719,0.2863,15774512.64,53474144.31637
399006.SZ,2024-06-19,1788.4956,1816.0598,1816.0598,1788.1729,1811.3649,-22.8693,-1.2625,13913176.06,45259879.52376
399006.SZ,2024-06-20,1762.7008,1787.2361,1793.7065,1761.6465,1788.4956,-25.7948,-1.4423,15083337.78,45288827.82968
399006.SZ,2024-06-21,1755.8765,1756.6712,1762.4308,1742.4658,1762.7008,-6.8243,-0.3872,13145688.53,41212940.5932
399006.SZ,2024-06-24,1731.5147,1745.9288,1755.5226,1729.0985,1755.8765,-24.3618,-1.3874,14543170.69,43583521.49961
399006.SZ,2024-06-25,1700.0249,1724.6397,1729.2154,1691.0177,1731.5147,-31.4898,-1.8186,14522533.08,44281949.81991
399006.SZ,2024-06-26,1730.6417,1700.9495,1733.792,1696.1248,1700.0249,30.6168,1.801,15706395.64,45074029.99669
399006.SZ,2024-06-27,1703.2009,1719.7784,1720.9966,1702.2411,1730.6417,-27.4408,-1.5856,13584588.75,38959327.35834
399006.SZ,2024-06-28,1683.43,1696.9371,1720.9452,1680.4181,1703.2009,-19.7709,-1.1608,18304826.45,48833886.63981
399006.SZ,2024-07-01,1682.6918,1679.6622,1689.5449,1652.0104,1683.43,-0.7382,-0.0439,15453889.89,46943171.64549
399006.SZ,2024-07-02,1665.0352,1677.6687,1683.8466,1660.3165,1682.6918,-17.6566,-1.0493,15421478.12,43381689.98044
399006.SZ,2024-07-03,1660.1242,1664.9863,1675.6473,1648.2447,1665.0352,-4.911,-0.2949,14278977.4,38636262.72252
399006.SZ,2024-07-04,1647.2199,1666.3932,1674.7516,1647.2199,1660.1242,-12.9043,-0.7773,13475014.0,37606915.21176
399006.SZ,2024-07-05,1655.594,1648.7391,1662.3161,1631.8859,1647.2199,8.3741,0.5084,14128944.67,39479531.5488
399006.SZ,2024-07-08,1628.7584,1651.6413,1652.1933,1624.5492,1655.594,-26.8356,-1.6209,13744095.97,38495311.82712
399006.SZ,2024-07-09,1652.1171,1625.5224,1660.3298,1614.6055,1628.7584,23.3587,1.4341,18539136.5,52670692.58901
399006.SZ,2024-07-10,1651.1097,1642.8613,1668.0899,1641.8378,1652.1171,-1.0074,-0.061,15002656.52,45318013.91784
399006.SZ,2024-07-11,1685.1176,1673.5395,1694.776,1658.9567,1651.1097,34.0079,2.0597,22209473.23,58486910.59705
399006.SZ,2024-07-12,1683.6285,1680.1404,1692.8892,1672.6663,1685.1176,-1.4891,-0.0884,16336252.4,49226712.36285
399006.SZ,2024-07-15,1673.0072,1674.8869,1679.8821,1665.3381,1683.6285,-10.6213,-0.6309,13209655.43,38199115.81318
399006.SZ,2024-07-16,1696.3359,1671.9212,1697.1364,1671.3103,1673.0072,23.3287,1.3944,17108377.3,52979240.06203
399006.SZ,2024-07-17,1696.4508,1691.9465,1707.6133,1684.9417,1696.3359,0.1149,0.0068,18585056.12,54036324.38682
399006.SZ,2024-07-18,1717.7091,1680.3385,1718.8205,1678.5599,1696.4508,21.2583,1.2531,18392715.63,59632722.58784
399006.SZ,2024-07-19,1725.4874,1706.843,1731.1258,1706.5799,1717.7091,7.7783,0.4528,16345527.94,50387864.32528
399006.SZ,2024-07-22,1723.9141,1729.2801,1735.6012,1713.3732,1725.4874,-1.5733,-0.0912,15705807.06,46336716.80186
399006.SZ,2024-07-23,1671.4432,1721.9346,1722.0774,1671.4432,1723.9141,-52.4709,-3.0437,15683812.32,43874208.10725
399006.SZ,2024-07-24,1650.9078,1666.6208,1682.963,1645.7528,1671.4432,-20.5354,-1.2286,15282596.13,42621820.08117
399006.SZ,2024-07-25,1644.4537,1641.6821,1658.1346,1638.5403,1650.9078,-6.4541,-0.3909,14247440.98,44483277.23781
399006.SZ,2024-07-26,1659.5336,1649.3446,1670.2142,1646.6344,1644.4537,15.0799,0.917,13522154.17,40704738.97334
399006.SZ,2024-07-29,1635.6748,1653.3896,1653.3896,1634.5088,1659.5336,-23.8588,-1.4377,12547636.91,39834809.79184
399006.SZ,2024-07-30,1630.951,1629.1811,1637.2104,1621.9353,1635.6748,-4.7238,-0.2888,11261231.09,33713399.95645
399006.SZ,2024-07-31,1688.1419,1623.0383,1689.491,1623.0383,1630.951,57.1909,3.5066,23950672.81,62057566.1534
399006.SZ,2024-08-01,1665.9729,1690.2188,1694.5907,1663.0753,1688.1419,-22.169,-1.3132,16467067.04,49067403.53629
399006.SZ,2024-08-02,1638.3043,1649.8431,1671.3567,1635.4355,1665.9729,-27.6686,-1.6608,16592438.04,48959630.7948
399006.SZ,2024-08-05,1607.2884,1621.1881,1656.0902,1607.2446,1638.3043,-31.0159,-1.8932,19514433.07,54049653.07848
399006.SZ,2024-08-06,1627.3554,1628.1164,1638.4799,1612.0003,1607.2884,20.067,1.2485,16595959.19,43891129.62217
399006.SZ,2024-08-07,1620.3315,1624.0634,1632.6448,1618.3941,1627.3554,-7.0239,-0.4316,13643851.81,35449226.98345
399006.SZ,2024-08-08,1611.5085,1611.2619,1628.6648,1598.6795,1620.3315,-8.823,-0.5445,13229133.24,33854666.06153
399006.SZ,2024-08-09,1595.6419,1621.8406,1628.531,1595.6419,1611.5085,-15.8666,-0.9846,11983818.33,32679253.43319
399006.SZ,2024-08-12,1592.3944,1596.4138,1601.8549,1589.0929,1595.6419,-3.2475,-0.2035,11081922.21,29867995.90818
399006.SZ,2024-08-13,1607.1855,1592.0445,1607.2576,1587.5153,1592.3944,14.7911,0.9289,11071013.44,32140781.26654
399006.SZ,2024-08-14,1584.328,1606.4412,1606.4412,1584.328,1607.1855,-22.8575,-1.4222,10635594.01,29181888.57659
399006.SZ,2024-08-15,1592.7101,1581.1525,1608.9496,1581.0512,1584.328,8.3821,0.5291,13432497.82,32546968.68648
399006.SZ,2024-08-16,1591.461,1594.5094,1603.4274,1587.4074,1592.7101,-1.2491,-0.0784,11382812.72,31990882.53274
399006.SZ,2024-08-19,1589.2872,1589.2068,1608.2655,1588.218,1591.461,-2.1738,-0.1366,11445571.99,31620341.16158
399006.SZ,2024-08-20,1567.9688,1590.173,1591.8764,1565.4316,1589.2872,-21.3184,-1.3414,12822973.72,30596470.93063
399006.SZ,2024-08-21,1558.5116,1561.2424,1572.4718,1556.9328,1567.9688,-9.4572,-0.6031,12243270.11,29776494.85592
399006.SZ,2024-08-22,1546.6314,1559.6831,1563.3726,1544.9065,1558.5116,-11.8802,-0.7623,14085413.17,33771339.3956
399006.SZ,2024-08-23,1546.903,1540.5159,1555.0071,1537.777,1546.6314,0.2716,0.0176,11748151.3,30134535.23777
399006.SZ,2024-08-26,1545.3094,1550.0446,1557.9101,1540.5209,1546.903,-1.5936,-0.103,14361305.24,36412560.27638
399006.SZ,2024-08-27,1530.7442,1537.8126,1541.9283,1526.6072,1545.3094,-14.5652,-0.9425,13688098.13,31187858.05637
399006.SZ,2024-08-28,1531.4502,1526.669,1534.5405,1522.4841,1530.7442,0.706,0.0461,12480742.75,29277238.07509
399006.SZ,2024-08-29,1541.3995,1512.3709,1551.5399,1512.171,1531.4502,9.9493,0.6497,16369603.39,43986242.53737
399006.SZ,2024-08-30,1580.4595,1543.8935,1601.1559,1543.8935,1541.3995,39.06,2.5341,22844962.99,59055199.93605
399006.SZ,2024-09-02,1536.9499,1577.4449,1581.8685,1536.5258,1580.4595,-43.5096,-2.753,16319255.37,39457203.00129
399006.SZ,2024-09-03,1556.3207,1533.5721,1561.8572,1533.4582,1536.9499,19.3708,1.2603,13099933.71,32377825.78992
399006.SZ,2024-09-04,1554.6395,1541.899,1569.8851,1540.1716,1556.3207,-1.6812,-0.108,12996907.03,35034135.65848
399006.SZ,2024-09-05,1564.723,1554.8763,1576.0291,1554.8763,1554.6395,10.0835,0.6486,12718806.27,32010485.62929
399006.SZ,2024-09-06,1538.072,1564.3252,1566.5729,1537.3772,1564.723,-26.651,-1.7032,12085113.75,27739456.89703
399006.SZ,2024-09-09,1539.0381,1528.6494,1547.7334,1526.2352,1538.072,0.9661,0.0628,11639155.2,29129020.63637
399006.SZ,2024-09-10,1539.9802,1540.2106,1551.6057,1522.8756,1539.0381,0.9421,0.0612,12125464.27,33304009.62004
399006.SZ,2024-09-11,1558.3275,1539.8458,1563.0876,1535.6187,1539.9802,18.3473,1.1914,11726244.29,33300691.85611
399006.SZ,2024-09-12,1551.8137,1566.4032,1577.1679,1551.0256,1558.3275,-6.5138,-0.418,12273425.82,34343506.34706
399006.SZ,2024-09-13,1535.1684,1552.2763,1556.6644,1535.1684,1551.8137,-16.6453,-1.0726,11775951.51,35804575.52043
399006.SZ,2024-09-18,1533.4726,1533.3817,1540.0753,1522.5437,1535.1684,-1.6958,-0.1105,9946137.69,25644445.30301
399006.SZ,2024-09-19,1546.4738,1543.3158,1565.2146,1520.723,1533.4726,13.0012,0.8478,15989708.67,40034722.81656
399006.SZ,2024-09-20,1536.5991,1546.7749,1546.7749,1525.6824,1546.4738,-9.8747,-0.6385,12384017.58,32529450.02843
399006.SZ,2024-09-23,1530.5062,1538.0549,1548.409,1528.9409,1536.5991,-6.0929,-0.3965,10975399.78,30646083.16702
399006.SZ,2024-09-24,1615.3215,1545.9038,1616.0682,1532.5226,1530.5062,84.8153,5.5417,29588328.13,73377576.6514
399006.SZ,2024-09-25,1641.5416,1652.8282,1679.6391,1639.6811,1615.3215,26.2201,1.6232,32822315.48,82527973.38512
399006.SZ,2024-09-26,1714.1435,1638.5265,1716.011,1625.6621,1641.5416,72.6019,4.4228,35330295.14,85944102.1707
399006.SZ,2024-09-27,1885.4888,1751.3278,1919.7853,1751.3278,1714.1435,171.3453,9.996,58467618.4,157766275.72686
399006.SZ,2024-09-30,2175.0865,1994.2623,2182.3884,1966.3381,1885.4888,289.5977,15.3593,73455862.24,222456926.51257
399006.SZ,2024-10-08,2550.2764,2576.217,2576.217,2336.4423,2175.0865,375.1899,17.2494,89739690.32,335094367.40321
399006.SZ,2024-10-09,2280.0963,2426.7522,2514.2914,2278.8172,2550.2764,-270.1801,-10.5941,100738746.31,372755964.71629
399006.SZ,2024-10-10,2212.9087,2291.2175,2327.598,2181.0778,2280.0963,-67.1876,-2.9467,66498361.75,222087028.70227
399006.SZ,2024-10-11,2100.8707,2173.7103,2191.4019,2066.5775,2212.9087,-112.038,-5.0629,49123036.23,156587115.98818
399006.SZ,2024-10-14,2155.403,2119.3855,2163.2745,2062.4457,2100.8707,54.5323,2.5957,50270275.28,161532915.02954
399006.SZ,2024-10-15,2085.9863,2139.6475,2175.9518,2085.8183,2155.403,-69.4167,-3.2206,43769251.93,151262344.61642
399006.SZ,2024-10-16,2039.9498,2037.7435,2081.3242,2026.5199,2085.9863,-46.0365,-2.2069,35847851.45,118178817.04613
399006.SZ,2024-10-17,2033.4845,2057.9603,2081.0866,2031.9869,2039.9498,-6.4653,-0.3169,38839162.85,129607964.55989
399006.SZ,2024-10-18,2195.1007,2027.653,2272.9997,2027.6497,2033.4845,161.6162,7.9477,70130085.0,242501168.23012
399006.SZ,2024-10-21,2210.3354,2211.3945,2266.6016,2182.2333,2195.1007,15.2347,0.694,60922000.38,224354560.5813
399006.SZ,2024-10-22,2216.9898,2205.3993,2226.9307,2179.9976,2210.3354,6.6544,0.3011,48609505.37,168889215.61917
399006.SZ,2024-10-23,2205.3024,2202.8237,2252.5209,2186.1762,2216.9898,-11.6874,-0.5272,50519826.11,180117405.056
399006.SZ,2024-10-24,2175.0952,2187.2436,2203.0209,2168.2414,2205.3024,-30.2072,-1.3698,37660301.39,132664935.02051
399006.SZ,2024-10-25,2238.897,2190.3928,2277.168,2180.2214,2175.0952,63.8018,2.9333,47863548.27,173111328.81034
399006.SZ,2024-10-28,2229.118,2228.078,2236.4725,2198.8863,2238.897,-9.779,-0.4368,39204090.21,137405706.05535
399006.SZ,2024-10-29,2177.3058,2231.8241,2239.2615,2175.8129,2229.118,-51.8122,-2.3243,42178914.44,146264293.19874
399006.SZ,2024-10-30,2151.5146,2156.2769,2179.9444,2127.6329,2177.3058,-25.7912,-1.1845,36314421.16,127878597.17902
399006.SZ,2024-10-31,2164.4619,2145.655,2204.859,2130.2684,2151.5146,12.9473,0.6018,50191881.74,165815318.74699
399006.SZ,2024-11-01,2123.7383,2149.9381,2166.5211,2120.7251,2164.4619,-40.7236,-1.8815,45494023.62,146699856.99611
399006.SZ,2024-11-04,2185.9842,2122.9804,2187.3779,2122.9804,2123.7383,62.2459,2.931,37452311.78,122667394.0975
399006.SZ,2024-11-05,2289.8405,2184.9046,2301.9948,2172.5239,2185.9842,103.8563,4.751,57801749.12,204133047.57848
399006.SZ,2024-11-06,2265.8324,2290.6715,2360.8811,2247.0378,2289.8405,-24.0081,-1.0485,59996983.08,218418761.57388
399006.SZ,2024-11-07,2350.7599,2244.959,2350.7599,2240.2456,2265.8324,84.9275,3.7482,60294737.6,209141354.09343
399006.SZ,2024-11-08,2321.5867,2396.8681,2402.379,2317.5087,2350.7599,-29.1732,-1.241,61305638.23,227407782.38217
399006.SZ,2024-11-11,2392.4433,2298.6195,2393.5781,2296.3231,2321.5867,70.8566,3.0521,55609029.73,207479222.09598
399006.SZ,2024-11-12,2390.8035,2416.2107,2448.2011,2362.5662,2392.4433,-1.6398,-0.0685,61518594.48,226722239.4864
399006.SZ,2024-11-13,2417.2522,2367.1633,2427.1554,2345.0639,2390.8035,26.4487,1.1063,46664678.74,178033397.59444
399006.SZ,2024-11-14,2334.9643,2411.2906,2419.6863,2331.6804,2417.2522,-82.2879,-3.4042,38210115.4,147263720.05498
399006.SZ,2024-11-15,2243.62,2318.9356,2338.5569,2243.62,2334.9643,-91.3443,-3.912,40630456.5,152189259.24407
399006.SZ,2024-11-18,2190.9503,2244.3226,2254.9219,2173.1841,2243.62,-52.6697,-2.3475,38879162.72,132446225.54823
399006.SZ,2024-11-19,2256.6075,2200.1333,2261.5867,2173.4542,2190.9503,65.6572,2.9967,34786378.22,121972534.42703
399006.SZ,2024-11-20,2267.8548,2242.5993,2283.7477,2239.7692,2256.6075,11.2473,0.4984,33980429.57,115008003.10743
399006.SZ,2024-11-21,2265.8658,2254.2694,2281.1604,2248.382,2267.8548,-1.989,-0.0877,33231738.44,114997182.68224
399006.SZ,2024-11-22,2175.5713,2257.9507,2269.265,2175.5713,2265.8658,-90.2945,-3.985,35684103.78,120157001.69114
399006.SZ,2024-11-25,2175.1837,2184.1027,2193.6787,2140.4764,2175.5713,-0.3876,-0.0178,29269645.29,102380923.65754
399006.SZ,2024-11-26,2150.0968,2163.3739,2187.1204,2148.1374,2175.1837,-25.0869,-1.1533,23884969.09,83275303.46863
399006.SZ,2024-11-27,2208.7805,2136.7071,2209.1582,2119.5351,2150.0968,58.6837,2.7294,30067201.63,104087113.79623
399006.SZ,2024-11-28,2169.8027,2204.4896,2206.8482,2165.5258,2208.7805,-38.9778,-1.7647,25713346.3,92469284.04507
399006.SZ,2024-11-29,2224.0026,2162.5224,2264.6793,2162.5224,2169.8027,54.1999,2.4979,37114229.49,133905731.33016
399006.SZ,2024-12-02,2255.4979,2212.3589,2261.1435,2210.8559,2224.0026,31.4953,1.4162,33138553.38,121920875.56681
399006.SZ,2024-12-03,2245.4986,2252.7536,2261.3904,2224.6918,2255.4979,-9.9993,-0.4433,30491487.8,102668048.85601
399006.SZ,2024-12-04,2213.4056,2237.6495,2246.0394,2204.3896,2245.4986,-32.093,-1.4292,26558830.27,96334437.74697
399006.SZ,2024-12-05,2221.4566,2207.4991,2237.0882,2207.4991,2213.4056,8.051,0.3637,25304859.58,93684210.54864
399006.SZ,2024-12-06,2267.0641,2219.9079,2289.8092,2213.3241,2221.4566,45.6075,2.053,33309153.65,121425429.20485
399006.SZ,2024-12-09,2248.6273,2265.1879,2273.0813,2229.5145,2267.0641,-18.4368,-0.8132,27672927.41,99093543.59258
399006.SZ,2024-12-10,2264.051,2358.2881,2358.4852,2258.0186,2248.6273,15.4237,0.6859,47757799.97,166323536.00469
399006.SZ,2024-12-11,2261.5823,2260.7005,2278.7883,2251.3542,2264.051,-2.4687,-0.109,32158231.14,108395723.08452
399006.SZ,2024-12-12,2292.1451,2257.308,2302.6437,2256.065,2261.5823,30.5628,1.3514,32503430.31,113821185.42102
399006.SZ,2024-12-13,2235.2586,2272.2664,2276.1275,2234.1701,2292.1451,-56.8865,-2.4818,44768406.79,144785048.38888
399006.SZ,2024-12-16,2201.5324,2232.6249,2234.1863,2192.2524,2235.2586,-33.7262,-1.5088,29800090.58,104715444.53571
399006.SZ,2024-12-17,2201.181,2197.1259,2233.172,2197.1259,2201.5324,-0.3514,-0.016,24478713.21,93003119.37802
399006.SZ,2024-12-18,2202.1373,2207.1823,2216.0033,2192.5973,2201.181,0.9563,0.0434,21199082.35,75719726.36301
399006.SZ,2024-12-19,2213.5429,2178.463,2220.4332,2174.9434,2202.1373,11.4056,0.5179,26717314.63,88686824.8938
399006.SZ,2024-12-20,2209.6616,2209.3755,2234.1315,2201.9409,2213.5429,-3.8813,-0.1753,26173816.52,101285580.03892
399006.SZ,2024-12-23,2187.9448,2205.6903,2223.6367,2185.3528,2209.6616,-21.7168,-0.9828,25576111.27,100476250.40515
399006.SZ,2024-12-24,2213.548,2190.4696,2215.1924,2187.7803,2187.9448,25.6032,1.1702,22226798.28,88402431.34014
399006.SZ,2024-12-25,2201.296,2215.6123,2216.3572,2186.9997,2213.548,-12.252,-0.5535,21819081.89,81190580.81404
399006.SZ,2024-12-26,2209.8464,2200.3188,2219.6932,2193.5882,2201.296,8.5504,0.3884,22939321.45,91677104.56082
399006.SZ,2024-12-27,2204.8965,2209.7101,2235.5559,2196.2938,2209.8464,-4.9499,-0.224,28168896.26,109912240.19294
399006.SZ,2024-12-30,2206.2852,2198.8648,2218.7352,2198.1247,2204.8965,1.3887,0.063,24743342.64,92471090.24484
399006.SZ,2024-12-31,2141.5958,2202.1811,2207.3112,2141.5958,2206.2852,-64.6894,-2.9321,29287266.96,102475635.45368
399006.SZ,2025-01-02,2060.4422,2136.9221,2137.6549,2040.3792,2141.5958,-81.1536,-3.7894,31992082.5,104509149.42585
399006.SZ,2025-01-03,2015.9671,2062.4025,2067.4089,2015.9633,2060.4422,-44.4751,-2.1585,26216149.21,83040747.05671
399006.SZ,2025-01-06,2014.1899,2018.2457,2033.2681,2000.8615,2015.9671,-1.7772,-0.0882,19827893.7,65404117.97721
399006.SZ,2025-01-07,2028.3582,1996.0003,2028.7513,1988.418,2014.1899,14.1683,0.7034,20962177.94,75457387.66299
399006.SZ,2025-01-08,2008.4441,2011.7489,2029.0233,1963.8057,2028.3582,-19.9141,-0.9818,25729462.55,83579793.45536
399006.SZ,2025-01-09,2010.6601,1994.81,2025.306,1994.7047,2008.4441,2.216,0.1103,19745407.18,68343363.50886
399006.SZ,2025-01-10,1975.3048,2006.5527,2024.4268,1975.3048,2010.6601,-35.3553,-1.7584,21138560.2,75621476.38097
399006.SZ,2025-01-13,1982.4595,1953.8865,1998.4989,1953.8201,1975.3048,7.1547,0.3622,18294218.9,62223774.54532
399006.SZ,2025-01-14,2075.7558,1989.3873,2076.9566,1979.1387,1982.4595,93.2963,4.7061,34543180.71,115843175.03388
399006.SZ,2025-01-15,2037.9335,2064.4758,2064.4758,2032.5742,2075.7558,-37.8223,-1.8221,23711079.32,81497669.61329
399006.SZ,2025-01-16,2051.3507,2051.0949,2084.2257,2029.8164,2037.9335,13.4172,0.6584,25270268.73,97505402.05583
399006.SZ,2025-01-17,2067.2747,2041.7104,2083.2016,2041.581,2051.3507,15.924,0.7763,22361871.09,86863324.00899
399006.SZ,2025-01-20,2104.7277,2090.143,2118.7383,2090.0663,2067.2747,37.453,1.8117,24155618.41,94688030.76742
399006.SZ,2025-01-21,2112.3901,2125.0668,2125.0668,2090.3176,2104.7277,7.6624,0.3641,22380029.99,83353163.04301
399006.SZ,2025-01-22,2101.0346,2103.8319,2110.8968,2081.0753,2112.3901,-11.3555,-0.5376,22920174.26,93162911.45716
399006.SZ,2025-01-23,2093.3129,2125.2951,2151.4765,2093.3129,2101.0346,-7.7217,-0.3675,31699621.76,113500487.17784
399006.SZ,2025-01-24,2121.8391,2084.1338,2131.5536,2084.1338,2093.3129,28.5262,1.3627,28332183.04,98313741.86006
399006.SZ,2025-01-27,2063.8199,2119.1694,2123.1478,2063.8199,2121.8391,-58.0192,-2.7344,25289787.26,88950540.83106
399006.SZ,2025-02-05,2062.9231,2082.9909,2083.0067,2054.3707,2063.8199,-0.8968,-0.0435,34231658.4,119177773.89434
399006.SZ,2025-02-06,2120.7451,2059.4495,2120.7877,2056.1786,2062.9231,57.822,2.8029,41228670.44,141601168.09454
399006.SZ,2025-02-07,2174.3509,2127.1359,2200.1023,2122.3484,2120.7451,53.6058,2.5277,54653121.27,188363358.40386
399006.SZ,2025-02-10,2183.8767,2183.7801,2188.1276,2156.755,2174.3509,9.5258,0.4381,43075324.33,146698000.89248
399006.SZ,2025-02-11,2152.7324,2182.9089,2182.9089,2150.4734,2183.8767,-31.1443,-1.4261,36305748.7,122394397.74158
399006.SZ,2025-02-12,2191.7594,2144.7268,2194.103,2142.0485,2152.7324,39.027,1.8129,39747988.15,136729812.91553
399006.SZ,2025-02-13,2176.1559,2186.1382,2203.6365,2175.4244,2191.7594,-15.6035,-0.7119,38171120.7,134971341.15456
399006.SZ,2025-02-14,2215.2984,2176.3225,2223.386,2176.2123,2176.1559,39.1425,1.7987,40916022.12,139703937.05279
399006.SZ,2025-02-17,2226.6152,2243.6584,2245.3706,2208.7687,2215.2984,11.3168,0.5108,50287794.18,170815885.36105
399006.SZ,2025-02-18,2182.574,2223.4803,2231.2752,2173.5402,2226.6152,-44.0412,-1.9779,42223805.4,143678361.28854
399006.SZ,2025-02-19,2226.9821,2174.956,2228.4823,2174.0069,2182.574,44.4081,2.0347,38445789.22,133941861.75614
399006.SZ,2025-02-20,2225.5838,2222.3729,2233.9835,2204.6406,2226.9821,-1.3983,-0.0628,36593923.56,121357141.43721
399006.SZ,2025-02-21,2281.5118,2228.9165,2284.0384,2228.9165,2225.5838,55.928,2.513,50078031.97,176691754.58079
399006.SZ,2025-02-24,2266.2441,2277.1542,2283.7897,2245.6137,2281.5118,-15.2677,-0.6692,44961204.79,167379895.73139
399006.SZ,2025-02-25,2240.5887,2227.2895,2265.9112,2224.4577,2266.2441,-25.6554,-1.1321,38734597.95,142108006.98862
399006.SZ,2025-02-26,2268.2154,2246.9544,2268.5691,2232.3088,2240.5887,27.6267,1.233,39141685.13,148195950.59795
399006.SZ,2025-02-27,2256.5084,2268.5027,2279.3867,2225.532,2268.2154,-11.707,-0.5161,41272487.25,150932614.01292
399006.SZ,2025-02-28,2170.3919,2238.3402,2240.7762,2163.6867,2256.5084,-86.1165,-3.8164,36789436.55,136250691.05361
399006.SZ,2025-03-03,2196.5248,2176.8166,2232.1985,2161.3587,2170.3919,26.1329,1.2041,33813799.82,124915844.09514
399006.SZ,2025-03-04,2190.0783,2170.9892,2193.5318,2161.0558,2196.5248,-6.4465,-0.2935,27538279.32,103983236.50369
399006.SZ,2025-03-05,2190.3624,2190.5775,2200.8703,2173.9039,2190.0783,0.2841,0.013,26860801.49,100068375.55439
399006.SZ,2025-03-06,2234.689,2204.2472,2243.2788,2202.0068,2190.3624,44.3266,2.0237,39117294.64,139311923.99346
399006.SZ,2025-03-07,2205.3067,2221.9089,2226.0045,2195.1277,2234.689,-29.3823,-1.3148,31482504.87,114892289.98442
399006.SZ,2025-03-10,2199.8771,2211.0966,2217.7744,2182.5808,2205.3067,-5.4296,-0.2462,28282918.93,97189114.53511
399006.SZ,2025-03-11,2204.0302,2172.1794,2204.0302,2171.2669,2199.8771,4.1531,0.1888,25849263.79,92668638.87104
399006.SZ,2025-03-12,2191.2678,2211.1458,2214.973,2191.0989,2204.0302,-12.7624,-0.579,29677801.62,104264798.84948
399006.SZ,2025-03-13,2166.0037,2189.4687,2200.9099,2154.9492,2191.2678,-25.2641,-1.1529,25805446.12,94262891.71797
399006.SZ,2025-03-14,2226.7163,2165.5321,2233.83,2161.89,2166.0037,60.7126,2.803,38389836.61,138694590.0912
399006.SZ,2025-03-17,2215.1266,2230.8543,2233.3331,2212.0178,2226.7163,-11.5897,-0.5205,28273261.14,110032741.31341
399006.SZ,2025-03-18,2228.6442,2225.2041,2242.2173,2215.3734,2215.1266,13.5176,0.6102,26305773.83,105342075.0341
399006.SZ,2025-03-19,2222.3467,2221.6022,2237.9496,2208.2558,2228.6442,-6.2975,-0.2826,24788181.59,101736359.22713
399006.SZ,2025-03-20,2200.0321,2220.4964,2221.6065,2198.375,2222.3467,-22.3146,-1.0041,20973508.81,76886644.54677
399006.SZ,2025-03-21,2152.2792,2193.3613,2201.4176,2149.0913,2200.0321,-47.7529,-2.1706,24426828.52,86953195.35238
399006.SZ,2025-03-24,2152.5548,2154.6697,2160.4643,2125.1289,2152.2792,0.2756,0.0128,22614793.46,79386066.51613
399006.SZ,2025-03-25,2145.4786,2154.2037,2165.0149,2136.607,2152.5548,-7.0762,-0.3287,20640325.95,75098814.6623
399006.SZ,2025-03-26,2139.9016,2143.1189,2157.78,2139.9016,2145.4786,-5.577,-0.2599,17571580.46,60937880.94247
399006.SZ,2025-03-27,2145.0951,2130.4889,2165.1605,2117.7547,2139.9016,5.1935,0.2427,18184338.69,66654731.9802
399006.SZ,2025-03-28,2128.2092,2140.0658,2152.3979,2128.2092,2145.0951,-16.8859,-0.7872,17033931.29,60265983.06625
399006.SZ,2025-03-31,2103.6987,2117.8846,2123.8724,2087.129,2128.2092,-24.5105,-1.1517,19129351.77,69107253.82985
399006.SZ,2025-04-01,2101.8778,2108.4551,2127.5384,2100.2974,2103.6987,-1.8209,-0.0866,20450641.48,72723404.19168
399006.SZ,2025-04-02,2104.625,2103.3872,2121.5552,2097.8245,2101.8778,2.7472,0.1307,15308241.71,56279228.84373
399006.SZ,2025-04-03,2065.4026,2078.1463,2097.6698,2057.6341,2104.625,-39.2224,-1.8636,20278931.69,77701695.21974
399006.SZ,2025-04-07,1807.2061,1925.6412,1939.2694,1756.6404,2065.4026,-258.1965,-12.501,48467471.5,150500250.22429
399006.SZ,2025-04-08,1840.3123,1837.5436,1877.4408,1812.1283,1807.2061,33.1062,1.8319,36794523.98,113181785.07209
399006.SZ,2025-04-09,1858.3561,1805.4644,1872.9289,1777.2483,1840.3123,18.0438,0.9805,38344023.54,119096978.08521
399006.SZ,2025-04-10,1900.5276,1920.6404,1944.1023,1897.3354,1858.3561,42.1715,2.2693,35332983.33,115749988.03823
399006.SZ,2025-04-11,1926.3702,1885.8552,1943.4347,1884.5994,1900.5276,25.8426,1.3598,26646746.08,93576374.59265
399006.SZ,2025-04-14,1932.9127,1954.0493,1956.1562,1928.6332,1926.3702,6.5425,0.3396,22990722.23,80292448.08775
399006.SZ,2025-04-15,1930.3994,1933.8856,1940.7466,1918.4358,1932.9127,-2.5133,-0.13,17712513.78,61457751.48453
399006.SZ,2025-04-16,1907.1095,1918.0292,1919.0926,1879.7757,1930.3994,-23.2899,-1.2065,18895722.91,62468834.08778
399006.SZ,2025-04-17,1908.7764,1893.0173,1923.5295,1892.4739,1907.1095,1.6669,0.0874,16036246.68,53090023.08855
399006.SZ,2025-04-18,1913.9698,1904.9937,1917.5927,1898.7804,1908.7764,5.1934,0.2721,15812819.42,51696818.25717
399006.SZ,2025-04-21,1944.3179,1910.9041,1947.5621,1901.8129,1913.9698,30.3481,1.5856,19417202.42,63644305.75254
399006.SZ,2025-04-22,1928.4315,1933.8318,1939.6876,1923.3743,1944.3179,-15.8864,-0.8171,19887890.44,63204644.11725
399006.SZ,2025-04-23,1949.1625,1950.4353,1962.6781,1935.6807,1928.4315,20.731,1.075,22863053.51,81673370.19152
399006.SZ,2025-04-24,1935.8577,1946.2303,1958.2161,1930.9018,1949.1625,-13.3048,-0.6826,19081517.77,65755288.37052
399006.SZ,2025-04-25,1947.1863,1941.8149,1960.6339,1937.7056,1935.8577,11.3286,0.5852,20884802.12,73707357.01706
399006.SZ,2025-04-28,1934.4567,1951.1599,1951.1599,1930.064,1947.1863,-12.7296,-0.6537,17859982.39,60844246.33662
399006.SZ,2025-04-29,1931.9416,1929.2716,1941.1749,1923.8561,1934.4567,-2.5151,-0.13,18114891.69,61563238.13715
399006.SZ,2025-04-30,1948.0295,1936.1224,1954.6234,1931.8358,1931.9416,16.0879,0.8327,18690660.99,65141223.40493
399006.SZ,2025-05-06,1986.4092,1966.9679,1988.0507,1964.4576,1948.0295,38.3797,1.9702,24874857.85,86256385.71845
399006.SZ,2025-05-07,1996.51,2024.301,2035.4745,1982.3744,1986.4092,10.1008,0.5085,28977290.41,102406979.48514
399006.SZ,2025-05-08,2029.4518,1994.0518,2036.1008,1991.6547,1996.51,32.9418,1.65,22374018.33,97158840.58354
399006.SZ,2025-05-09,2011.7671,2028.4274,2028.4274,2004.4768,2029.4518,-17.6847,-0.8714,19768322.21,83652538.0985
399006.SZ,2025-05-12,2064.7137,2042.9025,2066.3126,2038.3357,2011.7671,52.9466,2.6318,25221910.03,103801238.671
399006.SZ,2025-05-13,2062.2609,2091.3494,2091.3494,2058.7414,2064.7137,-2.4528,-0.1188,24773041.08,97346617.06404
399006.SZ,2025-05-14,2083.1421,2062.2744,2103.3691,2051.8225,2062.2609,20.8812,1.0125,28338147.02,106082690.69319
399006.SZ,2025-05-15,2043.2467,2076.0422,2076.0422,2043.0969,2083.1421,-39.8954,-1.9152,22025407.67,78469820.80007
399006.SZ,2025-05-16,2039.4452,2035.865,2050.8879,2035.865,2043.2467,-3.8015,-0.1861,18200120.19,66710535.41016
399006.SZ,2025-05-19,2032.7561,2038.0477,2038.0477,2017.1675,2039.4452,-6.6891,-0.328,15537155.96,56605101.37365
399006.SZ,2025-05-20,2048.4587,2041.4962,2059.5161,2025.8554,2032.7561,15.7026,0.7725,18961312.56,70476411.62873
399006.SZ,2025-05-21,2065.39,2052.0014,2077.4814,2050.2068,2048.4587,16.9313,0.8265,16765123.69,70944069.91971
399006.SZ,2025-05-22,2045.5655,2065.4127,2065.4127,2043.8938,2065.39,-19.8245,-0.9598,17636137.53,65977604.23221
399006.SZ,2025-05-23,2021.4991,2043.2019,2060.0927,2021.4991,2045.5655,-24.0664,-1.1765,19846985.73,69691753.94774
399006.SZ,2025-05-26,2005.2587,2016.3705,2023.4855,1991.7845,2021.4991,-16.2404,-0.8034,15413065.13,59228663.66576
399006.SZ,2025-05-27,1991.6431,2001.6221,2001.6221,1983.8983,2005.2587,-13.6156,-0.679,13267075.82,50490580.82287
399006.SZ,2025-05-28,1985.383,1996.4876,2001.9513,1981.6682,1991.6431,-6.2601,-0.3143,12951144.92,50932636.33179
399006.SZ,2025-05-29,2012.5482,1988.3191,2016.2143,1986.629,1985.383,27.1652,1.3683,17856065.52,68890555.36344
399006.SZ,2025-05-30,1993.1877,2002.732,2004.5036,1988.1862,2012.5482,-19.3605,-0.962,16805365.39,58031448.7096
399006.SZ,2025-06-03,2002.7005,1986.5433,2012.2398,1985.5672,1993.1877,9.5128,0.4773,16658984.51,58110126.57978
399006.SZ,2025-06-04,2024.9335,2009.3744,2030.9216,2009.3744,2002.7005,22.233,1.1102,19598109.04,69367439.82085
399006.SZ,2025-06-05,2048.615,2026.6311,2053.5627,2014.4354,2024.9335,23.6815,1.1695,22501068.67,80656895.95687
399006.SZ,2025-06-06,2039.4353,2047.8659,2051.9122,2034.0983,2048.615,-9.1797,-0.4481,17314485.77,66361690.63346
399006.SZ,2025-06-09,2061.2909,2046.4271,2075.5797,2045.6443,2039.4353,21.8556,1.0716,24582297.85,88114171.46895
399006.SZ,2025-06-10,2037.2707,2057.9704,2063.8708,2023.1685,2061.2909,-24.0202,-1.1653,24728095.42,85032090.72243
399006.SZ,2025-06-11,2061.8674,2044.2837,2076.9133,2044.2837,2037.2707,24.5967,1.2073,22816454.77,79221466.19677
399006.SZ,2025-06-12,2067.1535,2057.1956,2076.8377,2051.24,2061.8674,5.2861,0.2564,24267624.13,87197314.07752
399006.SZ,2025-06-13,2043.8242,2054.9666,2065.8671,2036.963,2067.1535,-23.3293,-1.1286,27452562.35,93446888.12929
399006.SZ,2025-06-16,2057.3227,2038.6993,2062.4227,2038.6993,2043.8242,13.4985,0.6605,23751964.82,83871880.01867
399006.SZ,2025-06-17,2049.9433,2061.4691,2063.0838,2045.0537,2057.3227,-7.3794,-0.3587,24524499.3,75245704.86264
399006.SZ,2025-06-18,2054.7286,2046.6938,2059.3765,2039.2479,2049.9433,4.7853,0.2334,21042293.87,79876757.97967
399006.SZ,2025-06-19,2026.817,2049.1757,2057.7652,2021.1763,2054.7286,-27.9116,-1.3584,21416802.18,78352299.55751
399006.SZ,2025-06-20,2009.8934,2026.8806,2036.0185,2007.5074,2026.817,-16.9236,-0.835,18140314.5,65448594.25136
399006.SZ,2025-06-23,2017.6336,1996.962,2021.7634,1996.962,2009.8934,7.7402,0.3851,18714009.34,67664473.06811
399006.SZ,2025-06-24,2064.1346,2024.7019,2065.8357,2024.7019,2017.6336,46.501,2.3047,29130822.81,99683788.88129
399006.SZ,2025-06-25,2128.3922,2073.2593,2133.0337,2072.8657,2064.1346,64.2576,3.1131,40751179.08,142873444.06088
399006.SZ,2025-06-26,2114.4254,2128.8587,2142.2102,2113.1369,2128.3922,-13.9668,-0.6562,35565735.77,127091054.76102
399006.SZ,2025-06-27,2124.3446,2125.8488,2146.0358,2112.7452,2114.4254,9.9192,0.4691,33451540.31,120687098.22598
399006.SZ,2025-06-30,2153.0137,2132.9311,2153.9997,2128.7802,2124.3446,28.6691,1.3496,29885879.24,111820831.67944
399006.SZ,2025-07-01,2147.9186,2149.2159,2152.9177,2134.5706,2153.0137,-5.0951,-0.2366,24435666.76,85034149.978
399006.SZ,2025-07-02,2123.7189,2140.1398,2140.1398,2118.5525,2147.9186,-24.1997,-1.1267,22117854.23,76752814.2012
399006.SZ,2025-07-03,2164.0884,2130.7387,2168.6099,2130.7387,2123.7189,40.3695,1.9009,23554092.59,90655475.67927
399006.SZ,2025-07-04,2156.234,2168.346,2187.8838,2153.6211,2164.0884,-7.8544,-0.3629,27687569.3,104202237.3256
399006.SZ,2025-07-07,2130.1858,2148.9337,2155.6858,2126.3229,2156.234,-26.0482,-1.208,18921581.13,75176995.04202
399006.SZ,2025-07-08,2181.077,2129.4888,2183.0571,2129.4888,2130.1858,50.8912,2.389,27380380.2,106441739.46795
399006.SZ,2025-07-09,2184.6745,2179.3168,2204.6353,2179.1088,2181.077,3.5975,0.1649,25105708.23,97022959.28639
399006.SZ,2025-07-10,2189.5773,2192.9883,2199.7097,2174.211,2184.6745,4.9028,0.2244,25073188.29,102627009.5466
399006.SZ,2025-07-11,2207.0968,2190.0065,2223.3051,2181.1855,2189.5773,17.5195,0.8001,36983281.58,129786352.96106
399006.SZ,2025-07-14,2197.0681,2207.5433,2208.0759,2189.0799,2207.0968,-10.0287,-0.4544,25014318.12,91338643.77641
399006.SZ,2025-07-15,2235.0492,2211.4049,2245.4398,2209.9015,2197.0681,37.9811,1.7287,31338156.2,123852648.56627
399006.SZ,2025-07-16,2230.1942,2241.2105,2259.635,2227.8225,2235.0492,-4.855,-0.2172,28146544.77,124715999.58459
399006.SZ,2025-07-17,2269.3266,2228.5245,2269.6681,2228.5245,2230.1942,39.1324,1.7547,28976208.11,124721632.12063
399006.SZ,2025-07-18,2277.152,2279.6674,2296.9111,2263.9715,2269.3266,7.8254,0.3448,26675308.26,119703869.78512
399006.SZ,2025-07-21,2296.8833,2285.4135,2297.1362,2273.8087,2277.152,19.7313,0.8665,28824359.96,120226837.20542
399006.SZ,2025-07-22,2310.856,2295.3643,2313.4588,2290.3781,2296.8833,13.9727,0.6083,32032635.2,131992087.00516
399006.SZ,2025-07-23,2310.671,2308.114,2333.3104,2304.6301,2310.856,-0.185,-0.008,34209118.78,126503147.3545
399006.SZ,2025-07-24,2345.3673,2319.2524,2345.3673,2318.417,2310.671,34.6963,1.5016,38929695.25,143348253.25367
399006.SZ,2025-07-25,2340.0557,2348.2809,2350.0618,2332.0249,2345.3673,-5.3116,-0.2265,34842364.84,115114513.73924
399006.SZ,2025-07-28,2362.5995,2346.3807,2366.5068,2334.1604,2340.0557,22.5438,0.9634,29900893.2,125091962.66311
399006.SZ,2025-07-29,2406.5945,2362.7746,2406.5945,2355.375,2362.5995,43.995,1.8621,32875471.09,138829176.95252
399006.SZ,2025-07-30,2367.6835,2395.8591,2395.8856,2349.1819,2406.5945,-38.911,-1.6168,35273261.17,140643553.0223
399006.SZ,2025-07-31,2328.313,2382.9674,2394.2162,2321.7157,2367.6835,-39.3705,-1.6628,41702183.69,166318167.81512
399006.SZ,2025-08-01,2322.6268,2323.9212,2348.0151,2304.3856,2328.313,-5.6862,-0.2442,33473737.71,128526537.51936
399006.SZ,2025-08-04,2334.323,2307.3731,2334.43,2304.483,2322.6268,11.6962,0.5036,29185006.41,108433416.65878
399006.SZ,2025-08-05,2343.3757,2349.4357,2350.9964,2323.7393,2334.323,9.0527,0.3878,27968781.62,108244713.95981
399006.SZ,2025-08-06,2358.9547,2335.95,2359.823,2335.95,2343.3757,15.579,0.6648,29054439.29,107163003.39903
399006.SZ,2025-08-07,2342.8609,2359.423,2372.6829,2322.8051,2358.9547,-16.0938,-0.6822,31117024.68,123313208.65919
399006.SZ,2025-08-08,2333.959,2338.2485,2353.9876,2330.0105,2342.8609,-8.9019,-0.38,29088134.41,107736548.41754
399006.SZ,2025-08-11,2379.8165,2336.9289,2384.8598,2336.9289,2333.959,45.8575,1.9648,33245201.04,133935192.54715
399006.SZ,2025-08-12,2409.3983,2381.163,2409.3983,2368.8134,2379.8165,29.5818,1.243,32481952.73,138123856.19527
399006.SZ,2025-08-13,2496.5041,2417.4693,2497.8571,2414.482,2409.3983,87.1058,3.6153,42558574.83,181829594.48058
399006.SZ,2025-08-14,2469.6554,2496.6268,2513.3697,2463.8579,2496.5041,-26.8487,-1.0755,41998871.52,170307994.47235
399006.SZ,2025-08-15,2534.2187,2464.6655,2541.8941,2464.6655,2469.6554,64.5633,2.6143,50550336.64,200867658.66686
399006.SZ,2025-08-18,2606.2018,2549.5518,2633.8613,2529.2489,2534.2187,71.9831,2.8404,64024723.78,258230377.10686
399006.SZ,2025-08-19,2601.7431,2596.578,2634.597,2586.9482,2606.2018,-4.4587,-0.1711,47830673.97,211426754.44803
399006.SZ,2025-08-20,2607.6534,2572.0054,2608.0001,2547.4398,2601.7431,5.9103,0.2272,41629170.98,185214088.11056
399006.SZ,2025-08-21,2595.4654,2614.9146,2626.3735,2582.0538,2607.6534,-12.188,-0.4674,38792232.3,174607154.29527
399006.SZ,2025-08-22,2682.5529,2587.5294,2683.9005,2587.5294,2595.4654,87.0875,3.3554,51140299.86,229166051.66372
399006.SZ,2025-08-25,2762.9906,2720.2816,2782.0143,2700.2783,2682.5529,80.4377,2.9986,62965586.01,286791482.24446
399006.SZ,2025-08-26,2742.1268,2747.1071,2773.2402,2726.7236,2762.9906,-20.8638,-0.7551,48542177.83,234958453.09876
399006.SZ,2025-08-27,2723.1985,2747.5002,2822.2711,2723.1985,2742.1268,-18.9283,-0.6903,63723461.53,305015973.48021
399006.SZ,2025-08-28,2827.172,2707.3391,2827.172,2707.3391,2723.1985,103.9735,3.8181,56139966.61,290105409.18122
399006.SZ,2025-08-29,2890.1252,2828.0124,2933.9925,2809.3184,2827.172,62.9532,2.2267,54470682.28,298558028.08546
399006.SZ,2025-09-01,2956.3748,2914.6423,2958.1407,2886.73,2890.1252,66.2496,2.2923,48910622.12,278833586.88171
399006.SZ,2025-09-02,2872.2224,2951.0301,2979.7346,2839.9233,2956.3748,-84.1524,-2.8465,53803286.81,312334166.92899
399006.SZ,2025-09-03,2899.3728,2882.8425,2926.7759,2859.5067,2872.2224,27.1504,0.9453,46850485.1,274918640.31473
399006.SZ,2025-09-04,2776.2483,2933.6778,2956.4106,2741.0758,2899.3728,-123.1245,-4.2466,53021224.21,322826691.81419
399006.SZ,2025-09-05,2958.181,2789.9086,2962.4668,2775.1704,2776.2483,181.9327,6.5532,49485029.43,305801550.71771
399006.SZ,2025-09-08,2933.2464,2964.4285,2964.4285,2883.2612,2958.181,-24.9346,-0.8429,51082357.88,314234047.65695
399006.SZ,2025-09-09,2867.9684,2901.2894,2924.575,2843.6716,2933.2464,-65.278,-2.2255,38646701.61,223233934.09651
399006.SZ,2025-09-10,2904.2687,2890.0521,2926.1606,2860.2618,2867.9684,36.3003,1.2657,36797044.48,237543235.90681
399006.SZ,2025-09-11,3053.7488,2917.7672,3053.7488,2899.8301,2904.2687,149.4801,5.1469,50395836.73,302212450.88332
399006.SZ,2025-09-12,3020.4229,3024.1036,3056.5264,3009.9022,3053.7488,-33.3259,-1.0913,45815079.75,271801055.47238
399006.SZ,2025-09-15,3066.1804,3052.0587,3106.8793,3044.6874,3020.4229,45.7575,1.5149,43179869.66,259964131.81074
399006.SZ,2025-09-16,3087.0396,3072.3017,3089.7815,3020.6281,3066.1804,20.8592,0.6803,43875278.61,249126068.78013
399006.SZ,2025-09-17,3147.3454,3085.7103,3152.308,3064.7685,3087.0396,60.3058,1.9535,46106930.7,256511014.54055
399006.SZ,2025-09-18,3095.8512,3119.7738,3168.6787,3051.2987,3147.3454,-51.4942,-1.6361,58503914.14,325911837.54854
399006.SZ,2025-09-19,3091.0035,3098.2775,3128.3795,3072.7623,3095.8512,-4.8477,-0.1566,40432501.23,230848074.70173
399006.SZ,2025-09-22,3107.8873,3093.9678,3107.8873,3053.354,3091.0035,16.8838,0.5462,36306508.34,208792739.66992
399006.SZ,2025-09-23,3114.553,3139.4999,3157.0232,3041.4607,3107.8873,6.6657,0.2145,46010121.05,273488440.09099
399006.SZ,2025-09-24,3185.5709,3089.9039,3185.8367,3085.7011,3114.553,71.0179,2.2802,45555694.96,270219890.64736
399006.SZ,2025-09-25,3235.7648,3167.7518,3266.0031,3161.076,3185.5709,50.1939,1.5757,45817169.74,287539564.03677
399006.SZ,2025-09-26,3151.5299,3222.187,3251.8821,3150.8433,3235.7648,-84.2349,-2.6032,37212192.46,231865977.71324
399006.SZ,2025-09-29,3238.0119,3165.065,3259.4197,3164.804,3151.5299,86.482,2.7441,44071883.72,265855338.90461
399006.SZ,2025-09-30,3238.1603,3239.3262,3279.0176,3218.6927,3238.0119,0.1484,0.0046,40226811.36,257341469.63847
399006.SZ,2025-10-09,3261.822,3251.0398,3322.4437,3243.7058,3238.1603,23.6617,0.7307,48495936.37,286332527.97533
399006.SZ,2025-10-10,3113.2621,3230.4568,3235.8553,3097.6347,3261.822,-148.5599,-4.5545,45032468.32,268818628.72941
399006.SZ,2025-10-13,3078.7623,2975.0258,3096.4008,2975.0258,3113.2621,-34.4998,-1.1082,40663025.42,240260936.68069
399006.SZ,2025-10-14,2955.9831,3120.9952,3124.8337,2943.583,3078.7623,-122.7792,-3.9879,40923166.1,251349447.58498
399006.SZ,2025-10-15,3025.8673,2964.5166,3030.5856,2927.5146,2955.9831,69.8842,2.3642,32571584.26,193723285.15831
399006.SZ,2025-10-16,3037.4423,3008.3723,3068.838,3001.1047,3025.8673,11.575,0.3825,31186846.27,188298951.42187
399006.SZ,2025-10-17,2935.3698,3026.3981,3042.2862,2932.6835,3037.4423,-102.0725,-3.3605,30547126.41,181738818.68371
399006.SZ,2025-10-20,2993.4549,3007.2079,3042.1995,2970.1883,2935.3698,58.0851,1.9788,25500999.48,181101704.70736
399006.SZ,2025-10-21,3083.7157,3017.7725,3101.9319,2994.7596,2993.4549,90.2608,3.0153,28168531.58,204389318.62346
399006.SZ,2025-10-22,3059.3192,3061.267,3089.764,3044.0446,3083.7157,-24.3965,-0.7911,22169929.25,151305865.19238
399006.SZ,2025-10-23,3062.1626,3050.7359,3066.4603,3003.3363,3059.3192,2.8434,0.0929,23711814.41,145933802.73137
399006.SZ,2025-10-24,3171.5687,3087.6283,3171.5687,3082.0644,3062.1626,109.4061,3.5728,29690903.96,215685708.70494
399006.SZ,2025-10-27,3234.4546,3227.179,3241.9506,3179.6234,3171.5687,62.8859,1.9828,36810286.13,260282684.75173
399006.SZ,2025-10-28,3229.5754,3205.4421,3282.3283,3205.0502,3234.4546,-4.8792,-0.1509,31461266.16,229359284.52255
399006.SZ,2025-10-29,3324.2713,3263.9836,3324.2713,3258.6886,3229.5754,94.6959,2.9321,37209762.74,271889389.89823
399006.SZ,2025-10-30,3263.0222,3313.7878,3331.8594,3259.2101,3324.2713,-61.2491,-1.8425,44118224.85,289539735.88128
399006.SZ,2025-10-31,3187.5327,3260.2637,3281.6616,3187.5327,3263.0222,-75.4895,-2.3135,42705454.25,254323868.40072
399006.SZ,2025-11-03,3196.8709,3179.2966,3199.3986,3120.851,3187.5327,9.3382,0.293,38775641.07,209628726.58414
399006.SZ,2025-11-04,3134.0895,3190.404,3207.1021,3111.0196,3196.8709,-62.7814,-1.9638,32549498.67,176326553.78394
399006.SZ,2025-11-05,3166.2312,3068.9486,3179.9292,3068.9486,3134.0895,32.1417,1.0256,32329493.11,171223477.05504
399006.SZ,2025-11-06,3224.6238,3185.1284,3236.6786,3177.603,3166.2312,58.3926,1.8442,32850891.37,192614665.54442
399006.SZ,2025-11-07,3208.2057,3201.2585,3240.345,3178.802,3224.6238,-16.4181,-0.5091,31054431.09,177530844.69171
399006.SZ,2025-11-10,3178.8272,3221.9327,3236.6054,3138.3027,3208.2057,-29.3785,-0.9157,35251206.81,203293905.19958
399006.SZ,2025-11-11,3134.3159,3197.1225,3209.8897,3130.5753,3178.8272,-44.5113,-1.4002,30556271.7,181998399.2644
399006.SZ,2025-11-12,3122.027,3122.5768,3137.5823,3078.6435,3134.3159,-12.2889,-0.3921,28773059.76,175015591.61557
399006.SZ,2025-11-13,3201.7536,3119.0856,3209.7026,3107.623,3122.027,79.7266,2.5537,31409766.54,188637527.55882
399006.SZ,2025-11-14,3111.507,3145.9236,3167.1052,3111.507,3201.7536,-90.2466,-2.8187,29816540.52,159787110.94435
399006.SZ,2025-11-17,3105.2034,3097.3354,3120.7346,3082.2344,3111.507,-6.3036,-0.2026,32237219.2,165118680.08389
399006.SZ,2025-11-18,3069.2196,3089.3817,3115.3064,3052.636,3105.2034,-35.9838,-1.1588,35026940.08,167886392.95749
399006.SZ,2025-11-19,3076.8452,3065.165,3113.222,3061.9631,3069.2196,7.6256,0.2485,28215699.16,141586424.62509
399006.SZ,2025-11-20,3042.3406,3131.8382,3137.0651,3039.3766,3076.8452,-34.5046,-1.1214,27182577.61,152901403.58518
399006.SZ,2025-11-21,2920.0778,2979.3711,2996.7938,2920.0389,3042.3406,-122.2628,-4.0187,36818037.1,177802407.99437
399006.SZ,2025-11-24,2929.0429,2946.456,2951.4342,2892.2743,2920.0778,8.9651,0.307,36084604.4,159742076.31761
399006.SZ,2025-11-25,2980.9335,2970.7312,3027.83,2961.9324,2929.0429,51.8906,1.7716,38027197.92,172159746.80118
399006.SZ,2025-11-26,3044.6945,2976.7049,3081.4907,2962.9922,2980.9335,63.761,2.139,34196015.44,191672371.26775
399006.SZ,2025-11-27,3031.2956,3041.2046,3113.4418,3027.305,3044.6945,-13.3989,-0.4401,30257169.98,173188219.46192
399006.SZ,2025-11-28,3052.5871,3029.9768,3067.76,3013.4936,3031.2956,21.2915,0.7024,28464849.14,147629395.49275
399006.SZ,2025-12-01,3092.4985,3060.5573,3093.9617,3037.6879,3052.5871,39.9114,1.3075,33868432.75,176210147.36649
399006.SZ,2025-12-02,3071.1487,3091.3693,3094.1765,3056.3621,3092.4985,-21.3498,-0.6904,28695746.24,142882655.58458
399006.SZ,2025-12-03,3036.7864,3078.8583,3105.304,3028.6962,3071.1487,-34.3623,-1.1189,27235488.57,155650156.67098
399006.SZ,2025-12-04,3067.4842,3037.0512,3075.4584,3016.5793,3036.7864,30.6978,1.0109,24407602.34,134688667.03019
399006.SZ,2025-12-05,3109.2974,3084.2174,3115.8141,3048.943,3067.4842,41.8132,1.3631,29276971.82,163227983.69083
399006.SZ,2025-12-08,3190.2688,3119.1512,3214.4775,3119.1512,3109.2974,80.9714,2.6042,34640462.77,216877792.45299
399006.SZ,2025-12-09,3209.6031,3183.6131,3235.5359,3175.5057,3190.2688,19.3343,0.606,28190808.98,193193138.97305
399006.SZ,2025-12-10,3209.0042,3201.3784,3220.2353,3143.4146,3209.6031,-0.5989,-0.0187,25555759.17,176082820.77367
399006.SZ,2025-12-11,3163.6746,3210.5458,3246.3173,3163.6746,3209.0042,-45.3296,-1.4126,29142276.46,192940139.23896
399006.SZ,2025-12-12,3194.3586,3172.7309,3203.2545,3137.6252,3163.6746,30.684,0.9699,33147868.8,220301757.67633
399006.SZ,2025-12-15,3137.8013,3157.3198,3184.6248,3135.6628,3194.3586,-56.5573,-1.7705,26162671.16,169359724.41239
399006.SZ,2025-12-16,3071.7619,3130.4279,3141.5785,3058.7925,3137.8013,-66.0394,-2.1046,24863795.81,156582141.67516
399006.SZ,2025-12-17,3175.9081,3072.6211,3181.689,3072.6211,3071.7619,104.1462,3.3904,29302910.32,186380713.29602
399006.SZ,2025-12-18,3107.0646,3138.6571,3154.0656,3107.0646,3175.9081,-68.8435,-2.1677,25270250.25,156626843.90838
399006.SZ,2025-12-19,3122.238,3134.8043,3157.2902,3112.0318,3107.0646,15.1734,0.4884,24919743.98,141006028.67504
399006.SZ,2025-12-22,3191.9849,3153.7493,3197.9406,3153.7493,3122.238,69.7469,2.2339,26084925.78,180767013.62239
399006.SZ,2025-12-23,3205.0108,3196.3087,3227.0674,3184.5343,3191.9849,13.0259,0.4081,25158992.38,165215064.98836
399006.SZ,2025-12-24,3229.5772,3207.4095,3234.9985,3193.9671,3205.0108,24.5664,0.7665,26460457.06,171507559.61648
399006.SZ,2025-12-25,3239.343,3232.9712,3249.105,3200.4919,3229.5772,9.7658,0.3024,28489693.63,174504511.11726
399006.SZ,2025-12-26,3243.8757,3232.4093,3268.6947,3219.1305,3239.343,4.5327,0.1399,32503639.79,195962554.94188
399006.SZ,2025-12-29,3222.6108,3237.7735,3250.0881,3208.0763,3243.8757,-21.2649,-0.6555,30641275.59,187827199.99703
399006.SZ,2025-12-30,3242.9046,3208.3233,3251.1331,3207.7296,3222.6108,20.2938,0.6297,36813547.04,192881676.0338
399006.SZ,2025-12-31,3203.1717,3247.7367,3254.8897,3198.2482,3242.9046,-39.7329,-1.2252,36505728.76,183658541.47207
399006.SZ,2026-01-05,3294.5513,3229.933,3295.2856,3229.933,3203.1717,91.3796,2.8528,51998573.21,261407346.70351
399006.SZ,2026-01-06,3319.2914,3279.8114,3321.4356,3265.7296,3294.5513,24.7401,0.7509,58725170.66,297841505.43849
399006.SZ,2026-01-07,3329.6926,3331.3408,3351.2156,3298.5528,3319.2914,10.4012,0.3134,51913249.41,277889356.23683
399006.SZ,2026-01-08,3302.3067,3308.7377,3328.955,3285.1638,3329.6926,-27.3859,-0.8225,48454667.85,252691692.09384
399006.SZ,2026-01-09,3327.8127,3279.3763,3330.0119,3269.9928,3302.3067,25.506,0.7724,59361323.26,301179926.5912
399006.SZ,2026-01-12,3388.3407,3323.6365,3398.0502,3282.3886,3327.8127,60.528,1.8189,74483702.28,384563843.79356
399006.SZ,2026-01-13,3321.8886,3390.6885,3416.8373,3307.6305,3388.3407,-66.4521,-1.9612,74355431.51,361131399.07267
399006.SZ,2026-01-14,3349.1376,3333.1714,3403.9542,3308.6275,3321.8886,27.249,0.8203,78241383.76,387935600.56779
399006.SZ,2026-01-15,3367.9166,3318.1087,3372.4744,3309.062,3349.1376,18.779,0.5607,56912195.93,307004638.77102
399006.SZ,2026-01-16,3361.0167,3394.3463,3407.8623,3354.649,3367.9166,-6.8999,-0.2049,54700127.35,312015622.64557
399006.SZ,2026-01-19,3337.6081,3340.9356,3383.7891,3326.1342,3361.0167,-23.4086,-0.6965,41405956.84,246590978.92238
399006.SZ,2026-01-20,3277.979,3340.4559,3347.9444,3257.4351,3337.6081,-59.6291,-1.7866,43396944.92,246868155.67188
399006.SZ,2026-01-21,3295.5226,3270.1272,3329.5021,3270.1272,3277.979,17.5436,0.5352,38040269.59,227900940.38716
399006.SZ,2026-01-22,3328.6471,3312.7513,3337.2721,3280.3168,3295.5226,33.1245,1.0051,37940185.39,253281128.43806
399006.SZ,2026-01-23,3349.5034,3334.0167,3349.5034,3316.6539,3328.6471,20.8563,0.6266,49217697.7,293450274.40576
399006.SZ,2026-01-26,3319.1489,3365.6058,3367.9919,3304.3556,3349.5034,-30.3545,-0.9062,59196541.84,295658022.2583
399006.SZ,2026-01-27,3342.5991,3316.0215,3366.6827,3277.2572,3319.1489,23.4502,0.7065,50221052.46,280609494.30512
399006.SZ,2026-01-28,3323.5619,3359.7883,3361.1404,3301.0479,3342.5991,-19.0372,-0.5695,51138899.63,286007321.51219
399006.SZ,2026-01-29,3304.5103,3322.4798,3356.4849,3298.5882,3323.5619,-19.0516,-0.5732,59295679.06,297815147.89648
399006.SZ,2026-01-30,3346.3552,3301.5407,3369.2448,3255.6481,3304.5103,41.8449,1.2663,51490172.73,294352918.23418
399006.SZ,2026-02-02,3264.1109,3368.1414,3390.2994,3262.1218,3346.3552,-82.2443,-2.4577,46813391.3,292971147.49145
399006.SZ,2026-02-03,3324.8923,3318.06,3332.4771,3249.061,3264.1109,60.7814,1.8621,45597120.98,271986553.8759
399006.SZ,2026-02-04,3311.5148,3298.3221,3318.898,3244.7107,3324.8923,-13.3775,-0.4023,47547035.45,277520488.35993
399006.SZ,2026-02-05,3260.2783,3277.7213,3288.3754,3238.7843,3311.5148,-51.2365,-1.5472,43166401.98,218374095.3799
399006.SZ,2026-02-06,3236.4643,3222.8835,3288.0317,3199.1443,3260.2783,-23.814,-0.7304,39589999.97,216768330.70784
399006.SZ,2026-02-09,3332.7695,3299.5974,3340.3292,3276.5672,3236.4643,96.3052,2.9756,43294946.64,242113215.36956
399006.SZ,2026-02-10,3320.537,3321.8839,3348.4827,3320.537,3332.7695,-12.2325,-0.367,42761646.55,200689647.86657
399006.SZ,2026-02-11,3284.7352,3312.6434,3324.1824,3284.2393,3320.537,-35.8018,-1.0782,40250738.84,204202679.59065
399006.SZ,2026-02-12,3328.0624,3294.5706,3334.3536,3292.6766,3284.7352,43.3272,1.319,42516957.83,223800479.68776
399006.SZ,2026-02-13,3275.9584,3309.4294,3323.3692,3275.2892,3328.0624,-52.104,-1.5656,37588250.09,195089533.08982
399006.SZ,2026-02-24,3308.2648,3331.7946,3343.2439,3292.5006,3275.9584,32.3064,0.9862,38685188.28,221642504.09982
399006.SZ,2026-02-25,3354.819,3313.0925,3363.1817,3302.7587,3308.2648,46.5542,1.4072,40529126.38,230894297.93559
399006.SZ,2026-02-26,3344.9823,3346.7428,3351.5725,3310.5542,3354.819,-9.8367,-0.2932,40638653.78,258086354.86411
399006.SZ,2026-02-27,3310.3049,3303.9765,3326.5846,3292.892,3344.9823,-34.6774,-1.0367,40345682.19,243783343.23436
399006.SZ,2026-03-02,3294.1611,3257.0513,3319.9081,3257.0513,3310.3049,-16.1438,-0.4877,42920507.27,265450817.52592
399006.SZ,2026-03-03,3209.4819,3316.6326,3331.2643,3206.6154,3294.1611,-84.6792,-2.5706,44519598.58,273220506.22006
399006.SZ,2026-03-04,3164.3714,3171.1852,3217.1109,3149.4115,3209.4819,-45.1105,-1.4055,30031786.04,183371276.66959
399006.SZ,2026-03-05,3216.9393,3236.151,3264.7961,3194.9562,3164.3714,52.5679,1.6612,30219484.5,208778973.7498
399006.SZ,2026-03-06,3229.3015,3197.6649,3248.8983,3177.871,3216.9393,12.3622,0.3843,25896537.85,159320387.83734
399006.SZ,2026-03-09,3208.5818,3152.717,3220.0146,3111.8831,3229.3015,-20.7197,-0.6416,38295776.69,219690843.51083
399006.SZ,2026-03-10,3306.1414,3281.9438,3308.747,3272.9901,3208.5818,97.5596,3.0406,36170386.24,225270370.17543
399006.SZ,2026-03-11,3349.5287,3318.4125,3388.1031,3318.4125,3306.1414,43.3873,1.3123,36035208.51,236609546.90882
399006.SZ,2026-03-12,3317.5225,3357.0333,3358.7713,3286.7671,3349.5287,-32.0062,-0.9555,33163983.53,201559411.80944
399006.SZ,2026-03-13,3310.2779,3296.5029,3342.8542,3296.1136,3317.5225,-7.2446,-0.2184,32219201.01,198822126.01603
399006.SZ,2026-03-16,3357.0219,3323.979,3360.3543,3284.0476,3310.2779,46.744,1.4121,29879897.22,202728912.49471
399006.SZ,2026-03-17,3280.0589,3385.7125,3390.0207,3279.8745,3357.0219,-76.963,-2.2926,30723871.07,212352715.82204
399006.SZ,2026-03-18,3346.3651,3307.8216,3350.5565,3274.2597,3280.0589,66.3062,2.0215,28126343.98,206979823.67278
399006.SZ,2026-03-19,3309.1033,3311.4447,3361.2145,3295.4534,3346.3651,-37.2618,-1.1135,31265755.31,207716454.97123
399006.SZ,2026-03-20,3352.1026,3362.0716,3426.6093,3348.7,3309.1033,42.9993,1.2994,38729397.02,293437780.18153
399006.SZ,2026-03-23,3235.2207,3300.5583,3334.4556,3214.8191,3352.1026,-116.8819,-3.4868,38951852.42,247237157.2902
399006.SZ,2026-03-24,3251.5453,3266.9324,3270.1911,3155.2708,3235.2207,16.3246,0.5046,30301174.78,194875995.11923
399006.SZ,2026-03-25,3316.9714,3287.1712,3325.2629,3278.7259,3251.5453,65.4261,2.0122,33890778.06,214022250.73043
399006.SZ,2026-03-26,3272.488,3299.0308,3347.2299,3263.9963,3316.9714,-44.4834,-1.3411,29449892.24,186968658.80707
399006.SZ,2026-03-27,3295.8804,3236.3699,3323.3324,3228.4108,3272.488,23.3924,0.7148,28575375.13,174642769.5895
399006.SZ,2026-03-30,3273.3551,3254.4306,3281.3926,3224.599,3295.8804,-22.5253,-0.6834,26777670.41,165344839.25203
399006.SZ,2026-03-31,3184.9524,3247.2786,3280.479,3184.9524,3273.3551,-88.4027,-2.7007,30923588.87,174309829.53065
399006.SZ,2026-04-01,3247.5229,3255.264,3255.264,3206.8016,3184.9524,62.5705,1.9646,33402621.16,199720088.16626
399006.SZ,2026-04-02,3172.6494,3229.5996,3229.6795,3155.1302,3247.5229,-74.8735,-2.3056,29035912.2,160660319.57561
399006.SZ,2026-04-03,3149.5962,3197.7711,3199.4376,3149.1529,3172.6494,-23.0532,-0.7266,24728339.09,159562135.13913
399006.SZ,2026-04-07,3160.8157,3162.8226,3181.3506,3133.7789,3149.5962,11.2195,0.3562,21612565.62,139208488.63866
399006.SZ,2026-04-08,3347.61,3257.9054,3348.3915,3243.7825,3160.8157,186.7943,5.9097,43237501.5,259959054.53006
399006.SZ,2026-04-09,3323.2989,3316.2912,3340.2983,3301.6459,3347.61,-24.3111,-0.7262,37397554.18,211831798.91435
399006.SZ,2026-04-10,3448.787,3355.0728,3470.7194,3354.7651,3323.2989,125.4881,3.776,43556589.62,278934445.96924
399006.SZ,2026-04-13,3476.4396,3434.3203,3492.4818,3434.3203,3448.787,27.6526,0.8018,35430179.32,230880072.22486
399006.SZ,2026-04-14,3558.5273,3507.1101,3560.3015,3493.3683,3476.4396,82.0877,2.3613,41780319.48,272202119.54546
399006.SZ,2026-04-15,3514.9604,3596.0789,3599.9789,3491.4512,3558.5273,-43.5669,-1.2243,37560123.26,260075151.78502
399006.SZ,2026-04-16,3626.271,3531.2612,3629.4224,3518.3579,3514.9604,111.3106,3.1668,40206054.44,269483378.8449
399006.SZ,2026-04-17,3678.2934,3643.1528,3685.0977,3620.3281,3626.271,52.0224,1.4346,39199668.36,276519725.4009
399006.SZ,2026-04-20,3677.5758,3657.3484,3696.2599,3642.8068,3678.2934,-0.7176,-0.0195,41037734.23,275290251.06444
399006.SZ,2026-04-21,3688.9372,3662.2588,3695.7421,3619.4849,3677.5758,11.3614,0.3089,35939669.17,251445440.18731
399006.SZ,2026-04-22,3752.7591,3660.4199,3755.7512,3660.085,3688.9372,63.8219,1.7301,41895254.12,284823905.90277
399006.SZ,2026-04-23,3720.2474,3769.019,3785.2304,3681.5706,3752.7591,-32.5117,-0.8663,44718559.51,303044225.90738
399006.SZ,2026-04-24,3667.7851,3682.4985,3699.9391,3624.9951,3720.2474,-52.4623,-1.4102,45322258.0,321625530.92587
399006.SZ,2026-04-27,3648.788,3677.8905,3686.9433,3640.1145,3667.7851,-18.9971,-0.5179,37133686.8,268838291.65601
399006.SZ,2026-04-28,3596.7118,3623.4895,3636.9342,3580.3892,3648.788,-52.0762,-1.4272,39597432.93,269203840.82385
399006.SZ,2026-04-29,3687.1681,3578.4228,3692.2058,3578.4228,3596.7118,90.4563,2.515,38355851.37,271460423.49114
399006.SZ,2026-04-30,3677.1485,3704.1088,3718.3986,3660.2192,3687.1681,-10.0196,-0.2717,35458459.12,242510919.29863
399006.SZ,2026-05-06,3778.1595,3760.671,3815.0704,3724.5267,3677.1485,101.011,2.747,47030551.52,339262749.84328
399006.SZ,2026-05-07,3833.0572,3807.9896,3840.0553,3761.2319,3778.1595,54.8977,1.453,44941420.93,327733525.1211
399006.SZ,2026-05-08,3796.1283,3792.0425,3840.1564,3787.1736,3833.0572,-36.9289,-0.9634,42522012.02,277961798.26191
399006.SZ,2026-05-11,3928.9739,3829.6077,3937.8741,3797.4979,3796.1283,132.8456,3.4995,53017942.51,368437065.23589
399006.SZ,2026-05-12,3934.882,3947.137,3954.9915,3897.8172,3928.9739,5.9081,0.1504,43314895.53,331699853.38029
399006.SZ,2026-05-13,4038.3327,3900.7367,4041.989,3893.8032,3934.882,103.4507,2.6291,47487376.78,345057708.37748
399006.SZ,2026-05-14,3951.1404,4087.8506,4090.4223,3937.6007,4038.3327,-87.1923,-2.1591,46616309.61,360236309.14612
399006.SZ,2026-05-15,3929.0642,3957.7375,4002.7267,3870.3736,3951.1404,-22.0762,-0.5587,48638467.63,364666093.45608
399006.SZ,2026-05-18,3914.8753,3895.0684,3961.1555,3883.4046,3929.0642,-14.1889,-0.3611,39713885.86,295608597.43677
399006.SZ,2026-05-19,3908.4374,3894.001,3918.3068,3808.47,3914.8753,-6.4379,-0.1644,41307106.11,295632722.33177
399006.SZ,2026-05-20,3921.7894,3889.6789,3947.2204,3887.1546,3908.4374,13.352,0.3416,38707535.78,280574049.7787
399006.SZ,2026-05-21,3829.7786,3962.3031,4017.809,3827.516,3921.7894,-92.0108,-2.3461,50233729.53,347733362.41216
399006.SZ,2026-05-22,3938.502,3875.8128,3948.989,3856.2068,3829.7786,108.7234,2.8389,40006014.53,318717998.97738
399006.SZ,2026-05-25,4021.1602,3974.9748,4022.737,3905.6946,3938.502,82.6582,2.0987,42167864.5,352637212.74382
399006.SZ,2026-05-26,4043.0658,4003.1332,4057.3694,3985.5127,4021.1602,21.9056,0.5448,42608205.77,350480272.01313
399006.SZ,2026-05-27,4045.7731,4053.6752,4148.2339,4015.6499,4043.0658,2.7073,0.067,42256886.42,365236029.35695
399006.SZ,2026-05-28,4125.0749,4042.0784,4135.3756,3971.7196,4045.7731,79.3018,1.9601,38326811.79,319253507.62721
399006.SZ,2026-05-29,4037.951,4141.9138,4158.6938,4010.1195,4125.0749,-87.1239,-2.1121,43799437.08,354854135.08922
399006.SZ,2026-06-01,3950.9432,4057.3928,4081.4183,3942.6833,4037.951,-87.0078,-2.1548,39735915.17,308144723.6663
399006.SZ,2026-06-02,4055.8709,3987.4066,4083.9248,3946.1081,3950.9432,104.9277,2.6558,36898822.56,303893720.64823
399006.SZ,2026-06-03,4122.987,4089.0198,4218.3305,4063.2049,4055.8709,67.1161,1.6548,38482824.28,344720219.50656
399006.SZ,2026-06-04,4088.884,4072.5489,4114.2369,4051.1466,4122.987,-34.103,-0.8271,33403891.52,283629697.73651
399006.SZ,2026-06-05,3957.935,4079.9523,4105.2105,3933.0655,4088.884,-130.949,-3.2026,37480507.63,348530553.60993
399006.SZ,2026-06-08,3811.7854,3820.2306,3903.7742,3776.9267,3957.935,-146.1496,-3.6926,38163589.79,296119751.65811
399006.SZ,2026-06-09,3961.7493,3865.6931,3962.8976,3823.7604,3811.7854,149.9639,3.9342,34449325.91,298262478.06899
399006.SZ,2026-06-10,3854.7935,3897.73,3928.3596,3818.3123,3961.7493,-106.9558,-2.6997,32466886.06,252512751.00134
399006.SZ,2026-06-11,3811.246,3839.1872,3910.278,3755.6132,3854.7935,-43.5475,-1.1297,32575962.42,263946265.12206
399006.SZ,2026-06-12,3830.353,3921.0888,3921.5348,3822.4219,3811.246,19.107,0.5013,43564051.03,347261908.81333
399006.SZ,2026-06-15,4033.5349,3896.167,4033.5349,3844.0802,3830.353,203.1819,5.3045,44332347.53,377348797.59471
399006.SZ,2026-06-16,4102.9421,4065.2708,4142.4326,4053.8784,4033.5349,69.4072,1.7208,44609657.31,383603681.45493
399006.SZ,2026-06-17,4167.0478,4061.2973,4168.1644,4058.6137,4102.9421,64.1057,1.5624,40248999.96,374395196.63971
399006.SZ,2026-06-18,4252.3903,4153.6209,4272.0078,4153.6209,4167.0478,85.3425,2.048,43444854.27,400912357.82075
399006.SZ,2026-06-22,4359.392,4272.9877,4359.392,4229.3149,4252.3903,107.0017,2.5163,58680744.02,492414870.92496
399006.SZ,2026-06-23,4192.1945,4343.8755,4350.0633,4159.4762,4359.392,-167.1975,-3.8353,52376462.81,429692558.9345
399006.SZ,2026-06-24,4251.4244,4181.9056,4257.2497,4161.5806,4192.1945,59.2299,1.4129,45331913.28,392635954.46995
399006.SZ,2026-06-25,4371.9891,4278.3393,4380.4125,4242.8633,4251.4244,120.5647,2.8359,51159690.8,485032390.86943
399006.SZ,2026-06-26,4194.2089,4319.4094,4328.6995,4175.3771,4371.9891,-177.7802,-4.0663,48806791.53,461055509.001
399006.SZ,2026-06-29,4216.6985,4200.674,4265.4634,4103.6328,4194.2089,22.4896,0.5362,50106009.75,445936860.22942
399006.SZ,2026-06-30,4342.7123,4217.6332,4353.1051,4205.7421,4216.6985,126.0138,2.9884,43449410.71,404917646.55278
399006.SZ,2026-07-01,4260.7208,4336.1611,4361.825,4222.2226,4342.7123,-81.9915,-1.888,55769708.87,468877142.34073
399006.SZ,2026-07-02,4017.2735,4135.3424,4168.8728,3999.5674,4260.7208,-243.4473,-5.7138,51499405.8,424667203.11141
399006.SZ,2026-07-03,4019.9341,4010.8191,4115.6286,3985.363,4017.2735,2.6606,0.0662,45017606.27,370243740.6732
399006.SZ,2026-07-06,3948.86,4050.876,4063.6309,3903.478,4019.9341,-71.0741,-1.768,41421818.32,346872243.11803
399006.SZ,2026-07-07,3911.9075,3931.4388,3976.114,3859.4262,3948.86,-36.9525,-0.9358,35509095.75,288763420.05795
399006.SZ,2026-07-08,3845.3513,3932.4198,3965.3879,3824.3295,3911.9075,-66.5562,-1.7014,42198034.08,324784236.54294
399006.SZ,2026-07-09,4018.1744,3892.1234,4025.316,3812.6552,3845.3513,172.8231,4.4943,46000680.04,368265043.40112
399006.SZ,2026-07-10,3842.7314,4041.8593,4060.5332,3842.3475,4018.1744,-175.443,-4.3662,53486667.54,424191262.85386
399006.SZ,2026-07-13,3723.5166,3809.8585,3855.7535,3691.2325,3842.7314,-119.2148,-3.1023,43381990.11,335587229.0176
399006.SZ,2026-07-14,3851.1372,3729.6129,3855.0347,3673.9586,3723.5166,127.6206,3.4274,40744813.08,341296657.28811
399006.SZ,2026-07-15,3804.7038,3879.7659,3905.3115,3794.3444,3851.1372,-46.4334,-1.2057,40007568.45,291978689.35711
399006.SZ,2026-07-16,3692.4573,3710.5069,3796.3456,3658.0684,3804.7038,-112.2465,-2.9502,41991283.51,285236187.75139
399006.SZ,2026-07-17,3428.6298,3642.0568,3642.0568,3387.2594,3692.4573,-263.8275,-7.145,48153424.03,358504138.85742
399006.SZ,2026-07-20,3443.1015,3504.1162,3550.5941,3338.2134,3428.6298,14.4717,0.4221,47256338.8,339287906.70084
399006.SZ,2026-07-21,3685.9684,3469.2229,3687.1467,3373.0396,3443.1015,242.8669,7.0537,52103482.01,388842951.42532
399006.SZ,2026-07-22,3566.7323,3644.9764,3694.8996,3553.3675,3685.9684,-119.2361,-3.2349,42989110.95,340113315.90067
399006.SZ,2026-07-23,3575.5202,3596.7348,3621.7275,3538.1062,3566.7323,8.7879,0.2464,35404880.39,263397169.5487
399006.SZ,2026-07-24,3480.8702,3515.5037,3561.3499,3480.8702,3575.5202,-94.65,-2.6472,33013985.72,221147036.42522
