trade_date,open,close
20100531,,1000.0
20100601,986.015,973.233
20100602,967.609,997.119
20100603,1002.355,998.394
20100604,989.681,1027.681
20100607,1005.028,1069.468
20100608,1067.324,1067.154
20100609,1070.852,1077.823
20100610,1077.675,1117.478
20100611,1122.443,1122.199
20100617,1126.13,1064.839
20100618,1052.067,1000.277
20100621,991.957,1040.802
20100622,1037.039,1034.995
20100623,1026.865,1047.337
20100624,1046.759,1050.601
20100625,1046.212,1016.283
20100628,1009.223,987.827
20100629,985.572,913.309
20100630,898.291,919.314
20100701,914.395,882.19
20100702,878.951,873.12
20100705,857.369,862.268
20100706,859.258,893.718
20100707,896.532,908.549
20100708,911.997,905.509
20100709,903.496,932.147
20100712,931.535,930.173
20100713,924.948,931.08
20100714,929.749,922.362
20100715,920.046,892.557
20100716,885.067,892.298
20100719,881.656,908.049
20100720,909.543,937.017
20100721,940.097,941.25
20100722,938.218,950.209
20100723,951.84,960.588
20100726,962.76,966.154
20100727,963.544,957.967
20100728,955.188,972.534
20100729,974.295,975.362
20100730,971.663,968.431
20100802,968.45,994.228
20100803,995.195,975.645
20100804,971.407,978.014
20100805,980.27,987.351
20100806,987.967,1011.39
20100809,1013.245,1032.339
20100810,1031.978,993.992
20100811,991.278,1004.637
20100812,994.052,991.777
20100813,992.626,1007.206
20100816,1007.498,1030.217
20100817,1031.075,1033.581
20100818,1033.707,1026.722
20100819,1026.983,1025.526
20100820,1021.458,995.944
20100823,994.938,995.613
20100824,993.576,1004.985
20100825,1000.269,976.878
20100826,978.598,980.63
20100827,978.514,999.456
20100830,1002.987,1024.928
20100831,1020.747,1025.57
20100901,1025.678,995.586
20100902,1001.597,1014.922
20100903,1017.637,1036.703
20100906,1039.464,1010.764
20100907,1010.115,1022.622
20100908,1020.229,1026.327
20100909,1029.106,1021.832
20100910,1021.874,1034.939
20100913,1034.39,1042.482
20100914,1044.302,1031.219
20100915,1029.52,990.103
20100916,989.488,972.602
20100917,976.071,972.229
20100920,972.445,949.195
20100921,952.072,934.461
20100927,936.213,950.671
20100928,949.631,942.049
20100929,941.268,926.758
20100930,923.825,942.539
20101008,946.469,959.863
20101011,960.913,947.11
20101012,946.626,951.79
20101013,951.326,962.738
20101014,963.286,958.495
20101015,954.117,944.254
20101018,941.874,932.359
20101019,932.826,995.922
20101020,986.654,1004.542
20101021,1001.682,991.842
20101022,991.135,1013.448
20101025,1018.084,1039.054
20101026,1041.532,1036.007
20101027,1034.864,1030.593
20101028,1024.697,1038.622
20101029,1042.401,1064.522
20101101,1071.628,1107.523
20101102,1108.093,1075.151
20101103,1063.2,1040.621
20101104,1041.419,1057.714
20101105,1067.873,1072.219
20101108,1077.504,1107.061
20101109,1110.434,1115.648
20101110,1115.743,1141.582
20101111,1137.079,1132.722
20101112,1126.854,1082.24
20101115,1087.807,1148.539
20101116,1154.409,1126.175
20101117,1115.12,1085.349
20101118,1090.138,1102.845
20101119,1106.753,1153.171
20101122,1153.264,1174.938
20101123,1172.06,1183.502
20101124,1176.424,1208.45
20101125,1212.768,1186.358
20101126,1184.803,1196.019
20101129,1195.313,1220.11
20101130,1219.076,1181.504
20101201,1176.613,1177.175
20101202,1187.103,1177.84
20101203,1177.169,1157.939
20101206,1157.72,1134.383
20101207,1132.328,1161.692
20101208,1160.923,1160.239
20101209,1158.817,1144.531
20101210,1139.828,1166.801
20101213,1175.509,1209.271
20101214,1211.463,1218.52
20101215,1217.808,1211.804
20101216,1209.62,1225.03
20101217,1222.927,1232.982
20101220,1235.668,1212.337
20101221,1212.086,1215.022
20101222,1214.772,1201.647
20101223,1198.737,1176.364
20101224,1170.695,1144.502
20101227,1145.699,1105.296
20101228,1098.939,1091.483
20101229,1091.818,1113.31
20101230,1113.559,1117.214
20101231,1117.36,1137.662
20110104,1142.166,1155.106
20110105,1153.909,1155.349
20110106,1153.633,1134.792
20110107,1132.733,1126.517
20110110,1124.337,1093.765
20110111,1089.988,1078.365
20110112,1083.117,1089.673
20110113,1094.826,1093.856
20110114,1092.093,1067.418
20110117,1066.435,1028.161
20110118,1021.836,1025.716
20110119,1025.93,1048.535
20110120,1047.768,1020.389
20110121,1014.716,1024.505
20110124,1024.792,994.967
20110125,992.573,978.998
20110126,978.068,995.744
20110127,991.059,1013.024
20110128,1013.639,1020.938
20110131,1021.626,1029.12
20110201,1029.67,1032.604
20110209,1026.446,1025.152
20110210,1026.253,1063.946
20110211,1067.19,1071.582
20110214,1072.311,1086.558
20110215,1086.796,1087.725
20110216,1086.766,1107.24
20110217,1108.627,1115.334
20110218,1114.447,1100.461
20110221,1096.165,1117.672
20110222,1118.61,1088.266
20110223,1088.08,1114.052
20110224,1112.431,1101.953
20110225,1098.11,1095.098
20110228,1096.337,1099.776
20110301,1100.809,1098.003
20110302,1094.972,1088.897
20110303,1088.891,1064.307
20110304,1063.43,1071.86
20110307,1073.926,1078.111
20110308,1079.528,1084.821
20110309,1084.703,1087.299
20110310,1088.344,1093.904
20110311,1090.212,1101.76
20110314,1099.318,1107.537
20110315,1108.197,1094.954
20110316,1094.124,1102.215
20110317,1096.223,1078.371
20110318,1081.601,1083.597
20110321,1083.146,1070.601
20110322,1072.387,1067.285
20110323,1066.172,1076.563
20110324,1078.018,1077.988
20110325,1077.343,1072.343
20110328,1072.889,1052.113
20110329,1050.29,1019.04
20110330,1017.165,1006.366
20110331,1006.721,1008.296
20110401,1006.038,1015.076
20110406,1011.676,994.261
20110407,993.375,1004.412
20110408,1004.136,1019.142
20110411,1021.305,1002.804
20110412,1000.767,1000.165
20110413,999.534,1020.747
20110414,1021.101,1016.616
20110415,1015.966,1010.058
20110418,1008.484,1003.258
20110419,1000.879,994.299
20110420,993.937,1008.18
20110421,1007.979,1010.56
20110422,1008.166,1004.646
20110425,1001.083,975.175
20110426,970.958,958.292
20110427,956.771,942.543
20110428,941.196,904.147
20110429,901.156,912.715
20110503,911.792,922.072
20110504,919.667,903.985
20110505,901.475,914.593
20110506,910.139,918.282
20110509,920.12,931.77
20110510,932.876,931.205
20110511,931.509,929.953
20110512,927.152,909.255
20110513,909.245,909.774
20110516,911.335,906.337
20110517,903.978,895.149
20110518,891.994,890.794
20110519,891.479,884.89
20110520,884.061,875.43
20110523,873.314,840.898
20110524,836.789,870.939
20110525,867.681,842.35
20110526,843.624,830.921
20110527,830.605,822.944
20110530,819.868,834.316
20110531,836.347,846.315
20110601,846.476,851.166
20110602,841.519,833.737
20110603,833.439,847.545
20110607,845.254,847.709
20110608,846.672,844.978
20110609,843.584,828.016
20110610,825.548,824.03
20110613,820.241,829.359
20110614,829.514,838.474
20110615,837.535,827.533
20110616,822.366,810.709
20110617,809.156,802.637
20110620,800.618,791.758
20110621,791.995,795.608
20110622,797.418,791.513
20110623,790.704,814.444
20110624,812.305,832.324
20110627,832.616,843.859
20110628,843.983,844.177
20110629,844.846,836.384
20110630,834.824,845.919
20110701,847.537,855.27
20110704,856.504,876.168
20110705,877.522,883.417
20110706,881.602,894.277
20110707,893.599,899.798
20110708,899.468,894.909
20110711,894.073,903.31
20110712,895.491,891.516
20110713,890.299,913.085
20110714,913.494,932.775
20110715,935.542,951.138
20110718,952.026,946.118
20110719,940.424,927.297
20110720,932.211,930.828
20110721,930.259,915.368
20110722,917.631,923.995
20110725,920.852,887.063
20110726,884.015,892.54
20110727,890.026,915.548
20110728,907.249,919.395
20110729,919.525,913.278
20110801,911.939,927.384
20110802,923.087,932.121
20110803,922.806,945.509
20110804,944.832,937.475
20110805,905.163,919.185
20110808,908.075,877.443
20110809,848.997,878.761
20110810,891.223,891.752
20110811,873.124,915.489
20110812,920.288,926.297
20110815,928.98,942.485
20110816,942.945,933.139
20110817,932.006,936.159
20110818,934.578,915.684
20110819,895.646,912.421
20110822,913.605,910.606
20110823,912.352,936.416
20110824,940.423,940.196
20110825,942.643,942.944
20110826,940.526,952.806
20110829,951.549,954.029
20110830,957.29,934.185
20110831,931.788,921.495
20110901,921.966,917.751
20110902,916.072,909.853
20110905,902.367,883.873
20110906,876.705,874.738
20110907,877.866,899.614
20110908,903.25,891.932
20110909,889.465,881.577
20110913,870.038,861.916
20110914,864.08,876.949
20110915,877.927,875.861
20110916,878.564,874.883
20110919,871.877,854.712
20110920,850.97,856.812
20110921,856.804,881.031
20110922,876.254,852.92
20110923,840.175,843.479
20110926,842.001,829.347
20110927,833.64,830.884
20110928,834.031,817.515
20110929,813.261,791.894
20110930,792.763,791.134
20111010,792.971,790.042
20111011,806.7,786.151
20111012,783.429,816.138
20111013,816.531,833.021
20111014,830.479,830.197
20111017,832.86,832.289
20111018,826.528,806.6
20111019,807.214,804.436
20111020,801.025,778.954
20111021,777.03,763.295
20111024,761.43,772.41
20111025,770.843,797.858
20111026,794.294,811.134
20111027,810.716,810.922
20111028,820.419,833.423
20111031,834.297,852.798
20111101,843.8,853.359
20111102,837.065,881.047
20111103,885.866,877.658
20111104,881.616,882.253
20111107,880.151,878.758
20111108,878.446,862.36
20111109,866.911,891.123
20111110,881.691,895.272
20111111,893.721,891.193
20111114,899.11,915.977
20111115,916.622,920.974
20111116,921.298,893.508
20111117,893.788,898.339
20111118,892.632,869.19
20111121,866.981,863.134
20111122,856.198,868.432
20111123,868.776,864.811
20111124,856.671,868.142
20111125,866.986,863.495
20111128,864.381,866.837
20111129,872.2,880.313
20111130,878.676,838.108
20111201,861.545,852.872
20111202,849.18,829.176
20111205,825.604,792.495
20111206,788.435,798.096
20111207,797.177,802.625
20111208,799.485,809.431
20111209,802.13,798.837
20111212,798.806,790.792
20111213,787.081,768.924
20111214,766.18,755.762
20111215,751.549,746.555
20111216,745.523,778.775
20111219,774.654,793.44
20111220,791.819,781.418
20111221,786.982,761.337
20111222,754.483,757.896
20111223,754.893,761.442
20111226,760.672,753.049
20111227,749.606,727.173
20111228,721.838,717.554
20111229,714.581,716.549
20111230,718.029,729.504
20120104,734.738,707.107
20120105,700.323,666.905
20120106,662.652,669.017
20120109,667.855,692.418
20120110,691.652,716.453
20120111,715.044,717.936
20120112,715.817,709.89
20120113,709.049,666.078
20120116,657.801,633.908
20120117,630.784,662.69
20120118,662.94,624.911
20120119,621.649,632.799
20120120,634.829,646.383
20120130,649.423,651.246
20120131,649.367,648.681
20120201,647.492,650.776
20120202,652.058,665.402
20120203,665.347,680.045
20120206,681.04,686.508
20120207,683.876,673.679
20120208,673.067,692.303
20120209,692.362,697.79
20120210,696.533,698.854
20120213,694.235,714.956
20120214,714.752,712.296
20120215,711.616,724.751
20120216,723.428,721.832
20120217,722.622,717.797
20120220,726.875,721.099
20120221,719.294,736.882
20120222,737.777,759.562
20120223,760.67,756.897
20120224,756.157,762.29
20120227,763.963,760.373
20120228,757.453,747.768
20120229,747.221,735.336
20120301,734.249,743.148
20120302,743.847,757.669
20120305,759.65,759.369
20120306,758.08,750.837
20120307,743.047,749.266
20120308,751.984,761.703
20120309,764.478,777.694
20120312,779.513,786.049
20120313,785.531,792.378
20120314,795.12,756.459
20120315,754.534,746.441
20120316,748.046,765.562
20120319,764.945,779.557
20120320,777.393,755.583
20120321,758.886,751.791
20120322,750.451,750.851
20120323,748.869,737.892
20120326,735.162,737.213
20120327,739.443,735.734
20120328,732.68,698.486
20120329,692.372,683.959
20120330,682.284,678.519
20120405,677.757,697.751
20120406,697.864,701.901
20120409,699.871,689.715
20120410,686.475,697.165
20120411,689.851,698.487
20120412,699.422,713.124
20120413,715.036,718.959
20120416,714.85,716.229
20120417,716.532,709.139
20120418,710.142,723.462
20120419,723.833,725.12
20120420,724.128,728.718
20120423,724.903,690.432
20120424,680.612,681.534
20120425,679.753,682.524
20120426,683.019,678.444
20120427,677.552,685.131
20120502,692.346,693.609
20120503,693.401,699.306
20120504,699.878,713.186
20120507,710.977,733.045
20120508,733.828,731.723
20120509,727.6,719.35
20120510,718.243,727.285
20120511,726.561,721.078
20120514,725.521,719.872
20120515,714.583,720.115
20120516,718.71,709.956
20120517,709.498,716.17
20120518,711.686,706.216
20120521,705.864,704.803
20120522,706.923,714.662
20120523,715.033,713.017
20120524,711.685,712.577
20120525,713.043,702.724
20120528,699.637,706.47
20120529,705.785,720.454
20120530,720.572,727.188
20120531,724.46,734.454
20120601,733.623,734.257
20120604,721.68,717.101
20120605,718.113,715.93
20120606,717.128,715.24
20120607,721.561,711.428
20120608,716.419,713.921
20120611,714.122,734.504
20120612,731.041,735.294
20120613,735.603,746.505
20120614,745.759,740.966
20120615,742.384,742.268
20120618,744.049,752.978
20120619,751.266,747.492
20120620,747.642,748.388
20120621,746.606,739.047
20120625,736.183,720.6
20120626,716.3,715.924
20120627,715.518,718.928
20120628,719.087,711.144
20120629,708.109,726.684
20120702,730.771,741.186
20120703,742.203,743.902
20120704,744.703,739.624
20120705,738.488,724.313
20120706,727.685,737.289
20120709,733.657,722.281
20120710,719.891,713.526
20120711,710.887,719.299
20120712,718.624,734.323
20120713,731.488,725.788
20120716,722.821,691.385
20120717,687.742,697.003
20120718,695.918,702.138
20120719,701.226,709.166
20120720,707.833,706.25
20120723,703.2,704.573
20120724,700.577,706.396
20120725,704.704,708.301
20120726,707.771,706.725
20120727,707.968,703.581
20120730,703.704,688.474
20120731,686.538,676.96
20120801,677.531,689.489
20120802,688.327,690.982
20120803,691.794,711.925
20120806,708.26,730.419
20120807,729.626,736.012
20120808,734.88,730.065
20120809,729.501,743.199
20120810,743.285,743.073
20120813,742.382,727.637
20120814,726.835,736.347
20120815,734.867,729.73
20120816,728.659,723.53
20120817,721.334,721.049
20120820,718.141,730.866
20120821,730.289,748.935
20120822,748.996,746.853
20120823,745.468,750.561
20120824,747.725,733.309
20120827,731.671,722.574
20120828,720.825,727.616
20120829,726.695,726.941
20120830,727.208,704.035
20120831,701.367,706.625
20120903,703.808,723.871
20120904,724.704,722.721
20120905,721.074,730.616
20120906,732.457,739.741
20120907,744.652,759.46
20120910,759.689,762.313
20120911,761.554,761.731
20120912,763.044,762.511
20120913,761.778,749.892
20120914,753.596,744.464
20120917,742.694,724.145
20120918,722.375,723.61
20120919,724.894,728.251
20120920,727.964,706.693
20120921,703.417,691.138
20120924,685.987,690.338
20120925,688.21,682.335
20120926,680.473,661.49
20120927,662.776,676.957
20120928,674.189,689.64
20121008,690.354,690.767
20121009,691.389,712.702
20121010,712.148,721.848
20121011,720.393,711.797
20121012,711.832,708.868
20121015,706.231,701.964
20121016,700.944,705.388
20121017,706.093,709.094
20121018,709.288,720.524
20121019,720.847,719.448
20121022,716.53,724.278
20121023,723.825,711.262
20121024,707.305,707.753
20121025,707.882,697.436
20121026,695.889,685.333
20121029,684.344,688.12
20121030,688.511,689.61
20121031,689.625,691.653
20121101,692.059,701.778
20121102,702.03,701.38
20121105,700.111,692.868
20121106,693.359,690.497
20121107,689.794,689.746
20121108,684.885,675.849
20121109,674.591,672.67
20121112,674.758,676.597
20121113,676.263,667.327
20121114,666.404,665.185
20121115,662.9,659.211
20121116,659.376,656.196
20121119,654.776,656.936
20121120,657.401,656.606
20121121,656.44,660.032
20121122,659.132,651.826
20121123,652.943,651.43
20121126,651.058,638.878
20121127,635.264,616.284
20121128,611.913,607.67
20121129,607.165,603.17
20121130,602.951,606.766
20121203,605.596,593.66
20121204,592.403,600.801
20121205,599.447,624.824
20121206,625.162,624.318
20121207,624.154,637.487
20121210,638.24,646.319
20121211,645.254,641.167
20121212,639.909,639.509
20121213,638.088,632.181
20121214,631.445,656.217
20121217,656.748,649.612
20121218,648.563,646.046
20121219,645.136,652.101
20121220,652.036,658.311
20121221,658.54,668.089
20121224,666.276,679.759
20121225,679.574,694.116
20121226,693.287,709.075
20121227,709.913,699.569
20121228,698.907,707.668
20121231,708.244,713.863
20130104,717.303,705.342
20130107,704.372,718.114
20130108,718.431,733.138
20130109,732.011,734.506
20130110,734.309,741.18
20130111,740.896,731.587
20130114,735.653,760.55
20130115,763.625,778.603
20130116,777.038,774.485
20130117,773.791,768.308
20130118,771.311,787.386
20130121,788.069,792.6
20130122,792.312,775.135
20130123,773.739,778.478
20130124,778.636,757.869
20130125,757.611,762.848
20130128,764.087,784.76
20130129,785.758,791.671
20130130,791.962,783.682
20130131,784.108,776.005
20130201,775.113,782.363
20130204,783.743,771.902
20130205,768.412,780.981
20130206,781.319,791.263
20130207,792.855,805.586
20130208,804.956,823.028
20130218,829.662,835.277
20130219,834.969,819.709
20130220,819.031,850.863
20130221,846.639,839.298
20130222,837.131,838.763
20130225,838.877,855.694
20130226,853.28,851.217
20130227,852.126,846.09
20130228,846.339,861.095
20130301,860.801,884.891
20130304,880.246,863.5
20130305,861.225,888.099
20130306,890.233,902.903
20130307,902.407,877.337
20130308,877.73,864.699
20130311,863.122,869.15
20130312,869.724,839.836
20130313,835.456,834.049
20130314,832.292,842.036
20130315,841.713,853.906
20130318,852.152,852.117
20130319,850.061,842.685
20130320,842.714,866.267
20130321,867.901,882.734
20130322,881.899,882.001
20130325,882.746,881.756
20130326,878.556,876.361
20130327,876.547,882.752
20130328,877.85,867.511
20130329,868.093,866.455
20130401,866.654,877.001
20130402,875.325,845.163
20130403,842.364,835.138
20130408,824.776,853.484
20130409,854.513,861.991
20130410,861.27,850.533
20130411,853.142,847.782
20130412,847.204,846.612
20130415,844.11,836.342
20130416,828.937,846.054
20130417,845.093,867.511
20130418,862.698,873.481
20130419,874.884,892.21
20130422,890.932,916.021
20130423,916.42,893.79
20130424,894.694,923.406
20130425,924.223,903.634
20130426,901.995,889.381
20130502,887.076,913.651
20130503,916.007,939.21
20130506,941.088,958.022
20130507,956.415,957.44
20130508,960.977,980.083
20130509,978.942,992.161
20130510,989.151,988.3
20130513,989.372,995.109
20130514,992.617,976.333
20130515,976.948,1012.656
20130516,1010.946,1009.526
20130517,1006.474,1023.403
20130520,1025.173,1051.653
20130521,1049.597,1073.583
20130522,1067.437,1039.811
20130523,1035.309,1042.897
20130524,1044.294,1073.782
20130527,1075.825,1089.724
20130528,1089.765,1059.002
20130529,1055.597,1065.96
20130530,1062.999,1073.869
20130531,1074.476,1073.023
20130603,1070.732,1052.136
20130604,1049.102,1022.46
20130605,1021.023,1032.756
20130606,1027.053,1022.13
20130607,1022.559,1030.139
20130613,1019.472,1029.275
20130614,1029.933,1068.147
20130617,1074.53,1073.691
20130618,1073.308,1072.93
20130619,1064.736,1067.625
20130620,1060.383,1029.528
20130621,1007.866,1025.497
20130624,1023.223,971.454
20130625,958.35,984.746
20130626,984.941,1038.976
20130627,1043.664,1022.503
20130628,1012.642,1011.658
20130701,1011.265,1055.839
20130702,1056.907,1083.248
20130703,1079.646,1104.578
20130704,1097.772,1087.904
20130705,1087.685,1057.273
20130708,1035.944,1030.604
20130709,1028.564,1050.715
20130710,1049.213,1068.857
20130711,1066.699,1080.782
20130712,1079.327,1096.296
20130715,1096.185,1139.567
20130716,1141.574,1143.195
20130717,1140.73,1129.48
20130718,1124.794,1127.966
20130719,1125.765,1116.005
20130722,1109.955,1153.772
20130723,1161.079,1178.588
20130724,1181.361,1203.308
20130725,1205.623,1150.387
20130726,1150.247,1158.354
20130729,1155.81,1136.984
20130730,1137.15,1124.102
20130731,1126.102,1134.015
20130801,1135.451,1190.113
20130802,1196.174,1188.851
20130805,1186.732,1202.832
20130806,1202.091,1211.782
20130807,1208.497,1175.702
20130808,1172.085,1185.955
20130809,1185.639,1172.519
20130812,1174.09,1161.872
20130813,1161.486,1172.329
20130814,1175.625,1180.656
20130815,1177.854,1167.094
20130816,1158.962,1132.086
20130819,1126.635,1171.402
20130820,1170.987,1175.783
20130821,1173.609,1181.34
20130822,1180.185,1197.134
20130823,1200.678,1219.825
20130826,1220.975,1238.172
20130827,1238.27,1250.751
20130828,1244.005,1227.995
20130829,1224.613,1226.296
20130830,1221.873,1185.145
20130902,1179.321,1210.185
20130903,1217.772,1234.587
20130904,1233.497,1236.35
20130905,1233.822,1267.26
20130906,1267.841,1282.746
20130909,1282.654,1275.912
20130910,1277.869,1263.589
20130911,1256.655,1220.705
20130912,1215.693,1220.633
20130913,1221.148,1253.448
20130916,1254.472,1278.798
20130917,1279.263,1269.36
20130918,1268.341,1289.642
20130923,1292.762,1326.091
20130924,1325.891,1328.404
20130925,1324.193,1323.04
20130926,1318.521,1306.344
20130927,1305.506,1323.759
20130930,1329.559,1367.912
20131008,1376.365,1387.663
20131009,1385.959,1415.833
20131010,1422.355,1378.148
20131011,1377.976,1379.9
20131014,1374.472,1393.602
20131015,1397.212,1389.749
20131016,1393.005,1335.1
20131017,1339.314,1322.988
20131018,1327.095,1349.937
20131021,1358.884,1400.967
20131022,1401.469,1350.473
20131023,1336.227,1311.231
20131024,1307.114,1295.932
20131025,1298.719,1269.171
20131028,1264.137,1279.05
20131029,1276.265,1261.684
20131030,1256.236,1273.291
20131031,1266.556,1235.555
20131101,1227.692,1221.962
20131104,1217.278,1222.456
20131105,1217.636,1260.025
20131106,1255.474,1241.789
20131107,1234.24,1224.05
20131108,1215.68,1211.11
20131111,1208.259,1212.689
20131112,1213.31,1228.346
20131113,1226.529,1212.08
20131114,1207.448,1249.667
20131115,1248.259,1269.052
20131118,1275.551,1291.151
20131119,1293.057,1298.166
20131120,1299.682,1299.264
20131121,1295.931,1298.953
20131122,1298.468,1295.067
20131125,1290.842,1293.795
20131126,1291.624,1291.854
20131127,1290.188,1329.477
20131128,1333.048,1336.661
20131129,1335.626,1366.834
20131202,1296.703,1253.929
20131203,1223.382,1255.329
20131204,1249.593,1240.287
20131205,1234.504,1202.066
20131206,1196.321,1206.783
20131209,1211.393,1241.715
20131210,1244.574,1231.921
20131211,1230.783,1244.505
20131212,1242.153,1279.318
20131213,1274.166,1278.143
20131216,1279.063,1279.958
20131217,1278.53,1267.673
20131218,1267.772,1256.0
20131219,1253.43,1256.084
20131220,1255.824,1253.714
20131223,1251.41,1242.806
20131224,1242.002,1258.823
20131225,1261.996,1288.341
20131226,1290.869,1269.535
20131227,1265.083,1294.302
20131230,1294.417,1307.988
20131231,1302.671,1304.444
20140102,1302.298,1333.003
20140103,1332.352,1352.84
20140106,1350.312,1323.328
20140107,1315.436,1352.276
20140108,1363.306,1405.023
20140109,1401.797,1380.244
20140110,1373.517,1353.302
20140113,1352.007,1362.788
20140114,1364.801,1400.916
20140115,1399.666,1415.323
20140116,1415.568,1395.163
20140117,1395.029,1395.509
20140120,1393.876,1372.736
20140121,1370.686,1407.152
20140122,1407.464,1431.741
20140123,1433.701,1461.525
20140124,1458.206,1484.432
20140127,1477.46,1477.669
20140128,1476.589,1471.34
20140129,1472.542,1496.527
20140130,1494.117,1495.978
20140207,1489.054,1532.687
20140210,1536.991,1553.415
20140211,1550.618,1527.151
20140212,1527.1,1539.966
20140213,1537.26,1485.131
20140214,1484.563,1515.784
20140217,1521.166,1558.616
20140218,1558.742,1545.341
20140219,1544.642,1544.402
20140220,1545.255,1515.164
20140221,1512.168,1519.665
20140224,1517.966,1540.026
20140225,1543.966,1472.691
20140226,1452.056,1465.985
20140227,1467.272,1414.657
20140228,1410.399,1434.894
20140303,1433.901,1465.139
20140304,1462.261,1460.452
20140305,1467.062,1464.578
20140306,1461.115,1462.528
20140307,1463.933,1460.611
20140310,1446.063,1407.073
20140311,1399.9,1395.813
20140312,1390.86,1399.266
20140313,1401.549,1436.856
20140314,1433.463,1434.021
20140317,1436.105,1477.415
20140318,1479.38,1485.64
20140319,1481.493,1466.217
20140320,1463.072,1417.658
20140321,1405.9,1419.84
20140324,1411.776,1397.294
20140325,1392.143,1394.824
20140326,1396.907,1417.614
20140327,1415.551,1367.964
20140328,1363.873,1330.5
20140331,1327.234,1327.8
20140401,1327.175,1355.051
20140402,1356.679,1327.983
20140403,1326.8091,1326.1764
20140404,1323.413,1346.738
20140408,1335.392,1351.183
20140409,1355.366,1370.462
20140410,1374.612,1381.142
20140411,1370.398,1363.899
20140414,1367.746,1372.728
20140415,1375.693,1369.889
20140416,1365.831,1359.304
20140417,1360.749,1367.591
20140418,1365.357,1377.419
20140421,1367.927,1363.851
20140422,1361.578,1336.187
20140423,1332.93,1326.438
20140424,1325.856,1319.505
20140425,1316.374,1291.903
20140428,1283.639,1257.263
20140429,1253.237,1266.543
20140430,1266.344,1283.209
20140505,1281.163,1302.146
20140506,1301.594,1316.858
20140507,1313.377,1290.025
20140508,1284.438,1279.837
20140509,1279.678,1258.584
20140512,1263.915,1278.282
20140513,1274.57,1276.244
20140514,1273.207,1278.661
20140515,1276.642,1253.879
20140516,1250.375,1226.473
20140519,1224.649,1228.371
20140520,1239.65,1244.647
20140521,1241.017,1257.796
20140522,1259.874,1269.513
20140523,1269.176,1295.998
20140526,1301.865,1320.759
20140527,1319.664,1306.284
20140528,1306.285,1338.971
20140529,1338.299,1314.212
20140530,1312.303,1318.127
20140603,1317.99,1319.625
20140604,1318.327,1321.718
20140605,1320.143,1355.482
20140606,1354.905,1350.447
20140609,1348.765,1326.675
20140610,1327.105,1353.871
20140611,1350.375,1367.388
20140612,1364.414,1363.739
20140613,1361.087,1382.733
20140616,1384.157,1395.611
20140617,1396.38,1377.431
20140618,1377.577,1363.991
20140619,1363.453,1320.655
20140620,1319.108,1333.982
20140623,1335.18,1361.283
20140624,1360.078,1369.439
20140625,1368.664,1358.708
20140626,1360.199,1386.273
20140627,1388.38,1388.815
20140630,1388.474,1404.71
20140701,1405.439,1411.736
20140702,1413.173,1419.937
20140703,1419.814,1422.603
20140704,1421.677,1411.638
20140707,1411.989,1393.889
20140708,1392.347,1410.725
20140709,1410.393,1384.579
20140710,1384.454,1363.882
20140711,1361.569,1359.342
20140714,1358.173,1367.07
20140715,1364.081,1341.269
20140716,1338.921,1318.615
20140717,1315.093,1312.809
20140718,1309.957,1305.922
20140721,1304.721,1306.965
20140722,1306.317,1329.349
20140723,1330.139,1293.094
20140724,1291.485,1271.879
20140725,1271.427,1285.768
20140728,1289.103,1314.527
20140729,1315.749,1331.764
20140730,1330.191,1342.738
20140731,1342.734,1344.544
20140801,1339.982,1325.938
20140804,1325.009,1329.821
20140805,1330.321,1360.692
20140806,1357.528,1365.74
20140807,1365.184,1362.028
20140808,1368.06,1377.445
20140811,1379.473,1397.784
20140812,1398.148,1396.438
20140813,1396.262,1384.309
20140814,1384.717,1380.303
20140815,1382.872,1392.451
20140818,1394.638,1428.739
20140819,1436.424,1436.396
20140820,1438.288,1427.404
20140821,1428.628,1447.881
20140822,1450.101,1461.722
20140825,1461.207,1443.806
20140826,1440.704,1411.15
20140827,1411.76,1420.54
20140828,1423.343,1403.795
20140829,1400.839,1424.469
20140901,1428.365,1452.843
20140902,1457.505,1465.033
20140903,1468.093,1477.673
20140904,1478.328,1495.513
20140905,1497.992,1489.835
20140909,1492.445,1494.017
20140910,1491.413,1504.914
20140911,1506.004,1513.014
20140912,1512.397,1524.121
20140915,1522.57,1526.135
20140916,1527.065,1473.13
20140917,1473.522,1479.118
20140918,1477.314,1490.787
20140919,1492.099,1499.124
20140922,1496.959,1483.353
20140923,1485.505,1500.99
20140924,1501.039,1517.421
20140925,1520.099,1508.416
20140926,1506.313,1511.357
20140929,1515.376,1526.175
20140930,1527.26,1540.874
20141008,1543.593,1557.568
20141009,1562.102,1561.166
20141010,1559.928,1554.217
20141013,1548.177,1548.327
20141014,1546.666,1539.119
20141015,1539.347,1545.623
20141016,1539.858,1526.56
20141017,1527.457,1511.054
20141020,1513.422,1532.38
20141021,1535.066,1517.483
20141022,1518.803,1504.552
20141023,1500.547,1477.837
20141024,1478.339,1477.588
20141027,1473.662,1492.01
20141028,1495.694,1522.052
20141029,1525.983,1530.084
20141030,1532.909,1525.767
20141031,1527.605,1513.267
20141103,1513.253,1529.892
20141104,1531.821,1516.396
20141105,1514.77,1512.487
20141106,1513.722,1532.52
20141107,1535.494,1522.625
20141110,1525.198,1514.818
20141111,1513.529,1461.508
20141112,1457.239,1475.753
20141113,1473.739,1442.859
20141114,1438.966,1441.213
20141117,1444.064,1471.685
20141118,1471.082,1481.86
20141119,1488.456,1505.552
20141120,1504.584,1494.591
20141121,1493.159,1504.833
20141124,1513.428,1507.811
20141125,1510.622,1541.922
20141126,1544.687,1554.22
20141127,1557.771,1563.409
20141128,1562.829,1570.851
20141201,1569.65,1552.306
20141202,1554.464,1565.417
20141203,1568.474,1604.447
20141204,1604.891,1621.845
20141205,1626.118,1581.907
20141208,1575.303,1567.163
20141209,1557.017,1504.623
20141210,1499.33,1572.685
20141211,1572.605,1587.665
20141212,1588.241,1623.569
20141215,1623.603,1657.498
20141216,1665.298,1649.582
20141217,1639.154,1644.212
20141218,1641.577,1634.052
20141219,1627.8,1596.811
20141222,1583.955,1517.928
20141223,1501.527,1496.534
20141224,1502.667,1519.798
20141225,1521.995,1529.468
20141226,1531.2,1536.082
20141229,1531.117,1499.4
20141230,1491.1,1460.108
20141231,1455.679,1471.764
20150105,1470.578,1464.774
20150106,1458.573,1539.828
20150107,1542.4,1523.387
20150108,1516.833,1541.887
20150109,1535.328,1553.239
20150112,1552.054,1586.124
20150113,1587.691,1601.168
20150114,1598.723,1588.007
20150115,1584.677,1586.335
20150116,1586.71,1639.555
20150119,1608.251,1630.065
20150120,1635.572,1700.852
20150121,1704.101,1722.581
20150122,1723.244,1744.037
20150123,1742.087,1697.288
20150126,1698.985,1739.79
20150127,1742.465,1743.675
20150128,1741.07,1731.413
20150129,1717.398,1711.372
20150130,1712.854,1680.58
20150202,1667.119,1696.829
20150203,1703.927,1750.906
20150204,1753.769,1757.739
20150205,1757.234,1774.312
20150206,1772.352,1730.966
20150209,1727.223,1708.845
20150210,1707.262,1747.675
20150211,1748.23,1772.845
20150212,1777.216,1788.809
20150213,1798.54,1825.488
20150216,1836.714,1896.628
20150217,1908.183,1894.306
20150225,1899.389,1876.745
20150226,1875.332,1880.388
20150227,1880.63,1928.044
20150302,1944.106,1986.986
20150303,1987.332,1961.743
20150304,1960.536,2009.827
20150305,2015.703,2014.786
20150306,2016.813,1951.398
20150309,1941.42,1994.39
20150310,2001.185,2045.322
20150311,2050.76,2035.829
20150312,2034.621,2018.132
20150313,2020.656,2069.072
20150316,2088.199,2142.672
20150317,2149.369,2137.462
20150318,2138.366,2182.919
20150319,2184.763,2183.878
20150320,2187.468,2213.766
20150323,2225.848,2293.649
20150324,2310.513,2357.969
20150325,2364.941,2385.014
20150326,2362.446,2291.789
20150327,2274.677,2323.818
20150330,2319.307,2290.476
20150331,2294.317,2335.171
20150401,2346.996,2404.909
20150402,2434.764,2475.325
20150403,2469.847,2510.16
20150407,2530.072,2556.698
20150408,2566.937,2488.158
20150409,2481.688,2496.487
20150410,2475.555,2552.829
20150413,2558.186,2577.776
20150414,2584.586,2558.848
20150415,2548.992,2441.739
20150416,2420.931,2484.33
20150417,2507.472,2463.99
20150420,2462.406,2424.848
20150421,2443.12,2566.091
20150422,2610.738,2634.931
20150423,2656.177,2706.185
20150424,2689.907,2734.75
20150427,2781.597,2747.497
20150428,2764.406,2687.974
20150429,2693.481,2797.524
20150430,2825.161,2857.89
20150504,2868.102,2845.252
20150505,2830.794,2783.443
20150506,2806.299,2846.558
20150507,2824.82,2806.047
20150508,2838.97,2973.596
20150511,3015.433,3146.83
20150512,3176.543,3250.296
20150513,3185.342,3192.147
20150514,3174.448,3141.593
20150515,3109.114,3145.335
20150518,3178.369,3278.483
20150519,3310.091,3322.774
20150520,3339.17,3406.284
20150521,3421.611,3527.413
20150522,3594.589,3516.627
20150525,3415.668,3467.916
20150526,3471.795,3618.231
20150527,3638.21,3628.673
20150528,3618.339,3432.982
20150529,3444.062,3542.844
20150601,3580.077,3718.753
20150602,3757.104,3901.543
20150603,3949.284,3982.251
20150604,3991.797,3943.467
20150605,3994.44,3885.832
20150608,3862.801,3704.553
20150609,3664.372,3705.536
20150610,3695.064,3834.699
20150611,3843.98,3862.138
20150612,3889.155,3899.705
20150615,3919.356,3696.027
20150616,3636.787,3590.669
20150617,3586.371,3741.357
20150618,3734.91,3504.554
20150619,3408.526,3314.976
20150623,3314.885,3393.94
20150624,3425.569,3383.404
20150625,3403.628,3206.381
20150626,3078.398,2920.703
20150629,2943.504,2689.76
20150630,2566.017,2858.606
20150701,2842.166,2759.408
20150702,2756.245,2649.316
20150703,2559.025,2605.276
20150706,2795.671,2493.828
20150707,2398.103,2352.01
20150708,2304.761,2364.049
20150709,2338.109,2435.755
20150710,2487.388,2535.889
20150713,2612.768,2683.074
20150714,2725.043,2726.048
20150715,2750.655,2590.031
20150716,2526.647,2627.076
20150717,2651.44,2783.324
20150720,2820.723,2848.303
20150721,2802.022,2882.897
20150722,2882.061,2897.373
20150723,2896.249,2967.952
20150724,2976.935,2897.824
20150727,2822.374,2683.446
20150728,2546.406,2581.962
20150729,2617.938,2693.865
20150730,2671.455,2561.191
20150731,2507.265,2539.844
20150803,2475.328,2399.273
20150804,2396.408,2546.162
20150805,2542.269,2502.041
20150806,2441.955,2480.926
20150807,2509.963,2576.993
20150810,2606.735,2706.718
20150811,2705.037,2698.912
20150812,2658.843,2622.188
20150813,2608.74,2684.258
20150814,2713.784,2674.022
20150817,2665.373,2666.287
20150818,2674.422,2504.172
20150819,2427.937,2570.691
20150820,2556.772,2508.817
20150821,2452.615,2341.954
20150824,2222.542,2152.614
20150825,1996.043,1990.706
20150826,1975.923,1890.036
20150827,1924.778,1959.494
20150828,1990.345,2082.124
20150831,2056.286,1996.865
20150901,1959.455,1889.491
20150902,1787.709,1855.032
20150907,1882.859,1893.521
20150908,1875.674,2001.156
20150909,2023.305,2071.717
20150910,2030.032,2039.118
20150911,2039.012,2060.505
20150914,2068.202,1906.214
20150915,1843.23,1797.557
20150916,1813.727,1926.245
20150917,1943.285,1933.297
20150918,1948.116,1983.298
20150921,1950.328,2079.06
20150922,2082.336,2078.718
20150923,2039.487,2077.99
20150924,2090.557,2106.594
20150925,2091.854,2020.972
20150928,2024.892,2122.257
20150929,2089.538,2098.567
20150930,2111.987,2082.673
20151008,2153.118,2190.311
20151009,2190.839,2216.656
20151012,2233.605,2316.782
20151013,2297.932,2342.039
20151014,2330.083,2305.003
20151015,2300.617,2404.533
20151016,2424.62,2449.03
20151019,2465.11,2433.599
20151020,2430.183,2511.164
20151021,2504.784,2344.74
20151022,2355.157,2458.138
20151023,2488.306,2538.383
20151026,2570.128,2527.477
20151027,2497.155,2563.958
20151028,2551.701,2485.235
20151029,2504.854,2485.276
20151030,2475.229,2478.277
20151102,2416.1,2432.038
20151103,2444.051,2429.27
20151104,2451.227,2584.317
20151105,2587.819,2564.722
20151106,2571.656,2661.412
20151109,2653.309,2724.619
20151110,2710.899,2746.609
20151111,2738.584,2804.677
20151112,2818.568,2783.298
20151113,2751.386,2710.161
20151116,2656.574,2797.162
20151117,2834.98,2717.052
20151118,2727.61,2661.165
20151119,2678.355,2770.752
20151120,2783.036,2800.15
20151123,2797.122,2770.577
20151124,2767.723,2816.048
20151125,2813.51,2897.569
20151126,2911.853,2833.198
20151127,2819.364,2649.55
20151130,2658.972,2672.581
20151201,2669.302,2655.345
20151202,2653.237,2613.263
20151203,2622.486,2708.123
20151204,2702.563,2692.161
20151207,2699.337,2738.149
20151208,2723.619,2691.658
20151209,2677.587,2667.912
20151210,2665.275,2695.507
20151211,2686.305,2671.292
20151214,2642.817,2709.265
20151215,2718.251,2745.7
20151216,2760.256,2763.114
20151217,2784.97,2835.701
20151218,2836.916,2830.259
20151221,2825.315,2829.921
20151222,2836.957,2839.852
20151223,2845.434,2783.942
20151224,2775.984,2795.78
20151225,2807.514,2794.73
20151228,2809.519,2735.485
20151229,2732.554,2749.822
20151230,2758.25,2779.513
20151231,2780.539,2714.048
20160104,2706.275,2491.24
20160105,2353.233,2416.725
20160106,2433.358,2468.366
20160107,2415.329,2256.524
20160108,2297.592,2248.99
20160111,2188.188,2106.358
20160112,2117.251,2147.531
20160113,2160.323,2059.776
20160114,1991.232,2175.012
20160115,2160.174,2112.902
20160118,2074.858,2174.934
20160119,2170.094,2241.696
20160120,2222.601,2204.648
20160121,2173.315,2112.404
20160122,2140.281,2149.586
20160125,2165.726,2158.824
20160126,2132.217,1994.047
20160127,1997.316,1997.465
20160128,1969.309,1906.461
20160129,1908.262,1994.065
20160201,1989.207,1992.695
20160202,1996.594,2075.287
20160203,2049.324,2090.513
20160204,2095.617,2126.636
20160205,2127.347,2096.986
20160215,2029.556,2116.838
20160216,2128.056,2201.925
20160217,2197.925,2215.341
20160218,2230.799,2190.911
20160219,2186.015,2211.006
20160222,2235.17,2245.564
20160223,2245.75,2218.119
20160224,2212.589,2203.741
20160225,2198.928,2037.143
20160226,2045.51,2014.92
20160229,2000.572,1880.146
20160301,1881.321,1934.919
20160302,1930.842,2017.604
20160303,2014.179,2007.076
20160304,1994.061,1907.041
20160307,1935.093,1953.332
20160308,1944.648,2002.191
20160309,1962.277,1970.813
20160310,1968.766,1936.968
20160311,1911.325,1934.87
20160314,1962.105,2023.128
20160315,2016.807,1996.92
20160316,2029.919,1977.538
20160317,1986.144,2087.293
20160318,2102.19,2177.87
20160321,2214.913,2227.034
20160322,2201.194,2221.702
20160323,2214.87,2259.106
20160324,2234.215,2219.77
20160325,2209.26,2216.086
20160328,2233.131,2199.685
20160329,2190.875,2152.548
20160330,2172.741,2248.783
20160331,2256.431,2238.286
20160401,2223.377,2205.369
20160405,2207.464,2279.52
20160406,2274.772,2297.041
20160407,2310.923,2248.684
20160408,2230.951,2229.934
20160411,2255.069,2283.143
20160412,2283.211,2264.016
20160413,2278.522,2294.015
20160414,2310.596,2324.394
20160415,2328.312,2309.676
20160418,2288.42,2265.593
20160419,2278.307,2272.52
20160420,2279.758,2145.239
20160421,2135.932,2110.162
20160422,2093.781,2136.924
20160425,2128.655,2126.834
20160426,2123.874,2155.697
20160427,2162.762,2146.611
20160428,2149.102,2155.229
20160429,2141.58,2138.738
20160503,2138.963,2217.23
20160504,2210.13,2211.018
20160505,2208.397,2224.095
20160506,2226.444,2129.194
20160509,2107.333,2053.597
20160510,2051.376,2054.222
20160511,2067.69,2034.925
20160512,2006.258,2034.565
20160513,2030.941,2025.223
20160516,2017.843,2057.857
20160517,2059.515,2081.44
20160518,2062.811,2020.475
20160519,2023.958,2037.403
20160520,2018.382,2065.301
20160523,2072.997,2098.234
20160524,2094.21,2075.509
20160525,2091.972,2067.253
20160526,2060.427,2086.007
20160527,2076.297,2069.885
20160530,2054.617,2058.518
20160531,2061.839,2159.8
20160601,2164.727,2168.82
20160602,2163.588,2188.558
20160603,2176.358,2204.974
20160606,2212.457,2199.301
20160607,2202.041,2196.727
20160608,2191.27,2186.544
20160613,2150.392,2054.707
20160614,2045.211,2058.314
20160615,2033.6,2128.799
20160616,2124.156,2101.416
20160617,2109.574,2122.89
20160620,2117.986,2119.63
20160621,2135.462,2092.001
20160622,2085.98,2144.818
20160623,2144.583,2137.485
20160624,2131.154,2127.364
20160627,2111.1,2191.806
20160628,2181.412,2216.71
20160629,2228.506,2209.788
20160630,2213.602,2227.79
20160701,2231.182,2211.177
20160704,2195.622,2248.712
20160705,2253.689,2246.024
20160706,2239.758,2241.56
20160707,2240.895,2233.922
20160708,2231.969,2239.002
20160711,2242.26,2218.588
20160712,2218.019,2247.354
20160713,2258.263,2285.369
20160714,2282.157,2293.079
20160715,2289.103,2263.784
20160718,2257.418,2249.871
20160719,2249.735,2273.719
20160720,2272.644,2268.535
20160721,2266.083,2265.128
20160722,2262.102,2249.999
20160725,2245.864,2245.885
20160726,2245.937,2279.55
20160727,2282.066,2155.386
20160728,2150.318,2139.744
20160729,2144.272,2122.412
20160801,2113.674,2099.179
20160802,2096.55,2113.214
20160803,2110.234,2108.314
20160804,2107.623,2129.652
20160805,2128.74,2109.055
20160808,2102.241,2130.594
20160809,2128.64,2154.505
20160810,2155.386,2137.001
20160811,2134.604,2103.395
20160812,2098.773,2123.841
20160815,2126.79,2193.211
20160816,2195.024,2201.096
20160817,2200.235,2208.195
20160818,2204.954,2201.594
20160819,2200.681,2204.556
20160822,2205.575,2167.4
20160823,2168.338,2174.158
20160824,2178.527,2192.17
20160825,2179.014,2180.66
20160826,2186.004,2189.749
20160829,2187.723,2193.2
20160830,2197.486,2195.531
20160831,2194.606,2191.758
20160901,2192.94,2181.326
20160902,2176.391,2170.857
20160905,2178.634,2182.694
20160906,2183.226,2222.837
20160907,2223.019,2212.053
20160908,2211.393,2223.468
20160909,2223.584,2202.967
20160912,2163.451,2145.563
20160913,2157.945,2145.868
20160914,2137.396,2144.557
20160919,2149.372,2165.213
20160920,2164.419,2158.432
20160921,2158.061,2162.131
20160922,2174.298,2168.422
20160923,2171.63,2156.51
20160926,2154.399,2122.9
20160927,2118.949,2140.803
20160928,2143.724,2139.628
20160929,2141.336,2146.184
20160930,2144.472,2149.901
20161010,2165.852,2208.469
20161011,2207.434,2210.861
20161012,2202.363,2209.685
20161013,2211.755,2208.567
20161014,2203.873,2194.227
20161017,2199.182,2167.862
20161018,2164.6,2198.141
20161019,2200.531,2184.91
20161020,2187.406,2193.255
20161021,2196.845,2180.996
20161024,2184.11,2200.803
20161025,2202.792,2200.207
20161026,2203.478,2184.493
20161027,2182.905,2182.477
20161028,2182.559,2165.433
20161031,2158.565,2159.76
20161101,2160.39,2176.447
20161102,2170.811,2146.399
20161103,2137.131,2153.185
20161104,2151.925,2145.229
20161107,2141.299,2130.301
20161108,2138.454,2150.302
20161109,2150.623,2123.845
20161110,2143.564,2143.321
20161111,2143.581,2147.107
20161114,2146.83,2161.686
20161115,2161.573,2179.3
20161116,2187.504,2182.467
20161117,2176.122,2163.041
20161118,2164.711,2157.96
20161121,2156.461,2152.602
20161122,2156.515,2177.651
20161123,2182.098,2165.707
20161124,2159.614,2146.626
20161125,2145.97,2167.528
20161128,2172.973,2166.045
20161129,2161.775,2160.345
20161130,2157.539,2183.049
20161201,2181.73,2181.929
20161202,2180.385,2143.452
20161205,2129.245,2143.878
20161206,2149.752,2122.259
20161207,2123.552,2134.987
20161208,2135.792,2114.711
20161209,2114.447,2099.888
20161212,2095.584,1984.395
20161213,1982.078,1985.043
20161214,1982.98,1963.08
20161215,1957.714,1975.853
20161216,1977.863,1998.1134
20161219,1995.0033,1980.4102
20161220,1981.6929,1982.2972
20161221,1987.758,1991.6964
20161222,1993.0367,1986.2744
20161223,1987.7283,1964.5412
20161226,1959.1852,1974.0101
20161227,1972.5056,1968.6195
20161228,1968.1465,1957.1545
20161229,1956.7197,1959.2396
20161230,1961.218,1962.0587
20170103,1965.0408,1963.255
20170104,1963.024,1991.5652
20170105,1990.696,1983.9713
20170106,1980.8396,1965.03
20170109,1962.205,1961.6191
20170110,1960.0973,1951.6773
20170111,1947.423,1937.5466
20170112,1935.516,1930.1447
20170113,1930.11,1899.9428
20170116,1897.4465,1830.8477
20170117,1824.0956,1867.8683
20170118,1860.2443,1845.7875
20170119,1842.6612,1844.14
20170120,1844.367,1880.7483
20170123,1879.9739,1887.3245
20170124,1885.2375,1861.2158
20170125,1857.3184,1870.7028
20170126,1872.142,1886.232
20170203,1886.969,1876.7607
20170206,1877.1405,1900.4472
20170207,1897.869,1889.1337
20170208,1887.344,1903.6279
20170209,1903.674,1914.0823
20170210,1913.23,1904.6849
20170213,1902.4597,1913.6805
20170214,1914.138,1909.3954
20170215,1911.0366,1892.357
20170216,1891.871,1897.6297
20170217,1896.697,1882.8685
20170220,1884.992,1894.9616
20170221,1896.86,1921.0773
20170222,1921.546,1919.9732
20170223,1919.243,1925.9512
20170224,1925.0977,1938.4445
20170227,1937.5595,1926.7715
20170228,1926.1381,1927.1597
20170301,1925.6964,1931.9682
20170302,1936.0824,1920.4049
20170303,1916.1982,1928.289
20170306,1931.617,1962.7697
20170307,1967.179,1977.8531
20170308,1976.851,1964.6284
20170309,1962.644,1953.9425
20170310,1952.501,1950.0077
20170313,1948.5181,1970.8788
20170314,1967.4727,1958.023
20170315,1951.708,1957.8199
20170316,1959.054,1966.7266
20170317,1968.1533,1949.661
20170320,1948.604,1953.8158
20170321,1953.5585,1961.0632
20170322,1952.8002,1948.5799
20170323,1951.873,1948.3692
20170324,1948.27,1965.1368
20170327,1964.625,1947.5282
20170328,1946.332,1944.3626
20170329,1945.142,1929.1958
20170330,1924.5118,1893.7009
20170331,1895.8118,1907.3381
20170405,1914.9067,1943.1602
20170406,1947.0853,1944.2345
20170407,1942.1073,1946.0485
20170410,1940.3007,1912.4507
20170411,1907.1043,1917.6329
20170412,1913.7833,1897.5065
20170413,1896.4861,1910.476
20170414,1910.992,1887.4603
20170417,1880.7696,1868.2814
20170418,1867.5754,1848.2027
20170419,1841.6011,1845.3821
20170420,1843.9661,1850.39
20170421,1849.281,1839.0064
20170424,1832.8229,1809.9113
20170425,1809.5556,1818.8704
20170426,1812.8649,1820.4805
20170427,1815.1112,1842.9222
20170428,1838.744,1850.7336
20170502,1849.215,1850.8493
20170503,1848.708,1840.4534
20170504,1838.71,1838.1038
20170505,1832.675,1818.1911
20170508,1814.103,1788.7083
20170509,1780.519,1802.4908
20170510,1801.775,1771.3195
20170511,1761.47,1772.4131
20170512,1768.3047,1774.6277
20170515,1778.181,1778.6359
20170516,1774.3904,1814.9405
20170517,1812.7093,1822.6389
20170518,1807.175,1813.5065
20170519,1812.7319,1801.0776
20170522,1798.5646,1788.0753
20170523,1784.5317,1758.2348
20170524,1749.1629,1776.2778
20170525,1770.651,1777.6939
20170526,1769.117,1759.6318
20170531,1777.6534,1763.7292
20170601,1757.8021,1728.488
20170602,1721.398,1745.9265
20170605,1747.527,1761.2457
20170606,1759.293,1766.3934
20170607,1764.957,1799.8524
20170608,1798.69,1794.7496
20170609,1793.65,1796.1348
20170612,1787.563,1775.5508
20170613,1773.007,1795.6316
20170614,1794.035,1790.6354
20170615,1788.8121,1816.2585
20170616,1816.1612,1810.0526
20170619,1809.5135,1816.3997
20170620,1818.688,1820.9764
20170621,1827.8898,1824.6908
20170622,1821.8377,1798.3806
20170623,1794.4966,1807.4288
20170626,1805.884,1821.2775
20170627,1821.37,1819.9338
20170628,1817.425,1808.1995
20170629,1808.295,1813.5524
20170630,1808.0765,1818.0668
20170703,1818.204,1835.9857
20170704,1833.894,1829.5051
20170705,1827.259,1836.6309
20170706,1835.809,1838.9952
20170707,1833.8844,1835.439
20170710,1831.369,1803.2473
20170711,1799.52,1783.9117
20170712,1779.897,1786.7462
20170713,1784.257,1778.8626
20170714,1771.334,1745.5672
20170717,1730.705,1656.4333
20170718,1646.639,1667.4881
20170719,1663.16,1684.771
20170720,1684.264,1688.6097
20170721,1688.7935,1690.1454
20170724,1685.7089,1686.4385
20170725,1686.5746,1688.0945
20170726,1689.48,1681.3097
20170727,1678.8676,1742.1908
20170728,1740.543,1734.0736
20170731,1731.9154,1736.3
20170801,1735.907,1741.0741
20170802,1740.3856,1724.833
20170803,1723.026,1733.1235
20170804,1731.03,1719.6172
20170807,1722.244,1732.4341
20170808,1731.73,1762.4211
20170809,1756.4978,1763.0491
20170810,1761.4262,1753.6692
20170811,1741.9952,1742.1394
20170814,1745.0084,1793.4818
20170815,1796.2374,1798.5691
20170816,1797.0455,1825.1869
20170817,1819.4263,1833.3982
20170818,1822.0699,1821.8032
20170821,1823.3676,1829.2167
20170822,1829.3977,1814.9153
20170823,1813.43,1807.3663
20170824,1807.846,1795.7391
20170825,1794.704,1812.8781
20170828,1815.835,1842.8285
20170829,1842.149,1831.5912
20170830,1830.704,1838.6308
20170831,1841.0,1849.3789
20170901,1850.0227,1865.25
20170904,1863.024,1883.6179
20170905,1881.674,1885.1622
20170906,1880.7007,1902.8567
20170907,1904.5384,1890.3823
20170908,1888.395,1885.2737
20170911,1883.6543,1896.3754
20170912,1897.5192,1884.4841
20170913,1884.5371,1888.4324
20170914,1887.3624,1879.2524
20170915,1877.17,1875.6347
20170918,1874.45,1894.8022
20170919,1896.62,1880.2964
20170920,1878.5652,1892.6689
20170921,1892.946,1872.7698
20170922,1869.109,1866.4245
20170925,1864.864,1843.6213
20170926,1840.4787,1839.4553
20170927,1840.165,1854.9428
20170928,1853.3769,1854.7341
20170929,1858.058,1866.9817
20171009,1889.887,1889.8381
20171010,1890.664,1917.4576
20171011,1918.35,1901.5506
20171012,1900.873,1899.9862
20171013,1901.1753,1926.0744
20171016,1920.937,1882.6861
20171017,1876.692,1876.9913
20171018,1878.291,1868.1586
20171019,1865.929,1862.6112
20171020,1858.622,1880.2142
20171023,1881.409,1898.7594
20171024,1895.438,1901.6928
20171025,1898.626,1913.2643
20171026,1911.8539,1910.7217
20171027,1909.5666,1896.2235
20171030,1894.861,1855.9863
20171031,1855.9411,1869.7873
20171101,1867.987,1872.7464
20171102,1869.7223,1847.565
20171103,1843.797,1832.9665
20171106,1831.898,1850.3028
20171107,1849.3195,1859.0682
20171108,1858.6431,1866.1423
20171109,1864.2488,1884.1117
20171110,1882.7248,1900.6308
20171113,1904.584,1906.4371
20171114,1908.0429,1896.721
20171115,1892.653,1868.0808
20171116,1865.72,1878.2595
20171117,1879.426,1833.8951
20171120,1819.167,1859.7498
20171121,1856.7295,1856.9607
20171122,1854.5806,1853.3781
20171123,1848.2196,1794.7808
20171124,1789.5139,1782.6567
20171127,1781.222,1760.8995
20171128,1761.525,1793.8676
20171129,1793.2765,1787.3816
20171130,1783.2328,1770.3016
20171201,1772.043,1804.6224
20171204,1803.0338,1797.7654
20171205,1794.703,1758.5897
20171206,1755.768,1784.3148
20171207,1780.975,1776.9899
20171208,1776.2646,1792.1554
20171211,1800.133,1816.9847
20171212,1818.409,1798.6909
20171213,1795.4745,1806.0902
20171214,1804.1896,1794.3441
20171215,1793.24,1783.9732
20171218,1784.415,1780.6443
20171219,1781.8077,1798.5023
20171220,1798.3571,1782.4132
20171221,1776.4521,1789.7362
20171222,1788.6573,1779.3392
20171225,1778.9591,1755.806
20171226,1755.144,1758.8205
20171227,1756.0358,1745.236
20171228,1742.468,1745.0175
20171229,1745.9477,1752.652
20180102,1759.02,1769.6718
20180103,1770.035,1795.3831
20180104,1790.653,1794.6087
20180105,1797.2577,1801.4185
20180108,1801.1756,1806.1562
20180109,1803.364,1803.5858
20180110,1803.601,1791.0845
20180111,1787.3847,1804.2349
20180112,1800.8856,1785.705
20180115,1778.794,1732.6225
20180116,1729.5591,1729.5974
20180117,1722.4515,1742.0344
20180118,1735.4592,1738.0019
20180119,1735.0304,1728.1396
20180122,1726.3173,1768.214
20180123,1767.33,1767.829
20180124,1763.686,1813.2751
20180125,1811.1143,1810.8346
20180126,1809.1313,1816.8003
20180129,1811.5422,1799.7709
20180130,1794.3275,1782.399
20180131,1766.767,1735.057
20180201,1735.663,1697.39
20180202,1683.179,1702.4264
20180205,1678.187,1688.2724
20180206,1653.447,1598.1161
20180207,1632.8716,1616.4003
20180208,1608.73,1641.4307
20180209,1598.475,1592.5102
20180212,1604.562,1648.0721
20180213,1657.128,1648.5816
20180214,1649.573,1646.7714
20180222,1661.559,1677.7647
20180223,1674.624,1668.8345
20180226,1683.146,1729.1527
20180227,1729.937,1743.5413
20180228,1730.152,1753.6274
20180301,1744.341,1789.8488
20180302,1777.4579,1772.0054
20180305,1780.8221,1795.6928
20180306,1798.0348,1797.6095
20180307,1795.1742,1785.2696
20180308,1783.1036,1793.2216
20180309,1794.2543,1856.4554
20180312,1872.0283,1882.409
20180313,1879.626,1872.6782
20180314,1863.573,1841.2893
20180315,1833.7697,1848.7105
20180316,1847.1783,1821.3223
20180319,1822.6029,1842.9199
20180320,1828.006,1864.6204
20180321,1866.81,1829.9129
20180322,1830.5589,1817.2279
20180323,1751.7434,1726.0209
20180326,1704.355,1780.6093
20180327,1799.147,1844.6929
20180328,1819.656,1835.1539
20180329,1843.442,1842.1872
20180330,1850.201,1900.4817
20180402,1911.566,1900.2546
20180403,1869.8724,1872.4701
20180404,1880.3293,1836.8127
20180409,1830.878,1841.6531
20180410,1838.8845,1835.5201
20180411,1840.0903,1834.6256
20180412,1830.9082,1826.8897
20180413,1840.868,1824.5943
20180416,1818.253,1838.7088
20180417,1843.747,1783.7407
20180418,1793.829,1822.2644
20180419,1815.4474,1820.2808
20180420,1813.7544,1782.8085
20180423,1784.146,1753.0476
20180424,1753.643,1806.8609
20180425,1798.0017,1819.4064
20180426,1818.694,1781.2761
20180427,1790.304,1805.5958
20180502,1814.626,1801.5708
20180503,1797.117,1826.7912
20180504,1821.022,1814.8549
20180507,1819.665,1852.3359
20180508,1852.6856,1856.868
20180509,1853.83,1855.8086
20180510,1857.9855,1865.3588
20180511,1866.9314,1834.7797
20180514,1835.6959,1830.9804
20180515,1830.8365,1858.0114
20180516,1850.0086,1846.6748
20180517,1845.2776,1831.2045
20180518,1829.0625,1836.7539
20180521,1845.7636,1862.4808
20180522,1860.6309,1875.9994
20180523,1869.4998,1845.9733
20180524,1847.811,1838.4028
20180525,1835.415,1804.5488
20180528,1804.784,1796.9134
20180529,1795.724,1773.6458
20180530,1744.241,1726.2188
20180531,1741.325,1743.7426
20180601,1734.35,1709.5476
20180604,1709.569,1702.9297
20180605,1702.3665,1746.113
20180606,1744.166,1743.2475
20180607,1747.9323,1730.375
20180608,1726.303,1711.5224
20180611,1707.14,1688.6179
20180612,1692.6684,1712.7684
20180613,1711.5298,1685.8948
20180614,1682.8364,1673.3194
20180615,1673.9043,1641.6627
20180619,1612.9009,1547.1453
20180620,1540.6101,1563.7925
20180621,1562.3687,1521.6761
20180622,1514.0423,1549.6605
20180625,1563.7444,1538.565
20180626,1518.5,1564.9174
20180627,1564.2875,1546.2315
20180628,1544.645,1543.6637
20180629,1547.1489,1606.7147
20180702,1605.2105,1588.3739
20180703,1589.4988,1607.1223
20180704,1595.8881,1565.6104
20180705,1560.9764,1532.6789
20180706,1532.0512,1541.3135
20180709,1546.0116,1581.9302
20180710,1583.7434,1592.9761
20180711,1562.5909,1563.0085
20180712,1563.7884,1614.6324
20180713,1612.1875,1618.4632
20180716,1614.5618,1616.9125
20180717,1615.8419,1621.6318
20180718,1622.2874,1607.8841
20180719,1607.9289,1590.0633
20180720,1589.3077,1609.5479
20180723,1592.2404,1620.9733
20180724,1615.7198,1629.6096
20180725,1629.1266,1632.3204
20180726,1631.4555,1606.1153
20180727,1601.269,1594.5674
20180730,1593.604,1559.6408
20180731,1557.6,1561.2576
20180801,1568.1229,1541.8601
20180802,1538.284,1510.0876
20180803,1512.566,1481.6065
20180806,1471.3563,1440.7955
20180807,1445.6168,1479.4408
20180808,1475.3231,1447.7568
20180809,1443.8725,1497.6063
20180810,1496.1046,1511.7073
20180813,1494.315,1531.3404
20180814,1530.4516,1518.4912
20180815,1518.2841,1478.5059
20180816,1458.3922,1463.8718
20180817,1475.8871,1434.3058
20180820,1428.2605,1435.6902
20180821,1435.3609,1456.9724
20180822,1454.7063,1439.5515
20180823,1439.6589,1455.5021
20180824,1450.9515,1450.0912
20180827,1455.6561,1493.4329
20180828,1495.9027,1493.1057
20180829,1491.7764,1481.1915
20180830,1479.8494,1457.916
20180831,1450.473,1435.2005
20180903,1433.6294,1443.6877
20180904,1442.275,1455.5027
20180905,1450.3914,1430.2399
20180906,1424.465,1422.8699
20180907,1426.976,1425.2289
20180910,1424.014,1390.8229
20180911,1389.5386,1395.1665
20180912,1394.1633,1385.7962
20180913,1401.963,1391.2791
20180914,1394.0853,1366.5653
20180917,1360.7191,1349.7765
20180918,1348.111,1377.3027
20180919,1375.2101,1392.4026
20180920,1391.2496,1387.6192
20180921,1393.6746,1411.119
20180925,1401.863,1405.806
20180926,1409.022,1420.7498
20180927,1418.3694,1400.3593
20180928,1403.956,1411.3398
20181008,1380.6526,1353.6711
20181009,1357.9674,1345.9527
20181010,1350.6824,1346.7045
20181011,1299.1673,1261.8831
20181012,1253.9178,1268.4055
20181015,1268.8783,1250.2184
20181016,1249.5588,1216.6868
20181017,1231.0011,1231.8615
20181018,1220.2881,1205.0314
20181019,1186.4904,1249.8896
20181022,1270.499,1314.9449
20181023,1313.6803,1292.0559
20181024,1285.863,1284.1023
20181025,1245.299,1273.6029
20181026,1283.068,1263.1881
20181029,1262.54,1250.4796
20181030,1248.6693,1259.948
20181031,1263.341,1275.5743
20181101,1291.882,1286.3265
20181102,1328.46,1348.2794
20181105,1347.471,1348.8759
20181106,1346.526,1349.1087
20181107,1349.618,1345.7678
20181108,1357.888,1329.5909
20181109,1321.325,1322.8308
20181112,1322.867,1368.7907
20181113,1356.623,1392.0549
20181114,1388.233,1385.7324
20181115,1382.344,1405.2479
20181116,1406.727,1403.2829
20181119,1399.0047,1394.4
20181120,1384.176,1355.3343
20181121,1344.4003,1363.0284
20181122,1365.483,1353.9237
20181123,1355.171,1308.7387
20181126,1309.468,1304.5572
20181127,1314.086,1315.4328
20181128,1314.532,1341.0832
20181129,1347.743,1312.7163
20181130,1309.888,1329.3885
20181203,1365.898,1372.7939
20181204,1370.291,1378.7535
20181205,1359.2663,1381.7668
20181206,1371.3447,1345.7608
20181207,1344.1291,1341.0187
20181210,1328.0603,1326.8478
20181211,1332.5217,1338.0788
20181212,1343.9029,1338.7307
20181213,1341.5536,1348.5039
20181214,1346.902,1310.4576
20181217,1303.8819,1299.1747
20181218,1293.1538,1293.3351
20181219,1295.8865,1268.8139
20181220,1266.7594,1278.1573
20181221,1274.0397,1270.3043
20181224,1267.2274,1284.3322
20181225,1269.142,1273.4473
20181226,1272.241,1264.0702
20181227,1283.1713,1248.0765
20181228,1248.0551,1250.5254
20190102,1250.623,1228.7668
20190103,1226.745,1214.4969
20190104,1203.6732,1245.1567
20190107,1250.403,1268.0583
20190108,1262.1971,1263.5102
20190109,1263.7327,1262.5167
20190110,1262.1049,1258.9886
20190111,1260.003,1261.5603
20190114,1263.024,1245.9994
20190115,1243.935,1266.2745
20190116,1267.137,1267.3048
20190117,1267.821,1251.4137
20190118,1255.5954,1269.5046
20190121,1271.393,1274.7889
20190122,1273.472,1252.2391
20190123,1250.8328,1251.1266
20190124,1252.385,1265.1607
20190125,1266.63,1265.4942
20190128,1272.367,1259.7432
20190129,1259.803,1243.5918
20190130,1238.281,1230.8193
20190131,1230.999,1227.9878
20190201,1233.384,1271.2746
20190211,1275.2196,1316.0984
20190212,1316.907,1332.2704
20190213,1335.164,1357.6657
20190214,1357.7758,1361.9384
20190215,1360.7568,1357.8362
20190218,1364.939,1413.6002
20190219,1419.0357,1406.0375
20190220,1406.9915,1408.3818
20190221,1405.5176,1412.535
20190222,1409.861,1456.2989
20190225,1487.304,1536.3711
20190226,1549.2395,1546.9869
20190227,1544.1631,1520.4193
20190228,1522.631,1535.6804
20190301,1558.898,1567.8731
20190304,1596.554,1619.7099
20190305,1615.592,1676.5659
20190306,1684.972,1700.4964
20190307,1699.6,1692.4163
20190308,1647.848,1654.4853
20190311,1673.405,1727.8014
20190312,1733.427,1773.4325
20190313,1769.547,1693.8604
20190314,1676.614,1650.1862
20190315,1667.7779,1662.6229
20190318,1671.2796,1707.056
20190319,1706.194,1708.8743
20190320,1701.7308,1687.9
20190321,1683.55,1703.8545
20190322,1703.966,1693.8654
20190325,1662.757,1668.8413
20190326,1680.776,1630.1903
20190327,1640.205,1637.7728
20190328,1632.038,1626.8187
20190329,1633.3805,1693.5475
20190401,1710.1583,1760.892
20190402,1771.687,1754.1565
20190403,1743.9931,1768.1781
20190404,1780.276,1777.2628
20190408,1787.957,1739.6551
20190409,1734.177,1741.1706
20190410,1727.972,1726.6364
20190411,1727.2192,1691.1042
20190412,1692.4279,1695.7294
20190415,1721.6375,1666.8971
20190416,1656.762,1697.5287
20190417,1699.195,1717.4373
20190418,1715.179,1704.5468
20190419,1704.722,1715.7952
20190422,1720.7757,1697.5121
20190423,1695.2682,1683.8
20190424,1690.279,1718.8461
20190425,1709.8287,1669.9777
20190426,1664.043,1657.8243
20190429,1658.192,1615.6164
20190430,1612.109,1623.7819
20190506,1551.7192,1494.8864
20190507,1506.9715,1504.1637
20190508,1469.2375,1481.873
20190509,1470.977,1469.4755
20190510,1489.186,1533.8712
20190513,1513.9606,1503.0646
20190514,1492.9016,1494.6033
20190515,1509.4518,1528.6912
20190516,1528.627,1533.6697
20190517,1537.4461,1478.7481
20190520,1478.2011,1469.311
20190521,1469.969,1493.7156
20190522,1493.657,1488.6266
20190523,1486.9498,1451.2448
20190524,1452.043,1443.7467
20190527,1447.9802,1491.9516
20190528,1497.1173,1505.163
20190529,1492.579,1497.8922
20190530,1494.349,1485.2423
20190531,1487.276,1483.6576
20190603,1489.429,1468.9816
20190604,1467.586,1456.2678
20190605,1471.9536,1451.1766
20190606,1450.0997,1416.0552
20190610,1422.3433,1431.3371
20190611,1432.949,1487.3499
20190612,1481.4197,1473.9007
20190613,1474.553,1479.8305
20190614,1478.527,1453.9575
20190617,1450.5592,1442.3479
20190618,1443.6491,1455.7456
20190619,1501.254,1469.9874
20190620,1469.8136,1498.0144
20190621,1531.3858,1523.8089
20190624,1526.6957,1514.4648
20190625,1512.9275,1498.4655
20190626,1490.564,1504.5487
20190627,1510.091,1525.2438
20190628,1523.792,1511.5071
20190701,1545.061,1568.1598
20190702,1565.987,1570.5116
20190703,1566.301,1544.3566
20190704,1548.558,1532.7435
20190705,1535.4815,1547.737
20190708,1547.598,1506.6612
20190709,1507.386,1517.7927
20190710,1521.946,1510.4346
20190711,1522.807,1514.1994
20190712,1517.039,1518.0741
20190715,1512.7677,1547.4677
20190716,1545.3368,1545.2729
20190717,1544.421,1550.2173
20190718,1542.4329,1524.4792
20190719,1532.378,1541.9814
20190722,1545.913,1515.9654
20190723,1519.629,1534.9261
20190724,1539.2316,1553.7177
20190725,1552.853,1566.0771
20190726,1562.2027,1561.8552
20190729,1561.269,1566.5244
20190730,1568.1619,1580.1286
20190731,1577.1955,1570.3934
20190801,1562.533,1573.8657
20190802,1539.9196,1556.7442
20190805,1552.3498,1531.3724
20190806,1501.3957,1507.9105
20190807,1520.5821,1500.2514
20190808,1512.2725,1522.9742
20190809,1532.9751,1507.706
20190812,1511.32,1539.9133
20190813,1526.0781,1524.3574
20190814,1546.21,1536.6595
20190815,1507.954,1555.7734
20190816,1554.719,1567.9928
20190819,1586.009,1622.8437
20190820,1624.801,1611.5925
20190821,1614.3017,1609.8333
20190822,1614.1272,1613.4575
20190823,1614.5428,1615.5592
20190826,1588.553,1600.7952
20190827,1611.902,1628.1214
20190828,1629.986,1625.1881
20190829,1625.955,1620.8606
20190830,1630.0523,1610.8982
20190902,1614.0289,1652.2882
20190903,1656.05,1660.4265
20190904,1656.591,1669.4104
20190905,1682.4379,1689.054
20190906,1699.664,1692.2391
20190909,1702.9865,1733.2301
20190910,1733.628,1725.3082
20190911,1730.3499,1703.5377
20190912,1713.5914,1710.5723
20190916,1715.922,1714.3683
20190917,1710.7668,1677.9866
20190918,1683.1478,1679.3059
20190919,1684.933,1705.5991
20190920,1709.2259,1705.0471
20190923,1699.344,1684.3236
20190924,1685.12,1694.5964
20190925,1686.19,1672.6464
20190926,1677.793,1623.7908
20190927,1628.1402,1647.5332
20190930,1648.8961,1627.5454
20191008,1631.9153,1616.5842
20191009,1613.0206,1622.415
20191010,1632.218,1666.9663
20191011,1667.9539,1666.8345
20191014,1678.7903,1679.3784
20191015,1676.2431,1660.887
20191016,1660.996,1656.3719
20191017,1657.9305,1658.2592
20191018,1662.6113,1648.6253
20191021,1651.2881,1644.5077
20191022,1649.7607,1666.8685
20191023,1668.7088,1650.29
20191024,1650.787,1653.8646
20191025,1655.2899,1675.3402
20191028,1687.3727,1704.4168
20191029,1702.1546,1686.5802
20191030,1684.5967,1684.0782
20191031,1688.4197,1671.3122
20191101,1667.856,1686.9984
20191104,1689.5781,1699.9194
20191105,1704.0633,1713.2892
20191106,1720.6804,1703.0175
20191107,1698.634,1715.5753
20191108,1724.4019,1711.2157
20191111,1699.1721,1673.1288
20191112,1676.4272,1671.4421
20191113,1673.5458,1681.7939
20191114,1682.8701,1692.5827
20191115,1692.0839,1674.7838
20191118,1671.594,1682.4917
20191119,1685.7523,1729.0785
20191120,1730.0339,1719.6649
20191121,1713.4441,1713.2023
20191122,1721.882,1679.8026
20191125,1682.2256,1661.7742
20191126,1667.7838,1679.0823
20191127,1671.1458,1674.3888
20191128,1675.1723,1673.7948
20191129,1670.3908,1664.8963
20191202,1670.1562,1669.5358
20191203,1664.7853,1675.3852
20191204,1666.5986,1673.7793
20191205,1681.2486,1709.8264
20191206,1711.6361,1726.8011
20191209,1733.4784,1721.0707
20191210,1715.7122,1734.0216
20191211,1730.3992,1718.2595
20191212,1720.4189,1720.986
20191213,1738.558,1755.4132
20191216,1760.7954,1780.333
20191217,1782.985,1801.6162
20191218,1798.3998,1792.4178
20191219,1792.7094,1790.4375
20191220,1792.0453,1771.7065
20191223,1763.7267,1736.624
20191224,1742.895,1769.8688
20191225,1766.2232,1784.3947
20191226,1784.4271,1793.6354
20191227,1795.4104,1767.5818
20191230,1763.58,1790.2385
20191231,1790.7955,1798.1181
20200102,1811.2197,1832.7416
20200103,1836.8642,1836.0118
20200106,1825.5516,1859.9209
20200107,1866.2608,1893.2141
20200108,1881.0093,1862.6992
20200109,1884.4216,1913.1422
20200110,1917.6122,1904.1945
20200113,1905.3992,1935.0716
20200114,1941.1239,1922.5573
20200115,1920.6609,1924.2384
20200116,1924.5185,1929.9608
20200117,1935.2959,1932.5106
20200120,1940.1223,1982.1762
20200121,1979.3729,1967.0268
20200122,1958.0797,1993.8991
20200123,1973.3313,1927.7418
20200203,1769.1641,1795.7744
20200204,1786.16,1882.691
20200205,1908.974,1939.6198
20200206,1934.9801,2012.2485
20200207,2014.157,2015.7993
20200210,2019.3144,2042.1773
20200211,2044.2183,2028.4442
20200212,2024.3786,2085.278
20200213,2080.8191,2064.5956
20200214,2063.3059,2069.2188
20200217,2089.2142,2146.1776
20200218,2149.2978,2170.9493
20200219,2168.8465,2139.4372
20200220,2151.4203,2186.7374
20200221,2191.984,2226.6389
20200224,2223.1903,2263.9716
20200225,2218.3263,2287.3117
20200226,2248.6526,2180.7012
20200227,2200.3809,2196.7138
20200228,2114.3192,2071.5665
20200302,2110.4476,2135.4152
20200303,2190.4975,2173.3465
20200304,2159.8583,2169.4428
20200305,2206.082,2209.5883
20200306,2178.5004,2192.9361
20200309,2151.2696,2093.0632
20200310,2083.1965,2148.8097
20200311,2157.9311,2101.4635
20200312,2070.2221,2045.9255
20200313,1937.9455,2030.58
20200316,2034.7542,1910.7666
20200317,1941.2023,1917.7019
20200318,1941.3005,1887.0419
20200319,1898.7634,1894.9431
20200320,1923.9601,1915.0464
20200323,1856.3035,1827.0522
20200324,1869.0439,1876.9102
20200325,1924.9908,1937.8546
20200326,1922.7922,1927.2753
20200327,1955.8707,1903.881
20200330,1875.3056,1860.4845
20200331,1876.6885,1871.9174
20200401,1875.364,1864.8002
20200402,1860.0754,1916.9506
20200403,1912.7423,1906.6747
20200407,1944.9638,1969.7818
20200408,1960.356,1964.7573
20200409,1981.239,1997.1361
20200410,1990.2626,1949.8848
20200413,1929.7973,1923.0814
20200414,1937.2925,1985.426
20200415,1991.5983,1977.5145
20200416,1970.7324,2008.3881
20200417,2025.652,2020.7696
20200420,2027.8409,2043.437
20200421,2035.7701,2023.9423
20200422,2005.6463,2043.1705
20200423,2053.1243,2029.5244
20200424,2032.5542,2003.7478
20200427,2011.1585,2018.6659
20200428,2023.9615,2030.7242
20200429,2022.5062,2030.4769
20200430,2044.6756,2069.4321
20200506,2052.389,2110.2665
20200507,2113.7519,2106.8418
20200508,2117.8662,2125.2433
20200511,2137.9798,2102.8251
20200512,2106.2232,2124.15
20200513,2120.0112,2140.6809
20200514,2131.46,2117.6473
20200515,2128.8764,2124.3107
20200518,2122.3072,2114.8582
20200519,2137.4169,2144.1207
20200520,2149.2923,2118.1192
20200521,2130.9605,2099.4317
20200522,2099.4159,2046.5956
20200525,2049.7118,2052.3022
20200526,2070.1395,2112.9733
20200527,2114.0706,2071.4735
20200528,2071.1679,2054.964
20200529,2049.754,2086.6658
20200601,2105.2418,2158.2231
20200602,2164.9887,2145.2857
20200603,2151.4978,2143.1169
20200604,2150.5027,2151.3849
20200605,2152.4184,2166.3751
20200608,2184.5815,2153.5642
20200609,2160.3431,2181.5887
20200610,2186.5622,2201.9882
20200611,2202.1404,2195.6376
20200612,2149.9561,2206.7641
20200615,2223.4254,2219.5495
20200616,2246.8921,2260.4575
20200617,2265.0873,2263.9606
20200618,2266.8766,2266.0319
20200619,2271.652,2319.4494
20200622,2328.4002,2342.8804
20200623,2344.0522,2382.0473
20200624,2386.2606,2382.4734
20200629,2375.9926,2372.5363
20200630,2387.5926,2438.1967
20200701,2449.8655,2419.6294
20200702,2418.3083,2424.3934
20200703,2426.3016,2462.5624
20200706,2469.2397,2529.487
20200707,2548.4084,2591.2634
20200708,2603.6478,2651.9694
20200709,2649.4506,2757.6534
20200710,2744.6084,2778.4567
20200713,2789.9755,2889.4265
20200714,2876.8547,2858.6719
20200715,2866.2424,2813.0607
20200716,2814.7975,2646.2604
20200717,2659.4454,2662.4024
20200720,2707.6133,2697.3006
20200721,2708.1348,2736.5118
20200722,2725.4529,2769.028
20200723,2740.414,2799.6735
20200724,2769.9689,2627.8426
20200727,2639.2556,2631.7619
20200728,2668.2469,2666.5213
20200729,2659.9395,2767.4018
20200730,2782.1098,2743.6336
20200731,2747.41,2795.3998
20200803,2831.3505,2868.8821
20200804,2863.3182,2832.8447
20200805,2826.4082,2860.2415
20200806,2868.8228,2814.3737
20200807,2807.0976,2749.9533
20200810,2735.4321,2735.2561
20200811,2740.1523,2688.7004
20200812,2689.5759,2635.5022
20200813,2657.2022,2622.6405
20200814,2624.8341,2668.7124
20200817,2682.2102,2696.3924
20200818,2702.4206,2701.0606
20200819,2695.8946,2612.8354
20200820,2592.8762,2587.8614
20200821,2611.5409,2632.452
20200824,2653.6315,2684.6293
20200825,2687.2928,2701.6042
20200826,2701.4834,2644.144
20200827,2653.7389,2689.1705
20200828,2687.2308,2757.8387
20200831,2769.8315,2728.3134
20200901,2721.1798,2750.4235
20200902,2753.9254,2771.8503
20200903,2766.9836,2746.9528
20200904,2690.2871,2732.1546
20200907,2728.7423,2641.2016
20200908,2648.44,2650.629
20200909,2609.1295,2523.3957
20200910,2551.3025,2483.0316
20200911,2474.7027,2536.6181
20200914,2568.0145,2572.6012
20200915,2578.6931,2595.1539
20200916,2597.6386,2554.7996
20200917,2551.2889,2557.3211
20200918,2558.2911,2596.0818
20200921,2605.5538,2569.2194
20200922,2556.4617,2555.5441
20200923,2563.7128,2599.8846
20200924,2576.035,2535.8685
20200925,2551.4449,2540.4261
20200928,2551.781,2521.246
20200929,2538.3643,2563.3794
20200930,2575.4636,2574.7583
20201009,2632.5916,2672.9344
20201012,2702.1558,2777.388
20201013,2769.6619,2784.7166
20201014,2777.8872,2764.2438
20201015,2767.1711,2737.9628
20201016,2735.68,2724.4966
20201019,2750.9456,2689.669
20201020,2698.0548,2740.583
20201021,2746.7275,2700.5327
20201022,2686.7772,2673.585
20201023,2680.7068,2600.8426
20201026,2585.7879,2617.7427
20201027,2618.6964,2650.7637
20201028,2648.4898,2670.4815
20201029,2635.6927,2699.9229
20201030,2709.0021,2655.8646
20201102,2670.5158,2708.3878
20201103,2720.6999,2744.3137
20201104,2747.5406,2750.5536
20201105,2782.0635,2787.878
20201106,2798.554,2733.0715
20201109,2753.925,2813.9978
20201110,2811.4845,2773.2176
20201111,2762.7058,2681.5244
20201112,2705.7609,2700.5098
20201113,2699.5171,2706.8134
20201116,2716.0212,2712.4087
20201117,2715.0865,2658.0921
20201118,2656.8888,2620.6722
20201119,2614.7816,2645.161
20201120,2649.5585,2667.0925
20201123,2677.3475,2686.3577
20201124,2689.7983,2674.7983
20201125,2678.1061,2615.5311
20201126,2616.7405,2609.3862
20201127,2614.6635,2618.9908
20201130,2627.8668,2631.8893
20201201,2628.7259,2698.4431
20201202,2697.4444,2682.9718
20201203,2681.5856,2712.5177
20201204,2701.3687,2730.8373
20201207,2720.8542,2726.4828
20201208,2736.0285,2746.2816
20201209,2752.3544,2697.8256
20201210,2689.2149,2718.5452
20201211,2727.9658,2687.7808
20201214,2695.1911,2726.601
20201215,2727.9527,2758.8546
20201216,2764.3375,2760.6399
20201217,2758.4424,2785.6153
20201218,2787.7759,2780.7302
20201221,2789.6424,2882.4426
20201222,2867.2105,2811.7493
20201223,2822.2592,2842.9704
20201224,2838.9381,2820.7532
20201225,2811.5466,2840.8006
20201228,2847.1203,2842.8101
20201229,2838.7076,2812.9974
20201230,2828.0141,2900.5375
20201231,2911.3902,2966.2563
20210104,2977.3205,3078.1113
20210105,3050.1825,3097.977
20210106,3113.8472,3115.0913
20210107,3106.3391,3162.398
20210108,3179.3651,3150.7797
20210111,3159.5942,3092.8608
20210112,3079.8399,3180.3496
20210113,3180.7465,3130.2979
20210114,3101.9623,3089.1774
20210115,3073.9967,3089.9447
20210118,3078.0263,3149.2004
20210119,3146.273,3084.4881
20210120,3106.3477,3204.932
20210121,3217.8272,3283.721
20210122,3282.041,3358.2377
20210125,3363.6024,3355.2401
20210126,3335.4375,3258.3553
20210127,3269.773,3281.0305
20210128,3219.9302,3161.8634
20210129,3201.6694,3128.8649
20210201,3134.7899,3159.9933
20210202,3176.2533,3228.6976
20210203,3245.261,3223.7662
20210204,3208.6466,3200.5493
20210205,3224.8475,3193.7066
20210208,3202.4829,3278.0603
20210209,3291.5011,3334.2422
20210210,3350.324,3413.8101
20210218,3475.8905,3320.144
20210219,3289.0055,3285.5347
20210222,3278.5857,3138.6723
20210223,3099.1894,3112.3574
20210224,3112.7234,3007.4559
20210225,3040.9013,2977.1759
20210226,2907.4831,2914.1127
20210301,2958.5301,2994.7508
20210302,3019.0956,2966.8915
20210303,2951.2903,2997.7492
20210304,2962.5202,2851.8732
20210305,2800.2504,2871.9719
20210308,2889.0846,2728.8437
20210309,2717.1698,2633.4496
20210310,2708.2293,2676.7018
20210311,2682.948,2746.5754
20210312,2768.5771,2756.8127
20210315,2737.4467,2644.0149
20210316,2664.6932,2672.1171
20210317,2662.9255,2704.1362
20210318,2717.2745,2748.7258
20210319,2697.8275,2671.5179
20210322,2683.6384,2698.2613
20210323,2684.6428,2668.0818
20210324,2650.3724,2634.6142
20210325,2609.3782,2655.9988
20210326,2672.9087,2745.4001
20210329,2747.8562,2733.9632
20210330,2728.4902,2771.3221
20210331,2770.332,2758.5015
20210401,2766.4174,2815.4134
20210402,2828.3516,2852.2293
20210406,2865.4445,2831.5985
20210407,2843.5741,2807.2008
20210408,2793.1658,2826.9895
20210409,2823.7801,2783.3266
20210412,2789.7848,2719.9533
20210413,2719.5564,2742.8524
20210414,2753.6654,2804.4092
20210415,2787.2465,2790.6441
20210416,2801.7392,2783.3734
20210419,2777.0169,2898.7286
20210420,2880.0572,2896.1076
20210421,2873.3618,2916.9745
20210422,2941.3032,2939.3949
20210423,2938.9324,2994.4882
20210426,3019.3031,2969.4049
20210427,2964.0273,2986.0336
20210428,2990.7,3050.5848
20210429,3053.7381,3051.4167
20210430,3040.649,3091.3952
20210506,3059.5844,3014.8116
20210507,3021.8669,2910.4109
20210510,2920.4196,2921.7215
20210511,2898.8006,2921.3431
20210512,2913.0636,2960.355
20210513,2922.7306,2943.6175
20210514,2954.172,3033.8056
20210517,3049.0194,3112.7411
20210518,3108.6337,3090.1233
20210519,3081.2211,3114.724
20210520,3113.552,3143.6158
20210521,3162.791,3113.2585
20210524,3128.7762,3139.6858
20210525,3155.2736,3227.3554
20210526,3226.6981,3196.8478
20210527,3192.0447,3226.1082
20210528,3226.0807,3232.2912
20210531,3246.1486,3309.069
20210601,3290.5333,3300.1588
20210602,3309.1806,3243.0218
20210603,3241.158,3201.7845
20210604,3194.3896,3242.6121
20210607,3240.9541,3228.2435
20210608,3227.2704,3208.5718
20210609,3203.1469,3207.6258
20210610,3213.4442,3285.5095
20210611,3305.5307,3298.4968
20210615,3298.2116,3262.1879
20210616,3258.6025,3125.7015
20210617,3133.9108,3188.5926
20210618,3210.1371,3239.2267
20210621,3235.6925,3270.5769
20210622,3273.6305,3281.9923
20210623,3288.7556,3318.9462
20210624,3326.3337,3279.1588
20210625,3288.2688,3347.6994
20210628,3356.2195,3412.8633
20210629,3438.8845,3406.2379
20210630,3418.8122,3477.1779
20210701,3486.7782,3455.3587
20210702,3429.6061,3333.8973
20210705,3332.4906,3352.1166
20210706,3359.2628,3291.9878
20210707,3278.1257,3409.5893
20210708,3435.3112,3432.957
20210709,3413.0179,3409.3093
20210712,3453.0094,3534.763
20210713,3518.5267,3514.9772
20210714,3491.4196,3488.627
20210715,3476.1141,3537.3914
20210716,3525.2704,3432.6472
20210719,3438.198,3449.5263
20210720,3431.0011,3463.7913
20210721,3480.7019,3560.0455
20210722,3572.4352,3544.4355
20210723,3539.4231,3469.873
20210726,3450.9029,3371.2278
20210727,3384.4556,3232.8387
20210728,3204.3145,3284.9198
20210729,3375.3262,3459.7214
20210730,3454.0259,3440.1817
20210802,3448.2572,3493.3591
20210803,3490.8575,3477.2287
20210804,3463.7293,3563.1267
20210805,3547.8363,3532.5003
20210806,3539.9668,3490.9015
20210809,3455.7026,3456.7468
20210810,3453.8452,3468.6696
20210811,3457.7885,3437.0582
20210812,3413.5215,3386.4321
20210813,3360.5166,3345.1262
20210816,3330.8246,3301.3907
20210817,3311.9524,3224.1529
20210818,3238.2613,3248.3732
20210819,3259.094,3278.3568
20210820,3256.492,3192.9003
20210823,3218.9676,3293.7697
20210824,3301.8645,3330.5802
20210825,3330.809,3348.6624
20210826,3361.9069,3264.45
20210827,3259.1535,3257.0715
20210830,3275.9746,3271.8026
20210831,3273.8129,3214.1169
20210901,3214.1659,3186.8498
20210902,3181.2576,3138.8034
20210903,3150.3045,3102.1449
20210906,3106.2569,3228.0878
20210907,3222.4282,3251.4866
20210908,3259.5345,3219.9467
20210909,3224.4512,3221.9407
20210910,3207.8642,3232.0104
20210913,3231.3945,3194.2747
20210914,3199.4109,3236.5471
20210915,3233.1544,3200.3995
20210916,3199.4587,3128.8448
20210917,3124.3157,3193.261
20210922,3144.4546,3164.328
20210923,3197.2613,3182.4669
20210924,3176.8684,3207.8166
20210927,3228.0684,3231.5824
20210928,3219.3811,3211.454
20210929,3181.9784,3175.1521
20210930,3188.3915,3244.6455
20211008,3259.4598,3243.2037
20211011,3242.1839,3196.1887
20211012,3194.0119,3138.2627
20211013,3141.4235,3210.1586
20211014,3216.8603,3215.7355
20211015,3198.8928,3276.3209
20211018,3287.0385,3276.4839
20211019,3293.8006,3297.2933
20211020,3304.5511,3285.1216
20211021,3286.2702,3279.4871
20211022,3290.5413,3284.9108
20211025,3303.2205,3338.624
20211026,3370.7855,3327.5373
20211027,3321.6402,3308.9619
20211028,3301.906,3278.3587
20211029,3275.8308,3350.665
20211101,3341.4721,3331.9148
20211102,3329.4144,3339.597
20211103,3334.4143,3327.0855
20211104,3351.2982,3362.2485
20211105,3354.3791,3352.7544
20211108,3353.8894,3380.292
20211109,3400.9727,3409.9421
20211110,3388.0545,3399.6626
20211111,3396.6537,3433.2408
20211112,3436.2623,3430.1413
20211115,3435.6231,3401.874
20211116,3400.3397,3393.7147
20211117,3413.431,3421.3289
20211118,3416.6429,3383.9061
20211119,3385.8341,3418.9597
20211122,3434.5747,3505.7268
20211123,3501.2181,3492.7692
20211124,3488.3805,3478.6624
20211125,3477.5957,3474.4511
20211126,3470.2111,3468.8655
20211129,3455.6079,3503.4088
20211130,3520.2945,3495.5926
20211201,3492.4351,3473.3664
20211202,3464.9211,3466.914
20211203,3467.4128,3478.6656
20211206,3460.9608,3405.9346
20211207,3429.7649,3368.7844
20211208,3388.3177,3424.7038
20211209,3422.3791,3459.3187
20211210,3431.2889,3466.797
20211213,3473.389,3496.9616
20211214,3491.8224,3495.0595
20211215,3492.5805,3464.7577
20211216,3479.1843,3490.4491
20211217,3480.5129,3434.3394
20211220,3420.8623,3332.6061
20211221,3328.8946,3350.4288
20211222,3360.2834,3368.6989
20211223,3379.8082,3373.7033
20211224,3381.5449,3297.106
20211227,3296.4081,3293.8113
20211228,3300.3111,3328.5592
20211229,3326.076,3281.8971
20211230,3285.7694,3322.7947
20211231,3342.1867,3322.6725
20220104,3348.1278,3250.159
20220105,3242.4353,3161.5072
20220106,3133.0457,3127.4798
20220107,3137.0748,3096.8812
20220110,3082.7808,3095.6894
20220111,3094.7031,3056.1533
20220112,3091.6687,3136.6852
20220113,3145.0202,3083.1414
20220114,3059.1432,3119.4077
20220117,3124.6277,3170.4078
20220118,3168.7856,3144.3336
20220119,3139.2304,3075.9766
20220120,3072.3878,3065.9942
20220121,3052.9771,3034.6795
20220124,3011.6277,3056.4336
20220125,3035.8243,2974.9553
20220126,2993.1571,3004.4123
20220127,2993.9954,2906.7627
20220128,2945.7177,2908.9448
20220207,2972.1937,2917.8638
20220208,2913.3188,2846.4823
20220209,2844.8378,2883.5971
20220210,2891.2998,2826.5166
20220211,2800.7486,2746.3826
20220214,2723.5103,2732.0103
20220215,2744.3853,2816.4435
20220216,2829.6523,2818.3969
20220217,2813.48,2839.8252
20220218,2819.5478,2826.8125
20220221,2830.601,2804.5979
20220222,2783.2834,2765.9101
20220223,2770.2142,2843.8657
20220224,2817.7962,2783.8992
20220225,2827.829,2855.8029
20220228,2844.8233,2881.3065
20220301,2895.3882,2885.7862
20220302,2866.6901,2834.6359
20220303,2850.6689,2791.9489
20220304,2763.0615,2748.6382
20220307,2718.4439,2630.371
20220308,2645.1094,2582.9858
20220309,2594.9618,2566.719
20220310,2645.3628,2635.1938
20220311,2589.6958,2665.4618
20220314,2638.4902,2570.4473
20220315,2547.7172,2504.7825
20220316,2549.153,2635.0826
20220317,2684.841,2710.7262
20220318,2693.1543,2713.7948
20220321,2730.2093,2726.1798
20220322,2718.002,2688.2342
20220323,2707.5652,2715.9539
20220324,2697.4251,2706.2149
20220325,2702.6527,2637.944
20220328,2622.4676,2594.1284
20220329,2603.4247,2592.6659
20220330,2612.7148,2696.826
20220331,2683.1947,2659.4925
20220401,2641.7521,2666.9696
20220406,2662.2808,2633.9101
20220407,2611.9793,2578.5331
20220408,2578.7356,2569.9108
20220411,2536.1486,2462.0435
20220412,2461.5954,2523.6942
20220413,2499.1914,2466.8414
20220414,2495.1647,2466.2933
20220415,2443.3548,2460.3624
20220418,2435.8509,2487.774
20220419,2484.5159,2453.5454
20220420,2440.2954,2363.6526
20220421,2352.2154,2312.4557
20220422,2299.1559,2296.5954
20220425,2240.0414,2169.0038
20220426,2172.7991,2150.5126
20220427,2122.3178,2269.1711
20220428,2249.5125,2227.6548
20220429,2247.6955,2319.137
20220505,2263.9198,2288.4037
20220506,2227.6817,2244.9688
20220509,2236.1694,2228.0731
20220510,2192.0579,2276.345
20220511,2280.9603,2346.1516
20220512,2325.9486,2351.2714
20220513,2367.5462,2358.1607
20220516,2376.6428,2331.2302
20220517,2335.1246,2369.0891
20220518,2373.8887,2365.3769
20220519,2329.963,2377.1266
20220520,2395.3523,2417.3487
20220523,2422.1275,2410.1221
20220524,2404.5961,2318.0748
20220525,2320.7796,2325.5974
20220526,2329.4341,2321.1339
20220527,2340.6162,2322.4816
20220530,2338.3549,2350.3844
20220531,2349.7888,2405.0849
20220601,2403.3549,2428.9565
20220602,2418.6626,2458.2562
20220606,2456.1617,2554.6587
20220607,2555.5502,2554.6265
20220608,2558.1541,2576.335
20220609,2558.3257,2500.2052
20220610,2482.3122,2556.4729
20220613,2522.73,2546.488
20220614,2515.5108,2548.3144
20220615,2560.6436,2575.0857
20220616,2575.9636,2585.4709
20220617,2561.396,2657.2122
20220620,2672.7678,2710.1412
20220621,2707.9802,2692.9849
20220622,2701.6283,2677.2851
20220623,2693.7512,2760.1019
20220624,2779.4074,2824.4396
20220627,2838.5801,2830.5971
20220628,2827.3515,2840.4195
20220629,2817.1174,2768.6104
20220630,2776.3928,2810.6011
20220701,2810.1056,2781.943
20220704,2764.6202,2834.6891
20220705,2845.7403,2825.1309
20220706,2826.351,2802.715
20220707,2814.15,2849.7057
20220708,2868.6891,2817.6391
20220711,2804.5481,2767.4611
20220712,2768.8186,2702.6933
20220713,2708.0962,2746.8598
20220714,2739.9175,2819.1291
20220715,2804.1766,2760.4985
20220718,2778.4041,2800.3571
20220719,2799.3774,2750.866
20220720,2764.2452,2765.1623
20220721,2756.3174,2751.4148
20220722,2776.9849,2737.314
20220725,2732.6111,2704.945
20220726,2708.7359,2713.458
20220727,2710.7374,2714.2487
20220728,2734.6259,2705.9006
20220729,2716.101,2670.4507
20220801,2662.7553,2733.7356
20220802,2692.123,2678.6206
20220803,2687.2477,2628.8176
20220804,2644.9971,2640.7763
20220805,2648.0549,2683.602
20220808,2668.9865,2675.6859
20220809,2668.9179,2694.8004
20220810,2688.1326,2658.5847
20220811,2672.1763,2721.4925
20220812,2712.693,2690.8312
20220815,2688.6604,2718.593
20220816,2725.9267,2731.3932
20220817,2739.4803,2777.9096
20220818,2771.1538,2775.8209
20220819,2779.9913,2734.2181
20220822,2730.4234,2779.0155
20220823,2775.2143,2780.3064
20220824,2800.3776,2679.0479
20220825,2688.8616,2667.3009
20220826,2666.2143,2640.291
20220829,2599.8403,2630.5054
20220830,2630.1311,2612.1417
20220831,2596.1564,2570.4149
20220901,2561.9347,2533.8543
20220902,2548.1824,2533.0231
20220905,2528.7071,2538.2039
20220906,2541.1221,2540.6353
20220907,2525.1546,2570.8014
20220908,2570.0456,2523.006
20220909,2535.7448,2548.2159
20220913,2566.8383,2550.6256
20220914,2512.2834,2503.8245
20220915,2512.453,2424.1924
20220916,2418.4381,2367.3977
20220919,2360.5798,2350.3762
20220920,2366.7867,2366.904
20220921,2353.7766,2331.5164
20220922,2309.2865,2319.4192
20220923,2320.9182,2303.9052
20220926,2288.2316,2323.0521
20220927,2336.0378,2374.7374
20220928,2367.4812,2313.7696
20220929,2343.2761,2332.995
20220930,2335.5402,2288.9688
20221010,2294.7151,2236.2448
20221011,2256.3424,2261.8917
20221012,2260.6781,2343.3004
20221013,2324.4655,2350.6864
20221014,2379.8304,2434.2185
20221017,2419.6424,2435.0228
20221018,2446.3581,2446.9279
20221019,2440.0308,2425.9573
20221020,2402.7562,2401.7162
20221021,2390.4132,2395.1573
20221024,2385.8163,2336.8385
20221025,2323.8379,2314.5509
20221026,2324.7663,2372.8758
20221027,2377.1807,2337.2531
20221028,2309.9568,2250.5104
20221031,2228.6176,2265.0784
20221101,2270.0351,2337.6529
20221102,2322.9826,2375.8618
20221103,2352.5599,2376.0609
20221104,2378.4205,2451.2232
20221107,2447.1301,2454.6935
20221108,2452.8568,2432.4032
20221109,2422.1715,2399.3362
20221110,2380.2325,2357.1256
20221111,2443.1132,2405.3181
20221114,2406.8692,2375.2073
20221115,2373.9934,2431.7333
20221116,2427.4062,2402.905
20221117,2389.4648,2385.8608
20221118,2394.3098,2389.76
20221121,2369.7633,2387.2955
20221122,2380.7079,2343.5541
20221123,2338.8604,2340.3369
20221124,2349.2714,2335.5245
20221125,2325.5746,2309.3603
20221128,2264.8296,2298.8014
20221129,2301.2124,2339.7928
20221130,2335.9525,2345.3128
20221201,2386.0808,2381.1833
20221202,2378.4,2383.3217
20221205,2391.1033,2377.1075
20221206,2366.107,2393.2805
20221207,2382.5632,2414.0435
20221208,2411.7974,2411.8115
20221209,2412.1602,2420.6291
20221212,2409.4443,2401.5225
20221213,2403.7363,2376.2046
20221214,2384.7014,2368.0786
20221215,2365.2339,2399.1235
20221216,2381.6796,2373.7235
20221219,2372.9253,2346.6967
20221220,2340.5146,2310.7985
20221221,2312.5231,2303.7031
20221222,2318.7127,2295.3197
20221223,2282.325,2286.1884
20221226,2290.2556,2331.4102
20221227,2335.5654,2359.4996
20221228,2346.0381,2338.2576
20221229,2328.7341,2349.3827
20221230,2361.9663,2346.767
20230103,2339.9808,2356.4239
20230104,2347.0029,2335.1221
20230105,2343.7817,2399.4583
20230106,2392.6547,2422.1413
20230109,2433.3456,2440.366
20230110,2441.4973,2474.0052
20230111,2470.6386,2445.9713
20230112,2455.7327,2458.4938
20230113,2475.1373,2493.1261
20230116,2490.7199,2539.5215
20230117,2540.5661,2545.5548
20230118,2548.7025,2543.8965
20230119,2539.8909,2571.4374
20230120,2580.272,2585.9628
20230130,2657.3927,2613.8853
20230131,2608.1203,2580.8394
20230201,2592.4488,2613.6891
20230202,2619.793,2602.3165
20230203,2592.8431,2580.1109
20230206,2560.46,2544.0914
20230207,2551.1325,2537.9691
20230208,2542.2444,2525.8766
20230209,2520.8304,2569.7332
20230210,2567.0863,2545.1555
20230213,2546.1445,2573.1806
20230214,2585.9668,2565.1548
20230215,2564.5395,2547.1974
20230216,2549.4271,2512.499
20230217,2508.2593,2449.3507
20230220,2445.6428,2480.7942
20230221,2473.5993,2469.8069
20230222,2452.3872,2451.8977
20230223,2450.962,2457.4825
20230224,2457.5323,2428.9355
20230227,2416.4277,2409.7944
20230228,2417.5752,2429.0274
20230301,2428.0999,2443.9456
20230302,2438.5823,2418.5978
20230303,2423.6724,2422.4366
20230306,2421.4245,2431.5556
20230307,2423.0259,2383.7311
20230308,2375.8663,2377.5842
20230309,2377.9748,2372.6799
20230310,2366.5897,2370.3585
20230313,2359.721,2357.0683
20230314,2353.2096,2343.1099
20230315,2359.2222,2337.4635
20230316,2320.3831,2302.0494
20230317,2320.1982,2293.6705
20230320,2291.3855,2291.918
20230321,2298.2809,2337.2571
20230322,2348.5226,2341.9225
20230323,2330.981,2361.4086
20230324,2366.4324,2370.3796
20230327,2363.0068,2398.0155
20230328,2389.849,2369.1724
20230329,2371.2976,2371.1905
20230330,2370.7328,2383.0375
20230331,2386.8608,2399.5025
20230403,2406.1367,2440.2072
20230404,2441.4265,2421.6548
20230406,2404.2617,2426.5673
20230407,2421.7507,2446.9454
20230410,2457.1934,2443.5213
20230411,2449.2718,2439.3958
20230412,2436.8934,2429.2934
20230413,2418.2704,2405.7605
20230414,2409.7746,2428.0904
20230417,2420.0125,2434.4417
20230418,2428.1834,2431.0996
20230419,2429.3269,2415.7604
20230420,2414.0086,2386.6739
20230421,2393.1918,2341.1909
20230424,2337.3805,2301.2384
20230425,2302.859,2259.1931
20230426,2249.5327,2294.0569
20230427,2283.6322,2307.2706
20230428,2309.35,2324.7152
20230504,2316.3326,2297.6699
20230505,2291.2397,2267.6319
20230508,2274.7166,2273.4005
20230509,2270.7618,2245.8233
20230510,2241.4357,2262.2174
20230511,2264.9012,2276.5712
20230512,2277.4225,2252.38
20230515,2259.1692,2299.9303
20230516,2300.7965,2294.1919
20230517,2293.5493,2293.6444
20230518,2299.6302,2277.9739
20230519,2275.8039,2278.585
20230522,2278.7077,2280.1507
20230523,2282.9001,2253.3306
20230524,2245.471,2245.2566
20230525,2245.3109,2244.1843
20230526,2244.3417,2229.2677
20230529,2236.9814,2203.842
20230530,2200.8006,2218.6032
20230531,2215.2722,2193.4082
20230601,2191.8013,2206.4263
20230602,2213.7728,2233.2748
20230605,2226.2029,2202.1357
20230606,2196.9778,2164.8106
20230607,2159.1632,2129.8978
20230608,2136.0211,2123.961
20230609,2122.1598,2143.0092
20230612,2135.8816,2152.4223
20230613,2148.395,2166.9623
20230614,2175.9161,2163.3402
20230615,2174.5351,2237.7396
20230616,2243.5365,2270.0645
20230619,2271.7623,2265.1846
20230620,2264.1828,2271.419
20230621,2260.5047,2211.8363
20230626,2185.149,2186.2528
20230627,2186.1614,2191.8277
20230628,2184.9892,2182.0951
20230629,2178.882,2180.0625
20230630,2178.5333,2215.0012
20230703,2223.3298,2228.2109
20230704,2222.3271,2232.7501
20230705,2235.2004,2212.4152
20230706,2206.3008,2192.1867
20230707,2185.7252,2169.2084
20230710,2174.3319,2198.8648
20230711,2202.9343,2216.7788
20230712,2216.0298,2196.8515
20230713,2208.2238,2237.515
20230714,2237.2448,2224.0964
20230717,2212.7629,2207.4445
20230718,2215.054,2200.6187
20230719,2196.5878,2177.2466
20230720,2180.7136,2155.6474
20230721,2151.8514,2163.1174
20230724,2148.2861,2146.9292
20230725,2183.0467,2192.8972
20230726,2185.8106,2191.1693
20230727,2199.4812,2184.0965
20230728,2176.4863,2219.5376
20230731,2233.2644,2236.6732
20230801,2234.6149,2223.7958
20230802,2220.7696,2218.5654
20230803,2214.0883,2241.9832
20230804,2263.4041,2263.3732
20230807,2252.4345,2240.7749
20230808,2238.6632,2228.9091
20230809,2222.51,2228.731
20230810,2226.9126,2239.3064
20230811,2241.4811,2187.0362
20230814,2163.2801,2164.6928
20230815,2164.8197,2148.6738
20230816,2140.0059,2132.9695
20230817,2130.5403,2147.0612
20230818,2145.7965,2118.9245
20230821,2108.6999,2084.9693
20230822,2099.8415,2086.9407
20230823,2081.2143,2038.9756
20230824,2050.534,2064.5734
20230825,2053.6485,2040.3988
20230828,2182.3865,2060.0436
20230829,2054.9764,2118.1941
20230830,2122.6486,2117.1255
20230831,2111.0204,2102.575
20230901,2108.077,2100.2576
20230904,2110.1687,2118.0337
20230905,2113.5953,2111.327
20230906,2103.2972,2101.3978
20230907,2096.615,2056.98
20230908,2047.6003,2049.765
20230911,2048.9499,2063.1889
20230912,2060.6204,2051.0388
20230913,2045.3142,2027.7293
20230914,2021.5972,2011.8831
20230915,2009.3269,2002.7279
20230918,1994.8683,2020.4668
20230919,2017.8896,2002.6646
20230920,2000.7189,1987.296
20230921,1983.02,1967.6072
20230922,1965.6924,2013.3442
20230925,2015.3155,2005.2552
20230926,2000.2311,1989.828
20230927,1994.0131,2006.2235
20230928,2013.621,2003.908
20231009,2000.1341,1998.6074
20231010,2004.9469,1987.9379
20231011,2000.5151,2003.9016
20231012,2015.5463,2019.1024
20231013,2004.2049,1996.6013
20231016,1993.907,1956.7227
20231017,1963.8281,1961.8859
20231018,1952.9964,1938.4351
20231019,1925.5329,1913.7019
20231020,1899.9853,1896.9455
20231023,1891.4849,1864.9086
20231024,1872.2906,1880.8143
20231025,1890.4845,1863.7961
20231026,1851.1925,1875.8575
20231027,1868.226,1929.9086
20231030,1933.7894,1977.6856
20231031,1974.7999,1968.2265
20231101,1969.0784,1959.1272
20231102,1964.43,1939.7046
20231103,1943.2141,1968.2127
20231106,1984.332,2032.3353
20231107,2025.1031,2022.7657
20231108,2016.6031,2023.1297
20231109,2019.6861,2018.3848
20231110,2006.0868,2005.2352
20231113,2018.8269,2009.2144
20231114,2008.2934,2004.8127
20231115,2032.2618,2015.3643
20231116,2012.1976,1978.1182
20231117,1971.2227,1986.5259
20231120,1987.854,1992.9701
20231121,2001.0686,1984.271
20231122,1973.6605,1950.0079
20231123,1945.901,1961.3513
20231124,1960.3759,1937.9399
20231127,1936.6124,1926.201
20231128,1923.3566,1938.4232
20231129,1934.5542,1917.9031
20231130,1915.0454,1922.5913
20231201,1922.3703,1926.2836
20231204,1923.2158,1908.9168
20231205,1900.9861,1871.0962
20231206,1867.4996,1881.9416
20231207,1877.0322,1877.2115
20231208,1881.1037,1892.1781
20231211,1880.5784,1915.7366
20231212,1909.5978,1903.8712
20231213,1899.3386,1872.3413
20231214,1884.5455,1860.5132
20231215,1869.514,1848.5008
20231218,1839.3158,1819.9955
20231219,1818.8754,1827.6723
20231220,1830.7213,1802.8812
20231221,1795.2735,1832.6157
20231222,1827.6841,1825.8423
20231225,1820.2525,1831.5687
20231226,1828.5587,1808.4998
20231227,1813.0533,1809.832
20231228,1806.7874,1879.4965
20231229,1879.5348,1891.3665
20240102,1889.0226,1855.9217
20240103,1850.1609,1834.7319
20240104,1831.2947,1801.7607
20240105,1798.8174,1775.5767
20240108,1769.325,1744.4114
20240109,1749.765,1750.7751
20240110,1741.1261,1743.1977
20240111,1744.3012,1777.2723
20240112,1770.9683,1761.1599
20240115,1751.5243,1745.6087
20240116,1741.368,1752.23
20240117,1747.7724,1699.6196
20240118,1685.9373,1732.3577
20240119,1726.5473,1715.4361
20240122,1710.2901,1666.8795
20240123,1663.9823,1687.6136
20240124,1696.5607,1696.1879
20240125,1686.5468,1720.7833
20240126,1703.4752,1682.4777
20240129,1680.1497,1623.8123
20240130,1613.4633,1583.7707
20240131,1585.2137,1573.3719
20240201,1567.8317,1589.0373
20240202,1585.9573,1550.3739
20240205,1534.1891,1562.6096
20240206,1544.9599,1667.4452
20240207,1663.1765,1707.0199
20240208,1716.6282,1726.8587
20240219,1752.863,1746.4222
20240220,1739.0348,1746.1764
20240221,1728.4515,1752.4784
20240222,1752.7935,1757.8694
20240223,1766.9568,1758.1927
20240226,1752.7557,1751.7029
20240227,1743.49,1793.9788
20240228,1799.6075,1748.9697
20240229,1739.9726,1807.0344
20240301,1808.1959,1824.0345
20240304,1827.1288,1834.8331
20240305,1818.5945,1833.6608
20240306,1822.5394,1832.5804
20240307,1830.2576,1789.9361
20240308,1793.5112,1807.294
20240311,1817.0723,1890.4099
20240312,1896.4513,1906.0366
20240313,1911.9807,1895.1475
20240314,1895.7262,1883.0206
20240315,1877.5695,1884.0881
20240318,1906.1159,1926.3963
20240319,1917.9205,1906.9385
20240320,1898.1836,1909.2454
20240321,1912.8087,1897.0943
20240322,1893.1404,1869.1747
20240325,1864.5316,1833.4412
20240326,1832.6553,1841.5352
20240327,1840.1928,1789.8191
20240328,1790.5802,1806.8968
20240329,1806.6718,1818.2032
20240401,1833.4916,1872.1179
20240402,1869.3232,1860.4936
20240403,1853.5577,1840.412
20240408,1834.4528,1807.0481
20240409,1807.4784,1827.5788
20240410,1818.4051,1789.9413
20240411,1777.201,1782.0853
20240412,1780.9897,1762.8771
20240415,1770.1721,1795.5179
20240416,1783.5707,1760.2004
20240417,1765.2855,1797.3113
20240418,1784.7823,1787.4886
20240419,1772.1813,1756.0006
20240422,1739.0072,1750.4634
20240423,1753.5836,1753.1612
20240424,1757.3111,1765.4103
20240425,1753.1224,1764.7274
20240426,1767.7217,1823.7415
20240429,1831.4445,1887.5712
20240430,1874.6798,1858.3934
20240506,1896.841,1895.2075
20240507,1896.7246,1892.5393
20240508,1887.8244,1865.1079
20240509,1872.7042,1900.0092
20240510,1899.0514,1878.1652
20240513,1859.3437,1860.3664
20240514,1864.3854,1855.5976
20240515,1857.5763,1838.8872
20240516,1846.9782,1844.2111
20240517,1838.985,1864.9391
20240520,1869.5451,1875.9276
20240521,1871.7788,1861.4815
20240522,1863.1413,1877.9267
20240523,1876.5613,1852.067
20240524,1845.0129,1818.5616
20240527,1824.1652,1830.9578
20240528,1824.0874,1806.2546
20240529,1808.4851,1811.0683
20240530,1810.6572,1813.1545
20240531,1812.6117,1805.1089
20240603,1806.4086,1819.4552
20240604,1816.3676,1843.5924
20240605,1840.079,1833.5495
20240606,1840.246,1820.4485
20240607,1812.4559,1781.07
20240611,1766.9153,1787.3016
20240612,1779.3179,1779.4182
20240613,1786.1053,1777.7911
20240614,1777.275,1791.362
20240617,1780.9359,1806.193
20240618,1805.159,1811.3649
20240619,1816.0598,1788.4956
20240620,1787.2361,1762.7008
20240621,1756.6712,1755.8765
20240624,1745.9288,1731.5147
20240625,1724.6397,1700.0249
20240626,1700.9495,1730.6417
20240627,1719.7784,1703.2009
20240628,1696.9371,1683.43
20240701,1679.6622,1682.6918
20240702,1677.6687,1665.0352
20240703,1664.9863,1660.1242
20240704,1666.3932,1647.2199
20240705,1648.7391,1655.594
20240708,1651.6413,1628.7584
20240709,1625.5224,1652.1171
20240710,1642.8613,1651.1097
20240711,1673.5395,1685.1176
20240712,1680.1404,1683.6285
20240715,1674.8869,1673.0072
20240716,1671.9212,1696.3359
20240717,1691.9465,1696.4508
20240718,1680.3385,1717.7091
20240719,1706.843,1725.4874
20240722,1729.2801,1723.9141
20240723,1721.9346,1671.4432
20240724,1666.6208,1650.9078
20240725,1641.6821,1644.4537
20240726,1649.3446,1659.5336
20240729,1653.3896,1635.6748
20240730,1629.1811,1630.951
20240731,1623.0383,1688.1419
20240801,1690.2188,1665.9729
20240802,1649.8431,1638.3043
20240805,1621.1881,1607.2884
20240806,1628.1164,1627.3554
20240807,1624.0634,1620.3315
20240808,1611.2619,1611.5085
20240809,1621.8406,1595.6419
20240812,1596.4138,1592.3944
20240813,1592.0445,1607.1855
20240814,1606.4412,1584.328
20240815,1581.1525,1592.7101
20240816,1594.5094,1591.461
20240819,1589.2068,1589.2872
20240820,1590.173,1567.9688
20240821,1561.2424,1558.5116
20240822,1559.6831,1546.6314
20240823,1540.5159,1546.903
20240826,1550.0446,1545.3094
20240827,1537.8126,1530.7442
20240828,1526.669,1531.4502
20240829,1512.3709,1541.3995
20240830,1543.8935,1580.4595
20240902,1577.4449,1536.9499
20240903,1533.5721,1556.3207
20240904,1541.899,1554.6395
20240905,1554.8763,1564.723
20240906,1564.3252,1538.072
20240909,1528.6494,1539.0381
20240910,1540.2106,1539.9802
20240911,1539.8458,1558.3275
20240912,1566.4032,1551.8137
20240913,1552.2763,1535.1684
20240918,1533.3817,1533.4726
20240919,1543.3158,1546.4738
20240920,1546.7749,1536.5991
20240923,1538.0549,1530.5062
20240924,1545.9038,1615.3215
20240925,1652.8282,1641.5416
20240926,1638.5265,1714.1435
20240927,1751.3278,1885.4888
20240930,1994.2623,2175.0865
20241008,2576.217,2550.2764
20241009,2426.7522,2280.0963
20241010,2291.2175,2212.9087
20241011,2173.7103,2100.8707
20241014,2119.3855,2155.403
20241015,2139.6475,2085.9863
20241016,2037.7435,2039.9498
20241017,2057.9603,2033.4845
20241018,2027.653,2195.1007
20241021,2211.3945,2210.3354
20241022,2205.3993,2216.9898
20241023,2202.8237,2205.3024
20241024,2187.2436,2175.0952
20241025,2190.3928,2238.897
20241028,2228.078,2229.118
20241029,2231.8241,2177.3058
20241030,2156.2769,2151.5146
20241031,2145.655,2164.4619
20241101,2149.9381,2123.7383
20241104,2122.9804,2185.9842
20241105,2184.9046,2289.8405
20241106,2290.6715,2265.8324
20241107,2244.959,2350.7599
20241108,2396.8681,2321.5867
20241111,2298.6195,2392.4433
20241112,2416.2107,2390.8035
20241113,2367.1633,2417.2522
20241114,2411.2906,2334.9643
20241115,2318.9356,2243.62
20241118,2244.3226,2190.9503
20241119,2200.1333,2256.6075
20241120,2242.5993,2267.8548
20241121,2254.2694,2265.8658
20241122,2257.9507,2175.5713
20241125,2184.1027,2175.1837
20241126,2163.3739,2150.0968
20241127,2136.7071,2208.7805
20241128,2204.4896,2169.8027
20241129,2162.5224,2224.0026
20241202,2212.3589,2255.4979
20241203,2252.7536,2245.4986
20241204,2237.6495,2213.4056
20241205,2207.4991,2221.4566
20241206,2219.9079,2267.0641
20241209,2265.1879,2248.6273
20241210,2358.2881,2264.051
20241211,2260.7005,2261.5823
20241212,2257.308,2292.1451
20241213,2272.2664,2235.2586
20241216,2232.6249,2201.5324
20241217,2197.1259,2201.181
20241218,2207.1823,2202.1373
20241219,2178.463,2213.5429
20241220,2209.3755,2209.6616
20241223,2205.6903,2187.9448
20241224,2190.4696,2213.548
20241225,2215.6123,2201.296
20241226,2200.3188,2209.8464
20241227,2209.7101,2204.8965
20241230,2198.8648,2206.2852
20241231,2202.1811,2141.5958
20250102,2136.9221,2060.4422
20250103,2062.4025,2015.9671
20250106,2018.2457,2014.1899
20250107,1996.0003,2028.3582
20250108,2011.7489,2008.4441
20250109,1994.81,2010.6601
20250110,2006.5527,1975.3048
20250113,1953.8865,1982.4595
20250114,1989.3873,2075.7558
20250115,2064.4758,2037.9335
20250116,2051.0949,2051.3507
20250117,2041.7104,2067.2747
20250120,2090.143,2104.7277
20250121,2125.0668,2112.3901
20250122,2103.8319,2101.0346
20250123,2125.2951,2093.3129
20250124,2084.1338,2121.8391
20250127,2119.1694,2063.8199
20250205,2082.9909,2062.9231
20250206,2059.4495,2120.7451
20250207,2127.1359,2174.3509
20250210,2183.7801,2183.8767
20250211,2182.9089,2152.7324
20250212,2144.7268,2191.7594
20250213,2186.1382,2176.1559
20250214,2176.3225,2215.2984
20250217,2243.6584,2226.6152
20250218,2223.4803,2182.574
20250219,2174.956,2226.9821
20250220,2222.3729,2225.5838
20250221,2228.9165,2281.5118
20250224,2277.1542,2266.2441
20250225,2227.2895,2240.5887
20250226,2246.9544,2268.2154
20250227,2268.5027,2256.5084
20250228,2238.3402,2170.3919
20250303,2176.8166,2196.5248
20250304,2170.9892,2190.0783
20250305,2190.5775,2190.3624
20250306,2204.2472,2234.689
20250307,2221.9089,2205.3067
20250310,2211.0966,2199.8771
20250311,2172.1794,2204.0302
20250312,2211.1458,2191.2678
20250313,2189.4687,2166.0037
20250314,2165.5321,2226.7163
20250317,2230.8543,2215.1266
20250318,2225.2041,2228.6442
20250319,2221.6022,2222.3467
20250320,2220.4964,2200.0321
20250321,2193.3613,2152.2792
20250324,2154.6697,2152.5548
20250325,2154.2037,2145.4786
20250326,2143.1189,2139.9016
20250327,2130.4889,2145.0951
20250328,2140.0658,2128.2092
20250331,2117.8846,2103.6987
20250401,2108.4551,2101.8778
20250402,2103.3872,2104.625
20250403,2078.1463,2065.4026
20250407,1925.6412,1807.2061
20250408,1837.5436,1840.3123
20250409,1805.4644,1858.3561
20250410,1920.6404,1900.5276
20250411,1885.8552,1926.3702
20250414,1954.0493,1932.9127
20250415,1933.8856,1930.3994
20250416,1918.0292,1907.1095
20250417,1893.0173,1908.7764
20250418,1904.9937,1913.9698
20250421,1910.9041,1944.3179
20250422,1933.8318,1928.4315
20250423,1950.4353,1949.1625
20250424,1946.2303,1935.8577
20250425,1941.8149,1947.1863
20250428,1951.1599,1934.4567
20250429,1929.2716,1931.9416
20250430,1936.1224,1948.0295
20250506,1966.9679,1986.4092
20250507,2024.301,1996.51
20250508,1994.0518,2029.4518
20250509,2028.4274,2011.7671
20250512,2042.9025,2064.7137
20250513,2091.3494,2062.2609
20250514,2062.2744,2083.1421
20250515,2076.0422,2043.2467
20250516,2035.865,2039.4452
20250519,2038.0477,2032.7561
20250520,2041.4962,2048.4587
20250521,2052.0014,2065.39
20250522,2065.4127,2045.5655
20250523,2043.2019,2021.4991
20250526,2016.3705,2005.2587
20250527,2001.6221,1991.6431
20250528,1996.4876,1985.383
20250529,1988.3191,2012.5482
20250530,2002.732,1993.1877
20250603,1986.5433,2002.7005
20250604,2009.3744,2024.9335
20250605,2026.6311,2048.615
20250606,2047.8659,2039.4353
20250609,2046.4271,2061.2909
20250610,2057.9704,2037.2707
20250611,2044.2837,2061.8674
20250612,2057.1956,2067.1535
20250613,2054.9666,2043.8242
20250616,2038.6993,2057.3227
20250617,2061.4691,2049.9433
20250618,2046.6938,2054.7286
20250619,2049.1757,2026.817
20250620,2026.8806,2009.8934
20250623,1996.962,2017.6336
20250624,2024.7019,2064.1346
20250625,2073.2593,2128.3922
20250626,2128.8587,2114.4254
20250627,2125.8488,2124.3446
20250630,2132.9311,2153.0137
20250701,2149.2159,2147.9186
20250702,2140.1398,2123.7189
20250703,2130.7387,2164.0884
20250704,2168.346,2156.234
20250707,2148.9337,2130.1858
20250708,2129.4888,2181.077
20250709,2179.3168,2184.6745
20250710,2192.9883,2189.5773
20250711,2190.0065,2207.0968
20250714,2207.5433,2197.0681
20250715,2211.4049,2235.0492
20250716,2241.2105,2230.1942
20250717,2228.5245,2269.3266
20250718,2279.6674,2277.152
20250721,2285.4135,2296.8833
20250722,2295.3643,2310.856
20250723,2308.114,2310.671
20250724,2319.2524,2345.3673
20250725,2348.2809,2340.0557
20250728,2346.3807,2362.5995
20250729,2362.7746,2406.5945
20250730,2395.8591,2367.6835
20250731,2382.9674,2328.313
20250801,2323.9212,2322.6268
20250804,2307.3731,2334.323
20250805,2349.4357,2343.3757
20250806,2335.95,2358.9547
20250807,2359.423,2342.8609
20250808,2338.2485,2333.959
20250811,2336.9289,2379.8165
20250812,2381.163,2409.3983
20250813,2417.4693,2496.5041
20250814,2496.6268,2469.6554
20250815,2464.6655,2534.2187
20250818,2549.5518,2606.2018
20250819,2596.578,2601.7431
20250820,2572.0054,2607.6534
20250821,2614.9146,2595.4654
20250822,2587.5294,2682.5529
20250825,2720.2816,2762.9906
20250826,2747.1071,2742.1268
20250827,2747.5002,2723.1985
20250828,2707.3391,2827.172
20250829,2828.0124,2890.1252
20250901,2914.6423,2956.3748
20250902,2951.0301,2872.2224
20250903,2882.8425,2899.3728
20250904,2933.6778,2776.2483
20250905,2789.9086,2958.181
20250908,2964.4285,2933.2464
20250909,2901.2894,2867.9684
20250910,2890.0521,2904.2687
20250911,2917.7672,3053.7488
20250912,3024.1036,3020.4229
20250915,3052.0587,3066.1804
20250916,3072.3017,3087.0396
20250917,3085.7103,3147.3454
20250918,3119.7738,3095.8512
20250919,3098.2775,3091.0035
20250922,3093.9678,3107.8873
20250923,3139.4999,3114.553
20250924,3089.9039,3185.5709
20250925,3167.7518,3235.7648
20250926,3222.187,3151.5299
20250929,3165.065,3238.0119
20250930,3239.3262,3238.1603
20251009,3251.0398,3261.822
20251010,3230.4568,3113.2621
20251013,2975.0258,3078.7623
20251014,3120.9952,2955.9831
20251015,2964.5166,3025.8673
20251016,3008.3723,3037.4423
20251017,3026.3981,2935.3698
20251020,3007.2079,2993.4549
20251021,3017.7725,3083.7157
20251022,3061.267,3059.3192
20251023,3050.7359,3062.1626
20251024,3087.6283,3171.5687
20251027,3227.179,3234.4546
20251028,3205.4421,3229.5754
20251029,3263.9836,3324.2713
20251030,3313.7878,3263.0222
20251031,3260.2637,3187.5327
20251103,3179.2966,3196.8709
20251104,3190.404,3134.0895
20251105,3068.9486,3166.2312
20251106,3185.1284,3224.6238
20251107,3201.2585,3208.2057
20251110,3221.9327,3178.8272
20251111,3197.1225,3134.3159
20251112,3122.5768,3122.027
20251113,3119.0856,3201.7536
20251114,3145.9236,3111.507
20251117,3097.3354,3105.2034
20251118,3089.3817,3069.2196
20251119,3065.165,3076.8452
20251120,3131.8382,3042.3406
20251121,2979.3711,2920.0778
20251124,2946.456,2929.0429
20251125,2970.7312,2980.9335
20251126,2976.7049,3044.6945
20251127,3041.2046,3031.2956
20251128,3029.9768,3052.5871
20251201,3060.5573,3092.4985
20251202,3091.3693,3071.1487
20251203,3078.8583,3036.7864
20251204,3037.0512,3067.4842
20251205,3084.2174,3109.2974
20251208,3119.1512,3190.2688
20251209,3183.6131,3209.6031
20251210,3201.3784,3209.0042
20251211,3210.5458,3163.6746
20251212,3172.7309,3194.3586
20251215,3157.3198,3137.8013
20251216,3130.4279,3071.7619
20251217,3072.6211,3175.9081
20251218,3138.6571,3107.0646
20251219,3134.8043,3122.238
20251222,3153.7493,3191.9849
20251223,3196.3087,3205.0108
20251224,3207.4095,3229.5772
20251225,3232.9712,3239.343
20251226,3232.4093,3243.8757
20251229,3237.7735,3222.6108
20251230,3208.3233,3242.9046
20251231,3247.7367,3203.1717
20260105,3229.933,3294.5513
20260106,3279.8114,3319.2914
20260107,3331.3408,3329.6926
20260108,3308.7377,3302.3067
20260109,3279.3763,3327.8127
20260112,3323.6365,3388.3407
20260113,3390.6885,3321.8886
20260114,3333.1714,3349.1376
20260115,3318.1087,3367.9166
20260116,3394.3463,3361.0167
20260119,3340.9356,3337.6081
20260120,3340.4559,3277.979
20260121,3270.1272,3295.5226
20260122,3312.7513,3328.6471
20260123,3334.0167,3349.5034
20260126,3365.6058,3319.1489
20260127,3316.0215,3342.5991
20260128,3359.7883,3323.5619
20260129,3322.4798,3304.5103
20260130,3301.5407,3346.3552
20260202,3368.1414,3264.1109
20260203,3318.06,3324.8923
20260204,3298.3221,3311.5148
20260205,3277.7213,3260.2783
20260206,3222.8835,3236.4643
20260209,3299.5974,3332.7695
20260210,3321.8839,3320.537
20260211,3312.6434,3284.7352
20260212,3294.5706,3328.0624
20260213,3309.4294,3275.9584
20260224,3331.7946,3308.2648
20260225,3313.0925,3354.819
20260226,3346.7428,3344.9823
20260227,3303.9765,3310.3049
20260302,3257.0513,3294.1611
20260303,3316.6326,3209.4819
20260304,3171.1852,3164.3714
20260305,3236.151,3216.9393
20260306,3197.6649,3229.3015
20260309,3152.717,3208.5818
20260310,3281.9438,3306.1414
20260311,3318.4125,3349.5287
20260312,3357.0333,3317.5225
20260313,3296.5029,3310.2779
20260316,3323.979,3357.0219
20260317,3385.7125,3280.0589
20260318,3307.8216,3346.3651
20260319,3311.4447,3309.1033
20260320,3362.0716,3352.1026
20260323,3300.5583,3235.2207
20260324,3266.9324,3251.5453
20260325,3287.1712,3316.9714
20260326,3299.0308,3272.488
20260327,3236.3699,3295.8804
20260330,3254.4306,3273.3551
20260331,3247.2786,3184.9524
20260401,3255.264,3247.5229
20260402,3229.5996,3172.6494
20260403,3197.7711,3149.5962
20260407,3162.8226,3160.8157
20260408,3257.9054,3347.61
20260409,3316.2912,3323.2989
20260410,3355.0728,3448.787
20260413,3434.3203,3476.4396
20260414,3507.1101,3558.5273
20260415,3596.0789,3514.9604
20260416,3531.2612,3626.271
20260417,3643.1528,3678.2934
20260420,3657.3484,3677.5758
20260421,3662.2588,3688.9372
20260422,3660.4199,3752.7591
20260423,3769.019,3720.2474
20260424,3682.4985,3667.7851
20260427,3677.8905,3648.788
20260428,3623.4895,3596.7118
20260429,3578.4228,3687.1681
20260430,3704.1088,3677.1485
20260506,3760.671,3778.1595
20260507,3807.9896,3833.0572
20260508,3792.0425,3796.1283
20260511,3829.6077,3928.9739
20260512,3947.137,3934.882
20260513,3900.7367,4038.3327
20260514,4087.8506,3951.1404
20260515,3957.7375,3929.0642
20260518,3895.0684,3914.8753
20260519,3894.001,3908.4374
20260520,3889.6789,3921.7894
20260521,3962.3031,3829.7786
20260522,3875.8128,3938.502
20260525,3974.9748,4021.1602
20260526,4003.1332,4043.0658
20260527,4053.6752,4045.7731
20260528,4042.0784,4125.0749
20260529,4141.9138,4037.951
20260601,4057.3928,3950.9432
20260602,3987.4066,4055.8709
20260603,4089.0198,4122.987
20260604,4072.5489,4088.884
20260605,4079.9523,3957.935
20260608,3820.2306,3811.7854
20260609,3865.6931,3961.7493
20260610,3897.73,3854.7935
20260611,3839.1872,3811.246
20260612,3921.0888,3830.353
20260615,3896.167,4033.5349
20260616,4065.2708,4102.9421
20260617,4061.2973,4167.0478
20260618,4153.6209,4252.3903
20260622,4272.9877,4359.392
20260623,4343.8755,4192.1945
20260624,4181.9056,4251.4244
20260625,4278.3393,4371.9891
20260626,4319.4094,4194.2089
20260629,4200.674,4216.6985
20260630,4217.6332,4342.7123
20260701,4336.1611,4260.7208
20260702,4135.3424,4017.2735
20260703,4010.8191,4019.9341
20260706,4050.876,3948.86
20260707,3931.4388,3911.9075
20260708,3932.4198,3845.3513
20260709,3892.1234,4018.1744
20260710,4041.8593,3842.7314
20260713,3809.8585,3723.5166
20260714,3729.6129,3851.1372
20260715,3879.7659,3804.7038
20260716,3710.5069,3692.4573
20260717,3642.0568,3428.6298
20260720,3504.1162,3443.1015
20260721,3469.2229,3685.9684
20260722,3644.9764,3566.7323
20260723,3596.7348,3575.5202
20260724,3515.5037,3480.8702
20260727,3482.0447,3590.7872
20260728,3478.8636,3327.0298
20260729,3333.4807,3378.6964
20260730,3331.3212,3244.6179
20260731,3411.6115,3343.9641
20260803,3320.0927,3302.5534
20260804,3353.5119,3488.9663
20260805,3372.0823,3535.1431
20260806,3472.1465,3515.5603
20260807,3537.44,3563.1165
20260810,3567.0459,3537.2136
