trade_date,open,close
20090105,1848.326,1882.959
20090106,1880.672,1942.795
20090107,1942.671,1931.178
20090108,1894.664,1887.991
20090109,1886.488,1918.365
20090112,1911.736,1920.687
20090113,1892.655,1876.185
20090114,1873.626,1955.244
20090115,1935.386,1954.874
20090116,1965.44,1990.214
20090119,2010.579,2012.465
20090120,2006.525,2025.19
20090121,1993.67,2021.71
20090122,2034.286,2044.551
20090123,2039.522,2032.682
20090202,2052.439,2057.063
20090203,2056.795,2108.91
20090204,2118.563,2166.414
20090205,2164.546,2150.971
20090206,2158.084,2237.28
20090209,2271.593,2296.672
20090210,2288.071,2326.755
20090211,2287.232,2331.138
20090212,2335.401,2318.343
20090213,2321.56,2399.065
20090216,2421.187,2462.245
20090217,2460.569,2385.293
20090218,2331.662,2275.843
20090219,2295.653,2298.412
20090220,2300.806,2344.32
20090223,2333.809,2410.481
20090224,2376.697,2301.849
20090225,2325.039,2304.251
20090226,2295.426,2190.185
20090227,2164.54,2140.489
20090302,2123.367,2164.666
20090303,2109.841,2142.154
20090304,2150.239,2285.149
20090305,2314.079,2304.919
20090306,2260.756,2286.576
20090309,2302.011,2202.527
20090310,2175.306,2240.782
20090311,2288.053,2220.38
20090312,2208.041,2215.7
20090313,2229.25,2205.422
20090316,2197.248,2241.614
20090317,2244.11,2322.403
20090318,2335.417,2332.652
20090319,2337.524,2382.564
20090320,2389.892,2379.838
20090323,2384.67,2439.395
20090324,2477.567,2451.783
20090325,2435.633,2401.327
20090326,2407.762,2479.789
20090327,2500.998,2498.931
20090330,2501.312,2484.487
20090331,2436.778,2507.789
20090401,2519.886,2548.222
20090402,2558.768,2576.4
20090403,2597.916,2570.503
20090407,2570.625,2576.95
20090408,2563.722,2479.348
20090409,2477.419,2517.669
20090410,2540.108,2595.53
20090413,2621.979,2656.518
20090414,2651.197,2676.872
20090415,2662.728,2686.99
20090416,2690.515,2687.106
20090417,2675.668,2650.691
20090420,2643.726,2707.667
20090421,2670.277,2675.442
20090422,2687.857,2576.281
20090423,2555.527,2593.564
20090424,2605.703,2572.888
20090427,2566.92,2513.292
20090428,2490.526,2518.531
20090429,2518.854,2605.37
20090430,2616.485,2622.926
20090504,2635.129,2714.301
20090505,2733.107,2727.014
20090506,2721.817,2764.979
20090507,2783.577,2767.076
20090508,2751.499,2789.219
20090511,2808.139,2725.316
20090512,2702.742,2788.562
20090513,2792.42,2814.005
20090514,2781.048,2792.597
20090515,2800.571,2796.116
20090518,2782.585,2810.573
20090519,2836.337,2840.084
20090520,2843.545,2812.865
20090521,2795.828,2750.01
20090522,2733.017,2740.677
20090525,2684.213,2752.716
20090526,2757.31,2719.764
20090527,2734.418,2759.712
20090601,2798.927,2858.342
20090602,2878.528,2865.099
20090603,2865.732,2939.387
20090604,2924.267,2953.751
20090605,2966.065,2939.306
20090608,2937.635,2948.478
20090609,2948.949,2960.556
20090610,2972.423,2989.595
20090611,2982.969,2961.629
20090612,2955.569,2906.286
20090615,2911.423,2966.192
20090616,2936.508,2961.22
20090617,2957.576,3010.588
20090618,3014.437,3057.428
20090619,3061.903,3080.001
20090622,3106.387,3082.563
20090623,3036.404,3083.895
20090624,3079.495,3120.73
20090625,3125.662,3117.921
20090626,3126.228,3128.421
20090629,3132.113,3179.972
20090630,3191.641,3166.474
20090701,3153.537,3237.903
20090702,3248.204,3282.359
20090703,3254.93,3327.135
20090706,3333.096,3374.753
20090707,3368.33,3340.493
20090708,3306.428,3352.269
20090709,3348.221,3396.304
20090710,3398.911,3398.31
20090713,3382.574,3361.011
20090714,3375.873,3454.753
20090715,3467.132,3493.305
20090716,3516.778,3501.24
20090717,3499.51,3519.809
20090720,3532.519,3591.123
20090721,3603.402,3539.832
20090722,3532.632,3606.924
20090723,3613.598,3651.969
20090724,3672.206,3667.556
20090727,3680.15,3743.626
20090728,3745.549,3755.818
20090729,3741.784,3558.508
20090730,3587.047,3634.818
20090731,3670.191,3734.622
20090803,3754.218,3787.033
20090804,3803.061,3786.615
20090805,3781.401,3740.936
20090806,3707.907,3663.12
20090807,3655.462,3555.095
20090810,3589.716,3544.539
20090811,3558.645,3556.375
20090812,3546.5,3397.4
20090813,3398.889,3440.82
20090814,3437.951,3344.462
20090817,3283.436,3140.271
20090818,3110.708,3171.986
20090819,3178.281,3014.568
20090820,3021.251,3144.39
20090821,3135.373,3203.624
20090824,3222.397,3229.6
20090825,3210.851,3109.83
20090826,3082.68,3172.386
20090827,3149.566,3156.301
20090828,3152.037,3046.781
20090831,3003.543,2830.271
20090901,2804.584,2843.7
20090902,2824.641,2890.926
20090903,2898.449,3051.964
20090904,3055.347,3077.142
20090907,3097.789,3104.208
20090908,3084.199,3170.967
20090909,3188.311,3194.909
20090910,3179.187,3162.914
20090911,3152.815,3238.133
20090914,3248.348,3293.394
20090915,3298.81,3302.642
20090916,3290.387,3258.236
20090917,3274.582,3320.096
20090918,3325.061,3199.689
20090921,3163.512,3208.604
20090922,3196.009,3131.026
20090923,3130.142,3060.069
20090924,3041.82,3080.926
20090925,3057.106,3058.528
20090928,3066.368,2972.643
20090929,2975.531,2972.286
20090930,2992.98,3004.805
20091009,3078.753,3163.708
20091012,3181.581,3151.632
20091013,3144.022,3198.517
20091014,3209.065,3227.399
20091015,3258.546,3239.643
20091016,3250.102,3241.709
20091019,3238.848,3329.158
20091020,3355.358,3377.574
20091021,3375.027,3369.285
20091022,3364.145,3347.32
20091023,3354.984,3413.252
20091026,3421.696,3414.239
20091027,3384.294,3314.722
20091028,3303.773,3329.327
20091029,3265.186,3247.051
20091030,3305.376,3280.372
20091102,3205.835,3392.803
20091103,3402.528,3435.425
20091104,3443.517,3453.888
20091105,3458.865,3464.318
20091106,3491.075,3483.021
20091109,3487.107,3495.788
20091110,3520.395,3503.776
20091111,3500.586,3495.674
20091112,3506.952,3499.992
20091113,3489.538,3518.722
20091116,3541.053,3625.798
20091117,3644.962,3628.354
20091118,3633.851,3630.229
20091119,3638.073,3642.437
20091120,3630.576,3631.013
20091123,3636.529,3665.509
20091124,3680.746,3548.08
20091125,3541.512,3629.629
20091126,3635.79,3485.773
20091127,3440.343,3382.51
20091130,3415.077,3511.669
20091201,3507.559,3560.831
20091202,3578.869,3597.329
20091203,3596.952,3590.876
20091204,3581.627,3643.491
20091207,3644.625,3668.832
20091208,3670.807,3624.019
20091209,3579.282,3554.478
20091210,3579.826,3577.237
20091211,3589.408,3575.02
20091214,3572.531,3612.753
20091215,3594.51,3583.341
20091216,3568.28,3560.723
20091217,3571.052,3480.153
20091218,3450.045,3391.735
20091221,3386.326,3396.622
20091222,3402.228,3305.543
20091223,3303.729,3336.48
20091224,3346.763,3438.817
20091225,3434.326,3424.783
20091228,3432.82,3478.433
20091229,3481.903,3500.737
20091230,3503.816,3558.857
20091231,3561.367,3575.684
20100104,3592.468,3535.229
20100105,3545.186,3564.038
20100106,3558.7,3541.727
20100107,3543.16,3471.456
20100108,3456.908,3480.13
20100111,3593.106,3482.052
20100112,3477.842,3534.916
20100113,3448.291,3421.144
20100114,3433.472,3469.051
20100115,3472.524,3482.738
20100118,3471.777,3500.684
20100119,3506.806,3507.482
20100120,3512.246,3394.434
20100121,3397.043,3408.574
20100122,3364.452,3366.197
20100125,3340.013,3328.014
20100126,3328.113,3242.797
20100127,3243.038,3198.566
20100128,3195.289,3206.57
20100129,3190.315,3204.155
20100201,3198.23,3152.707
20100202,3170.778,3146.189
20100203,3160.712,3230.715
20100204,3206.431,3218.802
20100205,3147.721,3153.087
20100208,3152.253,3150.988
20100209,3147.761,3169.19
20100210,3195.142,3214.13
20100211,3216.688,3220.398
20100212,3232.879,3251.278
20100222,3248.947,3233.345
20100223,3225.393,3198.634
20100224,3177.082,3244.483
20100225,3252.153,3292.128
20100226,3286.095,3281.666
20100301,3290.007,3324.423
20100302,3327.103,3311.236
20100303,3313.023,3335.081
20100304,3338.674,3250.573
20100305,3253.164,3259.764
20100308,3268.397,3286.178
20100309,3285.62,3305.863
20100310,3304.036,3279.694
20100311,3282.199,3276.705
20100312,3277.309,3233.126
20100315,3231.216,3183.183
20100316,3183.775,3203.971
20100317,3214.216,3273.916
20100318,3277.883,3267.555
20100319,3270.978,3293.871
20100322,3297.824,3302.628
20100323,3305.554,3275.573
20100324,3282.052,3276.669
20100325,3270.39,3229.128
20100326,3226.8,3275.002
20100329,3295.763,3358.54
20100330,3361.353,3366.708
20100331,3369.193,3345.607
20100401,3349.884,3391.935
20100402,3400.139,3407.346
20100406,3422.849,3405.145
20100407,3403.088,3386.949
20100408,3381.306,3346.744
20100409,3348.773,3379.17
20100412,3388.355,3351.478
20100413,3350.726,3391.716
20100414,3394.635,3403.707
20100415,3407.025,3394.574
20100416,3388.286,3356.332
20100419,3313.499,3176.423
20100420,3176.414,3173.374
20100421,3178.877,3236.679
20100422,3222.68,3201.541
20100423,3198.784,3190.003
20100426,3195.457,3171.997
20100427,3163.101,3108.409
20100428,3080.324,3097.353
20100429,3114.941,3060.064
20100430,3060.12,3067.365
20100504,3005.487,3019.449
20100505,2981.777,3036.394
20100506,3014.907,2896.856
20100507,2835.879,2836.789
20100510,2842.366,2858.233
20100511,2916.335,2800.817
20100512,2781.708,2818.16
20100513,2818.578,2886.911
20100514,2865.58,2868.023
20100517,2828.882,2714.715
20100518,2711.407,2771.348
20100519,2748.952,2762.174
20100520,2739.219,2726.022
20100521,2656.419,2768.791
20100524,2787.751,2873.469
20100525,2851.256,2813.943
20100526,2814.444,2813.944
20100527,2808.048,2859.979
20100528,2885.857,2850.302
20100531,2835.334,2773.264
20100601,2755.284,2744.162
20100602,2729.328,2757.527
20100603,2769.096,2736.076
20100604,2721.359,2744.391
20100607,2692.831,2695.715
20100608,2694.106,2699.336
20100609,2711.642,2782.133
20100610,2755.94,2750.023
20100611,2766.196,2758.866
20100617,2778.533,2742.733
20100618,2739.032,2696.166
20100621,2698.984,2780.663
20100622,2772.886,2783.72
20100623,2768.695,2758.495
20100624,2753.712,2757.498
20100625,2744.122,2736.287
20100628,2734.507,2716.777
20100629,2717.465,2592.019
20100630,2572.912,2563.07
20100701,2557.92,2526.071
20100702,2523.035,2534.105
20100705,2507.354,2512.651
20100706,2504.869,2562.902
20100707,2561.106,2580.477
20100708,2591.509,2575.921
20100709,2578.555,2647.104
20100712,2647.421,2676.218
20100713,2649.658,2634.593
20100714,2640.925,2653.609
20100715,2650.334,2608.519
20100716,2597.0,2616.128
20100719,2592.087,2682.472
20100720,2685.459,2741.503
20100721,2744.696,2747.335
20100722,2738.027,2781.286
20100723,2787.521,2793.076
20100726,2798.762,2811.055
20100727,2803.755,2795.724
20100728,2796.483,2863.724
20100729,2866.772,2877.976
20100730,2871.481,2868.846
20100802,2868.279,2917.275
20100803,2925.254,2865.971
20100804,2858.354,2876.434
20100805,2874.66,2850.829
20100806,2848.155,2897.659
20100809,2894.103,2918.241
20100810,2920.404,2832.638
20100811,2823.15,2850.211
20100812,2822.791,2816.386
20100813,2818.41,2855.547
20100816,2851.219,2922.083
20100817,2927.258,2942.291
20100818,2945.979,2937.362
20100819,2940.767,2955.395
20100820,2943.334,2898.333
20100823,2895.707,2896.192
20100824,2892.129,2911.827
20100825,2893.986,2843.023
20100826,2853.105,2850.093
20100827,2847.448,2858.566
20100830,2874.247,2915.01
20100831,2905.154,2903.188
20100901,2907.663,2884.042
20100902,2917.735,2921.393
20100903,2926.939,2920.205
20100906,2935.89,2975.09
20100907,2979.298,2983.108
20100908,2970.002,2980.967
20100909,2986.867,2926.46
20100910,2928.001,2932.554
20100913,2933.594,2962.319
20100914,2971.547,2965.009
20100915,2965.539,2913.194
20100916,2908.322,2857.789
20100917,2864.717,2861.369
20100920,2865.04,2849.828
20100921,2859.43,2857.476
20100927,2869.928,2905.029
20100928,2900.536,2880.907
20100929,2877.269,2874.812
20100930,2859.06,2935.574
20101008,2965.652,3044.233
20101011,3069.188,3132.895
20101012,3121.636,3172.726
20101013,3176.886,3217.577
20101014,3245.133,3224.14
20101015,3204.723,3327.683
20101018,3345.804,3306.16
20101019,3300.517,3375.674
20101020,3304.221,3396.879
20101021,3404.721,3374.685
20101022,3365.597,3378.655
20101025,3386.85,3481.081
20101026,3491.474,3466.084
20101027,3451.427,3403.872
20101028,3390.426,3397.692
20101029,3400.262,3379.983
20101101,3390.413,3472.995
20101102,3484.232,3463.131
20101103,3462.74,3420.341
20101104,3426.46,3480.505
20101105,3538.988,3520.798
20101108,3534.191,3548.566
20101109,3547.44,3523.954
20101110,3507.195,3499.111
20101111,3490.738,3509.975
20101112,3484.606,3291.833
20101115,3298.737,3314.893
20101116,3311.616,3169.538
20101117,3124.109,3103.906
20101118,3134.937,3147.962
20101119,3168.165,3178.846
20101122,3148.215,3171.941
20101123,3156.478,3107.176
20101124,3088.992,3177.043
20101125,3197.965,3223.484
20101126,3214.132,3194.853
20101129,3183.54,3190.05
20101130,3187.529,3136.985
20101201,3127.262,3136.024
20101202,3185.76,3155.059
20101203,3161.93,3158.156
20101206,3168.875,3165.57
20101207,3152.733,3200.339
20101208,3194.895,3171.882
20101209,3155.996,3123.366
20101210,3107.379,3161.977
20101213,3176.335,3261.061
20101214,3270.201,3269.474
20101215,3270.781,3247.644
20101216,3246.013,3230.665
20101217,3229.297,3225.661
20101220,3239.022,3178.657
20101221,3184.7,3249.509
20101222,3253.821,3215.453
20101223,3210.67,3188.607
20101224,3170.642,3162.955
20101227,3176.107,3099.709
20101228,3084.823,3044.931
20101229,3049.928,3061.83
20101230,3063.05,3064.098
20101231,3069.053,3128.261
20110104,3155.557,3189.682
20110105,3170.181,3175.662
20110106,3177.835,3159.643
20110107,3156.362,3166.624
20110110,3162.085,3108.187
20110111,3096.249,3124.922
20110112,3135.18,3142.337
20110113,3153.985,3141.284
20110114,3129.667,3091.862
20110117,3067.433,2974.35
20110118,2965.424,2977.648
20110119,2978.457,3044.851
20110120,3037.862,2944.713
20110121,2935.233,2983.456
20110124,2986.092,2954.232
20110125,2949.647,2938.654
20110126,2939.773,2978.431
20110127,2953.589,3026.466
20110128,3020.122,3036.735
20110131,3035.418,3076.508
20110201,3083.493,3077.283
20110209,3055.398,3040.949
20110210,3034.079,3104.163
20110211,3100.274,3120.956
20110214,3123.246,3219.143
20110215,3223.222,3217.671
20110216,3211.135,3248.527
20110217,3255.626,3245.907
20110218,3240.051,3211.876
20110221,3192.146,3257.908
20110222,3267.615,3163.578
20110223,3152.441,3174.742
20110224,3170.236,3190.935
20110225,3190.872,3197.617
20110228,3200.677,3239.559
20110301,3241.714,3254.893
20110302,3237.116,3243.298
20110303,3248.156,3221.718
20110304,3223.507,3270.666
20110307,3287.405,3334.51
20110308,3335.71,3337.457
20110309,3344.1,3338.858
20110310,3330.444,3280.259
20110311,3263.081,3247.376
20110314,3238.905,3262.92
20110315,3250.595,3203.961
20110316,3204.919,3248.195
20110317,3216.288,3197.1
20110318,3228.915,3215.685
20110321,3220.677,3207.11
20110322,3217.8,3222.961
20110323,3222.325,3264.926
20110324,3269.575,3251.361
20110325,3256.179,3294.484
20110328,3307.405,3290.571
20110329,3288.564,3257.979
20110330,3256.722,3256.08
20110331,3257.164,3223.288
20110401,3227.564,3272.729
20110406,3269.19,3311.067
20110407,3313.467,3324.419
20110408,3321.54,3353.358
20110411,3363.37,3333.427
20110412,3324.754,3326.771
20110413,3311.324,3372.031
20110414,3374.324,3353.56
20110415,3345.134,3358.944
20110418,3346.149,3359.438
20110419,3334.912,3295.812
20110420,3300.418,3295.758
20110421,3312.271,3317.367
20110422,3317.083,3299.942
20110425,3292.48,3249.574
20110426,3242.529,3230.96
20110427,3242.619,3209.503
20110428,3224.413,3161.776
20110429,3161.158,3192.723
20110503,3192.845,3211.132
20110504,3192.844,3129.028
20110505,3115.003,3126.117
20110506,3093.809,3121.396
20110509,3126.26,3129.759
20110510,3135.146,3153.221
20110511,3153.648,3145.085
20110512,3123.158,3101.603
20110513,3105.303,3128.093
20110516,3120.436,3100.463
20110517,3097.071,3116.028
20110518,3109.294,3139.379
20110519,3148.353,3120.639
20110520,3120.579,3121.596
20110523,3115.312,3022.98
20110524,3013.715,3026.223
20110525,3020.323,2990.343
20110526,3011.466,2978.381
20110527,2980.721,2963.308
20110530,2956.575,2954.506
20110531,2958.607,3001.556
20110601,2996.085,3004.173
20110602,2970.634,2955.705
20110603,2951.579,2986.349
20110607,2977.681,3004.262
20110608,3003.581,3008.652
20110609,3000.404,2951.889
20110610,2947.927,2961.932
20110613,2940.391,2950.348
20110614,2947.655,2993.559
20110615,2984.962,2963.119
20110616,2939.681,2917.578
20110617,2916.405,2892.157
20110620,2888.935,2874.896
20110621,2883.354,2909.073
20110622,2913.666,2908.582
20110623,2899.013,2957.629
20110624,2946.609,3027.47
20110627,3028.496,3036.491
20110628,3040.183,3041.734
20110629,3039.047,3000.169
20110630,3003.23,3044.089
20110701,3052.12,3049.745
20110704,3064.935,3121.98
20110705,3122.899,3122.5
20110706,3116.121,3113.712
20110707,3123.29,3101.68
20110708,3105.486,3109.183
20110711,3097.874,3113.206
20110712,3089.136,3056.905
20110713,3060.42,3106.247
20110714,3112.587,3115.745
20110715,3105.497,3128.889
20110718,3131.803,3122.6
20110719,3108.472,3095.125
20110720,3113.705,3091.567
20110721,3092.271,3059.139
20110722,3066.192,3067.985
20110725,3050.897,2968.289
20110726,2965.721,2977.766
20110727,2961.576,3000.052
20110728,2973.642,2981.002
20110729,2981.021,2972.079
20110801,2969.106,2977.721
20110802,2958.85,2956.383
20110803,2930.193,2954.87
20110804,2962.913,2960.309
20110805,2881.737,2897.417
20110808,2864.514,2793.897
20110809,2720.953,2798.19
20110810,2845.352,2824.12
20110811,2779.715,2866.924
20110812,2881.554,2875.365
20110815,2883.174,2917.883
20110816,2920.829,2897.581
20110817,2893.849,2886.013
20110818,2887.103,2834.254
20110819,2789.346,2807.664
20110822,2809.329,2777.787
20110823,2788.699,2821.003
20110824,2834.577,2810.016
20110825,2818.701,2903.837
20110826,2889.382,2901.216
20110829,2875.784,2852.809
20110830,2875.144,2841.74
20110831,2843.993,2846.776
20110901,2852.386,2834.535
20110902,2828.839,2803.854
20110905,2780.834,2743.817
20110906,2727.749,2723.303
20110907,2738.789,2779.09
20110908,2788.832,2756.105
20110909,2770.153,2751.095
20110913,2712.443,2720.283
20110914,2729.256,2733.108
20110915,2734.552,2729.051
20110916,2744.218,2733.987
20110919,2718.318,2679.27
20110920,2675.043,2689.845
20110921,2691.701,2771.011
20110922,2745.146,2685.688
20110923,2644.294,2669.478
20110926,2645.245,2610.919
20110927,2634.925,2637.879
20110928,2654.83,2610.59
20110929,2593.559,2588.185
20110930,2595.582,2581.351
20111010,2588.349,2557.082
20111011,2625.163,2551.994
20111012,2537.398,2644.758
20111013,2636.863,2662.601
20111014,2655.358,2653.782
20111017,2658.947,2666.951
20111018,2646.841,2592.209
20111019,2599.917,2583.081
20111020,2566.603,2520.532
20111021,2522.257,2507.877
20111024,2517.059,2576.669
20111025,2572.708,2625.425
20111026,2613.272,2651.652
20111027,2658.428,2657.478
20111028,2694.542,2709.017
20111031,2704.535,2695.307
20111101,2672.508,2697.534
20111102,2658.547,2742.39
20111103,2752.627,2744.301
20111104,2770.572,2763.746
20111107,2750.991,2736.248
20111108,2745.059,2727.71
20111109,2739.154,2751.654
20111110,2720.836,2699.588
20111111,2705.243,2695.002
20111114,2717.544,2750.195
20111115,2746.773,2744.68
20111116,2745.858,2670.116
20111117,2671.953,2662.017
20111118,2643.667,2606.495
20111121,2608.556,2609.687
20111122,2592.229,2609.475
20111123,2613.291,2584.011
20111124,2565.686,2588.915
20111125,2585.137,2569.973
20111128,2578.344,2573.321
20111129,2595.086,2608.569
20111130,2600.099,2521.52
20111201,2596.153,2583.613
20111202,2570.56,2557.311
20111205,2561.2,2521.385
20111206,2515.044,2516.341
20111207,2517.341,2528.228
20111208,2525.041,2525.001
20111209,2506.624,2503.461
20111212,2497.922,2477.692
20111213,2467.016,2421.928
20111214,2415.944,2397.48
20111215,2382.441,2340.788
20111216,2339.976,2390.129
20111219,2370.418,2384.408
20111220,2376.709,2377.073
20111221,2397.275,2339.108
20111222,2325.27,2341.335
20111223,2337.382,2359.159
20111226,2345.555,2335.702
20111227,2332.826,2305.035
20111228,2295.866,2307.928
20111229,2297.288,2311.361
20111230,2318.673,2345.742
20120104,2361.499,2298.753
20120105,2290.78,2276.385
20120106,2274.352,2290.601
20120109,2291.182,2368.57
20120110,2365.768,2447.349
20120111,2444.757,2435.608
20120112,2426.82,2435.219
20120113,2438.405,2394.334
20120116,2376.953,2345.649
20120117,2347.568,2460.601
20120118,2464.92,2422.189
20120119,2423.857,2468.35
20120120,2476.73,2504.086
20120130,2508.877,2460.72
20120131,2462.338,2464.26
20120201,2458.233,2428.994
20120202,2437.47,2486.238
20120203,2478.336,2506.09
20120206,2511.172,2504.322
20120207,2489.032,2457.954
20120208,2456.422,2528.236
20120209,2525.589,2529.231
20120210,2521.676,2533.624
20120213,2504.41,2531.981
20120214,2528.967,2522.107
20120215,2515.829,2549.607
20120216,2544.641,2536.074
20120217,2551.815,2537.086
20120220,2571.907,2540.706
20120221,2544.835,2562.453
20120222,2564.315,2597.476
20120223,2595.779,2606.256
20120224,2607.339,2648.017
20120227,2658.121,2656.573
20120228,2652.342,2662.463
20120229,2655.858,2634.143
20120301,2622.737,2633.345
20120302,2637.961,2679.934
20120305,2687.74,2662.698
20120306,2654.799,2621.052
20120307,2596.479,2603.005
20120308,2612.403,2635.791
20120309,2644.1,2664.302
20120312,2663.243,2654.402
20120313,2653.681,2681.073
20120314,2694.475,2605.106
20120315,2602.661,2585.546
20120316,2591.8,2623.52
20120319,2617.662,2630.013
20120320,2622.66,2584.445
20120321,2597.375,2587.793
20120322,2586.938,2583.747
20120323,2575.327,2552.94
20120326,2551.425,2555.442
20120327,2565.551,2547.143
20120328,2538.458,2474.9
20120329,2463.688,2443.122
20120330,2447.939,2454.899
20120405,2449.208,2512.832
20120406,2509.445,2519.83
20120409,2510.533,2495.146
20120410,2490.283,2519.788
20120411,2494.517,2520.036
20120412,2522.828,2570.436
20120413,2575.052,2580.454
20120416,2564.231,2574.044
20120417,2572.364,2541.883
20120418,2550.905,2599.908
20120419,2598.329,2596.056
20120420,2591.51,2626.839
20120423,2624.751,2606.038
20120424,2594.801,2604.866
20120425,2598.228,2625.99
20120426,2632.718,2631.487
20120427,2630.549,2626.157
20120502,2660.673,2683.487
20120503,2679.517,2691.518
20120504,2689.624,2715.879
20120507,2699.447,2717.778
20120508,2717.408,2709.116
20120509,2685.187,2657.514
20120510,2657.87,2657.214
20120511,2652.313,2636.917
20120514,2653.806,2615.534
20120515,2597.644,2617.374
20120516,2610.161,2574.647
20120517,2577.961,2613.942
20120518,2595.547,2573.976
20120521,2572.369,2587.231
20120522,2598.167,2627.525
20120523,2621.786,2616.869
20120524,2613.095,2595.26
20120525,2595.261,2573.103
20120528,2562.596,2614.689
20120529,2615.145,2650.854
20120530,2646.37,2642.258
20120531,2623.158,2632.042
20120601,2633.601,2632.998
20120604,2598.733,2559.026
20120605,2565.186,2558.842
20120606,2564.226,2557.401
20120607,2579.425,2542.184
20120608,2558.843,2524.329
20120611,2529.599,2558.265
20120612,2543.765,2540.178
20120613,2546.791,2580.636
20120614,2573.329,2560.421
20120615,2565.189,2568.054
20120618,2576.629,2581.212
20120619,2577.362,2558.621
20120620,2563.643,2552.611
20120621,2547.048,2512.185
20120625,2501.163,2456.518
20120626,2442.562,2454.915
20120627,2452.666,2447.195
20120628,2451.664,2425.729
20120629,2418.862,2461.612
20120702,2473.545,2465.238
20120703,2464.85,2468.721
20120704,2474.527,2464.919
20120705,2450.3,2430.37
20120706,2435.059,2472.614
20120709,2455.892,2416.036
20120710,2411.003,2406.706
20120711,2402.184,2425.572
20120712,2420.036,2449.181
20120713,2441.013,2450.633
20120716,2452.595,2399.731
20120717,2391.897,2414.201
20120718,2412.062,2414.335
20120719,2407.443,2424.322
20120720,2415.71,2398.455
20120723,2379.885,2365.431
20120724,2353.22,2375.992
20120725,2368.384,2360.083
20120726,2360.134,2347.488
20120727,2353.942,2349.108
20120730,2350.782,2335.793
20120731,2336.882,2332.922
20120801,2332.129,2358.651
20120802,2354.073,2334.882
20120803,2340.25,2353.737
20120806,2350.117,2385.611
20120807,2383.257,2388.873
20120808,2390.959,2389.795
20120809,2388.43,2411.7
20120810,2409.937,2399.751
20120813,2394.504,2351.931
20120814,2352.659,2357.016
20120815,2350.022,2331.615
20120816,2327.91,2319.67
20120817,2318.432,2313.476
20120820,2294.901,2301.788
20120821,2301.932,2313.703
20120822,2315.14,2295.586
20120823,2298.18,2302.199
20120824,2295.684,2275.677
20120827,2268.485,2228.204
20120828,2226.898,2238.411
20120829,2230.199,2214.814
20120830,2204.515,2211.37
20120831,2205.573,2204.868
20120903,2201.123,2228.369
20120904,2231.716,2204.407
20120905,2199.743,2199.875
20120906,2204.436,2217.823
20120907,2233.912,2317.179
20120910,2320.557,2326.666
20120911,2316.532,2311.89
20120912,2325.925,2320.071
20120913,2316.679,2298.461
20120914,2324.012,2315.542
20120917,2312.055,2258.705
20120918,2249.425,2235.239
20120919,2237.218,2246.236
20120920,2236.191,2195.951
20120921,2190.327,2199.063
20120924,2183.969,2215.516
20120925,2209.975,2210.154
20120926,2208.906,2184.891
20120927,2186.004,2251.717
20120928,2235.057,2293.106
20121008,2291.961,2270.054
20121009,2281.753,2320.157
20121010,2314.593,2324.117
20121011,2315.897,2302.533
20121012,2311.284,2304.531
20121015,2306.006,2294.857
20121016,2293.244,2298.162
20121017,2307.358,2300.803
20121018,2307.487,2336.077
20121019,2335.105,2332.47
20121022,2320.468,2341.592
20121023,2340.89,2312.077
20121024,2303.401,2307.779
20121025,2306.733,2291.239
20121026,2291.31,2247.907
20121029,2241.802,2235.854
20121030,2236.316,2239.882
20121031,2241.432,2254.82
20121101,2256.609,2297.884
20121102,2297.898,2306.774
20121105,2302.742,2301.88
20121106,2301.98,2292.206
20121107,2288.763,2287.505
20121108,2269.582,2245.405
20121109,2241.756,2240.924
20121112,2242.96,2251.848
20121113,2250.842,2212.44
20121114,2213.086,2223.11
20121115,2210.751,2193.623
20121116,2189.511,2177.24
20121119,2175.184,2174.985
20121120,2180.205,2164.881
20121121,2165.408,2194.896
20121122,2181.179,2177.546
20121123,2184.409,2192.676
20121126,2187.24,2175.599
20121127,2168.589,2150.638
20121128,2142.5,2129.161
20121129,2128.803,2115.676
20121130,2114.244,2139.661
20121203,2136.696,2108.85
20121204,2104.928,2131.473
20121205,2128.387,2207.878
20121206,2205.605,2203.602
20121207,2203.887,2246.757
20121210,2254.915,2271.046
20121211,2263.209,2258.5
20121212,2257.73,2267.767
20121213,2260.601,2242.635
20121214,2245.636,2355.865
20121217,2359.201,2366.7
20121218,2361.095,2368.12
20121219,2362.802,2371.109
20121220,2361.322,2384.816
20121221,2386.376,2372.002
20121224,2368.007,2381.217
20121225,2373.88,2448.395
20121226,2445.987,2457.619
20121227,2464.779,2444.594
20121228,2448.076,2480.049
20121231,2485.559,2522.952
20130104,2551.814,2524.409
20130107,2518.047,2535.985
20130108,2534.647,2525.33
20130109,2518.104,2526.126
20130110,2525.59,2530.569
20130111,2533.495,2483.23
20130114,2474.176,2577.725
20130115,2579.132,2595.856
20130116,2591.365,2577.092
20130117,2570.711,2552.758
20130118,2568.692,2595.439
20130121,2605.649,2610.898
20130122,2610.392,2596.898
20130123,2588.198,2607.456
20130124,2606.427,2582.755
20130125,2580.881,2571.674
20130128,2577.267,2651.863
20130129,2655.377,2675.866
20130130,2678.433,2688.711
20130131,2690.951,2686.882
20130201,2677.187,2743.324
20130204,2753.688,2748.028
20130205,2727.93,2771.675
20130206,2771.908,2775.844
20130207,2771.53,2759.87
20130208,2755.649,2771.725
20130218,2784.065,2737.471
20130219,2735.045,2685.606
20130220,2686.093,2702.635
20130221,2675.741,2610.549
20130222,2607.65,2596.604
20130225,2607.149,2604.96
20130226,2587.375,2567.595
20130227,2576.046,2594.677
20130228,2611.94,2673.327
20130301,2671.842,2668.836
20130304,2619.42,2545.715
20130305,2547.893,2622.807
20130306,2634.87,2650.202
20130307,2639.783,2619.479
20130308,2622.684,2606.927
20130311,2600.278,2592.372
20130312,2590.391,2555.615
20130313,2551.726,2527.486
20130314,2517.745,2534.273
20130315,2533.722,2539.873
20130318,2526.077,2502.493
20130319,2507.396,2525.097
20130320,2526.968,2610.174
20130321,2611.58,2614.988
20130322,2612.256,2618.308
20130325,2628.407,2613.097
20130326,2601.964,2575.05
20130327,2575.726,2583.53
20130328,2535.988,2499.302
20130329,2502.782,2495.083
20130401,2486.428,2493.187
20130402,2495.843,2486.391
20130403,2493.877,2483.547
20130408,2443.24,2472.299
20130409,2477.29,2489.43
20130410,2487.984,2485.309
20130411,2502.5,2477.876
20130412,2476.322,2462.112
20130415,2453.967,2436.818
20130416,2419.508,2459.592
20130417,2457.881,2458.473
20130418,2440.707,2464.851
20130419,2469.951,2533.827
20130422,2525.113,2530.67
20130423,2532.201,2449.471
20130424,2452.781,2495.579
20130425,2486.857,2467.875
20130426,2477.724,2447.306
20130502,2434.603,2449.639
20130503,2457.543,2492.912
20130506,2502.978,2525.983
20130507,2519.364,2529.938
20130508,2542.266,2542.798
20130509,2542.374,2527.794
20130510,2519.517,2540.836
20130513,2542.412,2530.768
20130514,2525.998,2493.338
20130515,2493.968,2506.925
20130516,2501.117,2552.709
20130517,2550.452,2592.048
20130520,2597.151,2609.607
20130521,2607.393,2614.853
20130522,2613.411,2618.034
20130523,2604.93,2582.849
20130524,2591.419,2597.228
20130527,2593.522,2599.587
20130528,2600.632,2644.359
20130529,2648.927,2642.561
20130530,2633.955,2634.323
20130531,2638.71,2606.426
20130603,2605.969,2602.623
20130604,2600.499,2565.666
20130605,2565.329,2560.539
20130606,2552.817,2527.845
20130607,2526.913,2484.16
20130613,2448.717,2399.937
20130614,2404.423,2416.771
20130617,2422.762,2403.839
20130618,2413.088,2418.745
20130619,2408.28,2400.765
20130620,2386.104,2321.466
20130621,2283.151,2317.394
20130624,2308.069,2171.21
20130625,2146.053,2165.421
20130626,2170.326,2168.297
20130627,2172.848,2160.735
20130628,2149.03,2200.639
20130701,2187.092,2213.317
20130702,2211.803,2221.984
20130703,2211.044,2203.828
20130704,2187.181,2221.979
20130705,2227.35,2226.849
20130708,2194.423,2163.619
20130709,2160.699,2162.669
20130710,2163.098,2224.065
20130711,2232.157,2326.688
20130712,2319.023,2275.373
20130715,2289.762,2307.297
20130716,2300.83,2317.848
20130717,2311.443,2282.836
20130718,2272.947,2245.328
20130719,2248.133,2190.478
20130722,2170.089,2202.189
20130723,2211.587,2265.845
20130724,2253.376,2249.151
20130725,2255.223,2237.683
20130726,2226.429,2224.008
20130729,2205.083,2175.97
20130730,2184.007,2189.388
20130731,2211.75,2193.021
20130801,2206.004,2245.364
20130802,2263.495,2247.263
20130805,2249.976,2278.329
20130806,2270.672,2293.641
20130807,2292.379,2280.623
20130808,2277.253,2276.782
20130809,2288.51,2286.01
20130812,2296.22,2352.794
20130813,2352.883,2359.068
20130814,2362.619,2349.08
20130815,2348.839,2321.576
20130816,2314.261,2304.144
20130819,2286.203,2331.43
20130820,2325.862,2312.465
20130821,2320.584,2308.589
20130822,2302.668,2303.932
20130823,2314.866,2286.929
20130826,2294.759,2335.616
20130827,2332.8,2340.881
20130828,2326.096,2328.056
20130829,2338.564,2318.311
20130830,2315.913,2313.91
20130902,2319.957,2320.344
20130903,2326.231,2354.502
20130904,2352.537,2350.699
20130905,2350.927,2341.735
20130906,2336.767,2357.782
20130909,2374.26,2440.609
20130910,2446.454,2474.894
20130911,2483.791,2482.889
20130912,2480.468,2507.455
20130913,2502.54,2488.902
20130916,2501.077,2478.39
20130917,2480.81,2427.322
20130918,2426.04,2432.51
20130923,2441.516,2472.288
20130924,2470.715,2443.885
20130925,2440.835,2429.03
20130926,2422.631,2384.443
20130927,2382.218,2394.971
20130930,2406.205,2409.037
20131008,2406.415,2441.811
20131009,2432.94,2453.583
20131010,2455.64,2429.317
20131011,2442.364,2468.508
20131014,2472.267,2472.542
20131015,2475.324,2467.517
20131016,2459.077,2421.371
20131017,2432.645,2413.33
20131018,2415.118,2426.054
20131021,2431.915,2471.322
20131022,2470.255,2445.891
20131023,2451.556,2418.491
20131024,2412.235,2400.511
20131025,2400.517,2368.559
20131028,2372.571,2365.954
20131029,2369.216,2372.053
20131030,2371.853,2407.471
20131031,2398.395,2373.718
20131101,2373.962,2384.96
20131104,2397.21,2380.454
20131105,2366.884,2383.769
20131106,2371.324,2353.568
20131107,2351.871,2340.552
20131108,2329.084,2307.945
20131111,2305.94,2315.889
20131112,2319.362,2340.0
20131113,2325.36,2288.116
20131114,2291.269,2304.501
20131115,2306.549,2350.734
20131118,2367.883,2428.903
20131119,2427.928,2412.163
20131120,2428.767,2424.85
20131121,2412.451,2409.989
20131122,2415.29,2397.962
20131125,2385.784,2388.629
20131126,2387.826,2387.416
20131127,2386.362,2414.481
20131128,2419.15,2439.53
20131129,2442.676,2438.944
20131202,2423.969,2418.788
20131203,2410.693,2442.784
20131204,2439.824,2475.135
20131205,2476.453,2468.197
20131206,2463.043,2452.287
20131209,2460.028,2450.872
20131210,2456.23,2453.322
20131211,2440.503,2412.763
20131212,2406.766,2410.015
20131213,2388.659,2406.639
20131216,2408.678,2367.923
20131217,2369.255,2356.376
20131218,2356.703,2357.226
20131219,2366.205,2332.41
20131220,2335.052,2278.136
20131223,2283.8,2284.602
20131224,2291.125,2288.248
20131225,2291.748,2305.11
20131226,2299.972,2265.334
20131227,2268.535,2303.478
20131230,2313.38,2299.458
20131231,2289.01,2330.026
20140102,2323.433,2321.978
20140103,2311.968,2290.779
20140106,2286.371,2238.637
20140107,2222.306,2238.001
20140108,2240.635,2241.911
20140109,2236.967,2222.221
20140110,2216.521,2204.851
20140113,2206.996,2193.679
20140114,2192.844,2212.846
20140115,2210.024,2208.941
20140116,2209.448,2211.844
20140117,2203.821,2178.488
20140120,2173.651,2165.993
20140121,2168.42,2187.41
20140122,2190.432,2243.796
20140123,2242.245,2231.889
20140124,2225.758,2245.678
20140127,2233.015,2215.919
20140128,2220.785,2219.855
20140129,2225.711,2227.781
20140130,2223.163,2202.45
20140207,2187.343,2212.483
20140210,2221.54,2267.534
20140211,2267.735,2285.562
20140212,2286.187,2291.246
20140213,2288.451,2279.554
20140214,2278.4,2295.575
20140217,2308.791,2311.647
20140218,2310.309,2282.442
20140219,2280.927,2308.656
20140220,2314.088,2287.436
20140221,2284.03,2264.294
20140224,2246.715,2214.509
20140225,2216.515,2157.909
20140226,2147.737,2163.405
20140227,2170.81,2154.108
20140228,2149.446,2178.971
20140303,2173.907,2190.37
20140304,2183.858,2184.273
20140305,2187.352,2163.976
20140306,2159.397,2173.634
20140307,2170.043,2168.358
20140310,2149.676,2097.787
20140311,2092.608,2108.661
20140312,2102.801,2114.134
20140313,2119.547,2140.333
20140314,2129.87,2122.836
20140317,2132.793,2143.038
20140318,2146.124,2138.133
20140319,2131.283,2120.87
20140320,2116.185,2086.967
20140321,2079.871,2158.798
20140324,2161.898,2176.554
20140325,2170.78,2174.44
20140326,2181.231,2171.047
20140327,2168.344,2155.707
20140328,2154.515,2151.965
20140331,2156.054,2146.305
20140401,2143.717,2163.115
20140402,2166.067,2180.727
20140403,2188.642,2165.008
20140404,2157.982,2185.472
20140408,2179.92,2237.316
20140409,2239.791,2238.62
20140410,2241.452,2273.761
20140411,2269.565,2270.666
20140414,2267.943,2268.613
20140415,2261.411,2229.463
20140416,2223.468,2232.526
20140417,2238.779,2224.803
20140418,2215.879,2224.479
20140421,2209.942,2187.248
20140422,2184.017,2196.795
20140423,2191.231,2194.668
20140424,2192.769,2190.474
20140425,2195.815,2167.826
20140428,2165.773,2134.969
20140429,2134.413,2158.47
20140430,2158.762,2158.659
20140505,2152.59,2156.47
20140506,2151.388,2157.328
20140507,2151.472,2137.316
20140508,2132.036,2135.496
20140509,2138.84,2133.911
20140512,2150.313,2180.054
20140513,2180.059,2174.852
20140514,2175.094,2172.372
20140515,2169.278,2144.084
20140516,2143.926,2145.952
20140519,2139.362,2115.143
20140520,2124.708,2115.771
20140521,2106.762,2135.905
20140522,2134.087,2130.868
20140523,2130.775,2148.414
20140526,2161.892,2155.976
20140527,2154.395,2147.28
20140528,2147.467,2169.352
20140529,2171.26,2155.164
20140530,2156.381,2156.464
20140603,2157.64,2149.918
20140604,2149.407,2128.274
20140605,2126.607,2150.602
20140606,2149.214,2134.716
20140609,2128.225,2134.281
20140610,2138.671,2161.268
20140611,2156.151,2160.766
20140612,2156.761,2153.41
20140613,2150.987,2176.242
20140616,2176.438,2191.855
20140617,2185.681,2169.674
20140618,2169.252,2160.239
20140619,2161.426,2126.907
20140620,2124.963,2136.729
20140623,2137.926,2134.11
20140624,2131.686,2144.821
20140625,2141.726,2133.371
20140626,2135.156,2149.076
20140627,2146.374,2150.258
20140630,2152.306,2165.118
20140701,2169.199,2164.559
20140702,2163.998,2170.867
20140703,2169.003,2180.192
20140704,2180.445,2178.695
20140707,2178.546,2176.289
20140708,2174.828,2180.473
20140709,2178.135,2148.71
20140710,2146.601,2142.847
20140711,2136.317,2148.009
20140714,2149.542,2171.758
20140715,2170.089,2174.976
20140716,2172.824,2170.868
20140717,2166.831,2157.068
20140718,2147.663,2164.144
20140721,2164.223,2166.295
20140722,2162.436,2192.698
20140723,2191.394,2197.833
20140724,2199.833,2237.015
20140725,2243.067,2260.454
20140728,2272.383,2323.897
20140729,2326.038,2331.369
20140730,2324.69,2322.011
20140731,2321.967,2350.251
20140801,2341.227,2329.402
20140804,2336.63,2375.62
20140805,2376.797,2369.353
20140806,2358.206,2363.221
20140807,2363.608,2327.457
20140808,2329.184,2331.134
20140811,2338.008,2365.349
20140812,2361.17,2357.052
20140813,2358.459,2358.901
20140814,2357.198,2335.945
20140815,2337.985,2360.635
20140818,2366.272,2374.562
20140819,2378.886,2374.768
20140820,2371.649,2366.14
20140821,2365.731,2354.244
20140822,2352.316,2365.364
20140825,2367.019,2342.863
20140826,2339.6,2324.092
20140827,2323.79,2327.595
20140828,2328.059,2311.278
20140829,2317.304,2338.287
20140901,2340.925,2355.317
20140902,2359.862,2386.46
20140903,2389.694,2408.838
20140904,2411.934,2426.224
20140905,2433.174,2449.259
20140909,2452.227,2445.224
20140910,2435.593,2432.433
20140911,2430.678,2423.454
20140912,2418.752,2438.358
20140915,2433.001,2437.189
20140916,2440.339,2388.765
20140917,2395.361,2401.326
20140918,2396.379,2408.664
20140919,2409.313,2425.211
20140922,2419.326,2378.92
20140923,2379.521,2399.462
20140924,2391.419,2441.864
20140925,2453.423,2436.965
20140926,2430.808,2437.201
20140929,2443.91,2447.799
20140930,2452.166,2450.988
20141008,2460.87,2478.383
20141009,2480.197,2481.955
20141010,2472.096,2466.789
20141013,2457.412,2454.946
20141014,2451.094,2446.562
20141015,2444.538,2463.874
20141016,2448.968,2444.395
20141017,2443.222,2441.732
20141020,2448.453,2454.711
20141021,2453.406,2433.391
20141022,2434.886,2418.641
20141023,2415.44,2395.936
20141024,2397.848,2390.706
20141027,2377.542,2368.832
20141028,2373.155,2416.653
20141029,2423.813,2451.384
20141030,2450.361,2468.925
20141031,2473.501,2508.325
20141103,2515.824,2512.548
20141104,2511.036,2513.172
20141105,2516.87,2503.448
20141106,2505.167,2506.067
20141107,2508.765,2502.153
20141110,2529.83,2565.73
20141111,2578.438,2558.612
20141112,2545.403,2594.318
20141113,2597.389,2579.75
20141114,2569.211,2581.093
20141117,2613.513,2567.101
20141118,2565.273,2541.416
20141119,2538.233,2537.223
20141120,2528.78,2537.099
20141121,2537.538,2583.455
20141124,2614.16,2649.258
20141125,2650.085,2685.561
20141126,2695.263,2723.018
20141127,2737.03,2754.49
20141128,2753.925,2808.819
20141201,2825.611,2819.812
20141202,2807.338,2923.94
20141203,2936.124,2967.549
20141204,2975.403,3104.351
20141205,3143.968,3124.885
20141208,3108.272,3252.881
20141209,3233.097,3106.913
20141210,3120.212,3221.546
20141211,3185.161,3183.012
20141212,3182.923,3193.227
20141215,3176.829,3217.228
20141216,3221.358,3303.402
20141217,3325.82,3360.598
20141218,3359.09,3345.927
20141219,3345.629,3383.167
20141222,3396.251,3394.481
20141223,3358.798,3324.924
20141224,3332.146,3230.385
20141225,3254.48,3335.419
20141226,3343.64,3445.839
20141229,3502.183,3455.455
20141230,3450.814,3457.554
20141231,3462.389,3533.705
20150105,3566.089,3641.541
20150106,3608.428,3641.059
20150107,3620.924,3643.79
20150108,3650.073,3559.259
20150109,3547.574,3546.723
20150112,3531.515,3513.576
20150113,3506.451,3514.04
20150114,3522.907,3502.423
20150115,3501.719,3604.121
20150116,3616.248,3635.146
20150119,3414.013,3355.155
20150120,3336.793,3396.222
20150121,3420.491,3548.885
20150122,3551.052,3567.613
20150123,3582.088,3571.732
20150126,3580.118,3607.985
20150127,3614.038,3574.931
20150128,3547.239,3525.323
20150129,3474.915,3481.798
20150130,3496.885,3434.39
20150202,3360.193,3353.96
20150203,3388.602,3437.445
20150204,3446.144,3401.768
20150205,3487.951,3366.946
20150206,3352.33,3312.42
20150209,3305.734,3345.921
20150210,3345.077,3406.943
20150211,3415.977,3434.124
20150212,3435.361,3442.874
20150213,3458.827,3469.828
20150216,3473.289,3499.483
20150217,3511.544,3522.322
20150225,3529.55,3478.729
20150226,3473.713,3566.295
20150227,3565.233,3572.843
20150302,3603.452,3601.265
20150303,3579.315,3507.9
20150304,3514.667,3530.822
20150305,3513.249,3496.344
20150306,3501.184,3478.52
20150309,3449.696,3537.75
20150310,3523.64,3520.611
20150311,3524.575,3524.653
20150312,3557.686,3592.844
20150313,3604.671,3617.657
20150316,3641.773,3705.671
20150317,3733.961,3757.122
20150318,3769.086,3846.055
20150319,3851.249,3839.739
20150320,3852.492,3892.574
20150323,3923.083,3972.061
20150324,3980.066,3973.046
20150325,3961.578,3940.412
20150326,3921.745,3949.999
20150327,3957.542,3971.697
20150330,3999.024,4088.178
20150331,4138.885,4051.204
20150401,4057.501,4123.895
20150402,4149.946,4124.776
20150403,4104.672,4170.538
20150407,4213.894,4260.044
20150408,4277.45,4295.803
20150409,4316.958,4262.138
20150410,4249.383,4344.416
20150413,4394.047,4421.073
20150414,4432.126,4438.184
20150415,4439.314,4380.513
20150416,4355.491,4513.546
20150417,4578.679,4596.136
20150420,4615.034,4521.919
20150421,4520.461,4619.164
20150422,4637.055,4739.814
20150423,4764.481,4740.892
20150424,4682.626,4702.641
20150427,4753.871,4807.592
20150428,4811.319,4741.861
20150429,4722.903,4774.326
20150430,4788.412,4749.886
20150504,4757.637,4787.741
20150505,4785.192,4596.837
20150506,4626.231,4553.327
20150507,4520.818,4470.089
20150508,4515.554,4558.404
20150511,4582.091,4690.532
20150512,4692.122,4747.421
20150513,4746.713,4718.436
20150514,4717.955,4700.778
20150515,4690.755,4617.47
20150518,4582.058,4575.14
20150519,4577.637,4731.222
20150520,4751.572,4754.919
20150521,4768.689,4840.976
20150522,4895.925,4951.335
20150525,4949.11,5099.495
20150526,5140.798,5198.918
20150527,5216.17,5181.434
20150528,5174.101,4834.007
20150529,4839.53,4840.829
20150601,4862.756,5076.179
20150602,5091.272,5161.87
20150603,5176.597,5143.59
20150604,5156.012,5181.416
20150605,5254.905,5230.552
20150608,5259.4079,5353.7514
20150609,5379.4703,5317.461
20150610,5254.3042,5309.112
20150611,5305.1407,5306.59
20150612,5329.2781,5335.1151
20150615,5354.0138,5221.1665
20150616,5165.0245,5064.8212
20150617,5072.3064,5138.8307
20150618,5107.6946,4930.5491
20150619,4847.0568,4637.0517
20150623,4641.4248,4786.0906
20150624,4811.5949,4880.1261
20150625,4906.2416,4706.5159
20150626,4573.8723,4336.1947
20150629,4446.8419,4191.5486
20150630,4161.0672,4472.9976
20150701,4408.9843,4253.021
20150702,4287.7344,4107.9961
20150703,4017.2019,3885.9169
20150706,4218.266,3998.537
20150707,3877.8539,3928.0025
20150708,3651.0604,3663.0375
20150709,3621.6804,3897.6263
20150710,3916.2717,4106.5561
20150713,4132.2308,4211.8116
20150714,4178.6295,4112.1488
20150715,4068.8803,3966.7585
20150716,3949.639,3997.3555
20150717,4023.7567,4151.4956
20150720,4157.0598,4160.612
20150721,4109.7606,4166.0057
20150722,4148.5601,4157.1604
20150723,4158.932,4250.805
20150724,4255.1977,4176.2787
20150727,4097.7963,3818.7314
20150728,3690.9741,3811.0926
20150729,3839.9585,3930.3791
20150730,3915.7795,3815.4118
20150731,3777.1546,3816.6993
20150803,3766.0719,3829.2354
20150804,3827.3726,3948.1554
20150805,3937.6232,3866.8998
20150806,3802.928,3831.8516
20150807,3866.4298,3906.9448
20150810,3947.4724,4084.3646
20150811,4083.5887,4066.6692
20150812,4025.6735,4016.1262
20150813,4010.0129,4075.463
20150814,4097.9177,4073.54
20150817,4058.1129,4077.8721
20150818,4084.3108,3825.4122
20150819,3748.2663,3886.1357
20150820,3848.4034,3761.4541
20150821,3714.2891,3589.5358
20150824,3454.5977,3275.5342
20150825,3070.0069,3042.9266
20150826,3062.566,3025.692
20150827,3092.8123,3205.6375
20150828,3246.236,3342.2863
20150831,3307.3962,3366.5359
20150901,3296.5289,3362.0827
20150902,3220.8505,3365.8318
20150907,3347.2934,3250.485
20150908,3221.789,3334.0233
20150909,3344.8238,3399.3054
20150910,3349.2806,3357.561
20150911,3349.8772,3347.1878
20150914,3367.642,3281.1317
20150915,3208.744,3152.2319
20150916,3149.1577,3309.2484
20150917,3287.6567,3236.9986
20150918,3254.4432,3251.2732
20150921,3222.6029,3308.2467
20150922,3312.3655,3339.03
20150923,3290.0712,3263.0275
20150924,3278.8962,3284.9991
20150925,3272.665,3231.9514
20150928,3226.6072,3242.7524
20150929,3197.2209,3178.8544
20150930,3195.901,3202.9475
20151008,3324.981,3296.482
20151009,3302.3596,3340.1159
20151012,3351.1391,3447.6934
20151013,3422.4772,3445.0431
20151014,3431.1352,3406.1116
20151015,3403.3891,3486.815
20151016,3508.5177,3534.0653
20151019,3548.9525,3534.1821
20151020,3527.875,3577.7027
20151021,3580.8378,3473.2544
20151022,3453.2013,3524.5339
20151023,3536.8425,3571.2411
20151026,3614.7023,3589.2611
20151027,3569.4486,3592.8794
20151028,3575.8048,3524.9199
20151029,3539.9777,3533.3065
20151030,3530.2233,3534.0788
20151102,3489.2252,3475.9623
20151103,3484.7218,3465.4927
20151104,3477.1592,3628.5377
20151105,3630.7817,3705.9697
20151106,3698.342,3793.3739
20151109,3796.3792,3840.3547
20151110,3806.6685,3833.2379
20151111,3828.4476,3833.6457
20151112,3841.7376,3795.3241
20151113,3756.2044,3746.2422
20151116,3682.7349,3764.1262
20151117,3790.4261,3758.3869
20151118,3760.4555,3715.5796
20151119,3725.6218,3774.9692
20151120,3778.8843,3774.3833
20151123,3774.4356,3753.3351
20151124,3745.7607,3753.8887
20151125,3747.7594,3781.6069
20151126,3795.2454,3759.4286
20151127,3739.0958,3556.9924
20151130,3554.89,3566.4122
20151201,3562.3186,3591.696
20151202,3587.7576,3721.9545
20151203,3709.5469,3749.2985
20151204,3719.7338,3677.5922
20151207,3681.5817,3687.6073
20151208,3668.8385,3623.0202
20151209,3613.4203,3635.9382
20151210,3634.366,3623.0842
20151211,3605.3723,3608.0587
20151214,3573.8838,3711.322
20151215,3707.7304,3694.3885
20151216,3703.9503,3685.4398
20151217,3712.7833,3755.8881
20151218,3754.9603,3767.9128
20151221,3762.0965,3865.9646
20151222,3872.0975,3876.7325
20151223,3877.8722,3866.3814
20151224,3858.1348,3829.4022
20151225,3832.0849,3838.201
20151228,3847.5323,3727.6316
20151229,3723.0498,3761.8745
20151230,3762.9141,3765.1752
20151231,3760.9039,3731.0047
20160104,3725.8561,3469.0662
20160105,3382.1769,3478.7797
20160106,3482.4064,3539.8082
20160107,3481.1499,3294.3839
20160108,3371.871,3361.5632
20160111,3303.1246,3192.4499
20160112,3214.8234,3215.7099
20160113,3240.4838,3155.8787
20160114,3076.6445,3221.5714
20160115,3200.888,3118.7301
20160118,3068.2348,3130.7289
20160119,3132.7047,3223.1251
20160120,3204.2183,3174.3781
20160121,3136.3841,3081.3454
20160122,3114.895,3113.4626
20160125,3129.0279,3128.886
20160126,3099.5957,2940.5085
20160127,2953.1826,2930.3519
20160128,2909.3341,2853.7562
20160129,2855.5983,2946.0902
20160201,2939.0401,2901.0477
20160202,2901.5284,2961.3337
20160203,2931.2883,2948.6386
20160204,2960.3335,2984.7598
20160205,2982.0563,2963.7894
20160215,2888.4277,2946.7066
20160216,2962.1871,3037.0353
20160217,3034.0902,3063.3199
20160218,3079.5272,3053.6985
20160219,3047.9417,3051.585
20160222,3083.9325,3118.8675
20160223,3117.2027,3089.3632
20160224,3077.6062,3109.5454
20160225,3104.4097,2918.7501
20160226,2942.0954,2948.0306
20160229,2939.5802,2877.4666
20160301,2881.3353,2930.6937
20160302,2933.9209,3051.3327
20160303,3050.3886,3058.4219
20160304,3047.5371,3093.8895
20160307,3108.9994,3104.8397
20160308,3100.1492,3107.6727
20160309,3045.9238,3071.907
20160310,3056.2104,3013.1457
20160311,2990.2135,3018.2844
20160314,3039.5689,3065.6904
20160315,3061.3427,3074.7796
20160316,3068.8664,3090.0328
20160317,3096.8076,3124.2039
20160318,3136.2234,3171.963
20160321,3203.2929,3249.4372
20160322,3231.6146,3225.7903
20160323,3217.7288,3236.0924
20160324,3211.496,3181.8507
20160325,3176.8101,3197.8169
20160328,3206.9532,3169.7283
20160329,3171.3138,3135.4098
20160330,3161.2886,3216.2753
20160331,3229.1995,3218.0879
20160401,3213.674,3221.8948
20160405,3211.3046,3264.4858
20160406,3250.5215,3257.5276
20160407,3266.2883,3209.2902
20160408,3189.8456,3185.7258
20160411,3213.507,3230.0957
20160412,3227.3673,3218.4497
20160413,3237.8575,3261.3831
20160414,3277.0982,3275.8321
20160415,3279.8566,3272.2053
20160418,3252.6706,3228.4531
20160419,3243.9712,3238.3029
20160420,3244.1419,3181.0264
20160421,3160.7958,3160.6033
20160422,3142.5611,3174.9012
20160425,3164.7384,3162.0331
20160426,3159.7706,3179.1605
20160427,3181.9305,3165.9156
20160428,3169.3333,3160.5809
20160429,3153.5371,3156.7451
20160503,3159.823,3213.5397
20160504,3203.4653,3209.4614
20160505,3204.1686,3213.9199
20160506,3213.1358,3130.3544
20160509,3115.4301,3065.6154
20160510,3055.2119,3069.1124
20160511,3080.6361,3082.8086
20160512,3059.3831,3090.1372
20160513,3081.6797,3074.9351
20160516,3064.5261,3095.3085
20160517,3095.5229,3086.0249
20160518,3071.5292,3068.0358
20160519,3060.3426,3062.5002
20160520,3047.7778,3078.2183
20160523,3078.515,3087.2225
20160524,3083.2441,3063.5556
20160525,3079.7486,3059.2259
20160526,3056.6004,3064.2111
20160527,3059.732,3062.4993
20160530,3056.3138,3066.7095
20160531,3068.5964,3169.5598
20160601,3172.9619,3160.547
20160602,3158.0259,3167.0997
20160603,3172.946,3189.3255
20160606,3192.7793,3178.7883
20160607,3182.4374,3177.0536
20160608,3171.8134,3163.9864
20160613,3134.0453,3066.3413
20160614,3058.4433,3075.9834
20160615,3043.9577,3116.3682
20160616,3104.3619,3094.6748
20160617,3096.0901,3110.3572
20160620,3114.9064,3112.6744
20160621,3124.8984,3106.3175
20160622,3100.4496,3133.9611
20160623,3129.7207,3117.3168
20160624,3110.6465,3077.1554
20160627,3065.128,3120.5443
20160628,3107.3979,3136.4013
20160629,3142.4842,3151.3898
20160630,3152.8331,3153.921
20160701,3156.932,3154.2003
20160704,3136.3852,3204.6962
20160705,3199.1572,3207.3827
20160706,3197.6249,3216.8035
20160707,3206.5507,3209.9542
20160708,3199.7542,3192.2804
20160711,3199.0383,3203.3298
20160712,3201.9062,3273.1823
20160713,3274.0202,3282.8681
20160714,3277.4816,3276.7637
20160715,3278.8357,3276.2775
20160718,3269.7077,3262.0222
20160719,3260.4349,3248.2341
20160720,3246.8626,3237.6051
20160721,3238.3367,3252.5227
20160722,3251.242,3225.1621
20160725,3220.1658,3230.885
20160726,3228.234,3269.5882
20160727,3270.0837,3218.243
20160728,3204.4645,3221.1365
20160729,3217.1923,3203.9304
20160801,3196.425,3176.8091
20160802,3173.7576,3189.0529
20160803,3179.6842,3193.5073
20160804,3190.546,3201.2888
20160805,3201.3543,3205.1101
20160808,3199.5723,3234.1833
20160809,3232.603,3256.9813
20160810,3255.1822,3243.3409
20160811,3239.5583,3233.3604
20160812,3231.8065,3294.2337
20160815,3303.4688,3393.4239
20160816,3403.3839,3378.2451
20160817,3377.7713,3373.0476
20160818,3369.9472,3364.4851
20160819,3358.555,3365.0197
20160822,3364.681,3336.7949
20160823,3332.621,3341.8298
20160824,3341.9304,3329.8631
20160825,3314.0846,3308.9721
20160826,3312.4991,3307.0902
20160829,3306.5749,3307.7812
20160830,3310.3188,3311.9872
20160831,3310.5654,3327.7938
20160901,3326.7389,3301.5767
20160902,3298.7217,3314.1142
20160905,3321.0053,3319.6803
20160906,3322.018,3342.6259
20160907,3344.0657,3340.8172
20160908,3338.0082,3339.564
20160909,3339.3733,3318.044
20160912,3271.8702,3262.6043
20160913,3265.3373,3260.333
20160914,3245.7371,3238.7299
20160919,3242.7429,3263.1242
20160920,3264.6649,3257.4034
20160921,3257.7097,3266.6363
20160922,3281.4718,3291.1211
20160923,3292.2788,3275.6665
20160926,3267.6905,3220.2838
20160927,3214.8704,3240.7546
20160928,3243.647,3230.8904
20160929,3234.857,3244.3874
20160930,3240.1775,3253.2848
20161010,3265.3644,3293.8689
20161011,3296.8672,3306.5573
20161012,3299.1388,3300.0099
20161013,3299.1557,3302.6455
20161014,3298.734,3305.8481
20161017,3305.9635,3277.8787
20161018,3272.6815,3321.3324
20161019,3323.3038,3316.2407
20161020,3317.1792,3318.6044
20161021,3315.7156,3327.74
20161024,3332.5125,3367.5778
20161025,3367.4753,3367.4547
20161026,3365.1975,3354.8003
20161027,3351.4603,3345.695
20161028,3347.1438,3340.1262
20161031,3332.406,3336.2778
20161101,3338.7099,3359.0515
20161102,3350.71,3333.3524
20161103,3326.9045,3365.085
20161104,3362.2055,3354.1749
20161107,3353.4441,3356.5916
20161108,3367.6974,3371.1177
20161109,3370.5999,3353.0547
20161110,3374.906,3390.6119
20161111,3387.9481,3417.2211
20161114,3409.2241,3430.2482
20161115,3428.8663,3429.8697
20161116,3432.4336,3429.5921
20161117,3423.4654,3436.535
20161118,3437.4898,3417.4554
20161121,3412.6523,3441.1106
20161122,3443.2201,3468.3637
20161123,3473.8949,3474.7289
20161124,3468.8071,3488.7402
20161125,3490.0399,3521.2984
20161128,3538.6754,3535.0807
20161129,3525.9011,3564.0404
20161130,3557.6357,3538.001
20161201,3543.9555,3565.036
20161202,3559.7711,3528.9547
20161205,3473.6876,3469.4073
20161206,3466.2417,3459.1533
20161207,3458.3687,3475.7473
20161208,3481.8067,3470.1426
20161209,3464.8733,3493.7004
20161212,3489.2683,3409.1794
20161213,3394.2072,3405.0355
20161214,3399.4113,3378.9453
20161215,3363.8597,3340.4338
20161216,3335.3625,3346.0305
20161219,3342.3449,3328.9827
20161220,3328.2985,3309.0641
20161221,3313.7451,3338.536
20161222,3335.1218,3335.672
20161223,3333.4009,3307.5991
20161226,3293.2236,3322.4006
20161227,3319.2061,3316.3852
20161228,3315.7526,3301.8887
20161229,3297.036,3297.7648
20161230,3302.5993,3310.0808
20170103,3313.9534,3342.2272
20170104,3340.5576,3368.3117
20170105,3368.3402,3367.7892
20170106,3366.8522,3347.6665
20170109,3345.7483,3363.9014
20170110,3361.6394,3358.2716
20170111,3355.8008,3334.4954
20170112,3332.6857,3317.6241
20170113,3317.9625,3319.9122
20170116,3314.1507,3319.4455
20170117,3305.6001,3326.3563
20170118,3323.3389,3339.3653
20170119,3330.9522,3329.2891
20170120,3326.9773,3354.8891
20170123,3359.0543,3364.0808
20170124,3363.1374,3364.4509
20170125,3361.6561,3375.9042
20170126,3378.2609,3387.9606
20170203,3390.9315,3364.4923
20170206,3368.1081,3373.2051
20170207,3371.7695,3365.6849
20170208,3361.7811,3383.2878
20170209,3381.8992,3396.2924
20170210,3398.3173,3413.4868
20170213,3416.9168,3436.275
20170214,3438.511,3435.8042
20170215,3435.3882,3421.7131
20170216,3421.8299,3440.9331
20170217,3443.6166,3421.4419
20170220,3421.6434,3471.3926
20170221,3475.0584,3482.823
20170222,3483.2008,3489.7567
20170223,3487.5745,3473.3236
20170224,3468.9588,3473.8517
20170227,3471.1319,3446.2228
20170228,3445.0274,3452.8103
20170301,3452.2058,3458.4376
20170302,3463.4829,3435.0963
20170303,3424.6627,3427.8628
20170306,3427.2533,3446.484
20170307,3446.1628,3453.9565
20170308,3452.2006,3448.7313
20170309,3442.8953,3426.9438
20170310,3423.9776,3427.8916
20170313,3425.6723,3458.098
20170314,3456.6584,3456.6934
20170315,3452.2139,3463.6436
20170316,3472.2694,3481.5066
20170317,3485.3114,3445.8051
20170320,3449.0515,3449.6126
20170321,3449.7696,3466.3468
20170322,3450.7544,3450.0502
20170323,3452.4056,3461.9782
20170324,3464.1966,3489.5997
20170327,3488.7647,3478.0385
20170328,3480.249,3469.8093
20170329,3472.9665,3465.1933
20170330,3461.6159,3436.758
20170331,3434.8222,3456.0455
20170405,3476.4231,3503.8932
20170406,3507.9879,3514.0469
20170407,3514.4521,3517.4634
20170410,3519.4597,3505.1392
20170411,3503.8294,3517.328
20170412,3514.5723,3509.4387
20170413,3500.2838,3514.5662
20170414,3516.8103,3486.5045
20170417,3475.7381,3479.9417
20170418,3474.8892,3462.7429
20170419,3452.9904,3445.8761
20170420,3444.5225,3461.5481
20170421,3461.389,3466.7865
20170424,3458.2279,3431.2587
20170425,3427.7322,3440.9743
20170426,3440.2526,3445.1832
20170427,3435.1017,3446.7202
20170428,3439.5735,3439.753
20170502,3427.9169,3426.5766
20170503,3421.7586,3413.1282
20170504,3404.9379,3404.3864
20170505,3393.4831,3382.5502
20170508,3369.1084,3358.8125
20170509,3342.5981,3352.5324
20170510,3350.6502,3337.7007
20170511,3322.9455,3356.6459
20170512,3350.9371,3385.3787
20170515,3391.5881,3399.1937
20170516,3390.925,3428.6491
20170517,3423.19,3409.9656
20170518,3387.6655,3398.1127
20170519,3395.2318,3403.8492
20170522,3400.5882,3411.2387
20170523,3405.0254,3424.194
20170524,3409.7169,3424.1669
20170525,3414.3992,3485.6581
20170526,3479.6206,3480.4345
20170531,3495.073,3492.8845
20170601,3485.2223,3497.7382
20170602,3491.5893,3486.5074
20170605,3480.1692,3468.7538
20170606,3464.3765,3492.8816
20170607,3493.8846,3533.8718
20170608,3531.2419,3560.9786
20170609,3561.2411,3576.1703
20170612,3570.2191,3574.3894
20170613,3569.1594,3582.2674
20170614,3571.2483,3535.2987
20170615,3530.7465,3528.7926
20170616,3522.9745,3518.7611
20170619,3520.0602,3553.6653
20170620,3560.7871,3546.494
20170621,3567.1256,3587.955
20170622,3583.5583,3590.3425
20170623,3583.4359,3622.8831
20170626,3627.0208,3668.0919
20170627,3665.5775,3674.7152
20170628,3664.1629,3646.1666
20170629,3649.2525,3668.8279
20170630,3654.7348,3666.7977
20170703,3667.2316,3650.8463
20170704,3646.828,3619.9841
20170705,3611.8984,3659.6795
20170706,3654.5576,3660.0967
20170707,3647.6416,3655.9293
20170710,3647.9379,3653.6868
20170711,3646.8783,3670.8086
20170712,3672.6328,3658.8236
20170713,3656.3502,3686.9205
20170714,3682.6153,3703.094
20170717,3700.6179,3663.5575
20170718,3648.4942,3667.1807
20170719,3660.8665,3729.7466
20170720,3725.1436,3747.8843
20170721,3738.1847,3728.5976
20170724,3724.3778,3743.4686
20170725,3742.6405,3719.559
20170726,3722.8761,3705.3884
20170727,3700.8558,3712.1947
20170728,3703.4895,3721.8914
20170731,3722.4282,3737.8732
20170801,3738.7364,3770.3828
20170802,3768.1938,3760.8525
20170803,3755.1081,3727.8264
20170804,3724.7225,3707.5796
20170807,3701.2161,3726.7948
20170808,3724.3287,3732.2129
20170809,3728.0319,3731.044
20170810,3724.962,3715.9208
20170811,3687.9314,3647.3503
20170814,3651.3754,3694.6831
20170815,3695.78,3706.0566
20170816,3701.1337,3701.4207
20170817,3707.0668,3721.277
20170818,3707.1891,3724.6748
20170821,3731.8399,3740.9941
20170822,3745.7543,3752.298
20170823,3747.6108,3756.0884
20170824,3755.8902,3734.6458
20170825,3736.2916,3795.7544
20170828,3805.6567,3842.7119
20170829,3839.1779,3834.5376
20170830,3834.2682,3834.3005
20170831,3835.8394,3822.0928
20170901,3825.3392,3830.5383
20170904,3828.5447,3845.6163
20170905,3845.5451,3857.0464
20170906,3846.7471,3849.4499
20170907,3851.688,3829.8713
20170908,3830.0707,3825.9895
20170911,3828.3422,3825.6453
20170912,3832.2422,3837.9341
20170913,3835.5493,3842.6061
20170914,3843.572,3829.9554
20170915,3826.1448,3831.2965
20170918,3832.9626,3843.1428
20170919,3849.8794,3832.1161
20170920,3830.1549,3842.4353
20170921,3843.2577,3837.8176
20170922,3826.4589,3837.7304
20170925,3829.219,3817.7915
20170926,3810.3333,3820.7816
20170927,3818.9646,3821.2
20170928,3821.5904,3822.5386
20170929,3825.2021,3836.5013
20171009,3910.1149,3882.2076
20171010,3883.0037,3889.8637
20171011,3886.8184,3902.6868
20171012,3902.0156,3912.9536
20171013,3912.975,3921.0017
20171016,3926.2754,3913.4462
20171017,3910.7894,3913.0688
20171018,3914.8152,3944.1626
20171019,3940.5831,3931.2495
20171020,3918.5265,3926.852
20171023,3930.8914,3930.7981
20171024,3926.2299,3959.3953
20171025,3958.1669,3976.949
20171026,3980.0479,3993.5752
20171027,3992.5539,4021.9676
20171030,4022.1641,4009.7218
20171031,3995.3935,4006.7179
20171101,4007.9116,3996.6221
20171102,3994.0946,3997.1343
20171103,3992.3496,3992.6979
20171106,3989.1824,4020.8896
20171107,4022.4018,4054.2465
20171108,4051.4935,4048.0057
20171109,4043.0663,4075.8998
20171110,4070.2763,4111.9112
20171113,4115.5507,4128.0733
20171114,4129.2736,4099.351
20171115,4084.2131,4073.6696
20171116,4063.4943,4105.0122
20171117,4094.0787,4120.8508
20171120,4093.734,4143.8334
20171121,4131.8482,4217.7015
20171122,4228.3721,4227.5666
20171123,4213.3781,4102.3966
20171124,4089.4723,4104.2034
20171127,4088.9318,4049.9475
20171128,4034.2057,4055.8235
20171129,4061.3545,4053.7529
20171130,4034.0091,4006.0993
20171201,4003.5604,3998.1365
20171204,3989.0466,4018.8571
20171205,4007.9361,4040.1704
20171206,4027.1231,4015.8211
20171207,4003.5826,3971.0569
20171208,3962.8288,4003.3792
20171211,4006.8784,4069.4997
20171212,4068.5053,4016.0163
20171213,4013.8319,4050.0927
20171214,4050.9028,4026.1516
20171215,4018.7313,3980.8558
20171218,3983.2965,3985.2914
20171219,3985.8233,4035.3294
20171220,4036.019,4030.4898
20171221,4023.076,4067.8485
20171222,4064.9131,4054.5984
20171225,4057.4173,4041.5401
20171226,4040.6173,4053.6224
20171227,4045.2793,3991.2075
20171228,3992.997,4018.8974
20171229,4022.8826,4030.8549
20180102,4045.2086,4087.4012
20180103,4091.4607,4111.3925
20180104,4114.1213,4128.8119
20180105,4133.3439,4138.7505
20180108,4140.8545,4160.1595
20180109,4157.5394,4189.2977
20180110,4187.2044,4207.8132
20180111,4197.1136,4205.5863
20180112,4205.1444,4225.001
20180115,4229.8357,4225.2393
20180116,4215.6247,4258.473
20180117,4261.7833,4248.1164
20180118,4259.375,4271.4168
20180119,4281.9371,4285.395
20180122,4276.4811,4336.5974
20180123,4346.8885,4382.6129
20180124,4389.4547,4389.8853
20180125,4381.9768,4365.0794
20180126,4352.2211,4381.2996
20180129,4387.0577,4302.0181
20180130,4286.6834,4256.1021
20180131,4234.1101,4275.8986
20180201,4276.3425,4245.8978
20180202,4213.9386,4271.2326
20180205,4204.458,4274.1464
20180206,4182.3257,4148.8856
20180207,4205.7365,4050.4972
20180208,4022.8802,4012.0472
20180209,3896.1691,3840.6527
20180212,3846.2671,3890.1046
20180213,3925.5955,3935.6324
20180214,3945.0943,3966.9614
20180222,4020.9731,4052.7332
20180223,4061.7545,4071.0889
20180226,4093.3988,4118.4186
20180227,4120.8712,4058.9806
20180228,4016.7911,4023.6415
20180301,3994.8686,4049.0863
20180302,4014.951,4016.461
20180305,4021.6575,4018.097
20180306,4034.9854,4066.5647
20180307,4063.5028,4036.6536
20180308,4038.9527,4077.6001
20180309,4088.0704,4108.8652
20180312,4130.7082,4127.6662
20180313,4124.3312,4091.2533
20180314,4076.0626,4073.3447
20180315,4058.7058,4096.1627
20180316,4096.8857,4056.4226
20180319,4054.6167,4074.2479
20180320,4045.7428,4077.7041
20180321,4097.0243,4061.0502
20180322,4062.0668,4020.349
20180323,3896.7359,3904.9355
20180326,3862.6948,3879.893
20180327,3927.492,3913.2689
20180328,3865.0454,3842.7155
20180329,3854.5914,3894.0498
20180330,3893.7468,3898.4977
20180402,3897.0052,3886.9189
20180403,3850.1546,3862.4796
20180404,3873.6267,3854.8625
20180409,3851.9548,3852.9292
20180410,3860.7225,3927.1729
20180411,3934.1698,3938.3434
20180412,3935.673,3898.6354
20180413,3920.7375,3871.1443
20180416,3862.4738,3808.863
20180417,3812.8746,3748.6412
20180418,3785.3059,3766.282
20180419,3774.784,3811.843
20180420,3801.2075,3760.8543
20180423,3754.6896,3766.3257
20180424,3769.8787,3843.4886
20180425,3824.5929,3828.7015
20180426,3823.3921,3755.4941
20180427,3771.0369,3756.8765
20180502,3769.9251,3763.6461
20180503,3756.1657,3793.0001
20180504,3784.3161,3774.5981
20180507,3782.5404,3834.1877
20180508,3834.6141,3878.6767
20180509,3876.1296,3871.6152
20180510,3882.8357,3893.0565
20180511,3902.1481,3872.8383
20180514,3886.8736,3909.2933
20180515,3920.1395,3924.0975
20180516,3909.8183,3892.8442
20180517,3895.4895,3864.0507
20180518,3860.1644,3903.0637
20180521,3925.5394,3921.2421
20180522,3918.8153,3906.2081
20180523,3898.2683,3854.5825
20180524,3853.2916,3827.217
20180525,3823.7448,3816.498
20180528,3816.2649,3833.2599
20180529,3824.1909,3804.0093
20180530,3755.1764,3723.3724
20180531,3749.2954,3802.3759
20180601,3789.6716,3770.5891
20180604,3785.1869,3807.5781
20180605,3811.2852,3845.3164
20180606,3839.683,3837.3511
20180607,3846.9367,3831.0128
20180608,3819.4477,3779.6159
20180611,3770.208,3779.9818
20180612,3783.1858,3825.9534
20180613,3814.6174,3788.3391
20180614,3774.6396,3773.3655
20180615,3763.0405,3753.4338
20180619,3702.6681,3621.1166
20180620,3602.5512,3635.4436
20180621,3633.5558,3592.965
20180622,3567.8939,3608.9046
20180625,3625.7984,3560.4777
20180626,3521.5876,3531.1112
20180627,3525.1323,3459.2621
20180628,3434.9441,3423.5255
20180629,3431.9619,3510.9845
20180702,3504.4571,3407.9638
20180703,3410.4767,3409.2801
20180704,3398.7788,3363.7473
20180705,3365.5547,3342.4379
20180706,3347.0624,3365.1227
20180709,3378.9056,3459.1837
20180710,3464.9064,3467.5155
20180711,3398.9265,3407.5297
20180712,3403.3302,3481.0559
20180713,3488.4966,3492.6897
20180716,3488.967,3472.0859
20180717,3466.4236,3449.3773
20180718,3456.6065,3431.3227
20180719,3444.8032,3428.343
20180720,3426.4558,3492.8938
20180723,3471.8555,3525.7503
20180724,3530.6641,3581.7057
20180725,3589.5055,3577.7522
20180726,3583.3173,3536.2456
20180727,3533.7714,3521.2269
20180730,3520.8538,3515.0794
20180731,3510.4744,3517.6568
20180801,3530.0298,3447.3882
20180802,3434.3516,3370.9579
20180803,3366.6637,3315.2839
20180806,3312.8153,3273.2728
20180807,3284.9785,3368.8695
20180808,3362.1485,3314.5075
20180809,3303.4765,3397.5298
20180810,3398.4139,3405.0191
20180813,3369.9812,3390.3441
20180814,3386.4832,3372.9137
20180815,3371.959,3291.976
20180816,3251.8556,3276.7276
20180817,3305.8954,3229.6198
20180820,3238.215,3267.2498
20180821,3271.8402,3326.6489
20180822,3328.9693,3307.9545
20180823,3308.4589,3320.0257
20180824,3308.4778,3325.3347
20180827,3339.3894,3406.5735
20180828,3408.1502,3400.1705
20180829,3393.0527,3386.5736
20180830,3385.8052,3351.0942
20180831,3333.3801,3334.5036
20180903,3320.6898,3321.8248
20180904,3324.186,3363.8984
20180905,3349.6983,3298.1412
20180906,3286.6645,3262.8808
20180907,3273.8906,3277.6438
20180910,3271.3818,3230.0681
20180911,3229.7052,3224.2116
20180912,3216.9911,3202.0248
20180913,3239.6852,3236.5662
20180914,3242.8307,3242.0902
20180917,3224.9267,3204.9224
20180918,3193.6423,3269.4319
20180919,3261.997,3312.4823
20180920,3314.8758,3310.1258
20180921,3320.6958,3410.4856
20180925,3375.9717,3379.8043
20180926,3388.5576,3417.2413
20180927,3415.9532,3403.5902
20180928,3409.9598,3438.8649
20181008,3361.5594,3290.8988
20181009,3290.1705,3288.6906
20181010,3295.4288,3281.5978
20181011,3179.5408,3124.1139
20181012,3123.3715,3170.7262
20181015,3173.8467,3126.4516
20181016,3128.5764,3100.9738
20181017,3140.6838,3118.2463
20181018,3097.7903,3044.3918
20181019,3017.7488,3134.9455
20181022,3159.5614,3270.2732
20181023,3273.1271,3183.4257
20181024,3169.4571,3188.2018
20181025,3107.8402,3194.3084
20181026,3204.2845,3173.635
20181029,3157.4879,3076.8889
20181030,3061.93,3110.2605
20181031,3116.6582,3153.8234
20181101,3185.202,3177.0338
20181102,3258.6093,3290.2455
20181105,3269.4695,3262.8351
20181106,3254.9778,3243.1504
20181107,3243.8775,3221.9101
20181108,3251.7281,3212.7737
20181109,3193.3039,3167.4442
20181112,3160.2465,3205.1407
20181113,3164.9222,3237.3823
20181114,3233.6409,3204.9427
20181115,3201.2814,3242.3715
20181116,3242.879,3257.6735
20181119,3258.7919,3294.6031
20181120,3268.0768,3218.4076
20181121,3187.1025,3226.4918
20181122,3232.9731,3214.4273
20181123,3208.593,3143.4752
20181126,3148.6721,3141.2434
20181127,3152.7743,3137.2413
20181128,3137.7477,3178.9326
20181129,3198.8259,3137.6542
20181130,3136.1962,3172.69
20181203,3260.6862,3260.9502
20181204,3256.2282,3267.7095
20181205,3224.2556,3252.0041
20181206,3218.113,3181.673
20181207,3187.4919,3181.5646
20181210,3153.5228,3144.7631
20181211,3148.2256,3159.8158
20181212,3181.566,3170.6092
20181213,3178.891,3219.6924
20181214,3207.3481,3165.9109
20181217,3158.2844,3161.1966
20181218,3139.9493,3128.4265
20181219,3133.7416,3091.1255
20181220,3083.5441,3067.4169
20181221,3055.3258,3029.3951
20181224,3015.4974,3038.1981
20181225,3006.8787,3017.2815
20181226,3012.869,3002.0327
20181227,3042.9491,2990.5057
20181228,2994.795,3010.6536
20190102,3017.0674,2969.5353
20190103,2963.0186,2964.8421
20190104,2940.1916,3035.8741
20190107,3055.1535,3054.303
20190108,3049.8747,3047.7035
20190109,3065.2307,3078.4759
20190110,3077.4817,3072.6864
20190111,3082.2615,3094.7782
20190114,3092.4984,3067.7845
20190115,3071.5185,3127.9904
20190116,3126.1347,3128.6517
20190117,3132.6285,3111.4168
20190118,3124.5025,3168.1739
20190121,3170.8773,3185.6364
20190122,3181.9494,3143.3171
20190123,3136.096,3141.0532
20190124,3146.6046,3158.7817
20190125,3165.1814,3184.4696
20190128,3203.1189,3183.7777
20190129,3177.261,3193.9698
20190130,3181.6551,3168.4829
20190131,3182.6987,3201.6331
20190201,3225.7335,3247.3971
20190211,3239.8079,3306.4725
20190212,3306.3523,3330.3353
20190213,3337.7794,3397.0276
20190214,3392.8547,3402.1403
20190215,3391.242,3338.7047
20190218,3366.423,3445.7448
20190219,3454.7216,3439.6078
20190220,3449.9321,3451.9273
20190221,3450.1411,3442.7056
20190222,3439.3781,3520.1182
20190225,3575.8528,3729.4831
20190226,3734.7059,3684.6935
20190227,3682.8116,3678.3921
20190228,3675.2642,3669.3703
20190301,3699.2157,3749.7143
20190304,3783.0367,3794.104
20190305,3785.3762,3816.0132
20190306,3822.8588,3848.0903
20190307,3841.1456,3808.8497
20190308,3721.4016,3657.579
20190311,3663.9772,3729.9546
20190312,3758.3151,3755.3519
20190313,3758.713,3724.1941
20190314,3710.2934,3698.4858
20190315,3713.936,3745.005
20190318,3753.6436,3851.7479
20190319,3856.5885,3833.9626
20190320,3825.3356,3835.4397
20190321,3840.2783,3836.8913
20190322,3838.1255,3833.8013
20190325,3776.4426,3742.8252
20190326,3766.5287,3700.4388
20190327,3724.4058,3743.3878
20190328,3731.0612,3728.3953
20190329,3739.7739,3872.3412
20190401,3901.1698,3973.928
20190402,3986.3443,3971.2852
20190403,3947.8697,4022.1566
20190404,4039.7415,4062.2309
20190408,4097.1027,4057.2286
20190409,4063.8139,4075.4301
20190410,4062.4425,4085.847
20190411,4083.4618,3997.5778
20190412,3986.7822,3988.6168
20190415,4056.4919,3975.5244
20190416,3958.0963,4085.7891
20190417,4080.7172,4087.2398
20190418,4085.1148,4072.0753
20190419,4076.2953,4120.6078
20190422,4125.9717,4025.6109
20190423,4021.6277,4019.0053
20190424,4033.6292,4030.0887
20190425,4013.6027,3941.816
20190426,3921.8909,3889.2748
20190429,3896.5824,3900.3339
20190430,3887.1799,3913.211
20190506,3775.0765,3684.6168
20190507,3702.2656,3720.6684
20190508,3648.5489,3667.4574
20190509,3637.346,3599.7001
20190510,3643.0557,3730.4513
20190513,3675.7597,3668.7255
20190514,3630.4388,3645.1503
20190515,3674.9931,3727.0923
20190516,3720.039,3743.9635
20190517,3744.8751,3648.7609
20190520,3635.7357,3617.7924
20190521,3619.4369,3666.7762
20190522,3663.1533,3649.3796
20190523,3629.5284,3583.9646
20190524,3584.9016,3593.9139
20190527,3592.6027,3637.1971
20190528,3633.0182,3672.2605
20190529,3642.5415,3663.909
20190530,3648.8495,3641.1833
20190531,3640.9963,3629.7893
20190603,3640.6126,3632.0127
20190604,3632.5602,3598.4666
20190605,3627.7947,3597.105
20190606,3601.0356,3564.6778
20190610,3578.0084,3610.7435
20190611,3617.5239,3719.2759
20190612,3706.8635,3691.0957
20190613,3689.5834,3685.3933
20190614,3690.4763,3654.8799
20190617,3654.4433,3654.8248
20190618,3661.1299,3667.6185
20190619,3761.3381,3715.9381
20190620,3718.9416,3828.5183
20190621,3832.7321,3833.9383
20190624,3836.3051,3841.2659
20190625,3837.4259,3801.3098
20190626,3779.5125,3794.331
20190627,3807.5376,3834.8172
20190628,3832.0599,3825.5873
20190701,3899.3313,3935.8116
20190702,3931.0486,3937.1691
20190703,3927.4365,3893.5341
20190704,3895.1978,3873.1019
20190705,3875.3736,3893.2025
20190708,3875.7547,3802.7897
20190709,3798.0954,3793.1297
20190710,3807.9497,3786.739
20190711,3806.1855,3785.221
20190712,3783.0733,3808.7311
20190715,3792.6409,3824.1878
20190716,3819.2474,3806.8449
20190717,3800.1064,3804.6384
20190718,3793.1893,3768.4019
20190719,3787.5079,3807.9551
20190722,3813.5022,3781.6832
20190723,3783.5411,3789.9135
20190724,3803.5867,3819.8325
20190725,3821.3898,3851.0665
20190726,3835.2281,3858.5688
20190729,3857.9394,3854.2704
20190730,3861.5698,3870.3176
20190731,3856.745,3835.3589
20190801,3819.3242,3803.4694
20190802,3729.1309,3747.4379
20190805,3724.4097,3675.6884
20190806,3609.1118,3636.3289
20190807,3654.6323,3621.431
20190808,3651.3571,3669.2936
20190809,3686.7493,3633.5296
20190812,3647.8661,3699.1047
20190813,3675.5868,3665.7515
20190814,3712.0657,3682.4015
20190815,3618.0092,3694.0006
20190816,3697.9407,3710.5386
20190819,3736.0344,3791.0946
20190820,3786.026,3787.7324
20190821,3778.3091,3781.7579
20190822,3793.8552,3793.5061
20190823,3796.8821,3820.8638
20190826,3756.3618,3765.9105
20190827,3791.4587,3816.9459
20190828,3818.8125,3802.5844
20190829,3805.494,3790.1867
20190830,3816.678,3799.5863
20190902,3803.689,3848.3198
20190903,3852.5794,3853.6106
20190904,3848.6483,3886.0012
20190905,3909.2087,3925.323
20190906,3946.6854,3948.5075
20190909,3980.9577,3972.9484
20190910,3976.8697,3959.265
20190911,3969.6757,3930.0999
20190912,3944.6917,3972.3799
20190916,3981.3616,3957.7154
20190917,3947.1577,3891.2208
20190918,3902.9947,3910.0837
20190919,3923.9631,3924.3823
20190920,3933.4594,3935.6511
20190923,3925.1858,3890.6616
20190924,3895.8661,3901.0758
20190925,3887.5548,3870.9837
20190926,3884.7022,3841.1388
20190927,3843.4584,3852.6534
20190930,3842.0741,3814.5282
20191008,3818.5894,3837.6791
20191009,3822.6068,3843.2392
20191010,3838.4865,3874.6391
20191011,3885.5198,3911.7253
20191014,3944.8593,3953.2411
20191015,3953.1645,3936.2498
20191016,3939.276,3922.6854
20191017,3929.386,3925.2216
20191018,3935.4199,3869.3777
20191021,3865.3436,3880.8398
20191022,3896.3149,3895.8809
20191023,3892.6766,3871.0848
20191024,3877.9239,3870.6678
20191025,3871.7687,3896.7923
20191028,3904.9824,3926.585
20191029,3929.7077,3910.226
20191030,3904.7172,3891.2255
20191031,3906.8593,3886.7519
20191101,3883.8084,3952.3872
20191104,3964.0052,3978.1216
20191105,3982.1155,4002.8128
20191106,4006.327,3984.8816
20191107,3984.5529,3991.8749
20191108,4017.6742,3973.0107
20191111,3948.6186,3902.9783
20191112,3905.9584,3903.6888
20191113,3905.2831,3899.9815
20191114,3905.9284,3905.857
20191115,3908.4891,3877.0892
20191118,3874.4405,3907.9291
20191119,3904.0996,3947.0392
20191120,3940.1344,3907.8641
20191121,3894.539,3889.598
20191122,3894.1742,3849.9948
20191125,3850.966,3878.2061
20191126,3893.4349,3891.6533
20191127,3883.429,3875.6186
20191128,3877.9012,3862.3029
20191129,3857.1883,3828.6706
20191202,3835.5128,3836.0589
20191203,3829.212,3851.0873
20191204,3841.6627,3849.819
20191205,3863.6086,3879.3638
20191206,3885.0582,3902.3853
20191209,3909.5297,3895.4468
20191210,3886.444,3900.3843
20191211,3907.1592,3902.7492
20191212,3908.4537,3891.0242
20191213,3928.0044,3968.2211
20191216,3970.7092,3987.5464
20191217,3987.7426,4041.7996
20191218,4039.724,4032.7826
20191219,4034.6159,4027.1495
20191220,4032.1519,4017.2527
20191223,4014.6929,3967.0962
20191224,3971.56,3992.9581
20191225,3988.6574,3990.8671
20191226,3993.6686,4025.9879
20191227,4029.2454,4022.0278
20191230,4015.5195,4081.6334
20191231,4077.7519,4096.5821
20200102,4121.3487,4152.2408
20200103,4161.2185,4144.9649
20200106,4120.5211,4129.2954
20200107,4137.4019,4160.2274
20200108,4139.6315,4112.3172
20200109,4145.5345,4164.3697
20200110,4177.5777,4163.1849
20200113,4166.9254,4203.9883
20200114,4215.1578,4189.8862
20200115,4186.881,4166.7344
20200116,4174.8172,4149.0434
20200117,4162.1939,4154.853
20200120,4170.7365,4185.8304
20200121,4165.0203,4114.3085
20200122,4093.8009,4131.9311
20200123,4093.3229,4003.9013
20200203,3639.9089,3688.3578
20200204,3652.0035,3785.6376
20200205,3801.099,3828.5272
20200206,3841.7537,3899.7751
20200207,3879.5531,3899.8693
20200210,3872.3738,3916.0052
20200211,3926.4204,3952.4643
20200212,3945.6663,3984.4325
20200213,3985.8757,3959.9188
20200214,3954.234,3987.7342
20200217,3999.6511,4077.4241
20200218,4069.8315,4057.5108
20200219,4049.5862,4051.3107
20200220,4062.8968,4144.6561
20200221,4134.8747,4149.4903
20200224,4131.8364,4132.8388
20200225,4066.302,4123.8543
20200226,4070.0994,4073.0152
20200227,4084.0782,4084.8759
20200228,3988.7274,3940.0488
20200302,3968.8435,4069.6662
20200303,4125.1356,4091.3615
20200304,4078.4998,4115.0524
20200305,4150.21,4206.7251
20200306,4158.2021,4138.5072
20200309,4063.076,3997.1325
20200310,3975.2288,4082.7315
20200311,4090.9348,4028.4289
20200312,3976.1139,3950.9111
20200313,3771.0139,3895.3128
20200316,3899.8598,3727.8398
20200317,3739.7833,3709.6822
20200318,3729.6853,3636.2565
20200319,3623.789,3589.0926
20200320,3629.5126,3653.2239
20200323,3542.6837,3530.3058
20200324,3598.6548,3625.1146
20200325,3711.4753,3722.5181
20200326,3692.6083,3698.0472
20200327,3746.3914,3710.0605
20200330,3657.4624,3674.1108
20200331,3708.1404,3686.1551
20200401,3682.2966,3675.0758
20200402,3656.3225,3734.5306
20200403,3721.4815,3713.2183
20200407,3779.9076,3798.0214
20200408,3776.4171,3780.3445
20200409,3798.4879,3792.8105
20200410,3794.8429,3769.1782
20200413,3751.7093,3753.2566
20200414,3777.8343,3825.6991
20200415,3820.8506,3797.3623
20200416,3777.7986,3802.3806
20200417,3831.9232,3839.4871
20200420,3845.4598,3853.4551
20200421,3838.2314,3808.0474
20200422,3789.1297,3839.3834
20200423,3851.9132,3829.7525
20200424,3826.3116,3796.9721
20200427,3808.0171,3822.769
20200428,3835.348,3849.1465
20200429,3837.5135,3867.032
20200430,3880.4094,3912.5772
20200506,3867.2587,3936.2539
20200507,3937.5918,3924.8946
20200508,3942.9972,3963.6217
20200511,3974.7605,3960.1803
20200512,3961.3427,3960.2378
20200513,3946.6428,3968.2529
20200514,3952.1986,3925.2177
20200515,3941.125,3912.8159
20200518,3914.6602,3922.9117
20200519,3963.7754,3956.2495
20200520,3955.7145,3935.222
20200521,3950.5981,3913.7949
20200522,3907.5761,3824.064
20200525,3828.3206,3829.3245
20200526,3850.0009,3872.7701
20200527,3873.6984,3845.6135
20200528,3848.4892,3856.6324
20200529,3838.3769,3867.0232
20200601,3901.7263,3971.3402
20200602,3969.9521,3983.5677
20200603,4001.1708,3983.6477
20200604,3998.1636,3982.1851
20200605,3988.2239,4001.2509
20200608,4023.606,4021.9549
20200609,4027.5613,4047.0293
20200610,4046.2317,4039.7051
20200611,4031.7396,3995.8846
20200612,3931.6236,4003.0829
20200615,3982.9672,3954.9883
20200616,3995.5786,4014.5702
20200617,4018.6094,4017.5941
20200618,4009.7831,4044.3842
20200619,4047.0483,4098.7095
20200622,4097.5071,4102.0459
20200623,4098.0373,4121.7944
20200624,4128.1003,4138.9895
20200629,4127.9348,4109.7164
20200630,4130.0028,4163.9637
20200701,4172.6425,4247.7835
20200702,4239.408,4335.8445
20200703,4353.1937,4419.5955
20200706,4465.8081,4670.0949
20200707,4739.6104,4698.1264
20200708,4692.8621,4774.0042
20200709,4770.0769,4840.7712
20200710,4796.0873,4753.1333
20200713,4742.3738,4852.9612
20200714,4836.1655,4806.6902
20200715,4821.5155,4744.4687
20200716,4741.5295,4516.2532
20200717,4524.7717,4544.7007
20200720,4597.2038,4680.3046
20200721,4697.5026,4691.0425
20200722,4682.6575,4714.4454
20200723,4668.7401,4712.4357
20200724,4679.0273,4505.5906
20200727,4535.0053,4528.45
20200728,4567.6691,4568.2576
20200729,4559.1634,4679.008
20200730,4689.7632,4656.1506
20200731,4652.1824,4695.0462
20200803,4735.8985,4771.3108
20200804,4778.4866,4775.8024
20200805,4761.7637,4777.1089
20200806,4779.2377,4762.7642
20200807,4742.2939,4707.9262
20200810,4681.7553,4724.8697
20200811,4730.3748,4681.7837
20200812,4668.8899,4647.6446
20200813,4666.4901,4635.7126
20200814,4627.61,4704.6288
20200817,4727.1204,4815.2261
20200818,4816.5703,4812.7564
20200819,4804.6655,4740.6784
20200820,4708.1253,4679.1544
20200821,4717.7874,4718.8431
20200824,4746.4035,4755.8491
20200825,4769.2107,4761.9507
20200826,4761.7186,4706.1302
20200827,4718.062,4731.3451
20200828,4727.292,4844.2652
20200831,4870.9337,4816.2153
20200901,4803.3922,4842.1223
20200902,4859.0754,4843.887
20200903,4841.502,4817.0952
20200904,4737.2368,4770.219
20200907,4759.5213,4669.3677
20200908,4683.8256,4694.3894
20200909,4634.247,4584.5887
20200910,4632.0994,4581.9775
20200911,4572.2572,4627.2826
20200914,4652.0539,4651.0507
20200915,4649.4472,4688.4826
20200916,4683.006,4657.3584
20200917,4642.0542,4632.7142
20200918,4636.6422,4737.0887
20200921,4750.7481,4691.4281
20200922,4654.2179,4635.7608
20200923,4639.6592,4652.3273
20200924,4623.9535,4563.0657
20200925,4582.482,4570.0216
20200928,4582.6471,4581.9085
20200929,4608.2926,4591.7993
20200930,4607.5753,4587.3953
20201009,4663.61,4681.1412
20201012,4705.1883,4823.1578
20201013,4812.8989,4839.201
20201014,4830.4575,4807.1021
20201015,4810.7821,4798.7361
20201016,4798.9162,4791.676
20201019,4823.4944,4755.4879
20201020,4751.3694,4793.4672
20201021,4801.6313,4792.8284
20201022,4780.5954,4777.9845
20201023,4775.4665,4718.4881
20201026,4684.0465,4691.2359
20201027,4680.1371,4699.2792
20201028,4703.0036,4737.2718
20201029,4683.607,4772.9198
20201030,4776.4726,4695.3338
20201102,4702.7457,4720.8313
20201103,4743.1742,4777.5608
20201104,4781.448,4813.6564
20201105,4861.3377,4885.1118
20201106,4897.6295,4885.7178
20201109,4918.8609,4981.3497
20201110,4995.4126,4953.8756
20201111,4937.7582,4904.8981
20201112,4916.7736,4908.463
20201113,4886.9778,4856.8513
20201116,4880.958,4904.1716
20201117,4903.12,4894.786
20201118,4889.6749,4891.6716
20201119,4880.9224,4927.9891
20201120,4928.2223,4943.2882
20201123,4954.5987,5005.0273
20201124,4997.0485,4974.2855
20201125,4992.7466,4910.7
20201126,4908.3208,4919.5912
20201127,4930.5928,4980.765
20201130,4994.1063,4960.2519
20201201,4963.1302,5067.0983
20201202,5072.9755,5067.1447
20201203,5065.4531,5057.0603
20201204,5049.5231,5065.9163
20201207,5065.7285,5022.2351
20201208,5029.1063,5009.8786
20201209,5022.3846,4942.6986
20201210,4931.2933,4940.5249
20201211,4957.8236,4889.6292
20201214,4903.627,4934.8352
20201215,4931.6019,4945.1
20201216,4957.2971,4953.867
20201217,4960.729,5017.4784
20201218,5014.3211,4999.9678
20201221,4995.7622,5046.8396
20201222,5034.9831,4964.7727
20201223,4977.2994,5007.1235
20201224,5006.0051,5000.0154
20201225,4985.7695,5042.0137
20201228,5042.9432,5064.4147
20201229,5071.449,5042.9361
20201230,5037.9848,5113.7105
20201231,5122.4799,5211.2885
20210104,5212.9313,5267.7181
20210105,5245.8355,5368.5049
20210106,5386.5144,5417.6677
20210107,5428.3944,5513.6568
20210108,5526.2876,5495.4306
20210111,5504.2358,5441.1583
20210112,5419.4996,5596.3525
20210113,5609.2637,5577.9711
20210114,5556.2125,5470.4563
20210115,5471.391,5458.0812
20210118,5438.1618,5518.5205
20210119,5525.969,5437.5234
20210120,5439.9111,5476.4336
20210121,5492.9587,5564.9693
20210122,5562.379,5569.776
20210125,5564.1237,5625.9232
20210126,5600.9017,5512.9678
20210127,5505.7708,5528.0034
20210128,5450.3695,5377.1427
20210129,5413.9684,5351.9646
20210201,5356.8535,5417.6484
20210202,5429.7032,5501.0915
20210203,5499.2961,5485.2008
20210204,5453.9764,5473.9475
20210205,5494.7011,5483.414
20210208,5506.1423,5564.5618
20210209,5584.165,5686.2502
20210210,5709.684,5807.7191
20210218,5922.0714,5768.3814
20210219,5734.0193,5778.842
20210222,5785.5097,5597.3327
20210223,5542.6841,5579.6681
20210224,5591.4795,5437.5683
20210225,5494.4706,5469.5584
20210226,5343.9041,5336.7609
20210301,5389.2499,5418.7837
20210302,5453.2847,5349.6301
20210303,5327.3467,5452.2125
20210304,5388.4785,5280.7058
20210305,5191.9699,5262.7958
20210308,5299.7907,5080.0246
20210309,5066.1546,4970.9994
20210310,5047.0589,5003.6121
20210311,5024.5586,5128.2156
20210312,5153.674,5146.3786
20210315,5116.1228,5035.5441
20210316,5054.4089,5079.3624
20210317,5062.7706,5100.8581
20210318,5114.5872,5141.7681
20210319,5068.5319,5007.0907
20210322,5008.3953,5057.152
20210323,5057.0632,5009.2459
20210324,4985.4013,4928.6853
20210325,4904.0683,4926.3469
20210326,4953.9453,5037.9899
20210329,5052.2634,5046.8773
20210330,5043.0952,5094.7291
20210331,5085.9497,5048.3607
20210401,5059.9359,5110.7768
20210402,5129.8545,5161.5569
20210406,5178.6401,5140.3418
20210407,5141.6556,5103.7428
20210408,5078.2627,5112.2086
20210409,5100.0422,5035.3374
20210412,5026.9791,4947.7459
20210413,4949.8074,4939.6438
20210414,4945.6857,4980.6279
20210415,4969.9099,4948.9741
20210416,4966.8999,4966.1811
20210419,4966.409,5087.0165
20210420,5065.7757,5083.3654
20210421,5055.2398,5098.7449
20210422,5114.2799,5089.2435
20210423,5088.8263,5135.4534
20210426,5156.5941,5077.2372
20210427,5076.6415,5090.5195
20210428,5073.9728,5119.2421
20210429,5128.2795,5164.1692
20210430,5156.3557,5123.489
20210506,5098.8006,5061.1244
20210507,5073.4554,4996.0527
20210510,5001.4371,4992.422
20210511,4956.0794,5023.0595
20210512,5003.8171,5044.5481
20210513,4992.3519,4992.9738
20210514,5007.6286,5110.5901
20210517,5115.3063,5184.9853
20210518,5190.9345,5187.6013
20210519,5173.1666,5172.272
20210520,5167.0546,5186.412
20210521,5199.1285,5134.1483
20210524,5138.8149,5155.5875
20210525,5165.0361,5318.478
20210526,5326.1169,5320.5927
20210527,5311.3726,5338.2329
20210528,5338.7278,5321.0886
20210531,5318.0825,5331.5696
20210601,5320.4745,5341.6798
20210602,5348.344,5289.9736
20210603,5285.7098,5255.2855
20210604,5228.2761,5282.2772
20210607,5284.8907,5277.6271
20210608,5276.9711,5232.1165
20210609,5224.9496,5236.4493
20210610,5236.4691,5271.4661
20210611,5275.7456,5224.703
20210615,5218.5648,5166.5597
20210616,5163.2493,5080.4909
20210617,5074.3839,5101.8924
20210618,5104.9297,5102.4657
20210621,5088.0893,5090.3854
20210622,5106.0743,5122.1583
20210623,5127.191,5147.3938
20210624,5156.5638,5155.9738
20210625,5159.8017,5239.9684
20210628,5253.6081,5251.7604
20210629,5248.5249,5190.5445
20210630,5189.3797,5224.041
20210701,5241.2039,5229.6642
20210702,5186.6613,5081.1172
20210705,5073.7787,5085.7924
20210706,5089.778,5083.1043
20210707,5052.4204,5140.4899
20210708,5149.3095,5088.2566
20210709,5063.148,5069.4361
20210712,5108.3783,5132.7088
20210713,5128.6138,5142.0991
20210714,5130.7522,5083.0849
20210715,5073.2634,5151.4626
20210716,5140.904,5094.7727
20210719,5083.7276,5113.4945
20210720,5080.2158,5108.9941
20210721,5122.7843,5144.0428
20210722,5150.3859,5151.7517
20210723,5145.4308,5089.2282
20210726,5067.3072,4925.299
20210727,4924.2816,4751.313
20210728,4714.2948,4760.4826
20210729,4845.7603,4850.2746
20210730,4825.7002,4811.1695
20210802,4794.8192,4933.736
20210803,4909.2325,4934.4583
20210804,4927.7358,4978.8479
20210805,4946.1668,4948.6703
20210806,4943.0427,4921.5647
20210809,4890.2573,4985.5627
20210810,4977.8164,5043.148
20210811,5037.0819,5015.3406
20210812,4998.0733,4973.3509
20210813,4958.7577,4945.9829
20210816,4935.9229,4941.0676
20210817,4935.0044,4837.4034
20210818,4838.4706,4894.2384
20210819,4886.564,4862.1394
20210820,4817.4937,4769.2678
20210823,4777.7347,4835.8782
20210824,4844.5925,4888.3902
20210825,4890.5211,4898.1572
20210826,4892.2044,4801.6094
20210827,4794.974,4827.0433
20210830,4847.0348,4813.2703
20210831,4803.0854,4805.6099
20210901,4804.6863,4869.4587
20210902,4865.8218,4869.4113
20210903,4875.0656,4843.0624
20210906,4841.0623,4933.7262
20210907,4932.9759,4992.8294
20210908,4986.7953,4972.1324
20210909,4952.4924,4970.0133
20210910,4967.9759,5013.5219
20210913,5006.7748,4991.6598
20210914,4989.8348,4917.1617
20210915,4903.8471,4867.3187
20210916,4866.7936,4807.6978
20210917,4797.1129,4855.9402
20210922,4770.7323,4821.7675
20210923,4848.2223,4853.1957
20210924,4845.638,4849.4277
20210927,4870.8482,4877.3698
20210928,4869.0845,4883.828
20210929,4846.0212,4833.9281
20210930,4843.9531,4866.3826
20211008,4915.7305,4929.9409
20211011,4941.2918,4936.1918
20211012,4920.6596,4883.8369
20211013,4880.144,4940.1089
20211014,4934.2575,4913.6123
20211015,4896.5578,4932.1084
20211018,4922.5137,4874.7753
20211019,4869.3907,4922.7232
20211020,4926.7727,4910.1846
20211021,4914.7378,4928.0156
20211022,4934.8698,4959.7254
20211025,4940.8962,4979.5235
20211026,4983.2383,4963.0984
20211027,4949.2269,4898.1644
20211028,4882.5858,4864.138
20211029,4861.2667,4908.7701
20211101,4878.1276,4890.6851
20211102,4886.1849,4839.8457
20211103,4835.8093,4821.1119
20211104,4841.0912,4868.7419
20211105,4858.8999,4842.3458
20211108,4841.1527,4848.1795
20211109,4858.2525,4846.7444
20211110,4832.8006,4821.1925
20211111,4814.7655,4898.6529
20211112,4902.9289,4888.3749
20211115,4894.4119,4882.3777
20211116,4880.8964,4883.3206
20211117,4883.2481,4885.7544
20211118,4871.4216,4837.6185
20211119,4832.0595,4890.0575
20211122,4895.3875,4912.399
20211123,4905.7587,4913.3457
20211124,4914.0266,4916.6579
20211125,4917.6055,4896.4416
20211126,4886.9516,4860.1265
20211129,4820.0053,4851.423
20211130,4857.183,4832.026
20211201,4831.8885,4843.851
20211202,4839.9137,4856.163
20211203,4856.9802,4901.0175
20211206,4909.4292,4892.6209
20211207,4930.8261,4922.1015
20211208,4934.4056,4995.9298
20211209,5000.6871,5078.6901
20211210,5046.2677,5055.1172
20211213,5090.0207,5083.8007
20211214,5066.3497,5049.6953
20211215,5036.284,5005.8991
20211216,5006.6105,5034.7321
20211217,5021.3385,4954.7599
20211220,4934.9662,4880.4178
20211221,4876.5141,4913.4853
20211222,4924.5771,4914.4544
20211223,4924.2912,4948.7389
20211224,4953.0616,4921.3449
20211227,4918.1462,4919.3238
20211228,4923.6917,4955.9644
20211229,4958.6455,4883.4804
20211230,4882.1561,4921.5109
20211231,4937.463,4940.3733
20220104,4957.9835,4917.7653
20220105,4907.9347,4868.1202
20220106,4842.156,4818.2318
20220107,4824.3181,4822.3689
20220110,4812.23,4844.0451
20220111,4840.0087,4797.7735
20220112,4818.8902,4845.5787
20220113,4853.0314,4765.9191
20220114,4743.9124,4726.7317
20220117,4728.7595,4767.2762
20220118,4766.7811,4813.3472
20220119,4815.8106,4780.3784
20220120,4778.2616,4823.5091
20220121,4808.7733,4779.3142
20220124,4753.9413,4786.7377
20220125,4761.95,4678.4511
20220126,4697.0991,4712.3109
20220127,4708.0989,4619.8765
20220128,4641.8137,4563.772
20220207,4638.5754,4634.0899
20220208,4626.4365,4608.7729
20220209,4608.1491,4652.0609
20220210,4657.2107,4639.8625
20220211,4617.8741,4601.3953
20220214,4579.4202,4551.6878
20220215,4553.8112,4600.1025
20220216,4619.8458,4617.9893
20220217,4616.8955,4629.1649
20220218,4604.5669,4651.2358
20220221,4646.0522,4634.3141
20220222,4601.9184,4574.1527
20220223,4582.0064,4623.0465
20220224,4592.069,4529.3189
20220225,4564.6321,4573.4247
20220228,4563.7427,4581.6459
20220301,4597.855,4619.6862
20220302,4594.017,4578.6007
20220303,4595.0249,4551.6283
20220304,4513.3636,4496.4301
20220307,4462.5174,4352.7775
20220308,4361.6424,4265.391
20220309,4280.9789,4226.3463
20220310,4326.2035,4292.8374
20220311,4231.1961,4306.5217
20220314,4248.1526,4174.7577
20220315,4125.4866,3983.812
20220316,4053.099,4156.081
20220317,4237.6722,4237.6956
20220318,4218.4736,4265.9017
20220321,4280.1397,4258.7459
20220322,4252.5658,4255.295
20220323,4269.6088,4276.5174
20220324,4249.5328,4251.3061
20220325,4249.0731,4174.5742
20220328,4128.8379,4148.4663
20220329,4155.4182,4134.1441
20220330,4162.1666,4254.0989
20220331,4234.7159,4222.5968
20220401,4198.8191,4276.158
20220406,4258.8325,4263.8411
20220407,4240.0237,4209.0998
20220408,4213.2107,4230.7669
20220411,4203.7902,4100.0703
20220412,4102.9711,4179.9727
20220413,4154.4121,4139.737
20220414,4172.6443,4191.5684
20220415,4162.3718,4188.7472
20220418,4152.9306,4166.3844
20220419,4161.9328,4134.9017
20220420,4130.5427,4070.7889
20220421,4048.7338,3995.83
20220422,3967.2016,4013.2498
20220425,3933.4459,3814.9127
20220426,3822.4887,3784.1198
20220427,3758.0835,3895.5361
20220428,3883.4196,3921.1073
20220429,3939.6238,4016.241
20220505,3995.3533,4010.2102
20220506,3928.8548,3908.815
20220509,3883.9514,3877.4364
20220510,3820.6278,3919.8684
20220511,3917.9322,3976.4231
20220512,3949.949,3958.74
20220513,3983.8201,3988.6002
20220516,4014.9955,3956.5378
20220517,3961.7605,4005.8934
20220518,4015.0134,3991.9069
20220519,3938.2964,3999.5984
20220520,4020.8162,4077.5998
20220523,4080.9694,4053.9823
20220524,4052.8675,3959.1541
20220525,3959.7672,3983.1784
20220526,3987.6815,3993.0446
20220527,4022.7095,4001.2988
20220530,4020.8584,4029.0179
20220531,4031.7621,4091.5176
20220601,4086.6177,4083.1772
20220602,4063.9996,4089.5682
20220606,4090.5286,4166.085
20220607,4165.6899,4179.1285
20220608,4187.1483,4219.8122
20220609,4211.7225,4175.6747
20220610,4145.6505,4238.9936
20220613,4194.4574,4189.3527
20220614,4143.2232,4222.3114
20220615,4228.2926,4278.2178
20220616,4282.0827,4250.0614
20220617,4219.2339,4309.0444
20220620,4322.8324,4330.4328
20220621,4327.9159,4325.5657
20220622,4331.902,4270.6227
20220623,4277.9555,4343.8781
20220624,4354.553,4394.7723
20220627,4414.3321,4444.2639
20220628,4442.5811,4490.5166
20220629,4472.7346,4421.357
20220630,4418.0656,4485.0108
20220701,4489.5204,4466.7179
20220704,4447.2159,4496.0303
20220705,4505.4572,4489.5383
20220706,4475.4815,4423.9698
20220707,4425.2814,4443.4736
20220708,4468.0627,4428.781
20220711,4406.1476,4354.6167
20220712,4352.6456,4313.6184
20220713,4313.3589,4321.4617
20220714,4308.8229,4322.0742
20220715,4299.4714,4248.5273
20220718,4262.1539,4292.5858
20220719,4288.4441,4269.3401
20220720,4291.2808,4283.8027
20220721,4270.3624,4236.0578
20220722,4251.7867,4238.2341
20220725,4233.9277,4212.6441
20220726,4220.0911,4245.9758
20220727,4236.154,4225.0357
20220728,4242.2743,4225.6733
20220729,4226.4245,4170.1019
20220801,4160.6478,4188.6784
20220802,4144.3765,4107.024
20220803,4114.8251,4066.9754
20220804,4089.4419,4101.5367
20220805,4109.6287,4156.9111
20220808,4142.1111,4148.0746
20220809,4143.666,4156.2907
20220810,4149.2071,4109.7373
20220811,4130.741,4193.5428
20220812,4185.4203,4191.152
20220815,4180.0006,4185.6794
20220816,4190.5269,4177.837
20220817,4182.5668,4216.9586
20220818,4205.7851,4180.0996
20220819,4174.5458,4151.0738
20220822,4135.1623,4181.3965
20220823,4175.5314,4161.0823
20220824,4168.5764,4082.4195
20220825,4093.2949,4116.2396
20220826,4127.8142,4107.5455
20220829,4063.8825,4089.5205
20220830,4088.5262,4075.7937
20220831,4057.1443,4078.8402
20220901,4066.1869,4043.7395
20220902,4054.8423,4023.6131
20220905,4010.4052,4015.4264
20220906,4024.4726,4052.2802
20220907,4032.7231,4054.983
20220908,4059.1689,4037.6839
20220909,4050.5853,4093.7874
20220913,4112.0123,4111.1145
20220914,4058.0441,4065.359
20220915,4078.6495,4027.1186
20220916,4013.5829,3932.6826
20220919,3928.4239,3928.0001
20220920,3945.6467,3932.8361
20220921,3921.3177,3903.7348
20220922,3875.1771,3869.344
20220923,3865.1049,3856.0212
20220926,3829.5958,3836.6773
20220927,3844.0692,3892.295
20220928,3879.4398,3828.7098
20220929,3864.316,3827.1434
20220930,3833.3504,3804.8853
20221010,3806.5596,3720.9365
20221011,3732.0191,3727.6867
20221012,3722.8659,3784.3064
20221013,3756.4176,3752.6729
20221014,3783.316,3842.4698
20221017,3822.2428,3846.4119
20221018,3865.8258,3838.2667
20221019,3827.4658,3776.5335
20221020,3746.5793,3754.9269
20221021,3753.8903,3742.8929
20221024,3727.915,3633.3733
20221025,3621.9356,3627.4542
20221026,3633.3107,3656.9027
20221027,3667.6645,3631.1448
20221028,3605.1598,3541.3295
20221031,3504.507,3508.7034
20221101,3519.8174,3634.1732
20221102,3620.3693,3677.8051
20221103,3645.0604,3647.8966
20221104,3646.7709,3767.1746
20221107,3754.5227,3775.2971
20221108,3773.6612,3749.3251
20221109,3750.7821,3714.2704
20221110,3685.8274,3685.6885
20221111,3787.7568,3788.4387
20221114,3818.1447,3794.0171
20221115,3788.926,3865.9726
20221116,3860.811,3834.3899
20221117,3821.2709,3818.664
20221118,3823.8207,3801.5686
20221121,3769.627,3769.1269
20221122,3766.0817,3769.5727
20221123,3760.2157,3773.5287
20221124,3791.5399,3756.8082
20221125,3751.2822,3775.7764
20221128,3701.902,3733.2424
20221129,3766.5702,3848.4224
20221130,3836.5598,3853.0365
20221201,3921.2954,3894.7687
20221202,3886.4034,3870.9478
20221205,3907.6375,3946.8759
20221206,3929.0063,3968.1979
20221207,3956.6722,3958.4409
20221208,3953.199,3959.1798
20221209,3961.9919,3998.2442
20221212,3976.1722,3953.4433
20221213,3953.5482,3945.6813
20221214,3952.7885,3954.8857
20221215,3954.672,3951.9885
20221216,3931.2318,3954.227
20221219,3952.7707,3893.2207
20221220,3881.2257,3829.0173
20221221,3839.0009,3830.5384
20221222,3859.2041,3836.028
20221223,3811.6164,3828.2188
20221226,3830.5682,3843.4887
20221227,3860.9054,3887.854
20221228,3874.9132,3871.2644
20221229,3854.2363,3856.7007
20221230,3873.9358,3871.6338
20230103,3864.8356,3887.8992
20230104,3886.2504,3892.9477
20230105,3913.4928,3968.5782
20230106,3969.5493,3980.8888
20230109,3998.5278,4013.1196
20230110,4014.7125,4017.4737
20230111,4019.8844,4010.0309
20230112,4021.7547,4017.8692
20230113,4032.2906,4074.3772
20230116,4077.8793,4137.9643
20230117,4138.8433,4137.2422
20230118,4140.1019,4130.3143
20230119,4125.5772,4156.0077
20230120,4166.8444,4181.5267
20230130,4267.6248,4201.345
20230131,4200.5813,4156.8578
20230201,4170.1322,4195.9332
20230202,4207.4123,4181.1493
20230203,4162.0258,4141.6319
20230206,4103.8307,4086.8779
20230207,4098.3117,4094.2335
20230208,4099.8573,4076.1411
20230209,4067.5631,4130.8565
20230210,4124.0986,4106.3097
20230213,4098.8795,4143.574
20230214,4151.247,4145.2902
20230215,4146.8547,4123.6893
20230216,4125.4087,4093.4876
20230217,4086.2237,4034.507
20230220,4039.9623,4133.4896
20230221,4130.0632,4144.3536
20230222,4118.9669,4106.9506
20230223,4106.2136,4103.6463
20230224,4100.9897,4061.0457
20230227,4040.4571,4043.8444
20230228,4058.1298,4069.4587
20230301,4068.7331,4126.9415
20230302,4119.9919,4117.7377
20230303,4126.0183,4130.5513
20230306,4131.1525,4109.0102
20230307,4103.6419,4048.8519
20230308,4030.7387,4034.1077
20230309,4035.8433,4019.8505
20230310,3991.7959,3967.1352
20230313,3962.6426,4008.686
20230314,3999.8803,3984.6956
20230315,4011.8444,3986.902
20230316,3958.1962,3939.1505
20230317,3971.1585,3958.8194
20230320,3962.6625,3939.077
20230321,3948.1573,3982.3782
20230322,3993.7849,3999.4427
20230323,3985.9928,4039.0895
20230324,4035.1564,4027.0457
20230327,4023.3028,4012.4771
20230328,4015.6973,3999.5147
20230329,4013.5926,4006.144
20230330,4009.5573,4038.5257
20230331,4045.4538,4050.9257
20230403,4059.6227,4090.5676
20230404,4089.2932,4103.1052
20230406,4084.132,4096.64
20230407,4096.9009,4123.2799
20230410,4132.0096,4104.8118
20230411,4108.5062,4100.1479
20230412,4102.3968,4097.2876
20230413,4081.3871,4068.9786
20230414,4078.9703,4091.9988
20230417,4090.0719,4149.3836
20230418,4139.3088,4162.032
20230419,4159.3938,4124.5589
20230420,4122.9461,4113.0192
20230421,4114.2642,4032.5672
20230424,4031.303,3982.6429
20230425,3985.1055,3962.6658
20230426,3950.2553,3959.2323
20230427,3948.0313,3988.4185
20230428,3993.2561,4029.0858
20230504,4013.4713,4030.2471
20230505,4031.0946,4016.8774
20230508,4028.1056,4062.6624
20230509,4065.439,4027.8754
20230510,4017.9358,3996.8695
20230511,4005.7823,3990.6637
20230512,3987.769,3937.7622
20230515,3938.83,3998.8872
20230516,4002.5237,3978.2054
20230517,3971.7017,3960.165
20230518,3965.5162,3956.0701
20230519,3946.2215,3944.5403
20230522,3941.0015,3969.3277
20230523,3968.2346,3913.1882
20230524,3903.7818,3859.0935
20230525,3851.4053,3850.4996
20230526,3848.4174,3850.9511
20230529,3862.0838,3833.9416
20230530,3827.7924,3837.7531
20230531,3827.1634,3798.5434
20230601,3788.5902,3806.8679
20230602,3821.6198,3861.8337
20230605,3860.5557,3844.2492
20230606,3840.4587,3808.1629
20230607,3815.4823,3789.3418
20230608,3791.0826,3820.1867
20230609,3822.4088,3836.7026
20230612,3827.3253,3844.4324
20230613,3838.1287,3864.9074
20230614,3872.7155,3864.0247
20230615,3871.7746,3925.4994
20230616,3932.2114,3963.3509
20230619,3957.0327,3930.9079
20230620,3926.094,3924.2377
20230621,3909.1044,3864.0323
20230626,3833.4436,3809.6962
20230627,3811.6872,3845.4334
20230628,3836.6086,3840.7986
20230629,3836.7305,3821.8435
20230630,3816.3345,3842.4516
20230703,3853.2919,3892.8821
20230704,3888.0328,3899.0133
20230705,3895.1945,3868.8054
20230706,3857.0304,3842.7547
20230707,3831.5955,3825.6988
20230710,3841.5591,3844.3269
20230711,3853.7955,3869.4861
20230712,3864.6013,3843.4369
20230713,3855.662,3898.4229
20230714,3904.6033,3899.1027
20230717,3881.6225,3867.1749
20230718,3871.0444,3854.9393
20230719,3848.4826,3850.8663
20230720,3857.7725,3823.6946
20230721,3816.9835,3821.91
20230724,3803.3492,3805.221
20230725,3866.6445,3915.1153
20230726,3908.174,3907.0128
20230727,3914.2298,3902.3458
20230728,3889.7929,3992.7376
20230731,4018.8895,4014.6301
20230801,4009.1831,3998.001
20230802,3985.6951,3969.895
20230803,3962.1296,4004.9839
20230804,4033.7239,4020.5792
20230807,4002.9677,3990.1531
20230808,3980.0423,3979.7322
20230809,3967.3566,3967.5652
20230810,3962.8569,3975.7166
20230811,3977.9834,3884.2538
20230814,3840.8872,3855.9061
20230815,3858.3662,3846.5357
20230816,3830.8274,3818.3338
20230817,3801.1969,3831.1008
20230818,3832.4554,3784.0038
20230821,3773.225,3729.555
20230822,3748.0675,3758.2271
20230823,3751.7736,3696.6339
20230824,3711.5403,3723.4293
20230825,3703.5136,3709.1517
20230828,3911.5485,3752.6194
20230829,3743.0534,3790.1067
20230830,3803.1191,3788.5097
20230831,3786.9261,3765.2678
20230901,3778.9129,3791.4912
20230904,3812.9873,3848.9517
20230905,3839.5779,3820.3174
20230906,3808.1,3812.0283
20230907,3802.2272,3758.4748
20230908,3747.6509,3739.9927
20230911,3740.5846,3767.537
20230912,3764.3331,3760.6048
20230913,3759.6091,3736.6513
20230914,3736.9355,3733.5077
20230915,3740.7853,3708.7766
20230918,3698.9344,3727.711
20230919,3723.4244,3720.5021
20230920,3715.9578,3705.6898
20230921,3698.313,3672.4448
20230922,3672.6402,3738.9327
20230925,3738.0622,3714.6037
20230926,3711.7106,3692.8928
20230927,3694.9607,3700.495
20230928,3711.2117,3689.5172
20231009,3678.929,3684.7272
20231010,3696.2542,3657.1259
20231011,3674.7514,3667.5483
20231012,3697.9337,3702.3824
20231013,3677.9585,3663.4104
20231016,3664.039,3626.5972
20231017,3635.2994,3639.4018
20231018,3631.0671,3610.5767
20231019,3588.5154,3533.5445
20231020,3518.3464,3510.5889
20231023,3500.199,3474.2438
20231024,3481.7644,3487.1302
20231025,3524.2965,3504.4576
20231026,3484.7807,3514.1448
20231027,3501.171,3562.3851
20231030,3554.1055,3583.7718
20231031,3581.6759,3572.5056
20231101,3605.7576,3571.0268
20231102,3580.0672,3554.1889
20231103,3558.5303,3584.1364
20231106,3608.3187,3632.6084
20231107,3623.7849,3619.7593
20231108,3610.6434,3611.0723
20231109,3603.1082,3612.8263
20231110,3596.0688,3586.4893
20231113,3593.9109,3579.4141
20231114,3581.1034,3582.0584
20231115,3616.8765,3607.2454
20231116,3600.9813,3572.3641
20231117,3561.3112,3568.0685
20231120,3569.7314,3576.3233
20231121,3587.8779,3581.0674
20231122,3569.4389,3544.4162
20231123,3541.4416,3561.5204
20231124,3560.6462,3538.0087
20231127,3534.4445,3511.9424
20231128,3510.6554,3518.5232
20231129,3518.8836,3488.3073
20231130,3485.5171,3496.2028
20231201,3494.2234,3482.8813
20231204,3481.0449,3460.138
20231205,3450.0898,3394.2571
20231206,3387.8798,3399.598
20231207,3394.3064,3391.2823
20231208,3391.8585,3399.4618
20231211,3378.0517,3419.4548
20231212,3409.9976,3426.803
20231213,3418.6413,3369.605
20231214,3387.3847,3351.9639
20231215,3365.9388,3341.5517
20231218,3329.191,3329.3657
20231219,3325.6596,3334.0412
20231220,3334.332,3297.5022
20231221,3285.6049,3330.8698
20231222,3329.4668,3337.2281
20231225,3330.3333,3347.4508
20231226,3345.3952,3324.7902
20231227,3326.9267,3336.3572
20231228,3335.5572,3414.5403
20231229,3411.1094,3431.1099
20240102,3426.2684,3386.3522
20240103,3379.7501,3378.2971
20240104,3375.0207,3347.0519
20240105,3341.3061,3329.1114
20240108,3322.6051,3286.0564
20240109,3286.7083,3292.4994
20240110,3281.6692,3277.129
20240111,3275.3086,3295.6717
20240112,3284.358,3284.1667
20240115,3270.1029,3280.9195
20240116,3272.571,3300.8762
20240117,3291.1392,3229.082
20240118,3214.2844,3274.7286
20240119,3261.2393,3269.7763
20240122,3262.4685,3218.9016
20240123,3208.4316,3231.9329
20240124,3245.9592,3277.1089
20240125,3274.3391,3342.9189
20240126,3326.6465,3333.8213
20240129,3335.3936,3303.9604
20240130,3283.8977,3245.0387
20240131,3231.5425,3215.3518
20240201,3202.2564,3217.7109
20240202,3219.8734,3179.6276
20240205,3164.25,3200.4218
20240206,3185.2498,3311.6922
20240207,3314.0306,3343.6303
20240208,3351.4052,3364.9297
20240219,3393.1916,3403.8078
20240220,3395.1916,3410.8542
20240221,3390.3619,3456.8713
20240222,3450.3518,3486.6747
20240223,3491.3367,3489.7416
20240226,3485.5427,3453.3585
20240227,3440.0516,3494.7874
20240228,3499.8257,3450.2598
20240229,3437.8984,3516.0826
20240301,3515.0587,3537.8038
20240304,3538.366,3540.8686
20240305,3524.9644,3565.5143
20240306,3556.5323,3551.0481
20240307,3548.1007,3529.7195
20240308,3529.5509,3544.9099
20240311,3545.9427,3589.2635
20240312,3592.5826,3597.4939
20240313,3594.4211,3572.361
20240314,3571.7885,3562.2229
20240315,3554.9068,3569.993
20240318,3577.0564,3603.528
20240319,3593.3396,3577.6303
20240320,3568.7158,3585.3838
20240321,3593.07,3581.0902
20240322,3571.2736,3545.0023
20240325,3536.7136,3525.7634
20240326,3526.6818,3543.7467
20240327,3538.7244,3502.7866
20240328,3498.482,3520.9648
20240329,3516.883,3537.4843
20240401,3551.5815,3595.6466
20240402,3593.2206,3580.6759
20240403,3578.6835,3567.8031
20240408,3553.5554,3536.4077
20240409,3533.3849,3533.4871
20240410,3528.9679,3504.7086
20240411,3485.0294,3504.2447
20240412,3505.7499,3475.8389
20240415,3473.5047,3549.0759
20240416,3533.3636,3511.1146
20240417,3509.1318,3565.403
20240418,3550.5562,3569.8018
20240419,3550.6087,3541.6619
20240422,3536.1844,3530.9045
20240423,3525.6681,3506.2249
20240424,3514.0108,3521.6219
20240425,3510.6396,3530.2813
20240426,3531.9647,3584.2686
20240429,3584.5427,3623.9124
20240430,3619.2586,3604.3943
20240506,3654.0485,3657.8767
20240507,3657.0007,3659.0076
20240508,3650.7484,3630.2233
20240509,3630.4142,3664.561
20240510,3669.0869,3666.2771
20240513,3646.3491,3664.6907
20240514,3668.2254,3657.0454
20240515,3651.0536,3626.0559
20240516,3636.6007,3640.3592
20240517,3638.5613,3677.9696
20240520,3682.0615,3690.9623
20240521,3682.2868,3676.1611
20240522,3675.6471,3684.451
20240523,3672.8403,3641.7917
20240524,3630.827,3601.4754
20240527,3606.645,3635.7079
20240528,3633.2535,3609.1724
20240529,3609.0708,3613.5223
20240530,3607.0522,3594.3121
20240531,3599.8196,3579.9247
20240603,3577.3798,3588.7483
20240604,3583.8104,3615.6714
20240605,3610.3601,3594.7936
20240606,3602.1554,3592.2454
20240607,3594.6335,3574.1143
20240611,3555.8186,3542.8771
20240612,3539.0947,3544.1225
20240613,3548.2162,3526.1306
20240614,3514.7998,3541.5331
20240617,3521.4365,3536.1986
20240618,3533.4875,3545.5902
20240619,3543.3599,3528.749
20240620,3525.1687,3503.2817
20240621,3496.3428,3495.6198
20240624,3473.6392,3476.8102
20240625,3475.1648,3457.9023
20240626,3451.5389,3480.2648
20240627,3467.2888,3454.1175
20240628,3443.6744,3461.657
20240701,3458.2636,3478.1827
20240702,3472.4527,3471.7857
20240703,3471.5556,3463.4141
20240704,3468.2958,3445.8128
20240705,3443.3588,3431.0605
20240708,3420.8033,3401.7604
20240709,3396.8044,3439.8111
20240710,3425.8818,3428.9657
20240711,3451.0442,3468.169
20240712,3459.9564,3472.4014
20240715,3462.6113,3476.2467
20240716,3466.8523,3498.2827
20240717,3494.209,3501.5836
20240718,3483.2975,3520.931
20240719,3500.8052,3539.0156
20240722,3538.4012,3514.9249
20240723,3509.7887,3439.8779
20240724,3432.3459,3418.1663
20240725,3404.611,3399.2716
20240726,3403.7084,3409.2931
20240729,3404.3663,3390.742
20240730,3380.6893,3369.3821
20240731,3364.0268,3442.0844
20240801,3443.1397,3419.2666
20240802,3393.9167,3384.3919
20240805,3362.1117,3343.3205
20240806,3367.3517,3342.9789
20240807,3338.5909,3341.489
20240808,3332.4281,3342.9369
20240809,3358.128,3331.6274
20240812,3327.5561,3325.8645
20240813,3328.0138,3334.3903
20240814,3332.7866,3309.2389
20240815,3301.4455,3341.953
20240816,3342.0346,3345.634
20240819,3344.2614,3356.9677
20240820,3361.6394,3332.7034
20240821,3322.9134,3321.635
20240822,3322.8723,3313.1357
20240823,3305.9307,3327.1905
20240826,3330.7184,3324.2231
20240827,3315.686,3305.3338
20240828,3298.9089,3286.4956
20240829,3273.541,3277.6812
20240830,3273.7532,3321.4323
20240902,3307.5432,3265.011
20240903,3261.741,3273.4282
20240904,3253.898,3252.1649
20240905,3252.96,3257.7578
20240906,3261.1542,3231.3457
20240909,3214.7996,3192.9516
20240910,3193.4557,3195.7552
20240911,3187.0508,3186.1299
20240912,3189.4271,3172.4747
20240913,3174.0344,3159.247
20240918,3158.8179,3171.0102
20240919,3178.3959,3196.0357
20240920,3192.4322,3201.0497
20240923,3200.8678,3212.7639
20240924,3244.6468,3351.909
20240925,3403.7021,3401.533
20240926,3399.3188,3545.3204
20240927,3617.9203,3703.6849
20240930,3846.6515,4017.8545
20241008,4450.3675,4256.0962
20241009,4168.8436,3955.9839
20241010,3979.6116,3997.7879
20241011,3969.7576,3887.167
20241014,3915.2186,3961.3424
20241015,3942.5342,3855.9949
20241016,3806.1373,3831.589
20241017,3853.841,3788.2217
20241018,3780.3143,3925.234
20241021,3946.9016,3935.1974
20241022,3923.7443,3957.7755
20241023,3955.3191,3973.2089
20241024,3950.8987,3928.8334
20241025,3931.3205,3956.421
20241028,3953.1063,3964.1569
20241029,3970.008,3924.649
20241030,3904.1595,3889.4487
20241031,3888.4229,3891.0396
20241101,3882.4579,3890.0203
20241104,3897.7144,3944.7619
20241105,3937.6228,4044.5725
20241106,4051.2891,4024.2831
20241107,3987.2665,4145.6952
20241108,4192.0794,4104.047
20241111,4066.9336,4131.1312
20241112,4133.3528,4085.743
20241113,4059.5898,4110.8901
20241114,4101.2228,4039.6191
20241115,4025.6482,3968.8308
20241118,3982.1036,3950.3806
20241119,3954.6038,3976.8912
20241120,3966.1238,3985.7727
20241121,3979.4554,3989.2979
20241122,3984.2435,3865.6989
20241125,3875.6126,3848.0909
20241126,3836.259,3840.1847
20241127,3829.3442,3907.0447
20241128,3904.2525,3872.5505
20241129,3869.8903,3916.5832
20241202,3909.7029,3947.632
20241203,3946.7034,3951.8912
20241204,3948.13,3930.5568
20241205,3916.5638,3921.5881
20241206,3923.8954,3973.1405
20241209,3970.6628,3966.5708
20241210,4094.05,3995.6369
20241211,3988.0179,3988.8308
20241212,3987.1525,4028.5048
20241213,4000.9854,3933.1808
20241216,3930.7807,3911.8416
20241217,3908.1263,3922.0334
20241218,3934.5425,3941.89
20241219,3911.8901,3945.4635
20241220,3937.4722,3927.7441
20241223,3928.1493,3933.5718
20241224,3934.9422,3983.6882
20241225,3987.9557,3985.6291
20241226,3981.7317,3987.4801
20241227,3987.0189,3981.0307
20241230,3976.7004,3999.0549
20241231,3995.8705,3934.9109
20250102,3931.8155,3820.3952
20250103,3825.2426,3775.1648
20250106,3775.9902,3768.9697
20250107,3760.866,3796.1055
20250108,3781.261,3789.2153
20250109,3780.7341,3779.8773
20250110,3778.8928,3732.4806
20250113,3704.4442,3722.513
20250114,3728.5561,3820.5395
20250115,3810.0353,3796.026
20250116,3812.1935,3800.3836
20250117,3788.3729,3812.3429
20250120,3835.3042,3829.6764
20250121,3850.3563,3832.6145
20250122,3823.9447,3797.0166
20250123,3829.0462,3803.7439
20250124,3793.8498,3832.8637
20250127,3836.9578,3817.0802
20250205,3844.6998,3795.0848
20250206,3789.6086,3842.8314
20250207,3844.0574,3892.7028
20250210,3898.1023,3901.0618
20250211,3905.1594,3883.1352
20250212,3875.9596,3919.8617
20250213,3913.9044,3905.1398
20250214,3900.8274,3939.0085
20250217,3954.4147,3947.3983
20250218,3942.5761,3912.7829
20250219,3906.2201,3940.1602
20250220,3934.6503,3928.8959
20250221,3938.0518,3978.444
20250224,3972.4831,3969.7169
20250225,3933.636,3925.6505
20250226,3931.842,3959.9413
20250227,3961.0635,3968.1159
20250228,3950.1866,3890.0487
20250303,3899.6962,3888.4738
20250304,3865.9939,3885.2208
20250305,3887.7992,3902.5706
20250306,3923.3827,3956.2369
20250307,3944.9145,3944.0143
20250310,3945.5795,3928.8018
20250311,3890.4305,3941.4157
20250312,3946.8623,3927.2315
20250313,3925.7439,3911.5793
20250314,3919.6159,4006.5567
20250317,4020.6402,3996.7876
20250318,4011.7794,4007.7229
20250319,4004.8251,4010.168
20250320,4011.0588,3974.9918
20250321,3966.5146,3914.6956
20250324,3916.1136,3934.8486
20250325,3937.8975,3932.2951
20250326,3930.2073,3919.3566
20250327,3911.3841,3932.4117
20250328,3930.7763,3915.1662
20250331,3905.9815,3887.3056
20250401,3892.7794,3887.6841
20250402,3884.4181,3884.3858
20250403,3843.4177,3861.5034
20250407,3675.2017,3589.4406
20250408,3597.9859,3650.759
20250409,3606.1036,3686.7943
20250410,3749.1262,3735.1151
20250411,3730.3148,3750.5167
20250414,3772.0407,3759.1422
20250415,3756.4788,3761.2348
20250416,3757.8757,3772.8204
20250417,3755.0862,3772.2221
20250418,3760.0425,3772.523
20250421,3768.1421,3784.8806
20250422,3780.1122,3783.9522
20250423,3803.4295,3786.8824
20250424,3787.459,3784.3574
20250425,3792.0838,3786.9937
20250428,3786.3867,3781.6188
20250429,3776.0025,3775.0767
20250430,3775.8306,3770.5705
20250506,3794.3757,3808.5424
20250507,3861.5767,3831.627
20250508,3820.5481,3852.8963
20250509,3848.6187,3846.1566
20250512,3866.5305,3890.6096
20250513,3915.5924,3896.2583
20250514,3894.8386,3943.2108
20250515,3934.0273,3907.1992
20250516,3898.6662,3889.0854
20250519,3882.5677,3877.1453
20250520,3883.1024,3898.1705
20250521,3899.4365,3916.3807
20250522,3912.6007,3913.8651
20250523,3910.3739,3882.2741
20250526,3875.7891,3860.1067
20250527,3857.6271,3839.3969
20250528,3843.0747,3836.2366
20250529,3838.0092,3858.6998
20250530,3850.493,3840.2323
20250603,3833.4584,3852.0127
20250604,3855.4878,3868.7429
20250605,3872.6373,3877.5557
20250606,3878.1027,3873.9841
20250609,3877.7977,3885.2459
20250610,3887.5512,3865.4652
20250611,3870.6719,3894.6252
20250612,3885.5196,3892.1992
20250613,3881.4923,3864.1822
20250616,3853.6193,3873.7951
20250617,3875.1768,3870.3786
20250618,3871.6502,3874.9708
20250619,3870.049,3843.0912
20250620,3839.7833,3846.6443
20250623,3831.1703,3857.9016
20250624,3862.3876,3904.0342
20250625,3907.0682,3960.0662
20250626,3953.1603,3946.0195
20250627,3949.7879,3921.7578
20250630,3920.3149,3936.0791
20250701,3935.9078,3942.762
20250702,3943.3232,3943.6849
20250703,3949.3998,3968.0676
20250704,3967.4637,3982.2034
20250707,3977.2881,3965.1746
20250708,3965.426,3998.4527
20250709,3997.5044,3991.4006
20250710,3993.4196,4010.0243
20250711,4011.4652,4014.807
20250714,4021.2135,4017.6678
20250715,4023.9896,4019.0644
20250716,4019.3925,4007.2019
20250717,4005.067,4034.491
20250718,4039.8712,4058.5486
20250721,4069.7685,4085.6072
20250722,4087.3354,4118.9582
20250723,4129.1476,4119.7685
20250724,4116.8312,4149.0368
20250725,4145.3195,4127.1634
20250728,4128.1993,4135.8242
20250729,4132.6833,4152.0247
20250730,4148.9405,4151.2379
20250731,4141.5612,4075.5912
20250801,4069.9254,4054.9286
20250804,4037.9378,4070.7023
20250805,4080.3877,4103.45
20250806,4100.4283,4113.4852
20250807,4120.2822,4114.666
20250808,4109.2734,4104.9669
20250811,4110.2939,4122.5106
20250812,4123.5762,4143.8252
20250813,4150.5037,4176.5776
20250814,4179.965,4173.3131
20250815,4162.4205,4202.3533
20250818,4218.2471,4239.4125
20250819,4241.7651,4223.3741
20250820,4208.4005,4271.3958
20250821,4284.3712,4288.0707
20250822,4287.3633,4377.9977
20250825,4416.2924,4469.2217
20250826,4453.3526,4452.5905
20250827,4458.8399,4386.1266
20250828,4378.0351,4463.782
20250829,4455.8034,4496.7591
20250901,4516.8787,4523.7111
20250902,4521.9828,4490.4528
20250903,4501.3388,4459.8296
20250904,4461.2503,4365.2085
20250905,4365.6083,4460.3249
20250908,4467.1693,4467.5733
20250909,4448.739,4436.2584
20250910,4438.2998,4445.3649
20250911,4438.839,4548.0345
20250912,4544.5905,4521.998
20250915,4534.8866,4533.0557
20250916,4539.9217,4523.3367
20250917,4517.2855,4551.023
20250918,4546.0319,4498.109
20250919,4499.0906,4501.9195
20250922,4512.0251,4522.608
20250923,4536.7569,4519.7781
20250924,4495.2659,4566.0708
20250925,4563.9827,4593.4875
20250926,4576.9142,4550.0487
20250929,4555.0342,4620.0528
20250930,4629.8987,4640.6935
20251009,4662.1133,4709.482
20251010,4679.4983,4616.8341
20251013,4490.8661,4593.9785
20251014,4634.0543,4539.0644
20251015,4544.2431,4606.2879
20251016,4588.9206,4618.4218
20251017,4610.6967,4514.2345
20251020,4558.2421,4538.2201
20251021,4556.1224,4607.8715
20251022,4576.0277,4592.57
20251023,4578.7018,4606.3447
20251024,4622.7873,4660.6835
20251027,4699.3819,4716.0186
20251028,4697.7277,4691.973
20251029,4701.0362,4747.8378
20251030,4735.9807,4709.911
20251031,4702.4946,4640.6676
20251103,4636.7323,4653.4028
20251104,4649.3481,4618.699
20251105,4562.1117,4627.257
20251106,4642.0112,4693.4032
20251107,4673.7616,4678.7944
20251110,4688.124,4695.0507
20251111,4706.3374,4652.1655
20251112,4643.5592,4645.9079
20251113,4643.7862,4702.0738
20251114,4663.3175,4628.1398
20251117,4616.8058,4598.0525
20251118,4584.7896,4568.1928
20251119,4568.0365,4588.2922
20251120,4619.5401,4564.9483
20251121,4513.3858,4453.6076
20251124,4473.1563,4448.0478
20251125,4475.8359,4490.4047
20251126,4490.2021,4517.6255
20251127,4520.014,4515.4027
20251128,4511.4972,4526.6616
20251201,4539.1877,4576.4856
20251202,4571.9098,4554.3347
20251203,4554.5894,4531.0486
20251204,4533.6004,4546.5664
20251205,4547.9056,4584.5368
20251208,4593.1399,4621.7545
20251209,4611.379,4598.2232
20251210,4586.254,4591.8273
20251211,4597.1901,4552.1848
20251212,4558.7375,4580.95
20251215,4550.0028,4552.0596
20251216,4542.4226,4497.5545
20251217,4499.7729,4579.875
20251218,4553.9788,4552.7926
20251219,4561.3729,4568.1781
20251222,4587.6683,4611.6235
20251223,4616.026,4620.7341
20251224,4623.6831,4634.0586
20251225,4629.3195,4642.5357
20251226,4639.7895,4657.24
20251229,4658.2654,4639.3721
20251230,4617.3163,4651.2818
20251231,4656.48,4629.9395
20260105,4661.616,4717.7457
20260106,4719.2088,4790.6938
20260107,4796.9335,4776.6658
20260108,4761.0105,4737.6536
20260109,4725.9571,4758.9221
20260112,4769.6501,4789.9155
20260113,4798.0488,4761.0324
20260114,4767.6956,4741.9306
20260115,4721.7966,4751.4293
20260116,4778.4302,4731.8728
20260119,4720.1945,4734.4556
20260120,4736.9096,4718.8782
20260121,4714.5541,4723.0692
20260122,4741.7548,4723.7091
20260123,4729.585,4702.4966
20260126,4715.3753,4706.964
20260127,4705.1744,4705.6918
20260128,4725.6014,4717.9914
20260129,4733.0879,4753.8697
20260130,4723.081,4706.3401
20260202,4674.2759,4605.9799
20260203,4648.3574,4660.1074
20260204,4647.9671,4698.6832
20260205,4664.7478,4670.4188
20260206,4622.9747,4643.5959
20260209,4693.6715,4719.0559
20260210,4718.2552,4724.2956
20260211,4715.6697,4713.8185
20260212,4720.0085,4719.578
20260213,4693.4106,4660.4056
20260224,4727.2961,4707.544
20260225,4713.5754,4735.8858
20260226,4741.3896,4726.8739
20260227,4698.3,4710.6469
20260302,4681.0141,4728.6688
20260303,4737.3164,4655.8962
20260304,4609.1918,4602.6247
20260305,4651.9415,4647.6921
20260306,4621.4939,4660.439
20260309,4600.2535,4615.4551
20260310,4648.7851,4674.7562
20260311,4681.0316,4704.4959
20260312,4700.7205,4687.5601
20260313,4669.0619,4669.14
20260316,4669.2241,4671.5591
20260317,4685.5697,4637.4392
20260318,4648.7517,4658.3324
20260319,4611.4399,4583.2511
20260320,4602.8205,4567.0179
20260323,4499.1004,4417.9971
20260324,4458.9074,4474.7224
20260325,4506.6247,4537.4656
20260326,4525.3291,4477.5343
20260327,4431.5034,4502.5698
20260330,4461.7367,4491.95
20260331,4491.9209,4450.0493
20260401,4517.2717,4526.0668
20260402,4514.4416,4478.9141
20260403,4492.8461,4440.7889
20260407,4445.8613,4440.6162
20260408,4517.3403,4595.556
20260409,4562.6696,4566.2237
20260410,4594.9467,4636.5655
20260413,4615.133,4646.1546
20260414,4676.1235,4701.2837
20260415,4726.6381,4685.2464
20260416,4694.4309,4736.6077
20260417,4728.9951,4728.6716
20260420,4727.1661,4757.4419
20260421,4750.5149,4767.997
20260422,4751.2794,4799.627
20260423,4816.0267,4786.3273
20260424,4771.7348,4769.3688
20260427,4776.3351,4770.9469
20260428,4757.0766,4758.2083
20260429,4737.5755,4810.3468
20260430,4820.9716,4807.3069
20260506,4857.6537,4877.0932
20260507,4895.8001,4900.5098
20260508,4871.1185,4871.9122
20260511,4902.2775,4951.8366
20260512,4965.0175,4948.0465
20260513,4919.4248,4998.3417
20260514,5027.6405,4914.5971
20260515,4911.6223,4859.5927
20260518,4836.3286,4833.5237
20260519,4818.7051,4852.8832
20260520,4829.6129,4850.7
20260521,4886.2389,4783.0976
20260522,4818.8435,4845.0956
20260525,4873.1962,4921.5974
20260526,4900.1152,4947.8493
20260527,4940.9454,4908.1714
20260528,4889.2659,4914.2133
20260529,4937.5119,4892.1213
20260601,4897.8968,4844.2556
20260602,4860.6119,4914.5591
20260603,4921.3445,4938.8091
20260604,4897.3164,4904.7454
20260605,4886.9645,4816.9199
20260608,4703.773,4713.6358
20260609,4743.4505,4801.8106
20260610,4753.1154,4748.5932
20260611,4730.072,4722.4122
20260612,4784.6396,4777.3206
20260615,4829.2886,4891.7126
20260616,4894.8785,4884.2322
20260617,4859.7012,4931.3861
20260618,4916.0442,4941.5986
20260622,4949.3457,5059.6582
20260623,5048.0255,4919.386
20260624,4900.3838,4943.0197
20260625,4950.9753,5020.1038
20260626,4981.8251,4868.2205
20260629,4866.0432,4926.921
20260630,4914.4934,4979.4328
20260701,4972.6923,4958.9773
20260702,4865.1713,4812.2957
20260703,4809.4988,4842.1737
20260706,4868.5422,4841.998
20260707,4813.8707,4792.2624
20260708,4804.4837,4755.5338
20260709,4774.4021,4876.3125
20260710,4887.5355,4780.7867
20260713,4745.4383,4695.383
20260714,4691.1224,4796.502
20260715,4797.943,4786.7828
20260716,4711.532,4698.4344
20260717,4661.6218,4529.0953
20260720,4575.6712,4598.3208
20260721,4630.8532,4739.2287
20260722,4710.6602,4717.2442
20260723,4735.1706,4728.0018
20260724,4685.4082,4649.1917
20260727,4656.0272,4702.4272
20260728,4623.7986,4569.5235
20260729,4582.0949,4600.2624
20260730,4566.0467,4549.7201
20260731,4623.8536,4588.1968
20260803,4561.817,4543.1781
20260804,4566.9425,4600.9304
20260805,4550.1888,4658.1549
20260806,4621.803,4651.3098
20260807,4656.0976,4694.4365
20260810,4698.8162,4702.0247
